"","date","cow","feed_intake","feed_duration","feed_visits","water_intake","water_duration","water_visits"
"1",2020-07-15,2007,65.2,10813,67,136.5,565,11
"2",2020-07-15,2074,65.8,6316,59,130.6,403,11
"3",2020-07-15,3067,62.5,10605,45,135,462,8
"4",2020-07-15,3117,68.6,10428,76,111.2,514,9
"5",2020-07-15,4001,62.4,11247,78,129,990,10
"6",2020-07-15,4038,65.2,13106,91,160.4,887,16
"7",2020-07-15,5005,54.6,12327,38,94.1,1233,12
"8",2020-07-15,5133,58.2,11822,88,121.8,679,9
"9",2020-07-15,5137,56,7368,79,111.5,553,12
"10",2020-07-15,5139,56.7,11043,60,122.4,562,11
"11",2020-07-15,5140,52.3,9419,102,99.1,1112,20
"12",2020-07-15,5145,55.4,7673,87,119.8,439,15
"13",2020-07-15,6004,56.2,13842,44,116.1,689,9
"14",2020-07-15,6005,49.5,13300,77,117.7,504,9
"15",2020-07-15,6011,49.6,15302,126,153.8,965,12
"16",2020-07-15,6021,71,12589,59,144.1,546,9
"17",2020-07-15,6028,59.3,13961,77,140.8,1329,13
"18",2020-07-15,6033,53.3,13821,74,98.1,1481,15
"19",2020-07-15,6047,50.4,11742,76,111.1,1130,20
"20",2020-07-15,6126,57.8,11668,68,128.2,1733,29
"21",2020-07-15,6129,58.5,15115,73,135.6,573,10
"22",2020-07-15,6130,51.2,16517,126,113.6,837,10
"23",2020-07-15,6131,57.9,13657,69,126.7,620,13
"24",2020-07-15,6133,40.3,8637,37,97.6,593,8
"25",2020-07-15,6134,51.5,11520,103,132.2,1497,21
"26",2020-07-15,7007,59.6,10522,78,115.7,800,10
"27",2020-07-15,7008,55.9,11662,119,138.4,462,8
"28",2020-07-15,7010,56.8,12063,60,132.2,877,8
"29",2020-07-15,7018,50.3,13605,87,99.2,678,18
"30",2020-07-15,7019,50.4,14039,85,123.3,570,12
"31",2020-07-15,7022,66.1,17795,109,139.9,1258,25
"32",2020-07-15,7023,55.7,14668,81,108.6,875,9
"33",2020-07-15,7024,62.8,10105,75,122.6,903,11
"34",2020-07-15,7027,62.3,13646,130,110.1,699,11
"35",2020-07-15,7029,58.3,10435,83,118.7,1559,15
"36",2020-07-15,7030,62.4,11779,115,138.2,658,12
"37",2020-07-15,7033,43.2,6632,39,71.3,558,7
"38",2020-07-15,7037,63.1,14775,85,141.6,1861,30
"39",2020-07-15,7039,51.7,10006,98,103.5,887,16
"40",2020-07-15,7043,58.9,14812,76,121.6,759,14
"41",2020-07-15,7051,66.5,13673,86,145.4,1200,26
"42",2020-07-15,7065,57.3,15335,71,115.5,716,14
"43",2020-07-15,7146,49.6,14432,93,92.7,1391,17
"44",2020-07-15,7159,51.7,16500,98,112.6,851,9
"45",2020-07-15,7169,45,13320,106,86.8,2128,31
"46",2020-07-15,8015,47.7,11369,54,94.6,791,15
"47",2020-07-15,8019,39.2,11398,53,93.2,733,9
"48",2020-07-15,8023,32.5,8587,45,69.2,904,8
"49",2020-07-16,2007,54.4,9022,57,101.6,424,8
"50",2020-07-16,2074,65.7,6418,70,113.7,339,11
"51",2020-07-16,3067,65.1,11218,52,143.1,535,7
"52",2020-07-16,3117,67.7,10896,65,141.1,764,12
"53",2020-07-16,4001,60.8,10774,76,126.6,701,16
"54",2020-07-16,4038,58,13488,85,146.7,815,12
"55",2020-07-16,5005,51.2,11419,29,87.5,1149,8
"56",2020-07-16,5133,56.1,11704,98,120.4,915,12
"57",2020-07-16,5137,54.3,7470,63,122.5,603,18
"58",2020-07-16,5139,62.3,11202,47,133.2,940,9
"59",2020-07-16,5140,52.3,9771,100,95,999,14
"60",2020-07-16,5145,59.4,8235,99,125.6,420,15
"61",2020-07-16,6004,44.5,12150,40,93.2,520,9
"62",2020-07-16,6005,62.6,15124,96,141.7,875,10
"63",2020-07-16,6011,46.7,14669,114,118.6,596,7
"64",2020-07-16,6021,66.3,11195,48,144.5,628,9
"65",2020-07-16,6028,58.9,15324,83,154.3,1668,19
"66",2020-07-16,6033,46.9,13967,72,88.1,1305,20
"67",2020-07-16,6047,64.9,16280,91,130.9,1127,19
"68",2020-07-16,6126,70.9,15615,74,125.4,1855,29
"69",2020-07-16,6129,59.4,15312,60,146.8,599,11
"70",2020-07-16,6130,52.7,15427,126,103.9,673,13
"71",2020-07-16,6131,54.2,13074,50,120,621,13
"72",2020-07-16,6133,44.9,9993,59,101.9,479,9
"73",2020-07-16,6134,55.3,12015,116,138.3,1315,18
"74",2020-07-16,7007,56,11270,92,114,987,16
"75",2020-07-16,7008,65.8,13937,124,147.5,557,9
"76",2020-07-16,7010,54.9,12754,82,121.7,953,11
"77",2020-07-16,7018,47.9,14595,86,108.6,750,18
"78",2020-07-16,7019,50.6,14761,97,128.5,600,11
"79",2020-07-16,7022,56.4,16479,88,136.2,1381,27
"80",2020-07-16,7023,61.5,16045,81,122.3,1162,17
"81",2020-07-16,7024,55.4,9168,61,116.5,1091,10
"82",2020-07-16,7027,66.9000000000001,14374,147,127.7,960,17
"83",2020-07-16,7029,59.8,9916,78,101.2,1154,18
"84",2020-07-16,7030,52.4,9975,108,122.2,567,11
"85",2020-07-16,7033,45.4,6151,66,85.4,589,11
"86",2020-07-16,7037,61.7,16390,74,129.6,1876,30
"87",2020-07-16,7039,66.3,12964,108,136.9,1175,21
"88",2020-07-16,7043,53.1,14520,75,119.8,660,15
"89",2020-07-16,7051,61.1,13256,69,138.4,1001,20
"90",2020-07-16,7065,52.9,14864,68,119.9,889,18
"91",2020-07-16,7146,47.6,14552,102,98.8,1337,28
"92",2020-07-16,7159,43.2,13245,82,91.6,841,10
"93",2020-07-16,7169,43.7,13554,94,83.3,2735,38
"94",2020-07-16,8015,49.4,11366,53,95.3,849,15
"95",2020-07-16,8019,40.8,12791,59,96.4,1315,13
"96",2020-07-16,8023,50.6,13408,68,100.8,813,14
"97",2020-07-17,2007,71.1,12694,72,136.4,565,11
"98",2020-07-17,2074,53.9,6142,51,99.7,311,10
"99",2020-07-17,3067,64.6,12904,51,139.9,517,8
"100",2020-07-17,3117,62,11120,74,108.3,460,7
"101",2020-07-17,4001,67,11465,120,135.1,783,12
"102",2020-07-17,4038,64.5,14383,88,140.6,1050,14
"103",2020-07-17,5005,49.5,11948,27,98.2,1243,13
"104",2020-07-17,5133,64.4,13843,89,133.5,864,12
"105",2020-07-17,5137,51.7,8713,76,100.1,560,10
"106",2020-07-17,5139,62.1,12849,59,129.7,746,10
"107",2020-07-17,5140,58.9,11038,116,114.5,1007,14
"108",2020-07-17,5145,60.2,9242,86,125.3,441,10
"109",2020-07-17,6004,53.5,13403,39,108.9,574,7
"110",2020-07-17,6005,58.1,14780,97,121.1,728,9
"111",2020-07-17,6011,55.2,16841,129,150.4,895,9
"112",2020-07-17,6021,69.8,12359,51,141.7,546,12
"113",2020-07-17,6028,59.2,16907,79,132.6,1222,16
"114",2020-07-17,6033,57.6,16725,86,103.4,1362,21
"115",2020-07-17,6047,52.1,13520,73,99.8,972,20
"116",2020-07-17,6126,59.8,13519,74,116,1898,26
"117",2020-07-17,6129,56.2,17217,77,128.1,544,12
"118",2020-07-17,6130,51,16640,124,100.5,954,15
"119",2020-07-17,6131,49.6,11477,64,108.8,498,12
"120",2020-07-17,6133,54.7,13614,82,106.5,537,7
"121",2020-07-17,6134,59.9,12744,94,127.2,1197,13
"122",2020-07-17,7007,53.9,11397,111,109.2,925,12
"123",2020-07-17,7008,53.8,12364,119,134.5,694,18
"124",2020-07-17,7010,55.3,14753,85,121.9,985,15
"125",2020-07-17,7018,51.1,17146,107,101.6,621,17
"126",2020-07-17,7019,54.5,14588,73,113.5,541,8
"127",2020-07-17,7022,66,17865,95,132.6,1304,24
"128",2020-07-17,7023,52.1,15806,92,91,783,12
"129",2020-07-17,7024,59,11164,78,115.7,1128,12
"130",2020-07-17,7027,70.9,15902,172,135.2,825,13
"131",2020-07-17,7029,59.3,10929,69,109.4,1163,17
"132",2020-07-17,7030,60.7,12859,113,129.4,704,9
"133",2020-07-17,7033,52.8,8292,68,104.7,731,9
"134",2020-07-17,7037,59.5,16383,75,125.5,1797,36
"135",2020-07-17,7039,60.7,12516,115,127.3,1053,17
"136",2020-07-17,7043,52.9,15023,67,123.6,1016,19
"137",2020-07-17,7051,67.7,16930,85,147.4,1175,20
"138",2020-07-17,7065,55.5,17294,67,122.4,977,18
"139",2020-07-17,7146,46.7,15551,96,96.6999999999999,1442,27
"140",2020-07-17,7159,49.3,14445,86,88.7,757,8
"141",2020-07-17,7169,41.3,11728,80,70.6,1476,20
"142",2020-07-17,8015,52.5,14476,65,95.2,853,19
"143",2020-07-17,8019,45.3,14693,82,85.6,712,7
"144",2020-07-17,8023,37.5,12063,54,87.3,770,9
"145",2020-07-18,2007,50.6,8557,45,106.5,441,9
"146",2020-07-18,2074,35.4,5163,36,86.8,313,7
"147",2020-07-18,3067,65.6,11386,41,141.7,555,9
"148",2020-07-18,3117,54.8,9819,78,129,555,7
"149",2020-07-18,4001,56.3,9656,88,134.9,1049,16
"150",2020-07-18,4038,56.9,12663,62,162.1,933,15
"151",2020-07-18,5005,55.9,12135,39,82.9,1151,12
"152",2020-07-18,5133,49.2,10131,77,109.7,605,8
"153",2020-07-18,5137,54.9,7920,76,98.6,519,10
"154",2020-07-18,5139,58.1,11734,50,122.4,797,11
"155",2020-07-18,5140,52.8,9801,95,97.1,783,16
"156",2020-07-18,5145,53.6,7714,92,121.6,385,10
"157",2020-07-18,6004,49.8,11874,36,109.6,610,8
"158",2020-07-18,6005,51.3,12989,96,115.1,686,9
"159",2020-07-18,6011,54.5,14498,112,142.2,717,10
"160",2020-07-18,6021,66.8,10893,53,128.8,645,11
"161",2020-07-18,6028,46.5,12098,69,128.6,1092,15
"162",2020-07-18,6033,53,14367,73,104.2,1151,20
"163",2020-07-18,6047,64.4,15055,75,126.7,1099,19
"164",2020-07-18,6126,65.3,13476,78,117.3,1935,25
"165",2020-07-18,6129,52.9,14137,58,131.2,617,9
"166",2020-07-18,6130,54.8,18256,117,107.6,1035,14
"167",2020-07-18,6131,58.7,13367,63,133.8,662,14
"168",2020-07-18,6133,40.2,9021,52,84.2,339,7
"169",2020-07-18,6134,57.2,11868,102,128.6,1100,14
"170",2020-07-18,7007,55.6,10274,73,99,688,13
"171",2020-07-18,7008,62.5,14367,114,153,774,24
"172",2020-07-18,7010,63.5,14174,78,132.8,1106,12
"173",2020-07-18,7018,53.1,16268,85,113.9,818,18
"174",2020-07-18,7019,62.8,15057,95,133.6,589,12
"175",2020-07-18,7022,54,12823,87,113.9,1149,31
"176",2020-07-18,7023,58,16268,92,115,945,12
"177",2020-07-18,7024,62.1,10372,68,124.3,1017,18
"178",2020-07-18,7027,70,14964,148,134.7,883,24
"179",2020-07-18,7029,57.6,9848,65,116.6,1294,19
"180",2020-07-18,7030,67,11755,126,143.9,675,13
"181",2020-07-18,7033,48.1,7564,71,90.4,860,16
"182",2020-07-18,7037,54.8,12180,65,111.2,1315,29
"183",2020-07-18,7039,61.8,11267,96,113.8,879,17
"184",2020-07-18,7043,54.9,15547,62,117.9,847,17
"185",2020-07-18,7051,52.7,11451,49,121.4,848,12
"186",2020-07-18,7065,65.3,19282,67,136.1,874,16
"187",2020-07-18,7146,40.9,13154,90,86.6,933,15
"188",2020-07-18,7159,49.4,15467,95,108.5,1030,11
"189",2020-07-18,7169,45.8,12775,93,92.5,2007,23
"190",2020-07-18,8015,54.6,14087,57,110.4,1039,18
"191",2020-07-18,8019,48.5,13710,65,89.8,988,14
"192",2020-07-18,8023,41.7,12415,69,83.8,753,10
"193",2020-07-19,2007,62.4,8950,46,118,638,13
"194",2020-07-19,2074,56.6,4865,55,109.8,320,9
"195",2020-07-19,3067,61.8,10180,41,134,541,11
"196",2020-07-19,3117,74,10402,88,149.6,659,10
"197",2020-07-19,4001,65.9,9635,84,124.2,775,11
"198",2020-07-19,4038,71.4,13806,88,160.8,1411,25
"199",2020-07-19,5005,48.8,9338,54,98.3,1386,16
"200",2020-07-19,5133,60.6,11046,59,124.8,881,18
"201",2020-07-19,5137,51.9,6991,73,104.8,557,12
"202",2020-07-19,5139,61.2,11489,52,131.7,546,13
"203",2020-07-19,5140,48.3,8620,86,101,1112,16
"204",2020-07-19,5145,56,7531,88,112.6,415,14
"205",2020-07-19,6004,53.7,11960,32,110.5,760,12
"206",2020-07-19,6005,65.7,14303,95,145.5,853,12
"207",2020-07-19,6011,58.7,15377,124,158.9,902,12
"208",2020-07-19,6021,64.7,10802,44,135.6,600,13
"209",2020-07-19,6028,69.2,13492,76,154.8,1296,15
"210",2020-07-19,6033,49.4,11684,63,99.8,1156,23
"211",2020-07-19,6047,58.2,12644,70,120,1272,24
"212",2020-07-19,6126,66.6,12200,80,137.7,2417,40
"213",2020-07-19,6129,57.8,13892,55,137.5,620,11
"214",2020-07-19,6130,43.1,12595,101,89.8,1175,17
"215",2020-07-19,6131,50.3,9799,48,100.9,387,12
"216",2020-07-19,6133,39.8,7516,47,97.4,444,8
"217",2020-07-19,6134,52.6,7662,133,123.8,953,26
"218",2020-07-19,7007,50.1,8660,71,99.7,714,16
"219",2020-07-19,7008,43.3,8576,107,116,657,15
"220",2020-07-19,7010,50.7,10061,63,114,1071,18
"221",2020-07-19,7018,50.7,13613,75,101.1,637,16
"222",2020-07-19,7019,44.5,4983,86,108,284,10
"223",2020-07-19,7022,55.1,10648,68,141.1,988,29
"224",2020-07-19,7023,55.1,13741,67,113.7,852,15
"225",2020-07-19,7024,57.4,8843,46,118.1,915,12
"226",2020-07-19,7027,60.3,11077,117,125.5,778,14
"227",2020-07-19,7029,57.3,8828,66,109.1,1438,25
"228",2020-07-19,7030,52.6,9678,110,133.1,704,15
"229",2020-07-19,7033,50.2,7572,55,93.7,887,10
"230",2020-07-19,7037,61.8,13556,72,156.6,1968,31
"231",2020-07-19,7039,56,9801,96,124.9,1017,18
"232",2020-07-19,7043,57.4,14054,66,119.9,1082,15
"233",2020-07-19,7051,70.4,13001,56,134.6,1093,18
"234",2020-07-19,7065,54.2,14237,59,127.2,987,18
"235",2020-07-19,7146,46,12738,73,98.2,1600,24
"236",2020-07-19,7159,46.8,12920,89,78.9,718,6
"237",2020-07-19,7169,44.7,11770,98,91.9,3352,39
"238",2020-07-19,8015,43.3,11094,63,94,1200,16
"239",2020-07-19,8019,46.3,12182,58,99.5,990,12
"240",2020-07-19,8023,45,12316,77,88,700,12
"241",2020-07-20,2007,64.1,9476,49,134.8,626,12
"242",2020-07-20,2074,63.6,5299,50,116.3,376,9
"243",2020-07-20,3067,67.5,11783,49,148.5,573,8
"244",2020-07-20,3117,54.6,7989,59,97.8,490,9
"245",2020-07-20,4001,68.2,11188,87,145.9,808,10
"246",2020-07-20,4038,65.8,11712,67,148.6,825,17
"247",2020-07-20,5005,55.8,9257,48,101.3,1641,21
"248",2020-07-20,5133,55.7,10366,73,133.6,642,13
"249",2020-07-20,5137,53.4,7063,69,103.8,517,13
"250",2020-07-20,5139,49.4,9183,50,124.6,570,11
"251",2020-07-20,5140,51.6,8925,90,107,930,15
"252",2020-07-20,5145,62,7465,107,143.8,511,12
"253",2020-07-20,6004,51.3,10719,38,102.8,575,9
"254",2020-07-20,6005,60,11847,94,140.5,769,14
"255",2020-07-20,6011,47.1,13427,104,145.9,816,11
"256",2020-07-20,6021,61.1,9471,44,145.3,878,12
"257",2020-07-20,6028,60.5,13553,73,138,1701,17
"258",2020-07-20,6033,51.1,12355,52,109.5,1166,16
"259",2020-07-20,6047,67.6,13569,80,134.8,1378,24
"260",2020-07-20,6126,65,12240,87,122.9,2248,39
"261",2020-07-20,6129,49.8,11506,50,130.1,614,12
"262",2020-07-20,6130,55.3,14703,91,120.1,1233,18
"263",2020-07-20,6131,58.8,10719,41,131.8,677,12
"264",2020-07-20,6133,50.6,8539,50,108,489,11
"265",2020-07-20,6134,58,10278,100,139.5,1361,23
"266",2020-07-20,7007,60.9,10662,71,131.1,1021,21
"267",2020-07-20,7008,61.3,10691,122,142.1,453,7
"268",2020-07-20,7010,58.7,10593,67,121.6,1102,17
"269",2020-07-20,7018,50.7,12532,72,111.3,849,18
"270",2020-07-20,7019,57.6,11378,61,125.6,517,13
"271",2020-07-20,7022,63.1,12524,63,135.1,1154,26
"272",2020-07-20,7023,55.6,12806,66,107,846,12
"273",2020-07-20,7024,64.6,8684,72,131,920,12
"274",2020-07-20,7027,75.2,12507,161,132.5,793,18
"275",2020-07-20,7029,64.3,9845,67,122.8,1466,23
"276",2020-07-20,7030,47.1,9284,85,126,797,10
"277",2020-07-20,7033,49.9,6631,74,109.9,1024,15
"278",2020-07-20,7037,61.1,13754,60,126.3,2314,43
"279",2020-07-20,7039,64.1,11047,89,133.9,1109,22
"280",2020-07-20,7043,47.4,11557,55,107.1,771,17
"281",2020-07-20,7051,67,12458,56,140.7,908,16
"282",2020-07-20,7065,59.7,15365,77,133.1,1094,18
"283",2020-07-20,7146,47.1,12213,71,97,1451,20
"284",2020-07-20,7159,51.2,14649,92,107.1,975,10
"285",2020-07-20,7169,48.7,11345,94,89.2,2303,29
"286",2020-07-20,8015,44.8,11848,57,106,1460,25
"287",2020-07-20,8019,44,11616,57,103.7,853,9
"288",2020-07-20,8023,53,13720,72,115.1,943,13
"289",2020-07-21,2007,56.5,9386,41,110.6,614,13
"290",2020-07-21,2074,47.1,4231,32,103.2,263,7
"291",2020-07-21,3067,59.4,11197,40,122.5,443,7
"292",2020-07-21,3117,73.6,11054,78,156.7,679,10
"293",2020-07-21,4001,15.2,3248,39,40.4,710,10
"294",2020-07-21,4038,59,12123,77,166.3,849,12
"295",2020-07-21,5005,46.6,11480,35,88.1,1307,16
"296",2020-07-21,5133,59.6,13138,86,118.1,997,12
"297",2020-07-21,5137,52,7952,55,116.3,639,13
"298",2020-07-21,5139,59,11604,55,135,752,12
"299",2020-07-21,5140,58.1,10050,103,118.2,1040,20
"300",2020-07-21,5145,57.3,8093,68,126.7,476,12
"301",2020-07-21,6004,48.1,12842,36,115,678,8
"302",2020-07-21,6005,62.1,13555,86,139.2,703,12
"303",2020-07-21,6011,55.1999999999999,15207,124,158.5,860,10
"304",2020-07-21,6021,77.2,13095,67,162,750,13
"305",2020-07-21,6028,64.9,15714,95,151.9,1632,18
"306",2020-07-21,6033,59.9,14744,81,113.5,1394,19
"307",2020-07-21,6047,52.1,11622,59,116.7,1249,22
"308",2020-07-21,6126,54.1,11455,65,119.4,2317,31
"309",2020-07-21,6129,66.1,16848,59,154.1,596,12
"310",2020-07-21,6130,49.7,15276,76,111.8,1207,18
"311",2020-07-21,6131,52,12309,62,129.3,677,13
"312",2020-07-21,6133,50.8,9853,52,101.5,529,9
"313",2020-07-21,6134,66.4,12321,98,152.7,1376,18
"314",2020-07-21,7007,51.8,10625,68,94.2,999,16
"315",2020-07-21,7008,54.9,12980,115,150.5,645,16
"316",2020-07-21,7010,63.8,13694,62,138.8,1896,17
"317",2020-07-21,7018,52.3,14404,85,113.1,721,17
"318",2020-07-21,7019,56.8,11505,48,141.1,887,15
"319",2020-07-21,7022,66.6,16241,83,151.4,1555,38
"320",2020-07-21,7023,55.9999999999999,15150,78,116.7,838,14
"321",2020-07-21,7024,59.2,9310,61,117.1,1136,15
"322",2020-07-21,7027,79.2000000000001,15374,149,136.5,818,15
"323",2020-07-21,7029,51.7,10493,57,110.2,1028,16
"324",2020-07-21,7030,65.1,12773,128,168.4,951,14
"325",2020-07-21,7033,47.3,7668,62,84.8,758,13
"326",2020-07-21,7037,57.2,14707,66,138.9,3046,52
"327",2020-07-21,7039,47.6,9104,87,106.5,767,17
"328",2020-07-21,7043,56.6,15268,65,134.4,894,13
"329",2020-07-21,7051,64.9,13574,68,122.3,893,16
"330",2020-07-21,7065,56.2,15578,62,124.5,901,16
"331",2020-07-21,7146,48.2,14191,93,107.1,1734,28
"332",2020-07-21,7159,47.2,16023,81,106.8,1008,9
"333",2020-07-21,7169,43.6,12130,92,89,2913,36
"334",2020-07-21,8015,42.4,12913,68,102.6,1557,24
"335",2020-07-21,8019,42.2,11861,66,97.3,945,8
"336",2020-07-21,8023,51.8,14429,83,90.9,807,12
"337",2020-07-22,2007,69.9,13297,60,140,651,13
"338",2020-07-22,2074,39.5,4824,22,80.5,291,5
"339",2020-07-22,3067,72.1,15190,52,164.7,593,9
"340",2020-07-22,3117,62,11566,79,118.7,579,11
"341",2020-07-22,4001,27.7,4844,62,65.2,354,7
"342",2020-07-22,4038,71,15501,99,152.4,1056,18
"343",2020-07-22,5005,49.7,13235,40,89.4,1319,10
"344",2020-07-22,5133,50.7,12888,78,115.8,870,12
"345",2020-07-22,5137,56.3,9664,63,103.2,579,11
"346",2020-07-22,5139,58.1,13304,55,130.9,582,10
"347",2020-07-22,5140,52.2,10569,98,105.9,1192,14
"348",2020-07-22,5145,54.2,8704,81,112.4,638,17
"349",2020-07-22,6004,52.1,14872,47,100.1,652,10
"350",2020-07-22,6005,48,12873,71,121.1,656,11
"351",2020-07-22,6011,52.5,16414,124,134,715,9
"352",2020-07-22,6021,71,13429,65,141.8,587,11
"353",2020-07-22,6028,57.1,14912,75,153.9,1346,18
"354",2020-07-22,6033,79.8,17447,102,109.8,1321,20
"355",2020-07-22,6047,60,15095,67,128.2,1339,23
"356",2020-07-22,6126,67.2,14971,102,120.7,2093,32
"357",2020-07-22,6129,51.2,15505,50,139,628,11
"358",2020-07-22,6130,54.9,15994,89,85.9,712,7
"359",2020-07-22,6131,51.4,12729,58,108.7,552,9
"360",2020-07-22,6133,47.4,11282,67,111.7,784,7
"361",2020-07-22,6134,59.9,12565,106,146.6,1342,20
"362",2020-07-22,7007,57.2,13590,80,109.9,1088,12
"363",2020-07-22,7008,53.4,12676,81,132.3,512,8
"364",2020-07-22,7010,58.5,14955,73,131,1064,13
"365",2020-07-22,7018,57.9,16290,87,108.6,733,17
"366",2020-07-22,7019,63.9,14336,64,146.4,841,16
"367",2020-07-22,7022,69.6,18597,85,141.1,1251,26
"368",2020-07-22,7023,56.6,15900,77,87.7,647,10
"369",2020-07-22,7024,57.1,10564,67,117.8,897,10
"370",2020-07-22,7027,70.9,16409,141,134,816,17
"371",2020-07-22,7029,56.2,10741,64,105.3,1062,16
"372",2020-07-22,7030,59.6,12832,104,122.8,589,8
"373",2020-07-22,7033,54.7,9805,80,102.6,792,13
"374",2020-07-22,7037,64.1,17609,60,146.1,2656,34
"375",2020-07-22,7039,59.2,11378,89,111.6,727,10
"376",2020-07-22,7043,56.1,16603,67,130.1,845,13
"377",2020-07-22,7051,66.2,16356,72,138.5,1079,19
"378",2020-07-22,7065,54.4,18476,50,122.9,715,14
"379",2020-07-22,7146,44.3,14902,91,95.7,1093,16
"380",2020-07-22,7159,48,16783,90,104.4,965,10
"381",2020-07-22,7169,42.7,13734,90,79.8,2984,28
"382",2020-07-22,8015,39.1,12876,58,92.5,1029,17
"383",2020-07-22,8019,53,14660,65,95.1,776,10
"384",2020-07-22,8023,43.8,14703,83,101,792,14
"385",2020-07-23,2007,59.2,11035,53,96.8,419,12
"386",2020-07-23,2074,48.6,5316,25,101,365,9
"387",2020-07-23,3067,57.1,11683,48,129.7,440,9
"388",2020-07-23,3117,59.1,10620,90,117.8,558,11
"389",2020-07-23,4001,30.3,5516,48,36.6,620,9
"390",2020-07-23,4038,64.3,14153,91,142.5,937,15
"391",2020-07-23,5005,52.4,12274,26,92.4,1160,14
"392",2020-07-23,5133,75.1,16964,111,124.6,861,21
"393",2020-07-23,5137,56,9937,53,112.9,678,14
"394",2020-07-23,5139,63.1,13680,56,123.5,608,13
"395",2020-07-23,5140,52.3,8771,89,88,661,11
"396",2020-07-23,5145,61.2,8922,91,137.4,661,18
"397",2020-07-23,6004,49.7,12155,31,93.8,485,8
"398",2020-07-23,6005,59,12678,80,128.6,746,14
"399",2020-07-23,6011,53.9,17024,123,154.8,899,10
"400",2020-07-23,6021,62.1,11763,42,135,570,10
"401",2020-07-23,6028,61.2,14918,73,129.4,1244,15
"402",2020-07-23,6033,49.4,13125,67,94.5,859,15
"403",2020-07-23,6047,62.4,13391,65,111.2,1035,19
"404",2020-07-23,6126,62.1,13761,83,128.6,1768,34
"405",2020-07-23,6129,54,16918,74,138.6,580,13
"406",2020-07-23,6130,47.8,16274,113,105,873,15
"407",2020-07-23,6131,63.6,14560,59,133.3,604,11
"408",2020-07-23,6133,51.3,12117,54,101.8,594,10
"409",2020-07-23,6134,63.6,12289,100,122.9,664,10
"410",2020-07-23,7007,55.1,11526,82,104.3,859,16
"411",2020-07-23,7008,62.3,13262,94,141.1,699,15
"412",2020-07-23,7010,58.3,12594,66,116.9,872,11
"413",2020-07-23,7018,50,13540,60,105.3,683,15
"414",2020-07-23,7019,60.7,13763,63,131,816,15
"415",2020-07-23,7022,62.2,16034,73,129.9,1228,23
"416",2020-07-23,7023,60.7,15477,60,112.4,732,10
"417",2020-07-23,7024,64.5,11872,77,125.5,1026,15
"418",2020-07-23,7027,57.6,13528,117,101.2,654,14
"419",2020-07-23,7029,64.1,11571,79,105.7,1059,20
"420",2020-07-23,7030,51.4,10136,110,114.1,536,12
"421",2020-07-23,7033,48.7,8445,79,99.3,798,9
"422",2020-07-23,7037,55.5,15430,68,124.6,1567,31
"423",2020-07-23,7039,68.6,13322,117,124,825,16
"424",2020-07-23,7043,62.6,16262,50,113.1,817,14
"425",2020-07-23,7051,59.9,10884,64,122.1,715,15
"426",2020-07-23,7065,57.5,15683,67,113.9,721,15
"427",2020-07-23,7146,49.7,13572,88,84.6,864,22
"428",2020-07-23,7159,40.7,12408,62,79.3,547,9
"429",2020-07-23,7169,49.4,14569,98,86.7,3237,34
"430",2020-07-23,8015,39.6,12111,50,92.7,953,17
"431",2020-07-23,8019,38,11085,46,75.6,550,7
"432",2020-07-23,8023,52,17456,88,107.8,1441,18
"433",2020-07-24,2007,61.4,11284,52,135,711,13
"434",2020-07-24,2074,57.4,4913,33,96.9,403,7
"435",2020-07-24,3067,66.8,12625,42,115.3,424,7
"436",2020-07-24,3117,61.5,11217,63,131.5,555,10
"437",2020-07-24,4001,48.4,8505,71,84.3,715,12
"438",2020-07-24,4038,61.4,13804,104,141,845,14
"439",2020-07-24,5005,52.2,11881,32,86,1004,11
"440",2020-07-24,5133,46.9,9965,70,101.8,530,13
"441",2020-07-24,5137,50,7728,51,90.6,528,11
"442",2020-07-24,5139,57.2,11957,59,123.2,626,10
"443",2020-07-24,5140,57.6,10107,91,99.1,1097,15
"444",2020-07-24,5145,57.1,8306,81,114.5,600,13
"445",2020-07-24,6004,37.6,10079,30,89,497,7
"446",2020-07-24,6005,68.2,14845,85,141.4,710,11
"447",2020-07-24,6011,57.4,16613,109,160.7,880,11
"448",2020-07-24,6021,75.7,13936,76,148.9,882,13
"449",2020-07-24,6028,64.5,15040,72,139.1,1280,14
"450",2020-07-24,6033,56.4,15232,78,103.6,1578,23
"451",2020-07-24,6047,50.9,12854,76,103.6,980,14
"452",2020-07-24,6126,66,13833,75,113.6,1657,25
"453",2020-07-24,6129,56.5,16401,62,138.2,658,9
"454",2020-07-24,6130,57.1,15808,116,108.3,764,12
"455",2020-07-24,6131,49.9,11161,45,102,466,10
"456",2020-07-24,6133,58.1,11609,49,106.7,689,8
"457",2020-07-24,6134,59.2,12164,71,119.9,785,13
"458",2020-07-24,7007,49.3,10187,79,93.8,751,12
"459",2020-07-24,7008,59.1,14083,129,137.8,661,10
"460",2020-07-24,7010,68.4,14288,82,124.9,1036,12
"461",2020-07-24,7018,53.4,14734,57,99.1,629,13
"462",2020-07-24,7019,55.2,11739,50,119,575,10
"463",2020-07-24,7022,50.7,12700,73,113.3,1039,19
"464",2020-07-24,7023,49.9,14482,79,90.8,708,13
"465",2020-07-24,7024,51.9,9136,64,97.5,664,10
"466",2020-07-24,7027,73.5,14578,135,128.7,667,11
"467",2020-07-24,7029,55.5,9265,75,102.5,1174,20
"468",2020-07-24,7030,64.1,12263,122,128.3,636,13
"469",2020-07-24,7033,45.2,7477,74,85.6,716,9
"470",2020-07-24,7037,60.6,17864,66,132.5,1567,24
"471",2020-07-24,7039,53.8,10907,91,95.8,752,13
"472",2020-07-24,7043,48.3,12900,32,134.5,905,10
"473",2020-07-24,7051,65.8,12876,56,130.6,725,16
"474",2020-07-24,7065,59.7,16176,59,115.5,683,14
"475",2020-07-24,7146,47.8,12502,79,92.9,817,17
"476",2020-07-24,7159,51.6,18112,82,105.8,1045,10
"477",2020-07-24,7169,50,13905,90,83.4,3148,32
"478",2020-07-24,8015,51.6,12410,50,99.9,1108,18
"479",2020-07-24,8019,53.8,14551,73,108,976,9
"480",2020-07-24,8023,46.3,14318,74,101.9,1567,16
"481",2020-07-25,2007,64.4,9789,47,105.7,534,12
"482",2020-07-25,2074,49.3,4485,34,88,248,5
"483",2020-07-25,3067,73.6,14232,46,154.8,546,11
"484",2020-07-25,3117,66.3,11738,95,131.1,630,14
"485",2020-07-25,4001,41.4,6885,67,84.4,557,10
"486",2020-07-25,4038,56.3,11805,94,131.9,706,13
"487",2020-07-25,5005,50.1,12504,41,98.6,1453,10
"488",2020-07-25,5133,61.0000000000001,11326,100,135.6,677,11
"489",2020-07-25,5137,51.5,7016,53,96.9,498,9
"490",2020-07-25,5139,62.5,12605,52,148.1,730,11
"491",2020-07-25,5140,53.5,9937,107,103.3,1182,16
"492",2020-07-25,5145,54.1,8132,84,109.9,575,12
"493",2020-07-25,6004,59.4,14649,46,110.5,618,7
"494",2020-07-25,6005,54.5,11696,76,116.1,584,9
"495",2020-07-25,6011,58.7,15696,136,144,881,11
"496",2020-07-25,6021,69.5,12901,61,140.3,803,10
"497",2020-07-25,6028,66.9,16562,116,147.4,1249,18
"498",2020-07-25,6033,59.8,17678,100,105.9,1375,22
"499",2020-07-25,6047,62.9,14943,93,119.7,1473,21
"500",2020-07-25,6126,60.2,13654,76,124.5,2024,26
"501",2020-07-25,6129,50.8,13622,64,140.2,613,9
"502",2020-07-25,6130,53.9,15939,103,92.9,967,10
"503",2020-07-25,6131,53,12121,57,122.9,640,14
"504",2020-07-25,6133,43.6,8732,53,86.6,530,6
"505",2020-07-25,6134,59.4,11528,92,122.6,838,12
"506",2020-07-25,7007,56.1,10806,73,104.6,928,13
"507",2020-07-25,7008,46.5,10369,75,115,561,12
"508",2020-07-25,7010,52.9,10405,58,111.4,1166,12
"509",2020-07-25,7018,44,12203,62,98.8,662,21
"510",2020-07-25,7019,63.2,13670,64,128.2,827,14
"511",2020-07-25,7022,66.5,15246,79,136.3,1150,27
"512",2020-07-25,7023,62.4,16562,86,111.4,522,10
"513",2020-07-25,7024,65.4,10632,57,125,787,12
"514",2020-07-25,7027,61.3000000000001,12253,117,116.8,661,13
"515",2020-07-25,7029,59.2,10109,68,117.3,926,14
"516",2020-07-25,7030,61.7,11019,128,134,595,11
"517",2020-07-25,7033,50.7,8536,77,108.1,830,14
"518",2020-07-25,7037,63.3,18541,92,139.3,2426,30
"519",2020-07-25,7039,63.7,11494,112,136.7,1096,17
"520",2020-07-25,7043,57.9,15408,61,119.6,633,10
"521",2020-07-25,7051,59.6,11703,48,129.8,814,19
"522",2020-07-25,7065,53.1,14969,59,122,843,14
"523",2020-07-25,7146,52,13250,81,90.8,1054,20
"524",2020-07-25,7159,45.9,15410,74,104.2,965,14
"525",2020-07-25,7169,48.7,13682,95,87.5,3679,36
"526",2020-07-25,8015,54.4,14448,60,102.6,1166,16
"527",2020-07-25,8019,43.4,13472,62,88.4,858,8
"528",2020-07-25,8023,49.6,15107,70,97.3,1069,13
"529",2020-07-26,2007,60.5,11187,51,140.8,723,16
"530",2020-07-26,2074,52.3,4174,59,103.8,409,7
"531",2020-07-26,3067,52.5,11041,42,133,593,11
"532",2020-07-26,3117,54.4,9664,60,121.6,496,11
"533",2020-07-26,4001,30.4,4245,30,59,349,5
"534",2020-07-26,4038,70.2,13699,87,164.6,983,16
"535",2020-07-26,5005,52.3,12177,35,99.9,1769,22
"536",2020-07-26,5133,65.1,12986,68,119.8,495,10
"537",2020-07-26,5137,63.1,11505,104,130.4,662,17
"538",2020-07-26,5139,57.2,11479,52,144,591,13
"539",2020-07-26,5140,52.3,10416,100,104.3,1107,16
"540",2020-07-26,5145,57.8,8890,67,140,669,13
"541",2020-07-26,6004,50.2,14353,66,118.2,677,11
"542",2020-07-26,6005,70.6,14662,86,155.4,813,12
"543",2020-07-26,6011,28.3,7698,62,116.5,907,13
"544",2020-07-26,6021,63.8,12201,60,139.4,653,12
"545",2020-07-26,6028,64.8,15204,70,155.3,2740,34
"546",2020-07-26,6033,51.7,14704,61,107.8,1346,20
"547",2020-07-26,6047,57.5,14387,70,125.6,1399,19
"548",2020-07-26,6126,63.7,13323,75,138.3,2508,38
"549",2020-07-26,6129,51.2,15551,54,124.7,627,10
"550",2020-07-26,6130,47.1,14410,92,112.8,1156,12
"551",2020-07-26,6131,54.5,12362,51,122.9,893,15
"552",2020-07-26,6133,50.4,9838,45,122.5,819,11
"553",2020-07-26,6134,56.3,10713,69,126.5,1110,15
"554",2020-07-26,7007,47.2,9979,64,100.4,1064,17
"555",2020-07-26,7008,56.9,12586,108,145,883,13
"556",2020-07-26,7010,61,12099,68,125.3,1218,18
"557",2020-07-26,7018,60.4,14556,56,114.6,1051,17
"558",2020-07-26,7019,53,11268,45,131.3,801,16
"559",2020-07-26,7022,67.6,17128,62,146.3,1225,23
"560",2020-07-26,7023,56.1,13490,73,116.2,950,12
"561",2020-07-26,7024,55.1,8765,64,120.9,849,11
"562",2020-07-26,7027,62.7,14721,164,130.5,805,17
"563",2020-07-26,7029,51.5,9298,68,104.4,1064,17
"564",2020-07-26,7030,54.1,10926,114,126.9,725,10
"565",2020-07-26,7033,53,9636,74,97.7,866,8
"566",2020-07-26,7037,54,14861,70,128.9,2187,38
"567",2020-07-26,7039,60.7,12332,120,128.4,1088,18
"568",2020-07-26,7043,43.9,11169,43,111.5,672,10
"569",2020-07-26,7051,64.1,12640,69,142.8,1029,20
"570",2020-07-26,7065,62.7,17613,63,128.6,950,18
"571",2020-07-26,7146,48.7,12567,60,96.4,1125,16
"572",2020-07-26,7159,49.9,16437,78,100,927,9
"573",2020-07-26,7169,45.5,11832,78,87.2,4831,41
"574",2020-07-26,8015,49.2,11770,48,96.8,1855,31
"575",2020-07-26,8019,51.8,15719,66,104.1,1389,14
"576",2020-07-26,8023,45.8,14280,73,105.8,1088,13
"577",2020-07-27,2007,19.8,3892,27,45,315,4
"578",2020-07-27,2074,20.3,1957,23,43.6,147,4
"579",2020-07-27,3067,26.2,6473,30,81.2,338,5
"580",2020-07-27,3117,20,4546,26,50.9,232,4
"581",2020-07-27,4001,14.1,3001,39,57.5,281,6
"582",2020-07-27,4038,29.8,6634,43,78.5,399,6
"583",2020-07-27,5005,16.8,4834,15,52.3,1252,11
"584",2020-07-27,5133,15.7,3970,27,40.9,249,5
"585",2020-07-27,5137,23.4,4492,47,65.7,454,10
"586",2020-07-27,5139,22.9,5627,31,65.6,389,5
"587",2020-07-27,5140,26.1,4850,47,54.7,627,8
"588",2020-07-27,5145,22.9,4094,37,81.4,540,11
"589",2020-07-27,6004,18.5,5281,25,46.2,539,4
"590",2020-07-27,6005,20.5,5593,42,87.7,706,6
"591",2020-07-27,6011,28.9,9107,89,90.8,548,9
"592",2020-07-27,6021,29.1,5616,31,68.1,314,5
"593",2020-07-27,6028,29,8579,44,90.8,1693,14
"594",2020-07-27,6033,17.7,5364,19,39.9,734,5
"595",2020-07-27,6047,21.3,6228,42,69.3,878,14
"596",2020-07-27,6126,19.3,4597,36,61.5,1247,11
"597",2020-07-27,6129,27.4,8649,51,80.8,314,5
"598",2020-07-27,6130,25.9,8633,56,57,650,10
"599",2020-07-27,6131,18.6,6143,42,69.1,430,10
"600",2020-07-27,6133,11.7,2452,22,19.4,66,1
"601",2020-07-27,6134,31.1,6211,40,78.3,662,12
"602",2020-07-27,7007,23.5,5962,41,70.6,672,8
"603",2020-07-27,7008,27,6522,56,74.4,368,7
"604",2020-07-27,7010,38.1,7516,40,83.2,958,13
"605",2020-07-27,7018,16.8,6030,37,63.2,608,16
"606",2020-07-27,7019,29.5,6902,24,70.7,421,5
"607",2020-07-27,7022,21.6,6398,32,56.4,864,13
"608",2020-07-27,7023,19.8,5772,36,46.4,356,3
"609",2020-07-27,7024,27,4856,35,56.4,424,9
"610",2020-07-27,7027,33.7,7995,79,74.8,611,13
"611",2020-07-27,7029,27.2,5454,44,66.5,714,12
"612",2020-07-27,7030,19.8,4406,50,55.9,338,5
"613",2020-07-27,7033,17.4,3633,35,35.3,365,6
"614",2020-07-27,7037,27.7,8215,55,80.7,1765,28
"615",2020-07-27,7039,32.2,7456,75,69.8,710,11
"616",2020-07-27,7043,29.2,8561,29,86.2,493,12
"617",2020-07-27,7051,29.3,5897,35,72.1,858,14
"618",2020-07-27,7065,25,8069,41,64.2,769,7
"619",2020-07-27,7146,19.9,5933,33,43.6,617,6
"620",2020-07-27,7159,21.5,8096,39,60.8,722,6
"621",2020-07-27,7169,26.1,7782,63,56.4,3179,25
"622",2020-07-27,8015,22.1,6988,39,62.7,1053,16
"623",2020-07-27,8019,24.4,7985,43,58.9,815,6
"624",2020-07-27,8023,23.1,7792,44,59.1,640,11
"625",2020-07-31,2007,59.4,10080,42,104.6,580,12
"626",2020-07-31,2074,38.2,3784,40,63.4,242,5
"627",2020-07-31,3067,48.8,9393,39,124.8,415,8
"628",2020-07-31,3117,56.8,10825,67,98.4,420,8
"629",2020-07-31,4001,45.1,6729,87,99.7,849,15
"630",2020-07-31,4038,53,11743,77,126.5,762,15
"631",2020-07-31,4072,26.9,2620,105,55.6,362,21
"632",2020-07-31,5005,48.8,10829,32,88.1,1559,14
"633",2020-07-31,5133,54.4,11368,65,117.7,641,16
"634",2020-07-31,5135,31.3,3402,88,73.7,258,12
"635",2020-07-31,5137,47.1,8008,56,100.1,598,15
"636",2020-07-31,5139,49.3,10843,54,108.9,487,17
"637",2020-07-31,5140,42.8,8332,73,91,872,13
"638",2020-07-31,5145,44.9,6404,90,85.9,377,9
"639",2020-07-31,6004,45.3,10190,27,106.9,854,9
"640",2020-07-31,6005,57.8,13024,83,113.2,671,10
"641",2020-07-31,6011,47.2,13250,98,131.9,931,11
"642",2020-07-31,6021,63.5,10154,52,135.9,630,12
"643",2020-07-31,6028,54.7,11435,66,134.2,1799,25
"644",2020-07-31,6030,33.8,4338,51,53.7,384,13
"645",2020-07-31,6033,46.6,11894,64,94.2,1101,13
"646",2020-07-31,6039,29.4,4490,40,44.8,231,4
"647",2020-07-31,6047,51.2,12223,60,114.5,1554,30
"648",2020-07-31,6050,17.2,2693,11,29.6,220,4
"649",2020-07-31,6126,54.5,12506,76,128.4,1849,28
"650",2020-07-31,6129,51.8,12952,63,123.6,622,13
"651",2020-07-31,6130,44.1,13530,102,96.7,1062,12
"652",2020-07-31,6131,47.8,11564,68,127.7,814,17
"653",2020-07-31,6133,14.6,2647,20,29.9,181,4
"654",2020-07-31,6134,54.3999999999999,10098,108,129.3,1031,20
"655",2020-07-31,7007,7.99999999999999,1716,13,20.3,131,1
"656",2020-07-31,7008,15.6,3748,26,55.5,261,6
"657",2020-07-31,7010,56.9,10228,52,117.8,1553,16
"658",2020-07-31,7018,45.8,13245,56,108.3,945,17
"659",2020-07-31,7019,49.5,12141,46,116.9,781,14
"660",2020-07-31,7022,55.7,14809,84,133.9,1255,35
"661",2020-07-31,7023,50,13521,51,104,1035,17
"662",2020-07-31,7024,55.2,8527,54,121.1,714,11
"663",2020-07-31,7027,46.1,8498,117,105.7,748,19
"664",2020-07-31,7029,52.1,9436,75,105.2,1041,16
"665",2020-07-31,7030,54.5,9465,115,127.7,674,14
"666",2020-07-31,7033,41.8,8180,75,95.7,1297,21
"667",2020-07-31,7037,11.7,5605,208,75.1,1659,35
"668",2020-07-31,7039,47.8,10101,87,105.3,937,17
"669",2020-07-31,7043,34.8,8993,37,89.1,525,7
"670",2020-07-31,7051,55.2,12094,58,114.7,993,18
"671",2020-07-31,7065,46.6,13248,61,104.3,638,16
"672",2020-07-31,7146,40.6,11421,55,84,2213,28
"673",2020-07-31,7159,36.2,13637,76,76.1,1038,15
"674",2020-07-31,7169,42.9000000000001,13160,90,89.7,5783,52
"675",2020-07-31,8015,44.1,11506,56,90.8,1378,29
"676",2020-07-31,8019,12.6,4346,21,35.5,315,2
"677",2020-07-31,8023,5.40000000000001,2290,13,12.6,238,2
"678",2020-08-01,2007,40.7,7447,35,105,492,11
"679",2020-08-01,2074,49.8,5703,56,99.6,412,11
"680",2020-08-01,3067,54.4,11347,40,115.8,367,6
"681",2020-08-01,3117,60.5,13366,74,136.8,619,7
"682",2020-08-01,4001,57,9053,115,117.2,929,12
"683",2020-08-01,4038,60.8,14509,87,142.2,1010,16
"684",2020-08-01,4072,46.4,6279,124,105.3,665,19
"685",2020-08-01,5005,45.6,12295,34,93,2111,28
"686",2020-08-01,5133,54.4,12467,74,116.2,667,14
"687",2020-08-01,5135,63.9,8687,106,145.1,686,14
"688",2020-08-01,5137,49.4,9086,52,107.5,505,11
"689",2020-08-01,5139,52.4,11762,48,120.1,596,14
"690",2020-08-01,5140,52.7,11342,103,105.3,1247,13
"691",2020-08-01,5145,54.7,8803,92,106.2,597,12
"692",2020-08-01,6004,40.2,10201,32,80.3,515,6
"693",2020-08-01,6005,58.1,13372,62,134.6,784,11
"694",2020-08-01,6011,44.4,13716,93,115.5,812,10
"695",2020-08-01,6021,53.2,9890,38,130.6,496,11
"696",2020-08-01,6028,53.4,12721,85,134.9,1484,19
"697",2020-08-01,6030,54.7,9260,66,78.8,551,10
"698",2020-08-01,6033,51.9,15551,76,109.3,1279,17
"699",2020-08-01,6039,46.4,9861,52,93.1,487,10
"700",2020-08-01,6047,56,14604,67,116.1,1272,21
"701",2020-08-01,6050,52.2,11964,48,126.2,1159,16
"702",2020-08-01,6126,60.9,15815,77,115.6,2100,31
"703",2020-08-01,6129,47.4,13175,46,123.3,590,8
"704",2020-08-01,6130,50.3,15757,100,110.6,1040,14
"705",2020-08-01,6131,46.7,11878,64,130.4,597,15
"706",2020-08-01,6134,58.5,12652,77,132.9,1233,16
"707",2020-08-01,7010,56.8,13316,52,119.4,933,20
"708",2020-08-01,7018,44.2,14152,75,103.5,675,18
"709",2020-08-01,7019,55.7,13847,64,124.3,839,12
"710",2020-08-01,7022,56.9,16745,76,122.6,984,24
"711",2020-08-01,7023,50.3,15140,79,100.7,864,14
"712",2020-08-01,7024,57,10030,76,115.2,816,13
"713",2020-08-01,7027,71,14252,143,127.6,661,17
"714",2020-08-01,7029,51.5,10291,59,110.2,991,15
"715",2020-08-01,7030,59.1,10884,138,126.1,746,15
"716",2020-08-01,7033,51.3,11096,86,94.5,1088,17
"717",2020-08-01,7037,38.7,9071,303,105.5,1843,23
"718",2020-08-01,7039,48.2,10101,82,94.1,774,16
"719",2020-08-01,7043,42.5,10679,53,110.9,851,10
"720",2020-08-01,7051,62,14611,58,140.3,1018,23
"721",2020-08-01,7065,50.7,15336,49,118.7,666,14
"722",2020-08-01,7146,41.5,12234,65,84.6,1535,12
"723",2020-08-01,7159,43.7,16396,83,99.1,1038,12
"724",2020-08-01,7169,46.8,14614,109,88.7,4459,41
"725",2020-08-01,8015,43.3,12470,44,96.7,1551,24
"726",2020-08-02,2007,50.5,11454,39,109.5,551,12
"727",2020-08-02,2074,47,5426,54,101.2,395,11
"728",2020-08-02,3067,66.4,14082,47,137.8,466,7
"729",2020-08-02,3117,55.5,12746,65,117.9,657,11
"730",2020-08-02,4001,50.9,7743,81,108.2,958,24
"731",2020-08-02,4038,65.3,14830,79,155.9,809,13
"732",2020-08-02,4072,62.8,8622,135,115.2,723,19
"733",2020-08-02,5005,64.9,11614,34,93.3,1651,19
"734",2020-08-02,5133,63.8,13955,72,135.7,927,19
"735",2020-08-02,5135,63.8,10300,79,121,542,22
"736",2020-08-02,5137,54.5,9984,68,109.4,709,11
"737",2020-08-02,5139,56.3,13619,55,136.8,591,14
"738",2020-08-02,5140,50.1,10858,91,97.6,1031,16
"739",2020-08-02,5145,45.1,6880,85,104.6,453,9
"740",2020-08-02,6004,53.8,12322,30,118.6,810,10
"741",2020-08-02,6005,47.7,11007,60,110.6,666,11
"742",2020-08-02,6011,46.2,15240,114,102.6,944,9
"743",2020-08-02,6021,66.2,12162,53,155.2,605,10
"744",2020-08-02,6028,59,15091,55,139.7,1275,20
"745",2020-08-02,6030,63.5,11318,80,129.1,681,11
"746",2020-08-02,6033,44.2,14837,65,93.7,1669,18
"747",2020-08-02,6039,45.3,8683,59,92.6,481,11
"748",2020-08-02,6047,54.3,13574,56,115.8,1272,18
"749",2020-08-02,6050,45.5,12366,56,106.1,1024,12
"750",2020-08-02,6126,59.7,15062,76,143.6,3031,37
"751",2020-08-02,6129,56.2,14800,49,139.3,668,11
"752",2020-08-02,6130,48.9,14970,94,105.8,1426,16
"753",2020-08-02,6131,55.2,13970,63,137.6,869,17
"754",2020-08-02,6134,57.5,12652,83,133.7,981,15
"755",2020-08-02,7010,55.7,12276,83,126.2,1162,11
"756",2020-08-02,7018,51.8,15771,82,108.8,838,20
"757",2020-08-02,7019,56.1,14484,72,122.7,742,11
"758",2020-08-02,7022,88,15137,74,132.5,1034,24
"759",2020-08-02,7023,53.4,15167,71,101.8,926,13
"760",2020-08-02,7024,53.6,11514,56,107,802,9
"761",2020-08-02,7027,65.1000000000001,13335,149,129.7,778,18
"762",2020-08-02,7029,56.4,10269,65,118.1,1348,22
"763",2020-08-02,7030,54.7,9492,124,129,718,17
"764",2020-08-02,7033,46.3,10099,92,87.6,1157,18
"765",2020-08-02,7037,35.3,6652,232,79.4,1687,31
"766",2020-08-02,7039,50.5,11233,115,119.5,970,21
"767",2020-08-02,7043,51.6,14646,48,101,849,13
"768",2020-08-02,7051,57.6,14000,51,122.2,911,13
"769",2020-08-02,7065,55.1,17710,58,125.6,770,15
"770",2020-08-02,7146,42.7,11343,52,86.2,900,15
"771",2020-08-02,7159,48.6,18038,88,104,1114,11
"772",2020-08-02,7169,40.4,11654,77,75.9,4164,33
"773",2020-08-02,8015,50.1,14278,62,107.6,1631,31
"774",2020-08-03,2007,69.6,13947,47,125.6,603,11
"775",2020-08-03,2074,53.4,6113,62,99.3,294,11
"776",2020-08-03,3067,51.7,11062,31,142.2,523,8
"777",2020-08-03,3117,59.5,13394,67,110.1,527,8
"778",2020-08-03,4001,50.7,7361,85,109.1,644,12
"779",2020-08-03,4038,59.4,12841,68,149.5,916,17
"780",2020-08-03,4072,54.9,7986,117,106.9,719,22
"781",2020-08-03,5005,41.6,10787,17,72,986,8
"782",2020-08-03,5133,46.1,11397,73,107.2,698,11
"783",2020-08-03,5135,58.8,10583,75,133.1,594,20
"784",2020-08-03,5137,56.5,10428,52,125.6,611,15
"785",2020-08-03,5139,61.2,14761,51,134.6,578,9
"786",2020-08-03,5140,49.7,10900,89,103,1003,10
"787",2020-08-03,5145,56.8,8422,106,121.1,433,11
"788",2020-08-03,6004,40.4,9207,15,90.9,481,7
"789",2020-08-03,6005,57.4,13647,65,143.8,684,9
"790",2020-08-03,6011,52.8,17317,97,141.6,1197,16
"791",2020-08-03,6021,67.3,11464,44,132.9,456,10
"792",2020-08-03,6028,61.5,16444,72,140.9,1234,17
"793",2020-08-03,6030,53.1,8652,65,107,593,11
"794",2020-08-03,6033,50.3,16103,63,103.4,1279,22
"795",2020-08-03,6039,43.9,10426,41,96.3,489,9
"796",2020-08-03,6047,53.5,13542,64,112,1422,25
"797",2020-08-03,6050,43.2,11689,47,84.6,756,12
"798",2020-08-03,6126,53.6,14161,66,110,1674,28
"799",2020-08-03,6129,47.9,12910,47,132.9,624,9
"800",2020-08-03,6130,47.9,16151,90,97.9,1211,11
"801",2020-08-03,6131,48.2,11649,45,111.3,619,13
"802",2020-08-03,6134,58.7,12060,89,117.3,723,15
"803",2020-08-03,7010,61.5,13065,54,120,1209,14
"804",2020-08-03,7018,45.6,14018,65,97.6,589,15
"805",2020-08-03,7019,57.8,14274,71,122.4,594,9
"806",2020-08-03,7022,59.3,16125,73,134.8,1046,29
"807",2020-08-03,7023,53.3,15424,75,75.7,413,8
"808",2020-08-03,7024,53.7,10463,53,117.7,651,8
"809",2020-08-03,7027,60.4,12980,131,115.2,642,17
"810",2020-08-03,7029,53.7,11733,68,114.2,912,16
"811",2020-08-03,7030,55.9,11176,107,140.8,739,17
"812",2020-08-03,7033,50.3,11679,89,88.7,985,13
"813",2020-08-03,7037,44.6,8361,268,105.8,1105,24
"814",2020-08-03,7039,63.8,12769,108,126.7,1097,23
"815",2020-08-03,7043,46.6,14040,41,112.2,700,8
"816",2020-08-03,7051,53.4,12171,48,129.4,839,10
"817",2020-08-03,7065,59.8,19377,70,106.6,735,12
"818",2020-08-03,7146,46.1,11916,56,94.5,1120,11
"819",2020-08-03,7159,44.6,16205,86,92.3,1048,13
"820",2020-08-03,7169,46.6,14017,101,88.5,2717,27
"821",2020-08-03,8015,46.9,12437,46,98.8,1238,23
"822",2020-08-04,2007,56.1,10474,57,120.5,659,9
"823",2020-08-04,2074,52,6851,58,90.2,369,9
"824",2020-08-04,3067,68.1,14584,44,129.7,461,10
"825",2020-08-04,3117,62.1,18652,64,142,730,13
"826",2020-08-04,4001,51.4,8762,97,126.6,1135,16
"827",2020-08-04,4038,60.1,13411,67,153.7,770,12
"828",2020-08-04,4072,49.5,6813,98,109.4,768,23
"829",2020-08-04,5005,50.2,13683,34,67.1,913,6
"830",2020-08-04,5133,57.4,13452,67,132.6,636,9
"831",2020-08-04,5135,77.2,13299,88,161.8,766,21
"832",2020-08-04,5137,53.2,10510,62,103.7,527,11
"833",2020-08-04,5139,55,12376,63,115.9,511,11
"834",2020-08-04,5140,49.5,10435,82,93.4,909,14
"835",2020-08-04,5145,48.6,8835,68,115,496,12
"836",2020-08-04,6004,45.4,10274,24,94.8,485,5
"837",2020-08-04,6005,64,15844,80,129.6,682,9
"838",2020-08-04,6011,50.6,15687,114,101.4,959,14
"839",2020-08-04,6021,59.6,11328,41,143.8,505,9
"840",2020-08-04,6028,57.5,14629,77,161,1546,15
"841",2020-08-04,6030,66.3,10816,70,69,485,8
"842",2020-08-04,6033,55,16312,84,107.2,1599,26
"843",2020-08-04,6039,46.9,10091,58,109.7,531,12
"844",2020-08-04,6047,61,14463,59,119.5,1261,20
"845",2020-08-04,6050,56.3,15904,59,124.7,1026,17
"846",2020-08-04,6126,58.7,14756,54,115.6,1655,22
"847",2020-08-04,6129,55.4,14496,45,136.3,532,10
"848",2020-08-04,6130,48.1,16329,81,109.5,1136,16
"849",2020-08-04,6131,51,12744,52,130,707,16
"850",2020-08-04,6134,53.8,11946,63,148.2,885,13
"851",2020-08-04,7010,48,10461,47,81.5,679,8
"852",2020-08-04,7018,49.6,12788,81,98,500,14
"853",2020-08-04,7019,62.4,15691,101,136.3,848,17
"854",2020-08-04,7022,62.6,15871,81,130.1,809,31
"855",2020-08-04,7023,49.7,15892,82,107.3,597,10
"856",2020-08-04,7024,60.2,12022,70,121,971,10
"857",2020-08-04,7027,65.4,13822,159,131.4,720,19
"858",2020-08-04,7029,55,11636,73,112.7,1305,20
"859",2020-08-04,7030,56.2,11180,119,92.1,490,6
"860",2020-08-04,7033,50,12361,87,106.5,1229,18
"861",2020-08-04,7037,45.4,7929,223,96.6,1366,25
"862",2020-08-04,7039,56.3,11816,108,123.4,979,19
"863",2020-08-04,7043,56.5,16402,51,134.7,814,13
"864",2020-08-04,7051,55.3,14954,48,123.6,1045,15
"865",2020-08-04,7065,50.4,14532,55,124.6,903,17
"866",2020-08-04,7146,48.8,12941,77,109.8,1358,12
"867",2020-08-04,7159,44.2,15952,89,102.1,1084,13
"868",2020-08-04,7169,41.7,14697,72,89.5,2500,19
"869",2020-08-04,8015,56.2,14873,52,123.9,1651,36
"870",2020-08-05,2007,51.1,11170,53,124.6,754,12
"871",2020-08-05,2074,53.8,10897,55,122.9,496,13
"872",2020-08-05,3067,54.1,11919,36,65.5,214,4
"873",2020-08-05,3117,58.6,14285,79,113.9,491,8
"874",2020-08-05,4001,38.2,7240,93,78.1,735,18
"875",2020-08-05,4038,49.6,12216,52,136.2,852,9
"876",2020-08-05,4072,58.9999999999999,9305,117,119.7,841,21
"877",2020-08-05,5005,42.4,12497,27,82,1070,13
"878",2020-08-05,5133,58.3,14338,77,102,661,5
"879",2020-08-05,5135,61.4,10926,106,129.8,623,16
"880",2020-08-05,5137,50.5,11664,59,117.1,575,11
"881",2020-08-05,5139,49.9,12411,46,136.2,739,13
"882",2020-08-05,5140,48.7,10833,91,97.9,984,13
"883",2020-08-05,5145,50,7948,86,104.5,451,8
"884",2020-08-05,6004,54.3,13114,39,112.6,587,9
"885",2020-08-05,6005,58.1,14870,79,111.3,575,7
"886",2020-08-05,6011,45.7,15061,99,46.7,354,6
"887",2020-08-05,6021,60.8,12751,44,144.2,572,8
"888",2020-08-05,6028,61.8,16889,89,131.9,1222,12
"889",2020-08-05,6030,56.8,11128,64,79.4,461,9
"890",2020-08-05,6033,51.5,16591,93,103.3,1386,24
"891",2020-08-05,6039,50.4,9641,52,105.1,438,11
"892",2020-08-05,6047,50.1,12389,56,106.4,1056,19
"893",2020-08-05,6050,43.2,12560,50,100.8,762,16
"894",2020-08-05,6126,59.1,15760,64,138,2536,38
"895",2020-08-05,6129,58.7,17136,56,158.5,743,11
"896",2020-08-05,6130,45.6,16758,85,98.3,956,15
"897",2020-08-05,6131,46.4,13047,71,114.8,568,14
"898",2020-08-05,6134,57.5,13145,96,138.5,1098,14
"899",2020-08-05,7010,61.4,15071,89,117.6,922,14
"900",2020-08-05,7018,41.4,12579,59,74.3,393,12
"901",2020-08-05,7019,48.3,12062,74,105.9,620,9
"902",2020-08-05,7022,53.4,18775,82,126.6,873,21
"903",2020-08-05,7023,58,17150,75,99.3,587,12
"904",2020-08-05,7024,54.5,11180,53,118,1083,12
"905",2020-08-05,7027,69.1,17271,158,141.9,966,26
"906",2020-08-05,7029,59,15268,70,116,1565,24
"907",2020-08-05,7030,61.3,12004,142,108.9,606,8
"908",2020-08-05,7033,45.3,11859,84,90.5,1000,16
"909",2020-08-05,7037,57,10168,185,133.9,1417,18
"910",2020-08-05,7039,54.9,11955,102,105.8,785,15
"911",2020-08-05,7043,52.8,17477,58,124.9,809,10
"912",2020-08-05,7051,65.9,17099,71,117,994,15
"913",2020-08-05,7065,53.3,18743,48,107.1,732,14
"914",2020-08-05,7146,51.7,14726,79,106.5,1448,15
"915",2020-08-05,7159,47.2,17004,91,93.6,938,10
"916",2020-08-05,7169,40.1,13503,82,20,745,3
"917",2020-08-05,8015,45.3,13487,53,90.8,1189,22
"918",2020-08-06,2007,65.6,14817,54,123.2,768,12
"919",2020-08-06,2074,55.1,8073,74,97.6,709,14
"920",2020-08-06,3067,65.3,14614,56,87,323,8
"921",2020-08-06,3117,53.2,12370,68,118.4,633,13
"922",2020-08-06,4001,47.6,10060,103,103.9,781,18
"923",2020-08-06,4038,28.5,7886,51,70.4,974,21
"924",2020-08-06,4072,53.7,9466,98,106.9,846,22
"925",2020-08-06,5005,49,14777,29,80,1385,10
"926",2020-08-06,5133,50,13151,81,105.6,754,11
"927",2020-08-06,5135,71.3,15630,108,118.9,705,19
"928",2020-08-06,5137,51.1,10067,66,86.3,591,16
"929",2020-08-06,5139,58,15296,79,115.6,583,13
"930",2020-08-06,5140,50.2,11197,97,59.6,465,6
"931",2020-08-06,5145,52.8,13279,85,100,421,8
"932",2020-08-06,6004,37.6,9606,25,79.4,423,6
"933",2020-08-06,6005,53.9,13719,77,59.1,369,7
"934",2020-08-06,6011,53.5,18087,103,111.1,946,14
"935",2020-08-06,6021,66.6,14443,69,149.8,593,13
"936",2020-08-06,6028,59.8,16568,94,141,1235,17
"937",2020-08-06,6030,59.1,11927,81,70.3,465,4
"938",2020-08-06,6033,55,18637,96,92.2,1295,17
"939",2020-08-06,6039,32.9,7232,41,62.6,256,6
"940",2020-08-06,6047,51,11079,59,88.3,809,18
"941",2020-08-06,6050,50.1,14245,61,96.3,757,16
"942",2020-08-06,6126,62.7,14199,74,112.9,1720,28
"943",2020-08-06,6129,47.1,16498,66,109.2,544,11
"944",2020-08-06,6130,45.9,14716,85,98.1,1081,14
"945",2020-08-06,6131,54.4,17406,73,118.3,619,15
"946",2020-08-06,6134,64.8,15077,130,137,1166,18
"947",2020-08-06,7010,65.3,15777,59,115.9,875,13
"948",2020-08-06,7018,50.9,16458,110,93.7,623,15
"949",2020-08-06,7019,64.1,16996,110,85.5,447,7
"950",2020-08-06,7022,57.8,17990,73,111.6,767,22
"951",2020-08-06,7023,52.9,16788,98,100.9,603,11
"952",2020-08-06,7024,55.8,12351,70,109.9,769,9
"953",2020-08-06,7027,59.8,15619,166,121.3,717,19
"954",2020-08-06,7029,54.7,12585,80,114.9,1280,27
"955",2020-08-06,7030,60.2,11422,140,92.8,421,11
"956",2020-08-06,7033,51.6,13263,115,96.7,927,17
"957",2020-08-06,7037,52.9,17956,66,111.1,1320,29
"958",2020-08-06,7039,60.8,13288,127,89.7,742,12
"959",2020-08-06,7043,54.8,15648,50,115.2,970,15
"960",2020-08-06,7051,56.7,14594,63,101.7,616,10
"961",2020-08-06,7065,61.1,22051,72,115.7,983,16
"962",2020-08-06,7146,41.1,10279,67,78.3,714,8
"963",2020-08-06,7159,40.1,13108,76,87.4,708,10
"964",2020-08-06,7169,32.7,11247,83,47.6,1516,14
"965",2020-08-06,8015,47,14595,65,99.4,1199,24
"966",2020-08-07,2007,50.1,10645,50,101.7,563,11
"967",2020-08-07,2074,54.8,8952,67,93.1,516,19
"968",2020-08-07,3067,54.1,11408,34,101.9,306,5
"969",2020-08-07,3117,52.3,13319,81,78.6,321,5
"970",2020-08-07,4001,41.5,7793,103,86.7,569,11
"971",2020-08-07,4038,23.5,6160,45,50.8,572,10
"972",2020-08-07,4072,56.6,10093,94,111.9,725,13
"973",2020-08-07,5005,44.7,13788,28,75.2,1007,8
"974",2020-08-07,5133,50.6,12427,93,95,593,10
"975",2020-08-07,5135,57.7,11797,100,121.9,662,16
"976",2020-08-07,5137,51.8,11220,60,96.3,587,11
"977",2020-08-07,5139,51.8,13293,57,116.6,567,9
"978",2020-08-07,5140,52.8,12208,104,81.1,695,10
"979",2020-08-07,5145,57.9,10312,120,121.8,500,12
"980",2020-08-07,6004,45.8,9793,34,93.4,449,7
"981",2020-08-07,6005,56.9,14640,73,127.8,650,8
"982",2020-08-07,6011,50.9,16726,127,86.2,585,7
"983",2020-08-07,6021,63.5,13279,43,128.2,571,9
"984",2020-08-07,6028,61.5,17399,89,133.4,1143,14
"985",2020-08-07,6030,61.6,14428,80,64.5,287,6
"986",2020-08-07,6033,48.2,16107,76,99.1,1510,15
"987",2020-08-07,6039,56.5,11916,54,110.5,614,11
"988",2020-08-07,6047,53.2,14442,79,115.3,1162,15
"989",2020-08-07,6050,42.5,11949,48,104.4,830,11
"990",2020-08-07,6126,57,16757,73,115.7,1655,30
"991",2020-08-07,6129,58.2,19870,71,147.4,763,12
"992",2020-08-07,6130,46.6,15978,98,95,1047,14
"993",2020-08-07,6131,50.9,14228,79,106.8,537,13
"994",2020-08-07,6134,60.8,14649,101,126.3,1038,14
"995",2020-08-07,7010,55.4,13075,56,105.5,1063,11
"996",2020-08-07,7018,45,14858,85,102,639,15
"997",2020-08-07,7019,52.3,13730,96,111.7,612,11
"998",2020-08-07,7022,60.5,17949,86,125.9,904,18
"999",2020-08-07,7023,52.7,16223,78,90.2,457,8
"1000",2020-08-07,7024,51,12997,64,102.3,789,8
"1001",2020-08-07,7027,72.2,16838,184,124.9,713,12
"1002",2020-08-07,7029,54.6000000000001,11130,67,107.3,1263,18
"1003",2020-08-07,7030,52.7,10363,121,129.2,747,11
"1004",2020-08-07,7033,53.8,13719,120,97.9,1034,17
"1005",2020-08-07,7037,50.2,17000,46,122.1,1567,30
"1006",2020-08-07,7039,53.5,14434,103,103.4,1030,18
"1007",2020-08-07,7043,53.6,17177,57,127.5,1228,12
"1008",2020-08-07,7051,59.4,13802,65,96.1,616,12
"1009",2020-08-07,7065,48.7,17306,65,83.2,588,13
"1010",2020-08-07,7146,45.3,12941,80,91.9,1069,18
"1011",2020-08-07,7159,44.2,15573,60,85,722,7
"1012",2020-08-07,7169,43.6,15551,104,75.4,2725,19
"1013",2020-08-07,8015,49.9,14961,47,98.8,1162,19
"1014",2020-08-08,2007,62.4,16077,48,125.4,621,10
"1015",2020-08-08,2074,57.6,8046,72,98.1,518,11
"1016",2020-08-08,3067,59.5,13192,35,119.8,390,7
"1017",2020-08-08,3117,54.2,12687,50,107.8,464,8
"1018",2020-08-08,4001,56.6,11123,87,124.8,1081,17
"1019",2020-08-08,4038,50.3,12218,34,120,813,17
"1020",2020-08-08,4072,56.1,9178,84,120,778,10
"1021",2020-08-08,5005,47.5,13201,15,74.6,1085,10
"1022",2020-08-08,5133,51.9,13326,74,119.2,866,13
"1023",2020-08-08,5135,64,12709,67,132.3,723,12
"1024",2020-08-08,5137,53.2,10610,55,96,504,10
"1025",2020-08-08,5139,56.4,13628,44,110.5,582,9
"1026",2020-08-08,5140,45.8,9277,86,89.6,900,14
"1027",2020-08-08,5145,53.6,8673,100,101.2,613,14
"1028",2020-08-08,6004,45.6,13635,32,96.5,493,6
"1029",2020-08-08,6005,58.5,13285,72,144.1,729,7
"1030",2020-08-08,6011,52.1,16476,101,85.3,571,5
"1031",2020-08-08,6021,60.5,12560,50,146.7,531,9
"1032",2020-08-08,6028,61.6,17823,81,135.9,1249,13
"1033",2020-08-08,6030,56,10026,71,105.2,569,8
"1034",2020-08-08,6033,53,18361,89,107,1358,18
"1035",2020-08-08,6039,42.3,8373,26,87.7,386,7
"1036",2020-08-08,6047,58.6,14993,68,126.1,1229,19
"1037",2020-08-08,6050,53.1,14047,46,126.4,1000,12
"1038",2020-08-08,6126,54,14954,49,102.9,1688,26
"1039",2020-08-08,6129,54.3,15872,61,151.4,942,12
"1040",2020-08-08,6130,53.7,16339,86,102.3,1198,17
"1041",2020-08-08,6131,53.3,14653,59,120.6,627,17
"1042",2020-08-08,6134,56.6,12515,94,125.2,992,17
"1043",2020-08-08,7010,64.1,14283,59,137.4,1157,9
"1044",2020-08-08,7018,51.4,16599,91,102.9,733,13
"1045",2020-08-08,7019,56.6,15285,74,131.5,661,13
"1046",2020-08-08,7022,50.8,17224,75,135.5,1062,21
"1047",2020-08-08,7023,52.4,16545,87,104.7,586,10
"1048",2020-08-08,7024,61.5,13676,59,125.1,1104,13
"1049",2020-08-08,7027,64.3,15067,155,128.3,720,15
"1050",2020-08-08,7029,50.6,11078,68,115.1,1203,15
"1051",2020-08-08,7030,61.8,10796,131,128.7,736,14
"1052",2020-08-08,7033,45.5,11295,84,100.9,922,13
"1053",2020-08-08,7037,48,14415,95,131.7,1663,28
"1054",2020-08-08,7039,56.1,13125,108,117.5,1122,19
"1055",2020-08-08,7043,53.9,16851,47,131.8,1127,17
"1056",2020-08-08,7051,56,12126,45,128,878,12
"1057",2020-08-08,7065,56.1,18223,59,117.6,926,14
"1058",2020-08-08,7146,48.3,12567,70,99.1,1512,18
"1059",2020-08-08,7159,51.1,18011,68,110,1061,11
"1060",2020-08-08,7169,36.9,11047,75,29.4,626,11
"1061",2020-08-08,8015,53.2,14595,48,104.4,1210,23
"1062",2020-08-09,2007,52.6,11023,37,119.5,614,11
"1063",2020-08-09,2074,46.6,6521,51,98.5,350,13
"1064",2020-08-09,3067,56,12150,40,129.7,460,7
"1065",2020-08-09,3117,64.7,17619,59,146.7,640,8
"1066",2020-08-09,4001,46.4,9607,89,94.2,603,15
"1067",2020-08-09,4038,42.1,11866,52,110.8,612,10
"1068",2020-08-09,4072,47.4,8272,77,108.5,991,21
"1069",2020-08-09,5005,47.8,14071,34,83.6,1168,12
"1070",2020-08-09,5133,56,13508,91,113.4,573,9
"1071",2020-08-09,5135,58.9,12908,72,132,712,11
"1072",2020-08-09,5137,53.2,11736,65,114.7,812,15
"1073",2020-08-09,5139,49.7,12669,56,111.3,650,8
"1074",2020-08-09,5140,50.4,13812,97,110.6,1015,17
"1075",2020-08-09,5145,43.5,7796,82,80.3,422,8
"1076",2020-08-09,6004,46.2,12480,42,106.9,738,9
"1077",2020-08-09,6005,50.8,12187,68,107.4,521,7
"1078",2020-08-09,6011,48.7,18333,102,98.5,787,7
"1079",2020-08-09,6021,62.3,14093,71,150.3,627,12
"1080",2020-08-09,6028,57,16889,84,143.9,1390,15
"1081",2020-08-09,6030,66.3,10529,82,107.7,422,10
"1082",2020-08-09,6033,50.1,17695,67,93.9,1477,18
"1083",2020-08-09,6039,48.1,10769,43,103.7,592,13
"1084",2020-08-09,6047,57,15958,84,128.8,1197,28
"1085",2020-08-09,6050,48.4,15280,62,121.2,1136,14
"1086",2020-08-09,6126,57.3,13991,60,109,1746,28
"1087",2020-08-09,6129,50.5,16092,50,135.1,627,13
"1088",2020-08-09,6130,42.6,15235,89,100.7,1316,16
"1089",2020-08-09,6131,51.4,14895,69,123.3,717,11
"1090",2020-08-09,6134,55.1,14076,105,128.4,1086,18
"1091",2020-08-09,7010,50,13491,60,109.3,924,6
"1092",2020-08-09,7018,46,15908,91,100.7,606,15
"1093",2020-08-09,7019,57.3,15276,78,150,906,12
"1094",2020-08-09,7022,53.7,16473,71,134.5,1037,24
"1095",2020-08-09,7023,50.5,16407,90,110.2,719,9
"1096",2020-08-09,7024,51.6,13188,65,119.2,968,12
"1097",2020-08-09,7027,57.7,15104,159,121,711,19
"1098",2020-08-09,7029,53.2,12540,82,108.5,1264,17
"1099",2020-08-09,7030,58,11631,146,140.9,791,14
"1100",2020-08-09,7033,51.8,14032,116,119.1,1365,23
"1101",2020-08-09,7037,55.4,17505,62,143,2079,39
"1102",2020-08-09,7039,57.7,13623,136,110.3,920,17
"1103",2020-08-09,7043,45.7,14019,57,130.1,1169,11
"1104",2020-08-09,7051,58.2,14435,66,116.3,751,13
"1105",2020-08-09,7065,56.7,20162,66,118.9,923,12
"1106",2020-08-09,7146,46.6,13892,81,91.4,1449,20
"1107",2020-08-09,7159,43,14956,65,98.8,1004,11
"1108",2020-08-09,7169,49,15669,75,47.4,1255,10
"1109",2020-08-09,8015,45.2,13095,42,102.7,1233,25
"1110",2020-08-10,2007,49.8,9239,53,109.1,683,10
"1111",2020-08-10,2074,56.7,6443,66,91.8,291,10
"1112",2020-08-10,3067,50.6,10439,66,136.4,458,9
"1113",2020-08-10,3117,48.9,16869,66,119.4,487,7
"1114",2020-08-10,4001,58.1,9759,118,109.5,612,14
"1115",2020-08-10,4038,28.2,5777,31,54.3,362,6
"1116",2020-08-10,4072,52.5,8884,61,111.7,1009,23
"1117",2020-08-10,5005,41.9,11336,42,89.7,1473,11
"1118",2020-08-10,5133,53.8,11450,86,108.4,588,9
"1119",2020-08-10,5135,50.3,10125,65,135.1,791,12
"1120",2020-08-10,5137,53.5,9408,60,111.9,675,18
"1121",2020-08-10,5139,56.3,13622,55,114.3,613,13
"1122",2020-08-10,5140,44.9,9586,94,83.6,773,13
"1123",2020-08-10,5145,61.3,9725,113,128.1,645,17
"1124",2020-08-10,6004,40.3,10363,53,85.8,691,8
"1125",2020-08-10,6005,66.4,15101,80,107.6,571,10
"1126",2020-08-10,6011,52.5,15613,139,100,897,7
"1127",2020-08-10,6021,69.1,14350,71,161.4,734,14
"1128",2020-08-10,6028,57.4,15207,75,137.9,1262,15
"1129",2020-08-10,6030,58.6,9758,74,41.2,225,4
"1130",2020-08-10,6033,41.4,13654,77,91.3,1256,18
"1131",2020-08-10,6039,44.2,9423,47,107,584,17
"1132",2020-08-10,6047,61.2,14399,80,134.2,1355,20
"1133",2020-08-10,6050,48.9,12787,63,117.7,989,9
"1134",2020-08-10,6126,52.6,10756,69,109.5,1784,24
"1135",2020-08-10,6129,49.2,14562,79,120.9,690,10
"1136",2020-08-10,6130,39.7,12106,77,95.3,1616,16
"1137",2020-08-10,6131,46.8,12542,77,113.3,667,13
"1138",2020-08-10,6134,55.9,11944,99,130.4,829,14
"1139",2020-08-10,7010,53.6000000000001,11026,91,106.5,901,10
"1140",2020-08-10,7018,49.8,14370,98,113.9,683,14
"1141",2020-08-10,7019,59,13691,72,131.7,772,12
"1142",2020-08-10,7022,49.4,12498,66,111.6,888,24
"1143",2020-08-10,7023,49.6,12743,62,91.1,588,9
"1144",2020-08-10,7024,53.4,10890,67,112.2,1064,12
"1145",2020-08-10,7027,64.2,13617,174,121,636,14
"1146",2020-08-10,7029,52.5,11528,83,110.6,1205,16
"1147",2020-08-10,7030,54.6,9470,122,98.5,562,8
"1148",2020-08-10,7033,45.5,10913,88,94.5,993,20
"1149",2020-08-10,7037,45.2,13897,66,122,1497,27
"1150",2020-08-10,7039,51.4,11242,104,99.2,944,20
"1151",2020-08-10,7043,49.5,13770,67,123,1348,12
"1152",2020-08-10,7051,50.7,12286,59,108.4,1045,12
"1153",2020-08-10,7065,46.1,14825,86,106.6,928,11
"1154",2020-08-10,7146,44.7,12188,79,89.5,1555,15
"1155",2020-08-10,7159,41.5,12463,68,81.8,711,6
"1156",2020-08-10,7169,41.1,13307,97,37.3,1072,9
"1157",2020-08-10,8015,52.1,14242,60,110,1315,27
"1158",2020-08-11,2007,52.7,13157,51,105.1,639,12
"1159",2020-08-11,2074,52.1,7069,66,96.1,280,8
"1160",2020-08-11,3067,62.1,11925,51,124.6,387,7
"1161",2020-08-11,3117,59.4,15399,76,127,602,9
"1162",2020-08-11,4001,55.6,11059,142,119.9,863,12
"1163",2020-08-11,4072,49.8,8118,97,109.9,703,10
"1164",2020-08-11,5005,45.4,14352,23,77.3,997,9
"1165",2020-08-11,5133,43.2,9663,83,94.4,613,6
"1166",2020-08-11,5135,62.8,11945,98,115,673,10
"1167",2020-08-11,5137,52.3,10466,65,108.5,609,15
"1168",2020-08-11,5139,49.4,10397,45,85,475,10
"1169",2020-08-11,5140,49,10855,108,106.9,905,15
"1170",2020-08-11,5145,46.8,8007,94,113.4,557,13
"1171",2020-08-11,6004,50.3,14215,57,102.8,962,9
"1172",2020-08-11,6005,59.3,14723,107,78.3,345,5
"1173",2020-08-11,6011,51.9,15205,126,62.7,469,7
"1174",2020-08-11,6021,52.3,10680,38,115.1,499,8
"1175",2020-08-11,6028,60.6,18014,86,135.4,1280,13
"1176",2020-08-11,6030,61.3,11816,92,90.3,458,8
"1177",2020-08-11,6033,48.4,15712,99,88.1,1281,16
"1178",2020-08-11,6039,46.1,9534,44,88.5,441,8
"1179",2020-08-11,6047,51.3,13150,74,110.1,1350,22
"1180",2020-08-11,6050,51.4,14734,74,119.7,1291,11
"1181",2020-08-11,6126,49.1,11967,69,107.2,1804,22
"1182",2020-08-11,6129,50.8,14333,58,137.2,672,10
"1183",2020-08-11,6130,53.4,17236,99,96.2,1052,16
"1184",2020-08-11,6131,50.2,13938,92,114.4,627,12
"1185",2020-08-11,6134,56.8,12617,94,131.9,803,12
"1186",2020-08-11,7010,60.4,13861,60,114,962,11
"1187",2020-08-11,7018,48.5,16172,87,99.4,532,15
"1188",2020-08-11,7019,54.1,12796,78,121.7,726,11
"1189",2020-08-11,7022,53.8,17164,65,109.8,808,22
"1190",2020-08-11,7023,51.5,16578,82,106.3,777,12
"1191",2020-08-11,7024,57.1,12744,80,120.5,1130,15
"1192",2020-08-11,7027,66.1,15401,186,122.8,703,19
"1193",2020-08-11,7029,49.4,11459,88,101.7,1016,19
"1194",2020-08-11,7030,51.2,10376,141,104.6,581,10
"1195",2020-08-11,7033,44,11025,101,96.1,977,17
"1196",2020-08-11,7037,39.2,10449,139,128.7,1740,27
"1197",2020-08-11,7039,54,11964,114,84.8,816,12
"1198",2020-08-11,7043,51.1,16907,56,123.1,982,14
"1199",2020-08-11,7051,55.5,13271,59,134.8,1147,18
"1200",2020-08-11,7065,52.5,19078,72,90.9,616,11
"1201",2020-08-11,7146,38.2,11098,75,78.2,1201,18
"1202",2020-08-11,7159,42.9,13809,75,97.5,961,9
"1203",2020-08-11,7169,40.2,13251,77,48.3,1914,12
"1204",2020-08-11,8015,41.7,13052,42,95,921,15
"1205",2020-08-12,2007,55.3,12227,59,104.5,542,11
"1206",2020-08-12,2074,60.1,8263,85,111.8,388,12
"1207",2020-08-12,3067,65,13571,42,81.3,284,6
"1208",2020-08-12,3117,57.9,14824,55,126.7,590,11
"1209",2020-08-12,4001,56.8,10646,116,125.9,1019,16
"1210",2020-08-12,4072,51.5,9932,82,110,963,15
"1211",2020-08-12,5005,42,12960,19,73.3,1107,8
"1212",2020-08-12,5133,56.5,12995,92,118.9,657,9
"1213",2020-08-12,5135,65.5,13190,72,99.5,605,10
"1214",2020-08-12,5137,47.5,9681,43,79.4,493,10
"1215",2020-08-12,5139,58.7,14086,38,136.5,762,11
"1216",2020-08-12,5140,49.9,10591,90,78.8,798,13
"1217",2020-08-12,5145,51.5,9315,90,88.1,446,9
"1218",2020-08-12,6004,56.7,17462,67,97.9,831,10
"1219",2020-08-12,6005,48.9,10772,72,107.7,714,10
"1220",2020-08-12,6011,50.3,15176,117,87.5,597,7
"1221",2020-08-12,6021,65.5,13439,61,152,590,11
"1222",2020-08-12,6028,60.9,18644,76,136.6,1420,12
"1223",2020-08-12,6030,63.4,12458,90,90,462,6
"1224",2020-08-12,6033,50.6,16890,75,65.7,1206,10
"1225",2020-08-12,6039,44.1,9602,38,90.7,470,10
"1226",2020-08-12,6047,59.5,15408,81,114,1236,13
"1227",2020-08-12,6050,40.9,12391,49,90,820,10
"1228",2020-08-12,6126,65,18930,81,112.5,2024,21
"1229",2020-08-12,6129,50.6,14491,59,131.8,625,11
"1230",2020-08-12,6130,54,17518,89,103.7,923,12
"1231",2020-08-12,6131,46.4,14039,71,116.6,664,14
"1232",2020-08-12,6134,61.7,15076,120,127.2,1163,17
"1233",2020-08-12,7010,58.2,13676,61,114.1,1066,14
"1234",2020-08-12,7018,49.1,17747,88,103.3,603,11
"1235",2020-08-12,7019,53,14419,72,114.5,594,8
"1236",2020-08-12,7022,61,19163,85,134.8,1308,17
"1237",2020-08-12,7023,50.7,16509,81,96.9,851,14
"1238",2020-08-12,7024,55.7,12319,63,115.5,1270,9
"1239",2020-08-12,7027,62.9,16073,169,128.1,710,17
"1240",2020-08-12,7029,58.1,13332,65,119.7,1452,22
"1241",2020-08-12,7030,58.3,13067,155,92.3,481,8
"1242",2020-08-12,7033,55.5,15268,108,111.7,1384,23
"1243",2020-08-12,7037,43.5,8555,292,94.4,1642,26
"1244",2020-08-12,7039,55.4,13423,118,111.3,1133,16
"1245",2020-08-12,7043,49.6,16597,41,101.6,831,8
"1246",2020-08-12,7051,61.9,15578,60,136.1,853,12
"1247",2020-08-12,7065,58.7,19785,65,115.3,1024,12
"1248",2020-08-12,7146,50.8,14758,83,106.1,1482,19
"1249",2020-08-12,7159,45.2,16516,71,89.1,905,9
"1250",2020-08-12,7169,49.4,16511,87,47.1,1805,12
"1251",2020-08-12,8015,46.3,14225,59,87.3,1234,26
"1252",2020-08-13,2007,56.3,11208,51,78.6,416,8
"1253",2020-08-13,2074,58,7949,95,99.1,325,10
"1254",2020-08-13,3067,49.4,10236,35,92.1,311,7
"1255",2020-08-13,3117,64.1,15221,65,129.8,538,8
"1256",2020-08-13,4001,49.8,9472,105,104.5,983,14
"1257",2020-08-13,4072,57.7,10760,95,106.2,880,13
"1258",2020-08-13,5005,51.4,16330,22,78.8,1058,9
"1259",2020-08-13,5133,51.8,11896,77,105,620,10
"1260",2020-08-13,5135,65.9,15027,105,91.9,636,13
"1261",2020-08-13,5137,56.5,11703,66,106.7,814,13
"1262",2020-08-13,5139,54.9,13361,52,78.1,481,7
"1263",2020-08-13,5140,53.8,12411,98,87,825,14
"1264",2020-08-13,5145,52.6,9885,88,100.9,480,10
"1265",2020-08-13,6004,51.1,15288,47,87.5,578,7
"1266",2020-08-13,6005,69.1,17047,87,123.3,672,7
"1267",2020-08-13,6011,57.5,17230,145,117.5,821,8
"1268",2020-08-13,6021,71,15789,64,141.4,622,11
"1269",2020-08-13,6028,66,20045,102,146,1669,15
"1270",2020-08-13,6030,64.4,12149,89,135.1,682,8
"1271",2020-08-13,6033,54.5,17824,66,82.4,1077,12
"1272",2020-08-13,6039,44.8,9471,49,95.7,456,9
"1273",2020-08-13,6047,59.2,14919,81,132.2,1119,15
"1274",2020-08-13,6050,54.6,15775,66,82,960,8
"1275",2020-08-13,6126,59.5,15831,79,115.4,2095,24
"1276",2020-08-13,6129,55.1,16373,54,123.3,640,11
"1277",2020-08-13,6130,50.2,15770,82,94.6,1172,15
"1278",2020-08-13,6131,48.1,12780,58,87.5,488,11
"1279",2020-08-13,6134,59.6,13321,92,128.9,929,13
"1280",2020-08-13,7010,66.6,14901,76,116.2,962,9
"1281",2020-08-13,7018,43,14701,85,70,413,9
"1282",2020-08-13,7019,56.1,13479,69,111.9,638,9
"1283",2020-08-13,7022,62.4,17978,83,116.9,910,17
"1284",2020-08-13,7023,54.9,17878,84,100.3,762,15
"1285",2020-08-13,7024,53.8,12565,75,106.7,1101,11
"1286",2020-08-13,7027,60.5000000000001,15586,163,107.7,606,14
"1287",2020-08-13,7029,56.6,13621,89,101.6,1279,16
"1288",2020-08-13,7030,56.2,12265,142,118.6,606,9
"1289",2020-08-13,7033,50.8,13307,106,96.5,1236,24
"1290",2020-08-13,7037,53.8,10522,254,62.1,937,15
"1291",2020-08-13,7039,57.5,13560,135,108.5,766,12
"1292",2020-08-13,7043,53.3,17490,59,110.5,1206,11
"1293",2020-08-13,7051,59.1,16050,87,99.1,820,11
"1294",2020-08-13,7065,56.7,17092,50,107.5,904,11
"1295",2020-08-13,7146,47.4,13772,71,86.7,1389,13
"1296",2020-08-13,7159,52.8,16907,82,104.8,1256,12
"1297",2020-08-13,7169,44.8,16440,79,64.8,2366,15
"1298",2020-08-13,8015,49.3,15216,63,87.3,987,17
"1299",2020-08-14,2007,53.5,11796,61,107.7,526,11
"1300",2020-08-14,2074,51.7,6447,89,100.3,363,11
"1301",2020-08-14,3067,67.8,14553,45,118,339,5
"1302",2020-08-14,3117,58,14296,61,105.5,467,8
"1303",2020-08-14,4001,56.6,12187,143,120.5,1169,14
"1304",2020-08-14,4072,49.5,9259,84,112.1,844,13
"1305",2020-08-14,5005,42.9,12793,32,58,630,6
"1306",2020-08-14,5133,55.5,13910,82,106.8,820,9
"1307",2020-08-14,5135,67.3,12822,79,130.8,799,13
"1308",2020-08-14,5137,46.4,9759,54,89.6,519,8
"1309",2020-08-14,5139,53.1,14017,51,114.4,695,8
"1310",2020-08-14,5140,46.9,10743,105,84,956,15
"1311",2020-08-14,5145,59.6,11006,109,126.6,708,10
"1312",2020-08-14,6004,46.3,13880,49,81.1,677,7
"1313",2020-08-14,6005,57.3,16071,98,119.1,678,9
"1314",2020-08-14,6011,51.7,15132,163,54.2,344,4
"1315",2020-08-14,6021,62.9,13507,68,128.3,602,11
"1316",2020-08-14,6028,57.2,17767,94,128.5,1186,9
"1317",2020-08-14,6030,62.6,12030,93,78.1,387,6
"1318",2020-08-14,6033,45.8,15253,74,81.4,1614,12
"1319",2020-08-14,6039,42.4,8388,57,93.2,408,10
"1320",2020-08-14,6047,53.4,14864,80,87.5,902,17
"1321",2020-08-14,6050,41.9,13764,78,87,864,9
"1322",2020-08-14,6126,62.9,16780,83,108.6,1940,29
"1323",2020-08-14,6129,54.8,16548,60,137.7,905,12
"1324",2020-08-14,6130,46.5,15964,73,97.4,1575,22
"1325",2020-08-14,6131,55.6,14764,86,115.5,583,9
"1326",2020-08-14,6134,59.1,13821,105,123.2,956,15
"1327",2020-08-14,7010,49.8,12239,81,110.4,1034,11
"1328",2020-08-14,7018,49.2,16828,104,96.9,618,15
"1329",2020-08-14,7019,56.4,14094,71,113.2,579,9
"1330",2020-08-14,7022,46.8,13697,65,98.8,734,17
"1331",2020-08-14,7023,45.7,13735,73,99.9,751,12
"1332",2020-08-14,7024,50.9,11155,57,98.3,1040,10
"1333",2020-08-14,7027,63.2,14795,173,130.1,681,15
"1334",2020-08-14,7029,53.1,12230,81,105.9,1305,17
"1335",2020-08-14,7030,54.2,10733,129,101.5,496,9
"1336",2020-08-14,7033,52.4,13389,108,99.4,1293,24
"1337",2020-08-14,7037,46.6,9527,260,74.7,1235,21
"1338",2020-08-14,7039,48.9,12177,112,94.5,720,12
"1339",2020-08-14,7043,51.7,17081,73,128.6,1056,13
"1340",2020-08-14,7051,55.8,14638,80,109.2,866,13
"1341",2020-08-14,7065,54.7,17569,54,86.4,724,7
"1342",2020-08-14,7146,46,14865,80,104.6,1755,15
"1343",2020-08-14,7159,47.1,16039,82,93.9,977,9
"1344",2020-08-14,7169,47.7,18719,146,74.9,2481,13
"1345",2020-08-14,8015,46.6,15116,60,84.7,993,20
"1346",2020-08-15,2007,62.5,12070,53,111.8,653,8
"1347",2020-08-15,2074,57.6,6660,70,103.4,353,8
"1348",2020-08-15,3067,53.7,9041,33,77.1,215,3
"1349",2020-08-15,3117,53,11647,58,126.2,507,7
"1350",2020-08-15,4001,59.3,10237,111,112,746,14
"1351",2020-08-15,4072,49.2,8350,59,96.8,640,19
"1352",2020-08-15,5005,46.2,12938,33,72.5,1143,9
"1353",2020-08-15,5133,57.5,13373,90,112.6,618,8
"1354",2020-08-15,5135,67.2,12284,68,109.1,623,8
"1355",2020-08-15,5137,55.5,11308,67,99.7,562,12
"1356",2020-08-15,5139,56.5,13946,47,135.3,712,11
"1357",2020-08-15,5140,46.3,9221,87,85.8,816,11
"1358",2020-08-15,5145,47.9,7962,82,92,490,10
"1359",2020-08-15,6004,53.8,15200,50,105.7,688,10
"1360",2020-08-15,6005,62,14677,97,120.2,576,9
"1361",2020-08-15,6011,59.5,15712,119,98.3,683,9
"1362",2020-08-15,6021,66.1,14139,75,143.9,582,10
"1363",2020-08-15,6028,71.4,17962,86,128.5,1292,14
"1364",2020-08-15,6030,58.2,9025,61,76,401,7
"1365",2020-08-15,6033,56.1,16937,67,89.5,1717,14
"1366",2020-08-15,6039,49.5,9949,54,119.2,437,11
"1367",2020-08-15,6047,67.7,16974,72,137.3,1436,17
"1368",2020-08-15,6050,54.4,15167,75,117.2,1016,13
"1369",2020-08-15,6126,51.6,11285,51,92.2,1298,23
"1370",2020-08-15,6129,46.4,13289,47,110.9,765,10
"1371",2020-08-15,6130,46.4,13526,67,93.1,1193,8
"1372",2020-08-15,6131,50.9,13468,61,114,605,12
"1373",2020-08-15,6134,62,13425,96,127,935,11
"1374",2020-08-15,7010,61.4,13205,65,81.4,1252,6
"1375",2020-08-15,7018,45.4,15634,85,99,654,14
"1376",2020-08-15,7019,55.9,13913,58,125.7,696,9
"1377",2020-08-15,7022,55.6,15099,70,114.5,1160,21
"1378",2020-08-15,7023,52.3,15410,66,104,754,11
"1379",2020-08-15,7024,62.2,12652,55,132.2,987,10
"1380",2020-08-15,7027,70.2,15589,169,131,658,16
"1381",2020-08-15,7029,60,13244,89,123.4,1279,13
"1382",2020-08-15,7030,54.2,10808,121,125.2,627,11
"1383",2020-08-15,7033,49.1,10649,87,114.1,1387,19
"1384",2020-08-15,7037,50.6,9595,297,120.2,1081,22
"1385",2020-08-15,7039,56.6,11493,111,118.1,1012,13
"1386",2020-08-15,7043,52.4,14989,64,111.3,1000,16
"1387",2020-08-15,7051,68.4,16013,86,139.4,1175,14
"1388",2020-08-15,7065,51.5,14496,51,103.4,793,13
"1389",2020-08-15,7146,51.7,14793,96,97.9,1261,17
"1390",2020-08-15,7159,44.5,13790,63,98.2,980,9
"1391",2020-08-15,7169,49,16211,108,70.7,1885,14
"1392",2020-08-15,8015,52.2,15142,45,110.7,1248,22
"1393",2020-08-16,2007,48.9,9654,41,112,606,9
"1394",2020-08-16,2074,45.9,5274,66,115,304,9
"1395",2020-08-16,3067,62.5,13230,44,157.4,511,7
"1396",2020-08-16,3117,49.1,11838,51,125,539,7
"1397",2020-08-16,4001,62.1,11751,168,147.8,913,16
"1398",2020-08-16,4072,49.9,9483,78,122.4,990,15
"1399",2020-08-16,5005,41.9,13358,32,86.4,1470,12
"1400",2020-08-16,5133,57.2,13397,90,121.7,782,8
"1401",2020-08-16,5135,51.4,10319,67,91.2,457,8
"1402",2020-08-16,5137,49.4,9811,48,115.9,586,12
"1403",2020-08-16,5139,56.8,13992,58,140.6,711,13
"1404",2020-08-16,5140,46.8,10749,100,113.2,897,14
"1405",2020-08-16,5145,46.9,8327,71,107.1,473,8
"1406",2020-08-16,6004,50.5,15964,64,87.4,616,8
"1407",2020-08-16,6005,51.1,12081,84,113.4,637,11
"1408",2020-08-16,6011,51.8,14451,146,160.8,1008,12
"1409",2020-08-16,6021,63.2,13872,54,165.2,661,12
"1410",2020-08-16,6028,59.8,16943,95,164.1,1659,14
"1411",2020-08-16,6030,57.9,10440,78,107,474,7
"1412",2020-08-16,6033,42.7,15303,84,94.2,2268,22
"1413",2020-08-16,6039,46.2,9821,58,100.6,464,11
"1414",2020-08-16,6047,49.8,13704,72,129.1,1796,22
"1415",2020-08-16,6050,46.9,14329,69,131.5,1195,10
"1416",2020-08-16,6126,51.1,12848,48,141.9,2432,35
"1417",2020-08-16,6129,54.6,16025,59,162,929,16
"1418",2020-08-16,6130,53,16973,107,122.5,1811,22
"1419",2020-08-16,6131,45.6,12996,67,126.2,774,10
"1420",2020-08-16,6134,62,13546,83,146.2,1093,13
"1421",2020-08-16,7010,61.8,13791,78,117.5,1244,12
"1422",2020-08-16,7018,47.1,14772,97,108.8,737,14
"1423",2020-08-16,7019,57,14666,72,126.6,882,13
"1424",2020-08-16,7022,54.5,15524,87,140.7,1425,27
"1425",2020-08-16,7023,49.8,15620,72,113.2,892,15
"1426",2020-08-16,7024,47.8,10547,57,104.9,872,14
"1427",2020-08-16,7027,62.3,14115,171,123.6,763,20
"1428",2020-08-16,7029,51.3,12201,87,119.6,1491,17
"1429",2020-08-16,7030,50.1,11072,122,132.3,745,11
"1430",2020-08-16,7033,49,12504,95,101,1248,24
"1431",2020-08-16,7037,49.9,10278,263,132.5,2126,36
"1432",2020-08-16,7039,46.9,10429,69,102,950,13
"1433",2020-08-16,7043,50,15539,58,140,1219,15
"1434",2020-08-16,7051,51.8,13383,69,112.9,815,17
"1435",2020-08-16,7065,49,15263,58,98.9,914,13
"1436",2020-08-16,7146,44.5,13858,65,108.5,1886,20
"1437",2020-08-16,7159,48.1,15971,68,114.3,1117,12
"1438",2020-08-16,7169,44.7,14677,99,91.7,2726,18
"1439",2020-08-16,8015,44.8,13556,39,101.9,1348,23
"1440",2020-08-17,2007,56.9,10408,53,132.1,743,9
"1441",2020-08-17,2074,46.1,4921,66,104.6,367,14
"1442",2020-08-17,3067,60.9,11865,37,160.5,504,8
"1443",2020-08-17,3117,77.3,18195,79,115.8,513,10
"1444",2020-08-17,4001,51.9,8167,122,110.9,905,16
"1445",2020-08-17,4038,32.6,6478,47,75.6,600,10
"1446",2020-08-17,4072,50.9,10474,62,122.9,1096,16
"1447",2020-08-17,5005,48.3,13847,19,78.7,1226,10
"1448",2020-08-17,5133,39.9,9288,47,97.1,672,7
"1449",2020-08-17,5135,64.4,11780,64,137.4,722,14
"1450",2020-08-17,5137,46,9023,41,101.7,604,11
"1451",2020-08-17,5139,49.3,11620,48,113.8,645,9
"1452",2020-08-17,5140,50.7,11372,89,109.2,998,13
"1453",2020-08-17,5145,50.1,8215,87,103.8,458,9
"1454",2020-08-17,6004,48.8,13433,41,79.6,540,6
"1455",2020-08-17,6005,63.6,14755,110,115.4,583,8
"1456",2020-08-17,6011,52.5,14622,156,103.8,693,11
"1457",2020-08-17,6021,64.2,14107,49,157.5,672,11
"1458",2020-08-17,6028,60.9,17096,104,148.1,2132,29
"1459",2020-08-17,6030,63.8,11261,90,85.8,492,11
"1460",2020-08-17,6033,50.5,14916,76,105.5,1712,16
"1461",2020-08-17,6039,46.3,10846,44,103.6,455,13
"1462",2020-08-17,6047,56.1,14705,68,118.5,2003,24
"1463",2020-08-17,6050,52.4,14767,62,116.4,1346,12
"1464",2020-08-17,6126,57.5,13470,55,90.9,1359,18
"1465",2020-08-17,6129,52.5,14630,53,142.9,673,9
"1466",2020-08-17,6130,48.3,15554,86,112.1,1503,20
"1467",2020-08-17,6131,51.2,14312,69,146.2,820,16
"1468",2020-08-17,6134,60.8,12910,84,132.5,1651,21
"1469",2020-08-17,7010,55.2,11269,71,123,1337,9
"1470",2020-08-17,7018,43.5,11922,76,100,948,20
"1471",2020-08-17,7019,55.8,12376,77,160.5,1095,14
"1472",2020-08-17,7022,59.4,16712,71,136.1,1183,28
"1473",2020-08-17,7023,51.9,16387,72,103.1,1360,16
"1474",2020-08-17,7024,60,12686,73,128.6,1023,12
"1475",2020-08-17,7027,60.2,13049,154,121.6,635,18
"1476",2020-08-17,7029,58.1,13419,91,119.7,1733,21
"1477",2020-08-17,7030,61.0999999999999,11142,159,144.9,849,13
"1478",2020-08-17,7033,55.7,12805,110,125.2,1486,33
"1479",2020-08-17,7037,55.1,10436,312,112.7,1685,29
"1480",2020-08-17,7039,53.2,12718,120,122.1,925,13
"1481",2020-08-17,7043,50.2,16473,58,130.1,959,11
"1482",2020-08-17,7051,61.4,15764,60,124.7,1494,17
"1483",2020-08-17,7065,53,16366,72,131,1254,20
"1484",2020-08-17,7146,44,12570,48,101.4,2707,25
"1485",2020-08-17,7159,50.1,17235,62,109.3,1171,12
"1486",2020-08-17,7169,43.5,12550,84,59.7,1889,22
"1487",2020-08-17,8015,52.7,15961,60,107.8,1730,33
"1488",2020-08-18,2007,65.4,13681,53,104.5,805,10
"1489",2020-08-18,2074,55.6,6255,91,114.3,436,13
"1490",2020-08-18,3067,49.4,9589,30,90.5,282,4
"1491",2020-08-18,3117,51.6,13303,55,114.7,563,8
"1492",2020-08-18,4001,58.9,11237,132,147.2,887,13
"1493",2020-08-18,4038,56,13390,96,131.8,997,15
"1494",2020-08-18,4072,55.4,10798,108,120,1028,25
"1495",2020-08-18,5005,47.2,15559,35,62.6,1048,8
"1496",2020-08-18,5133,60.1,14104,79,103.3,672,10
"1497",2020-08-18,5135,71.6,14404,91,146,822,16
"1498",2020-08-18,5137,54.4,11889,55,90.6,579,11
"1499",2020-08-18,5139,57.8,14201,53,138.5,780,9
"1500",2020-08-18,5140,49.6,11367,97,97.3,1046,12
"1501",2020-08-18,5145,55.7,9785,94,116.9,664,10
"1502",2020-08-18,6004,54,14282,40,104.9,943,9
"1503",2020-08-18,6005,61.4,13640,113,104.5,597,6
"1504",2020-08-18,6011,54.8,15235,146,91.7,654,9
"1505",2020-08-18,6021,59.3,12310,40,143,707,9
"1506",2020-08-18,6028,68.6,20558,99,159.6,1629,14
"1507",2020-08-18,6030,58,10835,77,116.2,614,9
"1508",2020-08-18,6033,55.2,17591,86,97.4,1915,18
"1509",2020-08-18,6039,49.5,11141,50,106.8,418,11
"1510",2020-08-18,6047,70.7,18567,97,131.3,1859,26
"1511",2020-08-18,6050,41.3,12490,65,95.7,1117,9
"1512",2020-08-18,6126,56.4,13817,71,97.2,1825,20
"1513",2020-08-18,6129,59.3,16821,59,138.4,660,10
"1514",2020-08-18,6130,50.5,16032,97,104.8,1272,10
"1515",2020-08-18,6131,49.6,14045,67,105.5,743,12
"1516",2020-08-18,6134,64.3,14763,94,148.4,1421,18
"1517",2020-08-18,7010,56.7,12507,63,101.5,879,8
"1518",2020-08-18,7018,53.3,16517,95,106.6,759,13
"1519",2020-08-18,7019,61.3,13603,63,113.6,592,12
"1520",2020-08-18,7022,58.6,17820,89,126.6,1172,22
"1521",2020-08-18,7023,50.1000000000001,14961,72,109.4,1132,15
"1522",2020-08-18,7024,55.2,12510,65,127.8,1090,10
"1523",2020-08-18,7027,52.4,12404,136,121.9,712,18
"1524",2020-08-18,7029,49.2,11200,71,98.7,934,14
"1525",2020-08-18,7030,56.9,11160,148,114.7,556,8
"1526",2020-08-18,7033,49.1,11788,88,94.4,1040,15
"1527",2020-08-18,7037,54.6000000000001,10091,231,139.7,1734,27
"1528",2020-08-18,7039,58.2,14115,113,104.7,1212,21
"1529",2020-08-18,7043,54.3,16676,69,125.7,1651,17
"1530",2020-08-18,7051,59.9,16600,86,109.1,892,9
"1531",2020-08-18,7065,52.9,17700,64,116.6,847,17
"1532",2020-08-18,7146,48.6,14281,62,102.7,1780,14
"1533",2020-08-18,7159,44.9,14767,65,102.4,1113,11
"1534",2020-08-18,7169,46.3,14373,100,71.6,2370,11
"1535",2020-08-18,8015,51.1,15780,36,109.1,1891,35
"1536",2020-08-19,2007,43.5,6493,36,68.5,356,7
"1537",2020-08-19,2074,52.1,5992,65,100.8,416,14
"1538",2020-08-19,3067,63.4,13180,43,139.9,470,6
"1539",2020-08-19,3117,57.7,14078,71,132.4,738,9
"1540",2020-08-19,4001,47.4,8027,112,98.7,800,17
"1541",2020-08-19,4038,50.5,11634,64,108.9,639,11
"1542",2020-08-19,4072,54.4,10045,85,122,1106,25
"1543",2020-08-19,5005,42.8,15089,45,69.7,794,5
"1544",2020-08-19,5133,58.4,11900,69,120.1,722,9
"1545",2020-08-19,5135,65.5,13383,95,145.2,761,13
"1546",2020-08-19,5137,55,12403,62,118.9,762,12
"1547",2020-08-19,5139,56.7,12742,38,126.9,661,10
"1548",2020-08-19,5140,46.7,9911,74,81.4,1191,10
"1549",2020-08-19,5145,57.3,9134,87,116.3,514,11
"1550",2020-08-19,6004,51.6,13726,37,98.6,747,9
"1551",2020-08-19,6005,60.5,14612,74,94.3,650,8
"1552",2020-08-19,6011,56,15457,130,104.1,700,9
"1553",2020-08-19,6021,70.4,14736,46,148.1,625,10
"1554",2020-08-19,6028,65.7,15704,85,136.2,1622,15
"1555",2020-08-19,6030,67.1,12693,79,122,616,7
"1556",2020-08-19,6033,52.8,14889,68,91.9,2267,20
"1557",2020-08-19,6039,41.8,9383,39,91.5,308,7
"1558",2020-08-19,6047,57.4,12572,62,108.1,1399,17
"1559",2020-08-19,6050,52.1,13629,57,112.9,1301,10
"1560",2020-08-19,6126,58.1,13805,57,104,1996,25
"1561",2020-08-19,6129,55.7,14965,44,126.3,628,10
"1562",2020-08-19,6130,51.7,16378,84,106,1418,11
"1563",2020-08-19,6131,57.9,13820,58,131.9,786,14
"1564",2020-08-19,6134,69.4,15557,80,136.6,1332,14
"1565",2020-08-19,7010,64.1,13096,65,99.1,924,11
"1566",2020-08-19,7018,49.4,13591,79,89.1,756,18
"1567",2020-08-19,7019,58.1,12886,57,110.3,630,9
"1568",2020-08-19,7022,53.8,13896,65,121.5,1059,20
"1569",2020-08-19,7023,53.9,15006,62,81.6,1041,8
"1570",2020-08-19,7024,54.4,10951,70,106.5,922,10
"1571",2020-08-19,7027,39.2,9283,108,92.5,700,19
"1572",2020-08-19,7029,63.3,13994,90,124.9,1252,15
"1573",2020-08-19,7030,61.4,10973,127,118.8,655,9
"1574",2020-08-19,7033,54,12723,104,117.8,1803,31
"1575",2020-08-19,7037,53.5000000000001,9841,250,139.6,1528,26
"1576",2020-08-19,7039,58.4,13892,120,109.4,1502,18
"1577",2020-08-19,7043,50.8,14897,52,108.3,890,13
"1578",2020-08-19,7051,57.2,13998,77,127.4,1475,15
"1579",2020-08-19,7065,56.3,17459,48,104.1,1032,12
"1580",2020-08-19,7146,51.5,13794,67,104.4,2420,23
"1581",2020-08-19,7159,55.4,17058,61,108.9,1427,18
"1582",2020-08-19,7169,44.3,11678,63,81.9,3080,19
"1583",2020-08-19,8015,47.8,14545,45,95.2,1104,16
"1584",2020-08-20,2007,58.7,11860,43,120.6,628,11
"1585",2020-08-20,2074,56.8,7124,59,105.1,538,18
"1586",2020-08-20,3067,63.4,12882,33,156.9,560,9
"1587",2020-08-20,3117,69.5,16966,78,117.6,546,9
"1588",2020-08-20,4001,58.5,10345,106,113.4,815,15
"1589",2020-08-20,4038,48.4,11041,54,98.4,717,15
"1590",2020-08-20,4072,47.8,8461,74,108,1034,21
"1591",2020-08-20,5005,40.4,11827,24,75.6,1204,11
"1592",2020-08-20,5133,50.2,11152,63,112.4,685,12
"1593",2020-08-20,5135,69.8,12746,61,67.5,522,11
"1594",2020-08-20,5137,48.9,10017,56,78.1,553,12
"1595",2020-08-20,5139,43,11167,38,94.6,620,16
"1596",2020-08-20,5140,50.9,12754,80,110.4,1168,14
"1597",2020-08-20,5145,49.1,8270,67,88.3,542,11
"1598",2020-08-20,6004,54.8,14062,48,82.8,694,8
"1599",2020-08-20,6005,57.6,13401,78,121.9,757,17
"1600",2020-08-20,6011,54.7,15942,139,117.4,779,14
"1601",2020-08-20,6021,57.1,11694,57,131.3,653,8
"1602",2020-08-20,6028,65.7,18913,90,141.9,1942,18
"1603",2020-08-20,6030,57.2,10133,55,81.4,384,6
"1604",2020-08-20,6033,50.6,15515,63,80.4,1418,16
"1605",2020-08-20,6039,44.4,10323,37,92.9,407,9
"1606",2020-08-20,6047,53.1,12518,64,102.9,1293,24
"1607",2020-08-20,6050,52.3,14156,69,118,1029,16
"1608",2020-08-20,6126,64.3,15000,71,100,1856,30
"1609",2020-08-20,6129,49.6,13724,39,121.7,763,18
"1610",2020-08-20,6130,47.5,14385,83,96.8,1260,17
"1611",2020-08-20,6131,46.1,11171,46,105.9,627,15
"1612",2020-08-20,6134,62,13727,73,146.2,1512,16
"1613",2020-08-20,7010,52.3,10788,57,91.3,734,10
"1614",2020-08-20,7018,52.2,15454,86,103.1,934,14
"1615",2020-08-20,7019,62,14740,66,126.8,911,18
"1616",2020-08-20,7022,58.5,16556,59,126.9,1218,28
"1617",2020-08-20,7023,55,17240,81,106.1,1087,16
"1618",2020-08-20,7024,55.7,11626,70,120.2,1323,16
"1619",2020-08-20,7027,49.2,11717,143,99.8,784,26
"1620",2020-08-20,7029,55.4,11741,81,109.7,1275,20
"1621",2020-08-20,7030,57.9,10719,139,113.4,628,13
"1622",2020-08-20,7033,52.2,11943,89,102.4,1435,29
"1623",2020-08-20,7037,52.8,8776,247,122.3,1303,26
"1624",2020-08-20,7039,51.4,12311,104,113.9,1162,16
"1625",2020-08-20,7043,53.3,17194,50,108.9,1183,11
"1626",2020-08-20,7051,67.2,17166,72,139,1087,15
"1627",2020-08-20,7065,58.7,18966,71,109.1,652,16
"1628",2020-08-20,7146,46.1,13123,70,82.6,2608,32
"1629",2020-08-20,7159,47.9,16040,69,105.3,1039,12
"1630",2020-08-20,7169,39.3,11491,65,55.7,1406,12
"1631",2020-08-20,8015,51.8,14545,51,117.9,2178,35
"1632",2020-08-21,2007,62.6,12527,42,71,481,7
"1633",2020-08-21,2074,53.7,7887,62,105.1,444,10
"1634",2020-08-21,3067,61.6,12709,43,129.2,507,10
"1635",2020-08-21,3117,66.3,16163,81,124.9,544,7
"1636",2020-08-21,3150,38.1,7181,29,57.4,393,12
"1637",2020-08-21,4001,56.1,11291,114,108.1,1021,11
"1638",2020-08-21,4038,15.6,4091,27,30.2,206,3
"1639",2020-08-21,4072,59.4,11481,99,108.8,882,20
"1640",2020-08-21,5005,55.8,17462,42,81.2,1419,10
"1641",2020-08-21,5028,41.4,7445,51,81.4,435,9
"1642",2020-08-21,5041,38.6,9472,74,82.7,1160,16
"1643",2020-08-21,5058,22.3,3134,39,19.7,125,5
"1644",2020-08-21,5120,43.3,6878,50,51.8,397,9
"1645",2020-08-21,5133,59.1,15576,85,97.6,668,8
"1646",2020-08-21,5135,51.6,10673,60,69.1,461,8
"1647",2020-08-21,5137,54.7,12103,67,96.9,697,14
"1648",2020-08-21,5139,53.5,13376,48,50.8,305,10
"1649",2020-08-21,5140,51.3,12421,94,73.1,739,15
"1650",2020-08-21,5145,54.6,9737,95,94.9,511,9
"1651",2020-08-21,6004,15.7,5169,16,18,147,1
"1652",2020-08-21,6005,64.5,15763,102,136.3,806,11
"1653",2020-08-21,6011,51.3,12580,156,116.4,637,6
"1654",2020-08-21,6021,69.4,14040,46,132.6,695,13
"1655",2020-08-21,6028,68,17977,101,136.8,1434,14
"1656",2020-08-21,6030,62.2,11719,62,102.4,589,8
"1657",2020-08-21,6033,50.6,15540,76,70,1026,16
"1658",2020-08-21,6039,11.7,2853,7,38.2,138,3
"1659",2020-08-21,6047,22.3,6075,29,52.7,528,6
"1660",2020-08-21,6050,46.8,12642,57,106.3,986,14
"1661",2020-08-21,6126,56,13066,61,96.9,1933,30
"1662",2020-08-21,6129,55,15767,47,127.7,878,14
"1663",2020-08-21,6130,52,16154,99,95.7,939,15
"1664",2020-08-21,6131,55.4,12727,67,116.8,650,13
"1665",2020-08-21,6134,63.7,14167,113,124.3,1506,18
"1666",2020-08-21,7010,66.3,16617,62,108.5,1246,13
"1667",2020-08-21,7018,50.3,14107,74,105.5,789,19
"1668",2020-08-21,7019,62.8,14951,74,105.5,636,10
"1669",2020-08-21,7022,57.1,17775,71,100.1,790,18
"1670",2020-08-21,7023,52.7,16682,63,73.3,676,11
"1671",2020-08-21,7024,60.2,13056,65,117.1,1085,13
"1672",2020-08-21,7027,67.4,14944,161,110.9,769,21
"1673",2020-08-21,7029,54.1,11501,87,95.2,995,14
"1674",2020-08-21,7030,62.1,11850,138,131.1,666,9
"1675",2020-08-21,7033,50.7,12174,103,101.1,1455,24
"1676",2020-08-21,7037,59.9,11093,261,119.9,1684,24
"1677",2020-08-21,7039,54.2,11539,90,96.7,831,13
"1678",2020-08-21,7043,53,17992,56,111.7,1182,12
"1679",2020-08-21,7051,58.2,15100,72,126.9,1056,17
"1680",2020-08-21,7065,52.3,17752,68,95.3,716,13
"1681",2020-08-21,7146,45.6,13425,56,88,1135,10
"1682",2020-08-21,7159,39.2,13855,62,84.7,789,8
"1683",2020-08-21,7169,21,6689,28,29.1,809,6
"1684",2020-08-21,8015,56.1,16714,60,88,1013,16
"1685",2020-08-22,2007,48,8937,27,105.4,495,8
"1686",2020-08-22,2074,52.7,7819,57,94.8,478,11
"1687",2020-08-22,3067,56.8,10981,37,135.2,473,9
"1688",2020-08-22,3117,53.9,12937,67,117.3,536,7
"1689",2020-08-22,3150,50.4,11840,32,125,720,11
"1690",2020-08-22,4001,58.3,11756,98,121.6,847,15
"1691",2020-08-22,4072,51.9,10250,73,114.4,1016,13
"1692",2020-08-22,5005,98.5,11686,23,81.9,1279,10
"1693",2020-08-22,5028,51.3,11165,52,98.9,599,12
"1694",2020-08-22,5041,53.2,14117,88,103.8,1378,14
"1695",2020-08-22,5058,61.2,10291,63,102,535,12
"1696",2020-08-22,5120,56,11839,49,99.8,893,10
"1697",2020-08-22,5133,56.3,14426,89,113.1,589,10
"1698",2020-08-22,5135,76.9,15002,89,98.4,598,11
"1699",2020-08-22,5137,56.9,12190,63,120.3,798,17
"1700",2020-08-22,5139,55.4,13402,47,88.7,461,6
"1701",2020-08-22,5140,50.2,12202,95,97.5,1088,17
"1702",2020-08-22,5145,52.2,9507,72,112.7,451,8
"1703",2020-08-22,6005,49.7,12334,59,95.6,584,7
"1704",2020-08-22,6011,54.5,13927,151,85.6,416,5
"1705",2020-08-22,6021,63.7,13622,56,146.9,621,11
"1706",2020-08-22,6028,60.4,16708,78,137.1,1311,11
"1707",2020-08-22,6030,65.3,13030,70,49.6,277,5
"1708",2020-08-22,6033,52.2,15851,78,88.7,1211,16
"1709",2020-08-22,6050,51.8,14272,67,118,1192,11
"1710",2020-08-22,6126,48.6,11518,54,67.4,900,14
"1711",2020-08-22,6129,52.2,14565,46,121.4,723,8
"1712",2020-08-22,6130,48.7999999999999,15870,83,106.6,1167,11
"1713",2020-08-22,6131,44.5,10399,42,99,518,10
"1714",2020-08-22,6134,62.7,13829,99,128.7,1041,13
"1715",2020-08-22,7010,55.8,13167,53,116.6,1024,9
"1716",2020-08-22,7018,53.3,16003,78,98.4,686,16
"1717",2020-08-22,7019,48.4,11578,62,111.3,623,12
"1718",2020-08-22,7022,56.3,18155,51,114.9,1122,24
"1719",2020-08-22,7023,54.5,16724,78,107.3,948,11
"1720",2020-08-22,7024,54.3,11247,35,113.1,1050,10
"1721",2020-08-22,7027,65.8,15133,168,126.4,678,12
"1722",2020-08-22,7029,56.7,12308,76,117,1173,16
"1723",2020-08-22,7030,55.1,10660,122,116.3,592,12
"1724",2020-08-22,7033,52.6,13100,84,108.3,1196,20
"1725",2020-08-22,7037,56.1,11763,193,132.5,1564,18
"1726",2020-08-22,7039,54.2,12815,90,100.9,1047,13
"1727",2020-08-22,7043,49.9,15439,50,94.9,921,11
"1728",2020-08-22,7051,60.9,15956,77,127.8,1138,13
"1729",2020-08-22,7065,60,19731,55,115.7,866,13
"1730",2020-08-22,7146,50.6,15067,72,98.2,2158,22
"1731",2020-08-22,7159,48.6,16997,65,100.3,1311,17
"1732",2020-08-22,8015,49,14480,42,87.6,933,14
"1733",2020-08-23,2007,52.3,9804,25,92.4,532,8
"1734",2020-08-23,2074,61.2,10962,57,112.4,477,18
"1735",2020-08-23,3067,57,11206,21,143.9,495,7
"1736",2020-08-23,3117,53.9,13238,45,101.2,498,8
"1737",2020-08-23,3150,52.5,12998,35,103.1,527,10
"1738",2020-08-23,4001,45.7,8584,97,102.2,619,10
"1739",2020-08-23,4072,49,10851,59,101.2,952,16
"1740",2020-08-23,5005,37.8,11545,20,68.1,1169,9
"1741",2020-08-23,5028,59,13461,38,28.8,159,1
"1742",2020-08-23,5041,53.5,15393,99,108.2,1529,14
"1743",2020-08-23,5058,56.4,11228,76,95.6,882,16
"1744",2020-08-23,5120,65.9,14792,48,79.1,674,6
"1745",2020-08-23,5133,51.7,13272,54,94.9,524,13
"1746",2020-08-23,5135,53.3,11216,60,92.7,575,10
"1747",2020-08-23,5137,43.9,9213,53,86.9,473,8
"1748",2020-08-23,5139,50.3,13201,39,62.3,317,8
"1749",2020-08-23,5140,46.3,11555,73,87.2,819,11
"1750",2020-08-23,5145,50.7,9397,74,111.5,733,15
"1751",2020-08-23,6005,57.9,13719,79,111.3,627,7
"1752",2020-08-23,6011,55.5,15108,161,63.4,373,8
"1753",2020-08-23,6021,57.1,13321,56,139.8,611,11
"1754",2020-08-23,6028,52.5,14610,76,124.4,1091,12
"1755",2020-08-23,6030,58.9,10981,84,86.2,444,7
"1756",2020-08-23,6033,48.8,15735,83,95.6,1523,16
"1757",2020-08-23,6050,52.9,15243,66,93.7,1188,13
"1758",2020-08-23,6126,64.9,16574,74,84.2,1708,25
"1759",2020-08-23,6129,50.1,15281,44,125.7,718,14
"1760",2020-08-23,6130,50.7,16415,78,94.9,1089,13
"1761",2020-08-23,6131,51.4,12316,53,120.3,915,11
"1762",2020-08-23,6134,59.1,13910,67,138.9,1301,15
"1763",2020-08-23,7010,55.9,14330,48,69.3,503,6
"1764",2020-08-23,7018,48.3,16014,89,100.7,592,15
"1765",2020-08-23,7019,58.6,15008,88,108.4,576,15
"1766",2020-08-23,7022,53.4,16494,54,102.5,970,16
"1767",2020-08-23,7023,52.6,16794,67,101.8,566,10
"1768",2020-08-23,7024,52.5,12059,69,105.7,936,12
"1769",2020-08-23,7027,54.6,13193,137,116.9,785,12
"1770",2020-08-23,7029,10.3,3010,19,49.3,745,8
"1771",2020-08-23,7030,46.8,11226,99,115.1,750,15
"1772",2020-08-23,7033,51.2,13779,82,90.2,851,17
"1773",2020-08-23,7037,56.6,16586,41,129.9,1496,25
"1774",2020-08-23,7039,52.9,12321,90,72.9,919,14
"1775",2020-08-23,7043,52.2,16935,58,129.6,1362,16
"1776",2020-08-23,7051,63.8,16250,68,134.3,919,14
"1777",2020-08-23,7065,45.5,15219,55,94.5,749,17
"1778",2020-08-23,7146,42.9,13491,74,94.3,1260,18
"1779",2020-08-23,7159,52.2,18325,77,107.4,1239,15
"1780",2020-08-23,8015,45.4,12819,53,96.6,1033,14
"1781",2020-08-24,2007,52.4,8677,40,102.8,371,8
"1782",2020-08-24,2074,46.4,7939,60,98.1,488,10
"1783",2020-08-24,3067,47.6,9557,38,120.1,435,7
"1784",2020-08-24,3117,61.4,14060,71,125.7,557,9
"1785",2020-08-24,3150,43.3,7953,30,130.2,522,11
"1786",2020-08-24,4001,59.5,13307,107,110.9,607,12
"1787",2020-08-24,4072,52.7,10909,65,117.9,1061,13
"1788",2020-08-24,5005,43.1,12857,27,72.3,1005,8
"1789",2020-08-24,5028,63.2,15018,43,88.6,479,4
"1790",2020-08-24,5041,56.6,17706,89,115.7,1732,12
"1791",2020-08-24,5058,59.9,11410,81,98.9,646,11
"1792",2020-08-24,5120,53.1,12408,54,94.7,710,9
"1793",2020-08-24,5133,51.7,13067,67,90.6,579,10
"1794",2020-08-24,5135,57.8,12954,63,93.5,501,10
"1795",2020-08-24,5137,56.7,11902,64,99.8,604,12
"1796",2020-08-24,5139,55.6,13750,39,55.1,327,8
"1797",2020-08-24,5140,51.7,12303,86,85.4,1074,11
"1798",2020-08-24,5145,46.1,8896,70,99.8,670,13
"1799",2020-08-24,6005,50.3,10141,82,73.9,318,14
"1800",2020-08-24,6011,50,13892,110,71,411,7
"1801",2020-08-24,6021,19.7,5548,20,53,503,10
"1802",2020-08-24,6028,69.3,19260,89,125.4,1197,9
"1803",2020-08-24,6030,65.4,12215,62,39.4,198,4
"1804",2020-08-24,6033,41.5,13945,57,77.6,1212,14
"1805",2020-08-24,6050,42.3,11151,55,87.9,920,12
"1806",2020-08-24,6126,60.3,16093,65,98.3,1707,20
"1807",2020-08-24,6129,51.7,14084,28,119.8,556,9
"1808",2020-08-24,6130,47.1,15443,91,96.7,893,8
"1809",2020-08-24,6131,47.6,11335,69,106.7,618,14
"1810",2020-08-24,6134,56.5,12851,79,118.8,1367,16
"1811",2020-08-24,7010,56,14823,52,87.5,774,11
"1812",2020-08-24,7018,48.3,16234,76,91.2,591,14
"1813",2020-08-24,7019,45,7748,85,82.4,285,8
"1814",2020-08-24,7022,56.2,19096,77,129.1,1212,22
"1815",2020-08-24,7023,48.8,14921,64,87.8,572,7
"1816",2020-08-24,7024,55.1,11859,47,112.4,978,12
"1817",2020-08-24,7027,65.4,14779,183,117,701,17
"1818",2020-08-24,7029,38.3,10241,51,52.7,1264,19
"1819",2020-08-24,7030,68,13592,136,138.1,742,12
"1820",2020-08-24,7033,51.8,13623,84,101.9,888,11
"1821",2020-08-24,7037,66.9,20046,55,129.5,1465,26
"1822",2020-08-24,7039,57.9,14586,102,107.3,952,17
"1823",2020-08-24,7043,52.4,15368,50,130.2,959,12
"1824",2020-08-24,7051,57,15005,61,117.9,1122,16
"1825",2020-08-24,7065,55.1,18143,49,97.5,552,10
"1826",2020-08-24,7146,45.3,13892,74,89.7,1220,20
"1827",2020-08-24,7159,42.4,13704,58,101.2,945,7
"1828",2020-08-24,8015,48.7,14488,56,79.4,854,14
"1829",2020-08-25,2007,54,10368,48,87.5,417,9
"1830",2020-08-25,2074,45.8,7955,66,82.4,383,8
"1831",2020-08-25,3067,62.2,12645,39,112.1,454,7
"1832",2020-08-25,3117,56.8,14770,69,108.7,486,8
"1833",2020-08-25,3150,45.5,9583,33,116.5,547,9
"1834",2020-08-25,4001,45.2,9640,105,119.1,775,12
"1835",2020-08-25,4072,51.6,11109,79,96.8,1076,14
"1836",2020-08-25,5005,45.3,13596,22,37.1,562,4
"1837",2020-08-25,5028,57.3,12957,49,92.9,531,5
"1838",2020-08-25,5041,53.6,17410,88,98.2,1454,12
"1839",2020-08-25,5058,53,11055,76,70.3,512,14
"1840",2020-08-25,5120,59.3,13251,56,109.1,783,10
"1841",2020-08-25,5133,50.9,12776,73,89.1,552,6
"1842",2020-08-25,5135,64.5,13800,61,88.8,502,9
"1843",2020-08-25,5137,48.2,9452,59,82,454,9
"1844",2020-08-25,5139,56.1,14158,47,56.7,332,6
"1845",2020-08-25,5140,42.7,9912,78,68.3,664,11
"1846",2020-08-25,5145,50.6,10207,84,100.4,531,11
"1847",2020-08-25,6005,42.4,10410,63,102.8,531,8
"1848",2020-08-25,6011,60.6,15954,149,95.1,649,8
"1849",2020-08-25,6021,43.9,11780,54,80.9,396,7
"1850",2020-08-25,6028,63.6,17408,101,124.7,1125,11
"1851",2020-08-25,6030,65.2,12047,77,99.6,525,8
"1852",2020-08-25,6033,50.3,13613,76,79,1165,15
"1853",2020-08-25,6050,46,13032,67,94,1227,12
"1854",2020-08-25,6126,58.9,16282,73,99.7,2185,22
"1855",2020-08-25,6129,48.8,13351,59,108.1,483,7
"1856",2020-08-25,6130,48.4,18395,92,111.1,1157,10
"1857",2020-08-25,6131,50.8,12605,71,106.6,727,10
"1858",2020-08-25,6134,64.5,13891,110,129.9,1215,11
"1859",2020-08-25,7010,60.8,13584,60,26,286,4
"1860",2020-08-25,7018,45.5,14943,95,75.4,665,16
"1861",2020-08-25,7019,53.7,11298,63,91.9,434,7
"1862",2020-08-25,7022,63,19272,72,129.2,1315,23
"1863",2020-08-25,7023,51.4,15716,80,90.4,636,7
"1864",2020-08-25,7024,54.5000000000001,12109,76,120.3,1244,12
"1865",2020-08-25,7027,31.3,7728,109,84.1,589,12
"1866",2020-08-25,7029,44.8,12165,66,88.2,843,17
"1867",2020-08-25,7030,54.7,11074,114,109.4,533,9
"1868",2020-08-25,7033,51.1,13601,81,97.6,1175,20
"1869",2020-08-25,7037,53.1,16031,70,116.1,1263,19
"1870",2020-08-25,7039,46.9,11440,102,84.4,645,10
"1871",2020-08-25,7043,53.7,18231,64,87.1,723,7
"1872",2020-08-25,7051,60.3,16152,76,136.4,855,11
"1873",2020-08-25,7065,55.4,19570,77,101.2,736,12
"1874",2020-08-25,7146,43.3,13872,79,92.6,1506,15
"1875",2020-08-25,7159,51.3,15701,62,82,988,11
"1876",2020-08-25,8015,46.4,14521,51,95.9,991,17
"1877",2020-08-26,2007,60,12817,48,117,546,10
"1878",2020-08-26,2074,60.5,10086,82,104.7,545,17
"1879",2020-08-26,3067,48.4,11401,36,122.3,478,7
"1880",2020-08-26,3117,57.1,15241,61,120.9,871,15
"1881",2020-08-26,3150,45.3,8188,26,118.6,489,8
"1882",2020-08-26,4001,54.8,12597,117,107.7,1087,16
"1883",2020-08-26,4072,50.1,11207,68,103,1242,22
"1884",2020-08-26,5005,47.2,15864,30,53.6,831,9
"1885",2020-08-26,5028,66.2,13861,67,69.6,334,4
"1886",2020-08-26,5041,51.9,17214,71,108.5,1515,11
"1887",2020-08-26,5058,63.6,13969,79,135.8,1231,25
"1888",2020-08-26,5120,64.8,14514,59,141.8,922,10
"1889",2020-08-26,5133,58.3,15743,76,102.5,1082,19
"1890",2020-08-26,5135,63,13475,61,70.9,416,8
"1891",2020-08-26,5137,52.4,10434,52,63.9,358,9
"1892",2020-08-26,5139,54.7,14007,56,40.6,221,4
"1893",2020-08-26,5140,51.4,12269,92,85,833,10
"1894",2020-08-26,5145,55,11540,82,123.9,630,12
"1895",2020-08-26,6005,72.6,18688,94,118.6,801,8
"1896",2020-08-26,6011,62,16139,185,135.8,807,11
"1897",2020-08-26,6021,58.1,13957,39,128.5,549,9
"1898",2020-08-26,6028,58.7,16584,83,140.8,2169,20
"1899",2020-08-26,6030,63.1,12343,71,85.7,509,11
"1900",2020-08-26,6033,47.4,15456,92,113.3,4100,30
"1901",2020-08-26,6050,39.4,9805,42,86.1,977,9
"1902",2020-08-26,6126,62.7,16719,61,122.5,2342,25
"1903",2020-08-26,6129,59.4,18786,60,143.8,742,13
"1904",2020-08-26,6130,52.9,17063,77,86.1,1248,14
"1905",2020-08-26,6131,44.9,13433,61,99.3,519,8
"1906",2020-08-26,6134,63,14902,86,143,2095,18
"1907",2020-08-26,7010,48,11893,48,87.1,738,9
"1908",2020-08-26,7018,55,19128,113,114.8,774,19
"1909",2020-08-26,7019,55.5,13102,71,119.4,672,10
"1910",2020-08-26,7022,51.7,17908,79,127.1,1338,23
"1911",2020-08-26,7023,58.9,17983,98,104.8,638,7
"1912",2020-08-26,7024,61,14048,71,114.8,1144,13
"1913",2020-08-26,7027,64.5,15415,186,103.2,1537,27
"1914",2020-08-26,7029,52.8,13820,77,122.3,1221,24
"1915",2020-08-26,7030,63.2,13725,154,118,592,10
"1916",2020-08-26,7033,51.3,14488,92,103.4,1373,21
"1917",2020-08-26,7037,55,17660,64,143.2,4329,43
"1918",2020-08-26,7039,53.6,14094,111,115.4,1217,18
"1919",2020-08-26,7043,45.7,15489,61,107.8,1179,15
"1920",2020-08-26,7051,52.8,15862,71,129.7,1122,15
"1921",2020-08-26,7065,53.7,18647,64,93.2,618,8
"1922",2020-08-26,7146,45.3,13510,70,81.7,1243,12
"1923",2020-08-26,7159,38.6,13947,54,77.3,1039,9
"1924",2020-08-26,8015,47.4,15374,55,94.4,1132,16
"1925",2020-08-27,2007,51.5,10868,44,95.1,509,10
"1926",2020-08-27,2074,46.9,7083,67,94.5,463,9
"1927",2020-08-27,3067,65,14318,41,144.8,595,9
"1928",2020-08-27,3117,56.5,14628,58,109.8,532,7
"1929",2020-08-27,3150,44.7,8988,28,96,432,7
"1930",2020-08-27,4001,52.8,11312,106,117.5,1019,18
"1931",2020-08-27,4072,50.8,11683,96,104.3,1046,23
"1932",2020-08-27,5005,37.5,11210,38,77.8,1132,9
"1933",2020-08-27,5028,55.4,11856,55,141.9,715,8
"1934",2020-08-27,5041,57.3,21112,83,128.3,1680,11
"1935",2020-08-27,5058,63.6,13750,73,125.4,1231,19
"1936",2020-08-27,5120,48.1,9577,41,116.7,950,17
"1937",2020-08-27,5133,43.1,12138,65,97.2,466,10
"1938",2020-08-27,5135,63.4,14899,77,140.4,839,13
"1939",2020-08-27,5137,50.9,11031,72,100.6,594,14
"1940",2020-08-27,5139,48.5,12356,42,127.8,749,14
"1941",2020-08-27,5140,42.1,10849,79,79.7,734,15
"1942",2020-08-27,5145,45.8,8566,97,99.9,659,11
"1943",2020-08-27,6005,52.1,14084,53,113.5,693,9
"1944",2020-08-27,6011,50.1,13256,152,92.3,479,7
"1945",2020-08-27,6021,61.8,15090,44,125.5,598,8
"1946",2020-08-27,6028,58.2,17741,84,131.6,1418,15
"1947",2020-08-27,6030,62.6,13625,97,144.4,762,10
"1948",2020-08-27,6033,42.8,14290,69,73,1283,16
"1949",2020-08-27,6050,47.3,13539,59,97,1045,11
"1950",2020-08-27,6126,50,13768,46,96.5,1824,19
"1951",2020-08-27,6129,46.3,15057,46,98.1,538,11
"1952",2020-08-27,6130,44.3,16555,95,91.3,1403,22
"1953",2020-08-27,6131,45.5,12392,73,89.4,570,13
"1954",2020-08-27,6134,54.8,13178,85,121.3,1696,19
"1955",2020-08-27,7010,56.9,15258,62,137.8,1020,10
"1956",2020-08-27,7018,44.2,14815,79,99.7,702,17
"1957",2020-08-27,7019,44.4,10796,49,113.3,617,10
"1958",2020-08-27,7022,57.8,19463,90,125.7,1258,21
"1959",2020-08-27,7023,48.7,16080,86,94.7,571,9
"1960",2020-08-27,7024,53.1,12661,73,100.2,1141,13
"1961",2020-08-27,7027,58.5,13397,181,112,690,16
"1962",2020-08-27,7029,54.9,13465,82,88,1183,19
"1963",2020-08-27,7030,55.1,12036,138,115.6,625,10
"1964",2020-08-27,7033,48.1,13376,108,90.8,1289,19
"1965",2020-08-27,7037,62,19390,70,116.5,1564,24
"1966",2020-08-27,7039,58.7,15833,115,110.4,1140,19
"1967",2020-08-27,7043,50,17281,64,107.1,1149,10
"1968",2020-08-27,7051,60.4,16003,83,129.2,1148,18
"1969",2020-08-27,7065,52.4,18923,72,115.6,1067,15
"1970",2020-08-27,7146,42.2,14259,68,94.4,1837,18
"1971",2020-08-27,7159,50.3,19304,80,105.7,1512,18
"1972",2020-08-27,8015,49,14266,54,101.2,1170,23
"1973",2020-08-28,2007,42.6,8812,38,79.6,351,8
"1974",2020-08-28,2074,55.3,7433,60,95.7,405,8
"1975",2020-08-28,3067,60.7,13336,40,117.8,403,7
"1976",2020-08-28,3117,62.6,17110,64,124.5,718,11
"1977",2020-08-28,3150,51.7,10525,29,113.2,468,6
"1978",2020-08-28,4001,58.5,11395,117,105.2,788,15
"1979",2020-08-28,4072,53.5,11241,63,104.7,716,9
"1980",2020-08-28,5005,48.6,15496,30,69.2,1250,12
"1981",2020-08-28,5028,62.9,14051,31,138.1,674,7
"1982",2020-08-28,5041,56.7,19100,86,111.8,1230,6
"1983",2020-08-28,5058,65.1,14435,81,132.7,982,18
"1984",2020-08-28,5120,72.6,18025,61,152.9,1326,10
"1985",2020-08-28,5133,54.6,15071,75,122.5,800,8
"1986",2020-08-28,5135,57.2,12296,59,96.7,463,8
"1987",2020-08-28,5137,55.2,12100,65,107.4,530,10
"1988",2020-08-28,5139,55.8,12636,41,128.8,672,11
"1989",2020-08-28,5140,50.9,11952,78,91.9,871,11
"1990",2020-08-28,5145,51.5,9823,91,91.2,582,9
"1991",2020-08-28,6005,50.3,13026,64,134,669,7
"1992",2020-08-28,6011,56.4,16292,149,137.1,768,9
"1993",2020-08-28,6021,53.6,12581,58,109.4,472,9
"1994",2020-08-28,6028,64.1,17498,91,130.3,1163,11
"1995",2020-08-28,6030,66.5,11595,78,122.6,562,7
"1996",2020-08-28,6033,49.6,15732,65,91.1,934,12
"1997",2020-08-28,6050,47.7,13880,57,104.7,979,11
"1998",2020-08-28,6126,55.9,11788,56,99.8,1203,21
"1999",2020-08-28,6129,62.7,18034,53,137,828,11
"2000",2020-08-28,6130,47.1,15279,95,99.3,1030,12
"2001",2020-08-28,6131,53.3,14686,66,115.3,515,8
"2002",2020-08-28,6134,58.8,14872,101,119.4,1020,12
"2003",2020-08-28,7010,60.6,15674,69,99.9,792,8
"2004",2020-08-28,7018,47,14623,87,87.6,600,17
"2005",2020-08-28,7019,56.3,13857,60,117.1,588,9
"2006",2020-08-28,7022,52.7,18905,83,125.3,1171,23
"2007",2020-08-28,7023,65.3,18111,86,98.4,571,6
"2008",2020-08-28,7024,51.4,12010,77,109.5,916,10
"2009",2020-08-28,7027,66.4,13878,152,111.2,573,11
"2010",2020-08-28,7029,43.1,11017,73,87.3,782,11
"2011",2020-08-28,7030,60.6,13383,137,132.8,795,12
"2012",2020-08-28,7033,51.1,13871,80,108.6,1102,11
"2013",2020-08-28,7037,55.2,16475,71,116,1574,21
"2014",2020-08-28,7039,52.7,14019,99,104.2,1026,16
"2015",2020-08-28,7043,51.4,16548,67,133.3,950,10
"2016",2020-08-28,7051,66.5,17536,72,135.6,1055,14
"2017",2020-08-28,7065,56.3,17967,57,95.5,571,8
"2018",2020-08-28,7146,49.7,15920,89,109,2160,20
"2019",2020-08-28,7159,47,16413,69,89,861,9
"2020",2020-08-28,8015,53.3,15542,32,98.5,1048,16
"2021",2020-08-29,2007,63.9,13068,46,120,1159,10
"2022",2020-08-29,2074,51.9,8533,45,84.7,396,12
"2023",2020-08-29,3067,55.7,12744,35,103.3,378,7
"2024",2020-08-29,3117,57.3,14794,70,101.7,519,8
"2025",2020-08-29,3150,49.9,10305,26,126.2,506,8
"2026",2020-08-29,4001,55.1,12345,93,99.9,777,11
"2027",2020-08-29,4072,54.3,12149,60,111.6,1024,16
"2028",2020-08-29,5005,46.2,13634,22,74.1,1377,12
"2029",2020-08-29,5028,60.9,14300,55,140.7,718,7
"2030",2020-08-29,5041,51.2,16921,85,121.1,1398,7
"2031",2020-08-29,5058,64.6,13423,70,135.4,927,23
"2032",2020-08-29,5120,55.6,13376,38,116.7,935,8
"2033",2020-08-29,5133,57.5,15671,95,99.4,1084,10
"2034",2020-08-29,5135,66.6,13639,60,123.9,941,17
"2035",2020-08-29,5137,53,11569,56,78.3,511,11
"2036",2020-08-29,5139,58.3,13628,51,93.6,498,11
"2037",2020-08-29,5140,52.4,12200,99,86.7,1021,14
"2038",2020-08-29,5145,56.3,10845,84,109.8,646,11
"2039",2020-08-29,6005,55.9,14569,64,97,532,5
"2040",2020-08-29,6011,56.1,14943,115,128.9,693,7
"2041",2020-08-29,6021,68.3,15343,32,136.5,895,13
"2042",2020-08-29,6028,72.4,17840,90,139.8,1414,11
"2043",2020-08-29,6030,71.4,13112,82,127.9,674,8
"2044",2020-08-29,6033,28.8,7472,32,46,746,13
"2045",2020-08-29,6050,51.1,15107,49,118.9,1298,13
"2046",2020-08-29,6126,63,15696,71,106.9,2035,26
"2047",2020-08-29,6129,55,14536,56,103.1,525,7
"2048",2020-08-29,6130,52,15335,69,96.9,1231,10
"2049",2020-08-29,6131,51.6,12641,48,94.7,487,7
"2050",2020-08-29,6134,57.7,12123,71,118.1,806,12
"2051",2020-08-29,7010,55.9,13932,62,99.9,947,11
"2052",2020-08-29,7018,59.3,21099,104,102.3,691,20
"2053",2020-08-29,7019,59.3,14872,61,95.6,481,7
"2054",2020-08-29,7022,65.3,19206,74,110.3,1030,20
"2055",2020-08-29,7023,54.2,16078,81,101.5,632,7
"2056",2020-08-29,7024,62,13989,64,96.8,837,12
"2057",2020-08-29,7027,62.2,13067,168,116.8,641,13
"2058",2020-08-29,7029,60.9,12577,64,105.1,1089,15
"2059",2020-08-29,7030,59.2,11640,134,111.5,676,9
"2060",2020-08-29,7033,50.5,14332,70,96.1,1169,14
"2061",2020-08-29,7037,67.4,20881,75,130.2,1936,30
"2062",2020-08-29,7039,51.5,12891,92,98.6,1080,19
"2063",2020-08-29,7043,60.4,18487,47,117.5,1035,12
"2064",2020-08-29,7051,55.8,14303,65,121.7,879,13
"2065",2020-08-29,7065,64.4,19713,56,113.3,872,14
"2066",2020-08-29,7146,47.5,13607,61,81.1,1310,12
"2067",2020-08-29,7159,48.4,15244,53,89.8,927,7
"2068",2020-08-29,8015,53.5,15229,35,96.3,865,10
"2069",2020-08-30,2007,57.5,11434,44,67.5,416,8
"2070",2020-08-30,2074,54.2,10118,50,84.2,411,11
"2071",2020-08-30,3067,49,10574,30,62.8,228,5
"2072",2020-08-30,3117,55.7,15814,64,95.5,584,9
"2073",2020-08-30,3150,58.2,10686,33,137.4,547,10
"2074",2020-08-30,4001,50.7,11445,109,107.2,898,14
"2075",2020-08-30,4072,54.5,10748,71,99.6,976,18
"2076",2020-08-30,5005,44.3,13773,16,66.4,1324,11
"2077",2020-08-30,5028,57.9,13132,44,95.6,496,11
"2078",2020-08-30,5041,39.1,13105,58,79,1661,14
"2079",2020-08-30,5058,63.4,13851,75,109,760,19
"2080",2020-08-30,5120,63.7,14821,50,106.4,722,12
"2081",2020-08-30,5133,51.3,12680,67,95.6,873,10
"2082",2020-08-30,5135,58.2,13225,58,59.1,433,11
"2083",2020-08-30,5137,50.6,9972,56,60.4,370,9
"2084",2020-08-30,5139,54.5,12520,40,77.7,426,12
"2085",2020-08-30,5140,47,10757,91,62.3,790,15
"2086",2020-08-30,5145,46.3,8773,70,96.8,631,12
"2087",2020-08-30,6005,65.1,17318,71,116.7,712,9
"2088",2020-08-30,6011,52.9,13285,118,96.1,615,10
"2089",2020-08-30,6021,61.5,13821,43,99.5,539,9
"2090",2020-08-30,6028,59,15375,63,132.3,1590,13
"2091",2020-08-30,6030,58.3,10679,63,95.8,527,10
"2092",2020-08-30,6033,38.9,11798,54,59.3,1275,19
"2093",2020-08-30,6050,50.3,13511,64,96.3,1313,10
"2094",2020-08-30,6126,57.2,14670,47,95.6,2053,18
"2095",2020-08-30,6129,52.7,14573,52,95.8,538,9
"2096",2020-08-30,6130,41.3,12698,62,82.4,987,9
"2097",2020-08-30,6131,42,9898,49,95.4,521,7
"2098",2020-08-30,6134,50.9,10935,85,91,664,9
"2099",2020-08-30,7010,61.2,15009,59,97.3,908,12
"2100",2020-08-30,7018,43.1,15622,86,90.7,708,14
"2101",2020-08-30,7019,48.4,12165,71,87.2,485,7
"2102",2020-08-30,7022,46.2,13782,47,101.3,945,16
"2103",2020-08-30,7023,49.5,14747,60,61.5,407,8
"2104",2020-08-30,7024,42.3,8859,48,94.6,742,6
"2105",2020-08-30,7027,52.3,11961,125,72.1,502,10
"2106",2020-08-30,7029,44.7,10210,52,75,1069,14
"2107",2020-08-30,7030,62.4,11692,141,129.9,733,11
"2108",2020-08-30,7033,38.6,10213,69,94.5,1017,12
"2109",2020-08-30,7037,53,16518,67,85.4,1160,18
"2110",2020-08-30,7039,62.1,14780,122,104.1,1259,19
"2111",2020-08-30,7043,52.6,16756,58,112.3,943,9
"2112",2020-08-30,7051,59.4,16354,69,110.6,856,14
"2113",2020-08-30,7065,49.7,17161,58,103.2,855,10
"2114",2020-08-30,7146,48.1,11552,72,64.2,1260,12
"2115",2020-08-30,7159,40.1,14318,64,81.2,1301,9
"2116",2020-08-30,8015,42.4,12997,29,54.1,892,20
"2117",2020-08-31,2007,51.8,10069,38,82.2,376,8
"2118",2020-08-31,2074,54.8,9506,48,91.3,497,11
"2119",2020-08-31,3067,62.2,14357,47,99,372,7
"2120",2020-08-31,3117,57.2,14349,69,94.5,456,7
"2121",2020-08-31,3150,49.8,9240,26,105.7,395,9
"2122",2020-08-31,4001,54.8,11179,131,107.6,858,11
"2123",2020-08-31,4072,60.3,12644,86,109.4,1036,11
"2124",2020-08-31,5005,48.6,15177,24,68.6,1264,14
"2125",2020-08-31,5028,57.7,13076,42,83.7,525,10
"2126",2020-08-31,5041,45.9,14780,72,99.7,1555,11
"2127",2020-08-31,5058,68.5,13022,77,131.9,888,18
"2128",2020-08-31,5120,61.2,14113,68,147.7,1179,15
"2129",2020-08-31,5133,47.7,11743,92,78,841,7
"2130",2020-08-31,5135,68.9,13885,71,117.4,591,16
"2131",2020-08-31,5137,46.4,9117,57,80,467,11
"2132",2020-08-31,5139,46.1,11621,43,85.6,699,15
"2133",2020-08-31,5140,47.7,10799,96,79.1,725,13
"2134",2020-08-31,5145,47.6,8877,91,81.9,483,10
"2135",2020-08-31,6005,54.1,13026,60,120.6,802,8
"2136",2020-08-31,6011,55.6,13718,134,110.7,676,11
"2137",2020-08-31,6021,62.3,14567,41,130.3,631,10
"2138",2020-08-31,6028,57.8,16281,94,127.8,1420,17
"2139",2020-08-31,6030,67.3,12670,78,111.8,740,8
"2140",2020-08-31,6033,44.9,12934,70,68.7,1475,20
"2141",2020-08-31,6050,38.1,10149,43,83.3,1185,11
"2142",2020-08-31,6126,62,15742,68,118.7,2530,31
"2143",2020-08-31,6129,48.2,14371,51,105.2,496,10
"2144",2020-08-31,6130,48.5,16464,80,94.1,1015,9
"2145",2020-08-31,6131,47.1,12088,58,101.7,465,9
"2146",2020-08-31,6134,61.4,13661,94,130.1,1131,13
"2147",2020-08-31,7010,52.9,12413,63,92.7,717,8
"2148",2020-08-31,7018,46.4,16315,88,88.3,529,12
"2149",2020-08-31,7019,56.4,13407,64,101.7,529,7
"2150",2020-08-31,7022,62.4,17793,70,133.4,1396,25
"2151",2020-08-31,7023,54,16003,78,94.8,620,6
"2152",2020-08-31,7024,58.4,11672,78,100.6,824,8
"2153",2020-08-31,7027,68,14347,178,115.6,754,18
"2154",2020-08-31,7029,63.7,13948,107,105.1,1361,19
"2155",2020-08-31,7030,60.4,12224,139,117.1,716,12
"2156",2020-08-31,7033,53.8,13597,86,89.4,1237,13
"2157",2020-08-31,7037,63.8,18725,61,120.8,1323,19
"2158",2020-08-31,7039,59.8,15941,125,106.1,1151,18
"2159",2020-08-31,7043,57.7,17756,63,125.7,1060,12
"2160",2020-08-31,7051,58.3,16151,80,115.2,724,14
"2161",2020-08-31,7065,55.2,19037,71,100.5,895,16
"2162",2020-08-31,7146,47.6,13776,82,83.6,1392,16
"2163",2020-08-31,7159,42.2,14351,64,95.2,1287,12
"2164",2020-08-31,8015,52.5,16132,41,86.1,1010,14
"2165",2020-09-01,2007,49.8,10276,33,94.9,536,11
"2166",2020-09-01,2074,50.5,8669,49,100.8,489,18
"2167",2020-09-01,3067,57.2,12087,45,123.6,446,9
"2168",2020-09-01,3117,52.2,14005,53,108.2,648,9
"2169",2020-09-01,3150,49.1,9339,24,117.2,601,10
"2170",2020-09-01,4001,49,10282,110,111.8,1099,17
"2171",2020-09-01,4072,49,10528,74,111.6,1050,16
"2172",2020-09-01,5005,42.2,12732,26,68.7,1153,14
"2173",2020-09-01,5028,65.4,14400,58,151,826,9
"2174",2020-09-01,5041,37.2,14188,73,88.2,1540,14
"2175",2020-09-01,5058,60.7,11988,87,119.3,873,15
"2176",2020-09-01,5120,56.6,14175,69,116.5,906,12
"2177",2020-09-01,5133,54.6,14928,93,125.4,990,11
"2178",2020-09-01,5135,58.1,11539,60,116.6,673,11
"2179",2020-09-01,5137,53,10929,59,89.9,442,10
"2180",2020-09-01,5139,59.6,14546,52,128.6,613,11
"2181",2020-09-01,5140,45.5,11061,93,81,799,10
"2182",2020-09-01,5145,50.5,8624,90,115.3,512,12
"2183",2020-09-01,6005,57.7,15389,79,122.3,741,12
"2184",2020-09-01,6011,58.8,15149,131,141.8,757,10
"2185",2020-09-01,6021,60.1,13985,51,134.2,703,10
"2186",2020-09-01,6028,58.3,14979,89,122.1,1108,9
"2187",2020-09-01,6030,59.4,11479,72,137.8,801,9
"2188",2020-09-01,6033,54.7,16184,75,88.4,1121,20
"2189",2020-09-01,6050,45.1,12283,40,95.4,1908,23
"2190",2020-09-01,6126,55.9,13466,67,114.5,2658,39
"2191",2020-09-01,6129,48,15279,55,112.1,568,7
"2192",2020-09-01,6130,48.1,16549,75,97.2,1389,14
"2193",2020-09-01,6131,47.8,12660,60,92.6,548,9
"2194",2020-09-01,6134,62.5,14539,91,136,1188,12
"2195",2020-09-01,7010,58.4,14057,57,112,858,11
"2196",2020-09-01,7018,47.9,16316,94,96.9,727,15
"2197",2020-09-01,7019,48.8,11655,60,108.9,606,8
"2198",2020-09-01,7022,52.3,15740,72,116.6,1360,23
"2199",2020-09-01,7023,53.1,16051,69,105.2,777,13
"2200",2020-09-01,7024,58.6,13171,81,114,1221,14
"2201",2020-09-01,7027,61.4,13840,160,119.6,623,13
"2202",2020-09-01,7029,51.7,12646,79,102.8,1438,18
"2203",2020-09-01,7030,54.6,11042,117,105,712,10
"2204",2020-09-01,7033,49.2,13446,85,99,863,15
"2205",2020-09-01,7037,59.6,19047,83,116.1,1947,32
"2206",2020-09-01,7039,44.9,11350,95,87.9,984,17
"2207",2020-09-01,7043,51.5,15014,63,113.5,950,17
"2208",2020-09-01,7051,59.4,15930,75,114.9,992,13
"2209",2020-09-01,7065,56.6,19322,61,103.4,884,13
"2210",2020-09-01,7146,41.5,12364,80,88.4,1540,23
"2211",2020-09-01,7159,48.7,16431,81,107,1439,15
"2212",2020-09-01,8015,40.9,13562,44,94.1,1202,19
"2213",2020-09-02,2007,61.1,12676,35,102.6,488,12
"2214",2020-09-02,2074,51.9,9185,46,96.4,489,9
"2215",2020-09-02,3067,60.4,12266,33,111.4,423,8
"2216",2020-09-02,3117,70.2,17588,64,124.6,645,11
"2217",2020-09-02,3150,58.6,10205,24,128.5,532,8
"2218",2020-09-02,4001,50,13023,103,110.8,1050,11
"2219",2020-09-02,4072,51.6,10676,70,105.2,957,13
"2220",2020-09-02,5005,45.7,13108,18,82,1553,15
"2221",2020-09-02,5028,69,14422,41,141.3,708,11
"2222",2020-09-02,5041,32.9,12389,51,82,1681,16
"2223",2020-09-02,5058,53,8330,65,117.1,566,13
"2224",2020-09-02,5120,46.2,9324,41,119.1,617,11
"2225",2020-09-02,5133,54.6,14495,64,94.7,587,11
"2226",2020-09-02,5135,69.7,14064,66,137.7,898,16
"2227",2020-09-02,5137,58.8,11532,71,108.9,554,15
"2228",2020-09-02,5139,57.1,13384,40,111.3,712,11
"2229",2020-09-02,5140,49.1,11097,84,97.9,817,13
"2230",2020-09-02,5145,56.2,9716,84,93.2,504,9
"2231",2020-09-02,6005,64.7,14659,68,120.5,716,6
"2232",2020-09-02,6011,54.3,14515,118,137.2,887,12
"2233",2020-09-02,6021,63.6,14278,46,118.5,628,11
"2234",2020-09-02,6028,72,19362,85,139.9,1569,15
"2235",2020-09-02,6030,73.2,14122,71,121.3,676,8
"2236",2020-09-02,6033,46.3,14285,73,76.3,1282,25
"2237",2020-09-02,6050,37.7,10897,35,56.7,1149,11
"2238",2020-09-02,6126,62.8,15109,58,122.1,2587,29
"2239",2020-09-02,6129,48.4,14295,39,100.2,564,9
"2240",2020-09-02,6130,45,15781,74,100.7,1333,16
"2241",2020-09-02,6131,50.8,13489,61,96,526,13
"2242",2020-09-02,6134,61.3,12906,81,128.4,1053,12
"2243",2020-09-02,7010,69.1,16545,67,110.5,933,12
"2244",2020-09-02,7018,53.7,19041,112,102.1,794,20
"2245",2020-09-02,7019,60.2,14764,72,112.7,583,10
"2246",2020-09-02,7022,66.2,20380,80,142.6,1343,26
"2247",2020-09-02,7023,49.4,14630,70,94.7,553,8
"2248",2020-09-02,7024,49.4,10348,47,102.5,969,7
"2249",2020-09-02,7027,72.6,16946,160,129,905,23
"2250",2020-09-02,7029,51.8,11740,82,92.5,1030,20
"2251",2020-09-02,7030,57.7,13143,117,126.2,698,12
"2252",2020-09-02,7033,49.4,12784,70,90.2,864,12
"2253",2020-09-02,7037,58.4,17134,64,131.1,1956,33
"2254",2020-09-02,7039,59.3,15149,108,113.7,1481,23
"2255",2020-09-02,7043,47.9,13880,57,109.9,842,11
"2256",2020-09-02,7051,65.5,17237,66,130.6,898,17
"2257",2020-09-02,7065,55,16107,58,122.3,1025,12
"2258",2020-09-02,7146,34.5,11675,60,66.2,1126,11
"2259",2020-09-02,7159,50,17003,82,91.8,1228,12
"2260",2020-09-02,8015,50.5,14443,41,101.4,1083,21
"2261",2020-09-03,2007,42.6,8137,33,97,469,9
"2262",2020-09-03,2074,45.1,7950,43,101.8,642,12
"2263",2020-09-03,3067,61,12025,37,118.9,422,6
"2264",2020-09-03,3117,56.5,13254,49,114.7,467,8
"2265",2020-09-03,3150,43,7320,26,120.8,440,10
"2266",2020-09-03,4001,52.6,10139,111,108.1,814,21
"2267",2020-09-03,4072,56.4,11738,83,108.3,1212,17
"2268",2020-09-03,5005,44.7,11678,20,74.2,1421,15
"2269",2020-09-03,5028,63.4,10703,51,134.5,823,13
"2270",2020-09-03,5041,13.9,4898,25,37.1,755,6
"2271",2020-09-03,5058,67.1,11511,65,146.2,810,18
"2272",2020-09-03,5120,66.8,13921,42,145.2,877,10
"2273",2020-09-03,5133,54.3,13676,74,128.7,1398,14
"2274",2020-09-03,5135,59.8,14606,88,109.6,698,14
"2275",2020-09-03,5137,42.6,9079,58,87.2,528,13
"2276",2020-09-03,5139,45.1,10179,42,98.9,534,10
"2277",2020-09-03,5140,48.6,11114,97,89.3,930,15
"2278",2020-09-03,5145,48.5,8479,79,89.1,543,11
"2279",2020-09-03,6005,55.2,14313,61,118.9,629,10
"2280",2020-09-03,6011,50.4,12240,116,120.3,679,9
"2281",2020-09-03,6021,61.2,13516,45,131.6,703,9
"2282",2020-09-03,6028,64,15254,109,130.1,1641,12
"2283",2020-09-03,6030,59.6,9637,64,120.8,610,9
"2284",2020-09-03,6033,41.9,12410,81,83.1,1447,20
"2285",2020-09-03,6050,48.4,11345,39,95.1,1183,11
"2286",2020-09-03,6126,45.2,11287,49,93.1,2046,20
"2287",2020-09-03,6129,50.5,15419,56,121.3,659,11
"2288",2020-09-03,6130,50.6,17333,94,79.8,1036,11
"2289",2020-09-03,6131,45.7,11246,58,108.4,572,10
"2290",2020-09-03,6134,65,13325,98,131.6,1060,12
"2291",2020-09-03,7010,48.1,11330,73,98.9,964,14
"2292",2020-09-03,7018,44.8,15660,95,88.1,820,21
"2293",2020-09-03,7019,66.8,14135,63,106.9,623,10
"2294",2020-09-03,7022,53,16971,79,133.8,1511,17
"2295",2020-09-03,7023,51.3,15638,74,89,706,8
"2296",2020-09-03,7024,62.1,12155,72,113.7,878,12
"2297",2020-09-03,7027,67.5,14231,184,114.2,790,16
"2298",2020-09-03,7029,49.1,10110,78,90.7,1230,15
"2299",2020-09-03,7030,66.5,13236,126,131.9,715,9
"2300",2020-09-03,7033,52.9,13053,84,115.8,1170,14
"2301",2020-09-03,7037,57.5,15392,56,118.5,1712,30
"2302",2020-09-03,7039,48.5,12002,115,96.5,1230,20
"2303",2020-09-03,7043,53.2,15579,55,121.8,839,11
"2304",2020-09-03,7051,67,16688,83,158.6,1103,21
"2305",2020-09-03,7065,59.2,18195,75,99.8,805,17
"2306",2020-09-03,7159,47.7,15839,76,91.4,1092,10
"2307",2020-09-03,8015,50.3,16286,51,90.4,2131,30
"2308",2020-09-04,2007,20.4,3838,13,42.2,175,4
"2309",2020-09-04,2074,51.9,8050,76,97.5,448,14
"2310",2020-09-04,3067,62.8,11547,53,118.6,452,6
"2311",2020-09-04,3117,24.7,4411,15,33,145,2
"2312",2020-09-04,3150,49.8,9058,40,118.3,508,6
"2313",2020-09-04,4001,53,10922,111,90.3,546,14
"2314",2020-09-04,4072,55.1,11137,93,106.4,973,13
"2315",2020-09-04,5005,47.5,13098,28,73.5,1433,10
"2316",2020-09-04,5028,63.2,14247,51,147.4,923,10
"2317",2020-09-04,5041,10.4,5035,29,0.100000000000001,41,1
"2318",2020-09-04,5058,60.8,10661,72,115.3,619,12
"2319",2020-09-04,5100,34.9,5625,141,79.8,401,12
"2320",2020-09-04,5120,63.2,14699,51,133,877,10
"2321",2020-09-04,5124,22.3,6049,52,43,747,15
"2322",2020-09-04,5133,51.8,12249,74,81.6,510,8
"2323",2020-09-04,5135,55,12166,70,117.4,549,12
"2324",2020-09-04,5137,50.9,9456,69,93,495,13
"2325",2020-09-04,5139,58.4,12329,65,109.8,528,8
"2326",2020-09-04,5140,45.9,11283,92,74.3,788,9
"2327",2020-09-04,5145,54.3,9435,106,113.5,657,11
"2328",2020-09-04,6005,52.1,11788,64,109.5,622,7
"2329",2020-09-04,6011,64.3,15130,187,160.5,927,15
"2330",2020-09-04,6021,64.4,13329,47,127.1,603,9
"2331",2020-09-04,6023,23,4407,67,42.3,138,6
"2332",2020-09-04,6028,60.4,12984,91,118.7,1128,16
"2333",2020-09-04,6030,68.2,11105,87,127.6,743,11
"2334",2020-09-04,6033,51.4,14282,89,80,1234,20
"2335",2020-09-04,6050,48.3,12673,51,94.5,1612,15
"2336",2020-09-04,6055,19.3,2038,105,42.7,126,6
"2337",2020-09-04,6121,21.8,4107,33,44.4,457,16
"2338",2020-09-04,6126,64.8,13986,70,132.5,1356,21
"2339",2020-09-04,6129,49,13953,61,128.3,645,10
"2340",2020-09-04,6130,50.9,15791,85,110,1295,13
"2341",2020-09-04,6131,17.6,4834,18,28.6,127,2
"2342",2020-09-04,6134,59.1000000000001,12899,112,126.1,924,17
"2343",2020-09-04,7010,68.1,14921,78,117.8,1043,14
"2344",2020-09-04,7018,44,13311,87,83.8,623,17
"2345",2020-09-04,7019,53.1,13426,72,103.2,562,7
"2346",2020-09-04,7022,56.2,16778,92,111.4,1127,22
"2347",2020-09-04,7023,47.6,13347,63,94.3,788,10
"2348",2020-09-04,7024,54.1,11001,65,129,927,10
"2349",2020-09-04,7027,61.4,11519,161,100.2,528,13
"2350",2020-09-04,7029,56.5,11132,94,122.5,1011,19
"2351",2020-09-04,7030,56,10512,135,111.3,605,12
"2352",2020-09-04,7033,51.1,12396,103,83.5,1234,14
"2353",2020-09-04,7037,28.7,8747,33,46.3,861,10
"2354",2020-09-04,7039,45.9,10159,105,100.1,1104,20
"2355",2020-09-04,7043,57.9,16043,78,137.1,1107,20
"2356",2020-09-04,7051,64.1,13913,78,147.4,1413,29
"2357",2020-09-04,7065,15.3,5019,18,44.6,318,3
"2358",2020-09-04,7159,53.7,14862,70,79.9,1163,18
"2359",2020-09-04,8015,47.5,14479,57,99.7,1531,29
"2360",2020-09-05,2074,53,7802,72,89.4,434,10
"2361",2020-09-05,3067,56.4,11415,39,120.9,438,7
"2362",2020-09-05,3150,58.4,11331,35,126.7,583,9
"2363",2020-09-05,4001,56.5,12094,141,111.3,644,12
"2364",2020-09-05,4072,48.5,9463,69,95.3,962,21
"2365",2020-09-05,5005,41.1,13567,22,66.2,1089,7
"2366",2020-09-05,5028,64.9,15860,43,153.1,706,8
"2367",2020-09-05,5041,5.50000000000001,2856,16,0,0,0
"2368",2020-09-05,5058,62.2,11892,81,132.4,683,13
"2369",2020-09-05,5100,51.8000000000001,11566,118,98.9,541,15
"2370",2020-09-05,5120,48.8,12293,49,115.8,897,9
"2371",2020-09-05,5124,51.1,15579,95,84.5,1473,27
"2372",2020-09-05,5133,49.4,12586,75,90.7,658,10
"2373",2020-09-05,5135,59.2,11342,79,115.7,705,12
"2374",2020-09-05,5137,53.9,10049,79,87.4,478,12
"2375",2020-09-05,5139,46.2,12041,44,107.2,607,10
"2376",2020-09-05,5140,59.9,11787,114,82.9,883,13
"2377",2020-09-05,5145,46.2,7983,80,83.8,414,9
"2378",2020-09-05,6005,59.8,15892,99,138.3,908,11
"2379",2020-09-05,6011,52.4,13452,166,124.7,709,10
"2380",2020-09-05,6021,59.7,13761,56,115.5,536,8
"2381",2020-09-05,6023,52.4,11813,68,96.6,439,11
"2382",2020-09-05,6028,68.2,17215,89,148.8,1464,14
"2383",2020-09-05,6030,62.2,11322,69,122.4,812,14
"2384",2020-09-05,6033,45.9,12943,75,81.3,1192,17
"2385",2020-09-05,6050,44.4,12866,57,95.5,1231,12
"2386",2020-09-05,6055,57.8,8107,196,104.1,489,27
"2387",2020-09-05,6121,51.4,12415,52,96.1,1081,16
"2388",2020-09-05,6126,55.3,15260,62,94.5,2094,27
"2389",2020-09-05,6129,68.4,14300,65,96.5,471,9
"2390",2020-09-05,6130,44,14504,66,106.2,1188,18
"2391",2020-09-05,6134,59.1,13745,85,114.1,882,13
"2392",2020-09-05,7010,56.4,12291,62,113,917,11
"2393",2020-09-05,7018,53,17716,99,95.8,560,13
"2394",2020-09-05,7019,58.8,14383,95,103.2,554,6
"2395",2020-09-05,7022,51,15884,61,105.8,939,22
"2396",2020-09-05,7023,54.8,16355,81,83.5,643,9
"2397",2020-09-05,7024,50.7,11096,64,97.1,794,6
"2398",2020-09-05,7027,67.7,11693,166,94.3,563,15
"2399",2020-09-05,7029,61.1,12368,88,112.6,1306,24
"2400",2020-09-05,7030,52.6,9627,123,105.8,598,10
"2401",2020-09-05,7033,49.6,13587,109,101.1,923,11
"2402",2020-09-05,7039,60.5,12759,120,92.5,931,20
"2403",2020-09-05,7043,52.9,15837,63,124.1,872,12
"2404",2020-09-05,7051,57.5,15219,88,126.7,931,13
"2405",2020-09-05,7159,48.6,17540,69,86.6,1092,11
"2406",2020-09-05,8015,50.1,14825,37,86.6,847,11
"2407",2020-09-06,2074,45.5,6356,71,105.1,390,16
"2408",2020-09-06,3067,46.2,9813,36,84.9,288,3
"2409",2020-09-06,3150,43.7,8149,22,111.7,492,10
"2410",2020-09-06,4001,43.2,8969,94,89.2,587,11
"2411",2020-09-06,4072,56,12043,88,105,1041,21
"2412",2020-09-06,5005,55.8,11933,29,57.4,1025,7
"2413",2020-09-06,5028,54.6,11008,45,119.3,575,7
"2414",2020-09-06,5058,62.9,13160,65,140.8,897,13
"2415",2020-09-06,5100,43.3,11660,87,113.6,577,10
"2416",2020-09-06,5120,65.6,15452,62,137.2,1019,13
"2417",2020-09-06,5124,44.4,15003,76,91.4,1689,21
"2418",2020-09-06,5133,49.5,12395,70,110.1,759,9
"2419",2020-09-06,5135,64.5,10681,66,100.6,483,9
"2420",2020-09-06,5137,53.8,9559,75,103.5,527,12
"2421",2020-09-06,5139,51.1,12212,46,104.8,509,14
"2422",2020-09-06,5140,46.6,10493,96,84.2,831,13
"2423",2020-09-06,5145,46.4,7871,86,100.8,621,14
"2424",2020-09-06,6005,55.6,13637,73,95.4,516,7
"2425",2020-09-06,6011,60,14658,193,131.5,822,16
"2426",2020-09-06,6021,62.6,13574,65,128.6,534,9
"2427",2020-09-06,6023,44.5,11453,68,87.8,373,11
"2428",2020-09-06,6028,57.8,14082,63,118.1,1471,16
"2429",2020-09-06,6030,60.3,11442,90,114.6,612,11
"2430",2020-09-06,6033,59.8,12008,82,71.9,830,17
"2431",2020-09-06,6050,48,13108,54,103,1048,13
"2432",2020-09-06,6055,51.6,9751,130,88,373,14
"2433",2020-09-06,6121,44.2,10168,48,88.1,1065,19
"2434",2020-09-06,6126,54.7,15245,61,97.6,1492,28
"2435",2020-09-06,6129,71.1,16748,61,130.8,686,10
"2436",2020-09-06,6130,48,15677,87,97.8,1021,11
"2437",2020-09-06,6134,56,11584,70,111.2,922,10
"2438",2020-09-06,7010,53.9,10124,50,95.4,991,12
"2439",2020-09-06,7018,49.1,14629,85,78.7,538,11
"2440",2020-09-06,7019,51.8,12404,73,109,640,11
"2441",2020-09-06,7022,58.3,17673,60,117.8,1106,21
"2442",2020-09-06,7023,55.1,9877,55,71.5,532,10
"2443",2020-09-06,7024,56.8,11605,73,102.7,1227,14
"2444",2020-09-06,7027,69.9,14274,193,113.9,685,21
"2445",2020-09-06,7029,41.4,8729,74,81.1,1001,19
"2446",2020-09-06,7030,51.6,10535,119,110.1,620,10
"2447",2020-09-06,7033,41.2,10513,76,91.1,1047,15
"2448",2020-09-06,7039,58.3,13215,108,110.8,1084,21
"2449",2020-09-06,7043,48,14025,45,113.5,1292,18
"2450",2020-09-06,7051,79.6,14778,85,113,1077,17
"2451",2020-09-06,7159,62.3,15140,82,102.2,1649,25
"2452",2020-09-06,8015,46.3,13327,49,96.6,851,15
"2453",2020-09-07,2074,56.5,8741,73,112,564,16
"2454",2020-09-07,3067,58.9,11375,53,120.4,394,6
"2455",2020-09-07,3150,56.4,11979,32,134.3,621,11
"2456",2020-09-07,4001,60.4,13288,143,126,829,9
"2457",2020-09-07,4072,50.8,10448,72,99,940,21
"2458",2020-09-07,5005,42.2,12573,21,76.4,1394,12
"2459",2020-09-07,5028,63.4,14065,50,162.8,971,11
"2460",2020-09-07,5058,61.2,12171,85,125.9,861,18
"2461",2020-09-07,5100,49.2,13090,86,117.2,681,18
"2462",2020-09-07,5120,59.2,13346,49,128.8,1040,8
"2463",2020-09-07,5124,47.7,16277,97,92.5,1799,24
"2464",2020-09-07,5133,55.9,13652,94,113.8,702,7
"2465",2020-09-07,5135,47.6,7800,66,92.8,433,10
"2466",2020-09-07,5137,41.3,8673,66,86.3,480,13
"2467",2020-09-07,5139,52.1,12782,68,112,588,11
"2468",2020-09-07,5140,52,11615,126,89.9,861,15
"2469",2020-09-07,5145,41.8,7275,96,80.1,427,12
"2470",2020-09-07,6005,57.5,14116,68,129.3,758,12
"2471",2020-09-07,6011,51.2,12270,160,125,715,10
"2472",2020-09-07,6021,52.5,11817,49,116.5,516,13
"2473",2020-09-07,6023,50.7,14688,90,97.2,463,14
"2474",2020-09-07,6028,55.4,13992,83,118.5,1229,15
"2475",2020-09-07,6030,54.6,10994,90,121.7,753,10
"2476",2020-09-07,6033,42.7,11338,79,76.6,1141,18
"2477",2020-09-07,6050,44.8,12736,75,84,948,12
"2478",2020-09-07,6055,48.5,10317,115,100.6,430,15
"2479",2020-09-07,6121,47.9,9899,48,93.1,916,17
"2480",2020-09-07,6126,51.3,12884,57,100.7,1624,22
"2481",2020-09-07,6129,46.4,11516,53,90.2,400,7
"2482",2020-09-07,6130,44.7,14460,72,78,784,9
"2483",2020-09-07,6134,50.6,12393,73,106.8,997,14
"2484",2020-09-07,7010,52.2,12226,56,109.7,1172,16
"2485",2020-09-07,7018,43.6,15082,104,87.7,525,15
"2486",2020-09-07,7019,53.5,12877,79,109,638,9
"2487",2020-09-07,7022,58.1,17706,99,126.4,1368,21
"2488",2020-09-07,7023,49.3,15737,79,90.6,668,9
"2489",2020-09-07,7024,55.5,11113,65,96.9,839,11
"2490",2020-09-07,7027,64.2,12538,190,107.8,608,23
"2491",2020-09-07,7029,58.4,11829,94,113.8,849,18
"2492",2020-09-07,7030,59.2,10842,126,112.7,614,9
"2493",2020-09-07,7033,48,11761,106,86.4,847,17
"2494",2020-09-07,7039,51,12754,130,91.1,811,15
"2495",2020-09-07,7043,54.1,16337,89,132.2,1193,14
"2496",2020-09-07,7051,65,13869,76,116,940,13
"2497",2020-09-07,7159,45.2,15444,71,77.2,686,11
"2498",2020-09-07,8015,50.1,15166,54,96,1074,15
"2499",2020-09-08,2074,42.2,7037,70,85.4,480,9
"2500",2020-09-08,3067,62,13795,64,137.4,453,7
"2501",2020-09-08,3150,46.9,12071,33,125.7,613,12
"2502",2020-09-08,4001,52.4,12122,150,101.4,715,12
"2503",2020-09-08,4072,43.2,9847,83,86.6,650,12
"2504",2020-09-08,5005,42.5,14282,47,70.2,1065,9
"2505",2020-09-08,5028,54.1,13087,43,134.4,667,10
"2506",2020-09-08,5058,60,13568,75,144.1,967,18
"2507",2020-09-08,5100,44,13235,86,99.2,488,10
"2508",2020-09-08,5120,59.4,14575,65,121.9,781,10
"2509",2020-09-08,5124,44.1,15769,70,89,1414,20
"2510",2020-09-08,5133,42.2,11598,87,84.6,520,7
"2511",2020-09-08,5135,59,13300,83,126.6,664,12
"2512",2020-09-08,5137,51.7,10028,62,92.9,460,11
"2513",2020-09-08,5139,47.3,11348,52,99,420,8
"2514",2020-09-08,5140,47.9,11681,144,92.5,861,17
"2515",2020-09-08,5145,49.2,9006,125,100.2,530,12
"2516",2020-09-08,6005,54.5,15448,77,106.3,628,9
"2517",2020-09-08,6011,53.8,14649,200,130.8,665,13
"2518",2020-09-08,6021,56,14117,57,116,548,7
"2519",2020-09-08,6023,47.8,16159,94,109.9,405,12
"2520",2020-09-08,6028,77.5,18889,106,148.5,1380,18
"2521",2020-09-08,6030,65,13310,80,120.4,558,9
"2522",2020-09-08,6033,43.8,12866,77,83.7,972,15
"2523",2020-09-08,6050,51.1,16335,73,106.3,1398,18
"2524",2020-09-08,6055,47.9,11555,133,85.2,418,15
"2525",2020-09-08,6121,47.1,12682,68,112.6,1200,22
"2526",2020-09-08,6126,55.2,15713,105,105.9,1925,18
"2527",2020-09-08,6129,44.8,16651,69,127.4,478,8
"2528",2020-09-08,6130,47.8,18835,110,96.9,1228,15
"2529",2020-09-08,6134,49.9,12084,69,99.9,740,9
"2530",2020-09-08,7010,53.8,13319,74,111.7,938,14
"2531",2020-09-08,7018,54.6,19072,122,105.6,670,14
"2532",2020-09-08,7019,53,14411,78,110,532,11
"2533",2020-09-08,7022,48.1,17024,109,141.5,1387,30
"2534",2020-09-08,7023,47.2,16831,89,74.9,599,9
"2535",2020-09-08,7024,52.1,12375,81,105.5,1056,12
"2536",2020-09-08,7027,68.1,15435,231,106.7,658,23
"2537",2020-09-08,7029,59.2,12418,87,97.6,1621,23
"2538",2020-09-08,7030,58.2,13034,151,120.1,607,10
"2539",2020-09-08,7033,49.4,13967,109,102,1115,14
"2540",2020-09-08,7039,37.4,9655,118,84.1,643,9
"2541",2020-09-08,7043,48,15131,69,118,1036,13
"2542",2020-09-08,7051,61.5,16885,103,133.4,965,14
"2543",2020-09-08,7159,35.3,14667,80,84.9,807,12
"2544",2020-09-08,8015,37.3,13015,37,75.4,901,12
"2545",2020-09-09,2074,56.3,8900,101,111.7,540,16
"2546",2020-09-09,3067,46.7,8991,54,89.3,341,6
"2547",2020-09-09,3150,49,12429,51,138.9,737,11
"2548",2020-09-09,4001,49.4000000000001,9184,136,112.2,640,8
"2549",2020-09-09,4072,61.8,13211,92,141.2,1241,25
"2550",2020-09-09,5005,36.3,11840,31,70.6,1136,10
"2551",2020-09-09,5028,62,16401,64,145.3,658,7
"2552",2020-09-09,5058,58.4,12752,75,134.3,1066,19
"2553",2020-09-09,5100,50.5,15573,100,132.7,731,21
"2554",2020-09-09,5120,62.6,18031,91,146.9,843,9
"2555",2020-09-09,5124,44.3,17273,76,94.4,1212,15
"2556",2020-09-09,5133,52.5,14589,89,109,674,9
"2557",2020-09-09,5135,56.9,12502,109,115.4,567,10
"2558",2020-09-09,5137,56.9,11582,103,96.6,475,14
"2559",2020-09-09,5139,51.6,11869,62,114.9,537,7
"2560",2020-09-09,5140,46.2,12008,109,92.8,704,14
"2561",2020-09-09,5145,43.3,9015,114,101.9,571,12
"2562",2020-09-09,6005,50.9,14471,100,131,745,13
"2563",2020-09-09,6011,49.9,14004,187,123.5,741,11
"2564",2020-09-09,6021,58.7,14163,62,127.7,571,13
"2565",2020-09-09,6023,48.6,15645,110,107.5,533,15
"2566",2020-09-09,6028,51.5,16402,121,116.1,1351,17
"2567",2020-09-09,6030,53.8,10428,84,113.8,657,10
"2568",2020-09-09,6033,46.9,17290,99,82.2,1466,22
"2569",2020-09-09,6050,45.4,15097,72,108.9,1063,12
"2570",2020-09-09,6055,53.4,14074,115,105.7,437,14
"2571",2020-09-09,6121,44.4,11421,51,100.1,1176,22
"2572",2020-09-09,6126,53.3,14476,82,127.1,2387,24
"2573",2020-09-09,6129,55.9,17567,78,122.7,548,9
"2574",2020-09-09,6130,47.4,17939,97,101.4,1102,12
"2575",2020-09-09,6134,53.8,13681,61,122.9,996,12
"2576",2020-09-09,7010,51,14542,76,106.7,879,13
"2577",2020-09-09,7018,43.1,14393,101,120.8,794,18
"2578",2020-09-09,7019,49.4,13871,74,118.5,577,10
"2579",2020-09-09,7022,51.3000000000001,19548,133,123.8,1464,21
"2580",2020-09-09,7023,52.5,17923,94,102.3,664,12
"2581",2020-09-09,7024,49.9,12369,92,101.7,867,9
"2582",2020-09-09,7027,60.2,13474,193,104.2,610,16
"2583",2020-09-09,7029,62.5,13790,111,116.7,1385,18
"2584",2020-09-09,7030,55.2,12551,137,119.9,660,10
"2585",2020-09-09,7033,51,13884,99,97.9,1002,17
"2586",2020-09-09,7039,53,14273,144,129.7,986,18
"2587",2020-09-09,7043,50,15438,75,134.6,1005,13
"2588",2020-09-09,7051,54.8,13626,80,131.8,1440,18
"2589",2020-09-09,7159,47.7,19065,96,96.4,936,12
"2590",2020-09-09,8015,46.4,15601,66,114.9,1588,19
"2591",2020-09-10,2074,42.4,5017,78,73.9,245,10
"2592",2020-09-10,3067,49.2,10850,59,114,398,7
"2593",2020-09-10,3150,43.9,9028,32,105.4,507,11
"2594",2020-09-10,4001,56.6000000000001,11064,189,122.1,789,8
"2595",2020-09-10,4072,56.3,11231,101,103,1221,21
"2596",2020-09-10,5005,44.2,14460,37,72.2,1075,8
"2597",2020-09-10,5028,62.2,15220,64,168.8,872,9
"2598",2020-09-10,5041,14.9,4497,35,59.3,651,7
"2599",2020-09-10,5058,59.9,13227,98,149.1,962,18
"2600",2020-09-10,5100,35.5,11234,86,122.1,631,18
"2601",2020-09-10,5120,45.1,11675,71,118.4,759,10
"2602",2020-09-10,5124,47.9,17185,113,110,1401,17
"2603",2020-09-10,5133,50.3,11877,87,129.5,707,10
"2604",2020-09-10,5135,53.9,10775,82,126.2,661,11
"2605",2020-09-10,5137,44.9,9378,93,126.9,537,16
"2606",2020-09-10,5139,48.2,10751,63,124.2,451,8
"2607",2020-09-10,5140,44.5,9218,112,89.2,714,10
"2608",2020-09-10,5145,43.3,6874,112,87.8,424,7
"2609",2020-09-10,6005,57.1,13226,85,122.6,624,11
"2610",2020-09-10,6011,55.9,13711,188,150,726,15
"2611",2020-09-10,6021,58,14156,66,137.4,642,10
"2612",2020-09-10,6023,41,10429,87,93,341,11
"2613",2020-09-10,6028,62.1,20586,154,142.5,1968,20
"2614",2020-09-10,6030,63.9,11941,114,144.3,745,13
"2615",2020-09-10,6033,44.6,13474,89,89,1966,26
"2616",2020-09-10,6050,42.6,13733,91,94.8,1000,12
"2617",2020-09-10,6055,48.7,11914,104,106.4,417,16
"2618",2020-09-10,6121,46.3,12290,72,120.4,1463,24
"2619",2020-09-10,6126,55.8,13445,88,98.3,2300,22
"2620",2020-09-10,6129,45,12363,69,114.2,500,8
"2621",2020-09-10,6130,41.6,14662,103,98.2,1171,14
"2622",2020-09-10,6134,53,13614,83,113.7,1058,12
"2623",2020-09-10,7010,53.4,12812,65,115,840,9
"2624",2020-09-10,7018,45.9,12748,94,94.5,558,11
"2625",2020-09-10,7019,50.8,13119,77,129.9,792,17
"2626",2020-09-10,7022,50.9,17042,130,128.8,1028,16
"2627",2020-09-10,7023,43.6,12868,96,93.8,813,11
"2628",2020-09-10,7024,51.2,12429,91,118.3,1245,17
"2629",2020-09-10,7027,59.1,13851,206,120.5,678,22
"2630",2020-09-10,7029,42.2,10452,104,105.3,1252,15
"2631",2020-09-10,7030,53.2,10928,127,124.7,648,10
"2632",2020-09-10,7033,41.1,9623,92,91,1109,15
"2633",2020-09-10,7039,44.2,11090,133,112.2,980,18
"2634",2020-09-10,7043,41.3,12452,88,121,1023,12
"2635",2020-09-10,7051,47.3,11780,99,101.6,829,13
"2636",2020-09-10,7146,26.3,5924,32,70.2,580,6
"2637",2020-09-10,7159,40.4,14710,76,83.9,778,5
"2638",2020-09-10,8015,43.3,13042,55,88.7,1239,16
"2639",2020-09-11,2074,46.2,5958,97,108.2,359,13
"2640",2020-09-11,3067,52.8,11459,50,134.7,550,8
"2641",2020-09-11,3150,41.2,8330,44,127.4,560,11
"2642",2020-09-11,4001,50.4,9816,135,101.2,610,10
"2643",2020-09-11,4072,46.5,10626,92,86.1,849,14
"2644",2020-09-11,5005,38.5,13366,38,72.5,1072,8
"2645",2020-09-11,5028,49.8,11750,42,123.6,597,6
"2646",2020-09-11,5041,48.4,16187,128,82.5,988,10
"2647",2020-09-11,5058,53.7,11287,64,120.5,1215,20
"2648",2020-09-11,5100,54.2,16345,113,121.5,622,12
"2649",2020-09-11,5120,65.3,17988,100,153.8,1359,12
"2650",2020-09-11,5124,49.2,17015,69,85.6,1259,13
"2651",2020-09-11,5133,48.7,12058,87,89.4,608,10
"2652",2020-09-11,5135,55.9,10547,77,106.1,513,12
"2653",2020-09-11,5137,43.9,9394,80,82.1,422,16
"2654",2020-09-11,5139,44.7,9705,67,94.7,380,8
"2655",2020-09-11,5140,44.1,10289,110,76.2,629,12
"2656",2020-09-11,5145,37.5,6719,85,91.6,416,10
"2657",2020-09-11,6005,52.4,14754,89,123.3,723,8
"2658",2020-09-11,6011,45.7,11914,132,137,709,10
"2659",2020-09-11,6021,54.4,13425,63,127.5,556,10
"2660",2020-09-11,6023,47.4,14199,117,99.3,453,11
"2661",2020-09-11,6028,61.8,21096,158,152.8,1618,20
"2662",2020-09-11,6030,45.5,8870,73,92.8,581,12
"2663",2020-09-11,6033,41.6,12728,94,76.9,1304,15
"2664",2020-09-11,6050,43.7,12873,82,96.4,910,13
"2665",2020-09-11,6055,47,12753,125,107.2,458,15
"2666",2020-09-11,6121,48.3,12872,74,102.5,1429,26
"2667",2020-09-11,6126,51,13270,109,113.7,2225,25
"2668",2020-09-11,6129,42,12426,62,98.9,600,12
"2669",2020-09-11,6130,49.3,15571,83,85.6,991,14
"2670",2020-09-11,6134,47.1,11523,50,113.5,892,12
"2671",2020-09-11,7010,54.7,13491,53,111.1,1016,9
"2672",2020-09-11,7018,47.5,14406,94,90.2,577,12
"2673",2020-09-11,7019,49.6,13474,71,110.5,554,8
"2674",2020-09-11,7022,48.3,16639,115,123.4,1051,18
"2675",2020-09-11,7023,46.2,13892,88,81.7,478,8
"2676",2020-09-11,7024,53.6,11394,91,100.5,673,8
"2677",2020-09-11,7027,55.2,15306,176,115.4,648,18
"2678",2020-09-11,7029,51.4,11997,102,89.6,1418,16
"2679",2020-09-11,7030,50.7,11270,118,116.1,742,8
"2680",2020-09-11,7033,41.6,9941,98,97.7,885,13
"2681",2020-09-11,7039,53.1,12275,155,96.3,750,17
"2682",2020-09-11,7043,53.8,17315,112,123.8,978,17
"2683",2020-09-11,7051,58.8,17556,119,110.8,793,13
"2684",2020-09-11,7146,41.5,14080,76,86.2,1295,17
"2685",2020-09-11,7159,41,15060,98,106.1,1215,15
"2686",2020-09-11,8015,40.2,12619,57,86.4,957,14
"2687",2020-09-12,2074,49.1,6308,107,90.1,390,10
"2688",2020-09-12,3067,50.4,11464,52,124.9,486,6
"2689",2020-09-12,3150,50.9,10214,54,106.5,468,10
"2690",2020-09-12,4001,54.6,10686,155,119.9,697,11
"2691",2020-09-12,4072,46.9,10174,86,95.8,780,18
"2692",2020-09-12,5005,47.8,15071,24,44.9,525,6
"2693",2020-09-12,5028,56.8,13009,42,150,832,8
"2694",2020-09-12,5041,38,12875,96,89.8,1108,13
"2695",2020-09-12,5058,62.5,13845,68,141.1,978,17
"2696",2020-09-12,5100,43.1,12509,92,116,594,17
"2697",2020-09-12,5120,52.7,14982,76,110.9,756,12
"2698",2020-09-12,5124,51,17673,99,91.3,1484,25
"2699",2020-09-12,5133,51.5,13287,86,87.2,546,7
"2700",2020-09-12,5135,58.4,12534,93,105.2,541,14
"2701",2020-09-12,5137,49.6,9117,83,92.3,423,14
"2702",2020-09-12,5139,53.7,12295,55,100.3,364,8
"2703",2020-09-12,5140,45.5,11915,110,96.6,744,12
"2704",2020-09-12,5145,53.8,10500,131,81.2,376,6
"2705",2020-09-12,6005,49.3,11761,66,106.8,429,9
"2706",2020-09-12,6011,53.2,12853,153,108,563,11
"2707",2020-09-12,6021,57.4,13958,60,134.7,531,8
"2708",2020-09-12,6023,47.6,12764,89,92.8,421,11
"2709",2020-09-12,6028,55.4,15632,105,128.6,1276,14
"2710",2020-09-12,6030,65.3,13492,93,128.2,725,10
"2711",2020-09-12,6033,45.8,13833,90,71.2,797,16
"2712",2020-09-12,6050,42.2,14663,98,98.9,836,6
"2713",2020-09-12,6055,45.5,10841,119,81,396,18
"2714",2020-09-12,6121,39.6,10355,59,81.6,1074,19
"2715",2020-09-12,6126,50.5,11689,67,90.4,2883,31
"2716",2020-09-12,6129,49.7,14851,71,118.8,466,10
"2717",2020-09-12,6130,49.2,16685,81,89.9,890,13
"2718",2020-09-12,6134,57.4,13706,71,108.1,852,12
"2719",2020-09-12,7010,47.7,12323,94,110.8,898,11
"2720",2020-09-12,7018,43.4,13226,90,102.8,712,17
"2721",2020-09-12,7019,56.9,12615,46,115,567,11
"2722",2020-09-12,7022,57.3,17809,110,133.2,1204,24
"2723",2020-09-12,7023,51.1,15313,75,98.5,592,6
"2724",2020-09-12,7024,46.2,9384,88,98.3,672,9
"2725",2020-09-12,7027,56.4,14646,156,101.4,504,11
"2726",2020-09-12,7029,51.7,11270,98,92.1,966,16
"2727",2020-09-12,7030,58.2,12760,124,126.9,598,9
"2728",2020-09-12,7033,50.7,13199,108,107.7,982,17
"2729",2020-09-12,7039,40.9,9680,121,83.7,567,9
"2730",2020-09-12,7043,47.4,14145,85,107.2,737,16
"2731",2020-09-12,7051,53.3,13568,140,117.7,1161,12
"2732",2020-09-12,7146,40.1,13153,63,69.9,1226,16
"2733",2020-09-12,7159,43.6,16185,83,74.9,780,8
"2734",2020-09-12,8015,46.1,13966,50,88.1,768,13
"2735",2020-09-13,2074,58.7,7478,79,71,343,11
"2736",2020-09-13,3067,52.6,10347,43,73,283,4
"2737",2020-09-13,3150,54.6,11212,61,111.4,499,11
"2738",2020-09-13,4001,60.7000000000001,10474,128,109.9,759,11
"2739",2020-09-13,4072,52.8,11074,86,85.8,1115,19
"2740",2020-09-13,5005,42.3,13013,22,69,874,8
"2741",2020-09-13,5028,56.8,14232,47,126.8,856,12
"2742",2020-09-13,5041,55.6,18558,109,105.2,1330,12
"2743",2020-09-13,5058,67.8,14866,86,140.1,860,12
"2744",2020-09-13,5100,51.9,16154,75,115.7,711,17
"2745",2020-09-13,5120,65.3,18354,89,167.8,1234,14
"2746",2020-09-13,5124,41.6,16077,60,77.9,1791,23
"2747",2020-09-13,5133,57.9,14967,72,117.7,754,10
"2748",2020-09-13,5135,58.8,12152,51,121.5,706,13
"2749",2020-09-13,5137,46,9689,67,73.7,408,11
"2750",2020-09-13,5139,48.3,12140,50,92.5,416,8
"2751",2020-09-13,5140,45.1,11264,84,77,777,15
"2752",2020-09-13,5145,44.2,8816,101,88.7,710,16
"2753",2020-09-13,6005,63.6,17415,55,121.4,661,11
"2754",2020-09-13,6011,51.3,14172,164,120.3,743,9
"2755",2020-09-13,6021,58,14933,42,106.8,457,12
"2756",2020-09-13,6023,47.8,13376,80,91.8,567,11
"2757",2020-09-13,6028,61.7,20086,123,126.8,1207,12
"2758",2020-09-13,6030,65.1,13356,67,115.4,707,8
"2759",2020-09-13,6033,41,13108,72,64.1,899,13
"2760",2020-09-13,6050,49.2,15918,77,88.3,923,10
"2761",2020-09-13,6055,55,13493,112,86.8,331,8
"2762",2020-09-13,6121,56.3,15281,66,101.1,1600,25
"2763",2020-09-13,6126,61.7,15780,73,91,1624,20
"2764",2020-09-13,6129,53.9,16600,62,110.6,535,10
"2765",2020-09-13,6130,47.4,14783,78,95.3,1123,13
"2766",2020-09-13,6134,56.1,13062,76,108.7,1088,13
"2767",2020-09-13,7010,56.1,13968,44,98.7,747,9
"2768",2020-09-13,7018,55.1,16399,83,92.9,819,18
"2769",2020-09-13,7019,50.9,13554,52,97.3,543,9
"2770",2020-09-13,7022,53.5,18616,77,109.4,995,27
"2771",2020-09-13,7023,50.5,16564,70,85.1,513,6
"2772",2020-09-13,7024,54.1,12077,70,87.4,632,8
"2773",2020-09-13,7027,62.4000000000001,17614,188,111.6,705,15
"2774",2020-09-13,7029,47.7,10170,78,93.9,1112,22
"2775",2020-09-13,7030,59.5,13029,152,112.1,654,13
"2776",2020-09-13,7033,47.3,12368,90,75.1,1107,21
"2777",2020-09-13,7039,58.3,13747,110,102.6,948,19
"2778",2020-09-13,7043,52.1,17268,73,116,1008,14
"2779",2020-09-13,7051,61.2,17232,111,124,1176,12
"2780",2020-09-13,7146,43.2,13563,55,71.7,973,11
"2781",2020-09-13,7159,49.4,17323,64,96.9,987,9
"2782",2020-09-13,8015,38.3,13543,43,76,793,16
"2783",2020-09-14,2074,43.4,7258,61,101.6,608,13
"2784",2020-09-14,3067,56.9,13497,47,135.8,551,9
"2785",2020-09-14,3150,53.3,12609,33,124.8,650,11
"2786",2020-09-14,4001,51.6,11183,144,116.5,928,13
"2787",2020-09-14,4072,50,10541,82,92.8,672,12
"2788",2020-09-14,5005,35.7,11972,23,68.8,1000,9
"2789",2020-09-14,5028,60,15647,56,144,707,10
"2790",2020-09-14,5041,44.7,17820,113,109,1705,15
"2791",2020-09-14,5058,56.5,12312,85,119.1,1115,18
"2792",2020-09-14,5100,43.2,14668,98,106.4,644,19
"2793",2020-09-14,5120,66.7,20090,91,137.3,948,8
"2794",2020-09-14,5124,49,18286,59,90.7,1588,22
"2795",2020-09-14,5133,41.5,11450,80,85.9,902,10
"2796",2020-09-14,5135,59.5,15002,142,104.4,680,12
"2797",2020-09-14,5137,49.1,10734,83,94.5,490,12
"2798",2020-09-14,5139,48.3,12181,39,82.2,485,8
"2799",2020-09-14,5140,48.3,12981,113,80.2,916,11
"2800",2020-09-14,5145,50,9671,117,109.6,539,11
"2801",2020-09-14,6005,52.8,14969,75,114.7,671,7
"2802",2020-09-14,6011,57.3,15752,189,124.3,716,11
"2803",2020-09-14,6021,55.6,14896,54,124.3,584,10
"2804",2020-09-14,6023,48.4,16246,92,88.7,427,12
"2805",2020-09-14,6028,60.8,18236,105,125.2,1296,14
"2806",2020-09-14,6030,60.2,12876,78,124.1,703,9
"2807",2020-09-14,6033,42.2,14002,92,76.2,940,17
"2808",2020-09-14,6050,52.1,17974,87,108.9,1207,16
"2809",2020-09-14,6055,51.2,15343,120,99.6,430,8
"2810",2020-09-14,6121,49.2,14176,56,107.2,2023,29
"2811",2020-09-14,6126,53.1,14760,70,118.8,2331,23
"2812",2020-09-14,6129,48.7,16094,69,121,415,9
"2813",2020-09-14,6130,47.3,17482,93,95.1,985,10
"2814",2020-09-14,6134,56.1,13944,71,119,1165,10
"2815",2020-09-14,7010,52.8,14716,64,107,896,10
"2816",2020-09-14,7018,40.2,13086,70,79.6,519,11
"2817",2020-09-14,7019,52.4,14422,64,107.6,616,11
"2818",2020-09-14,7022,54.2,17078,80,122.9,975,27
"2819",2020-09-14,7023,48.7,17190,77,80.1,464,7
"2820",2020-09-14,7024,55.5,12332,69,101.7,835,10
"2821",2020-09-14,7027,61.4,15728,190,112,709,15
"2822",2020-09-14,7029,50.3,13961,101,82.3,950,19
"2823",2020-09-14,7030,51.4,11751,135,106.8,713,10
"2824",2020-09-14,7033,47.3,12555,98,94.5,857,12
"2825",2020-09-14,7039,51.4,13156,135,95.1,798,13
"2826",2020-09-14,7043,51.7,15157,69,108.3,668,9
"2827",2020-09-14,7051,56.2,15660,101,113.2,879,13
"2828",2020-09-14,7146,42.4,14406,92,78.5,1610,14
"2829",2020-09-14,7159,38.9,14515,59,69.8,681,7
"2830",2020-09-14,8015,52.2,17374,61,91.6,797,13
"2831",2020-09-15,2074,58.4,8824,93,91.1,406,11
"2832",2020-09-15,3067,55.1,12895,63,109.6,380,7
"2833",2020-09-15,3150,47.4,11166,48,119.1,640,11
"2834",2020-09-15,4001,62.6,10164,126,105.7,667,15
"2835",2020-09-15,4072,51.3,9930,74,98.7,756,16
"2836",2020-09-15,5005,41.1,14200,29,69.8,868,8
"2837",2020-09-15,5028,59.5,14034,50,135,960,15
"2838",2020-09-15,5041,46.4,18369,97,96.2,1348,10
"2839",2020-09-15,5058,61.2,13570,87,143.3,1158,20
"2840",2020-09-15,5100,43.1,12798,103,109.8,709,11
"2841",2020-09-15,5120,46.3,8491,53,121.3,756,11
"2842",2020-09-15,5124,51,17396,64,93.7,1340,25
"2843",2020-09-15,5133,62.2,14110,107,110.7,724,12
"2844",2020-09-15,5135,56.5,11228,71,106.8,764,13
"2845",2020-09-15,5137,49.9,10986,91,106.8,556,16
"2846",2020-09-15,5139,53.3,12920,62,115.1,556,7
"2847",2020-09-15,5140,44.7,11097,101,80.4,576,11
"2848",2020-09-15,5145,50.7,8842,114,89.8,486,10
"2849",2020-09-15,6005,55.4,14324,91,113,630,11
"2850",2020-09-15,6011,47.4,10463,152,103.4,445,6
"2851",2020-09-15,6021,64.8,16113,68,126.7,514,9
"2852",2020-09-15,6023,52.1,15595,108,99.2,407,12
"2853",2020-09-15,6028,66.9,16627,98,134.4,1139,10
"2854",2020-09-15,6030,62.8,13601,78,126.2,753,13
"2855",2020-09-15,6033,41.2,14290,70,80.4,1392,17
"2856",2020-09-15,6050,48.8,16459,91,108.6,1355,12
"2857",2020-09-15,6055,50,15037,106,97.9,395,12
"2858",2020-09-15,6121,48.3,16506,71,116.4,2050,30
"2859",2020-09-15,6126,55.6,14593,90,102.9,2382,19
"2860",2020-09-15,6129,52.3,17711,93,126.8,525,8
"2861",2020-09-15,6130,47.8,16686,90,98.7,1059,12
"2862",2020-09-15,6134,53.5,12049,84,115.4,1653,23
"2863",2020-09-15,7010,43.1,9744,42,99.8,925,9
"2864",2020-09-15,7018,51.1,16764,105,95,598,14
"2865",2020-09-15,7019,54.4,14185,77,111,487,12
"2866",2020-09-15,7022,52.9,17919,95,103.4,782,23
"2867",2020-09-15,7023,48.2,16149,92,108.6,676,8
"2868",2020-09-15,7024,49.5,11293,80,102.5,832,10
"2869",2020-09-15,7027,51.6,12680,156,99.8,592,14
"2870",2020-09-15,7029,65.5,13480,104,116.3,1134,23
"2871",2020-09-15,7030,61.5,12773,159,136.6,885,11
"2872",2020-09-15,7033,51.5,14044,104,101.1,949,16
"2873",2020-09-15,7039,48.8,11781,124,99.5,920,11
"2874",2020-09-15,7043,52,16324,76,125.6,790,13
"2875",2020-09-15,7051,55.6,15169,84,116.4,921,13
"2876",2020-09-15,7146,61.7,15416,100,94.1,1865,16
"2877",2020-09-15,7159,45.9,18462,92,94,1086,9
"2878",2020-09-15,8015,33.7,12303,35,79.5,827,12
"2879",2020-09-16,2074,52.8,9043,105,85,398,13
"2880",2020-09-16,3067,41.5,8846,46,83.3,263,4
"2881",2020-09-16,3150,51.7,13225,37,121.6,594,10
"2882",2020-09-16,4001,52.7,10294,150,102,683,9
"2883",2020-09-16,4072,52.2,11330,96,103.7,823,14
"2884",2020-09-16,5005,41.5,14344,23,72.7,1000,9
"2885",2020-09-16,5028,57.5,14280,37,128.4,743,10
"2886",2020-09-16,5041,44.7,17695,98,95.7,1514,10
"2887",2020-09-16,5058,59.9,12454,78,129.2,752,18
"2888",2020-09-16,5100,43.5,14478,108,114,569,13
"2889",2020-09-16,5120,57.5,16924,95,134.9,828,9
"2890",2020-09-16,5124,46.6,18136,77,91.1,1262,15
"2891",2020-09-16,5133,41,11201,80,115.5,667,14
"2892",2020-09-16,5135,55.3,13091,79,104.7,564,8
"2893",2020-09-16,5137,35.9,8092,67,75.1,436,10
"2894",2020-09-16,5139,45,11618,54,99,539,6
"2895",2020-09-16,5140,42,11871,91,82.1,721,10
"2896",2020-09-16,5145,44.7,8066,91,89.8,384,8
"2897",2020-09-16,6005,45.8,14428,100,115.1,659,9
"2898",2020-09-16,6011,52.9,13914,180,121,579,10
"2899",2020-09-16,6021,57.3,14654,73,121.9,476,8
"2900",2020-09-16,6023,50.3,17098,122,109.8,512,10
"2901",2020-09-16,6028,57.7,18558,103,141.6,1385,11
"2902",2020-09-16,6030,57.6,11769,69,105,535,5
"2903",2020-09-16,6033,41.9,15249,98,76.7,1206,14
"2904",2020-09-16,6050,45.3,15776,86,97.2,1200,9
"2905",2020-09-16,6055,53,15878,116,101.6,445,14
"2906",2020-09-16,6121,45.6,13864,67,83.1,1209,24
"2907",2020-09-16,6126,57.4,16436,71,112,2686,22
"2908",2020-09-16,6129,45.4,14232,64,98.9,482,8
"2909",2020-09-16,6130,46.1,16236,99,95.5,876,6
"2910",2020-09-16,6134,54.9,13437,81,122.9,991,11
"2911",2020-09-16,7010,50.8,13719,62,110,916,8
"2912",2020-09-16,7018,42,15401,94,79.5,500,14
"2913",2020-09-16,7019,52.4,14989,79,114.9,632,8
"2914",2020-09-16,7022,54,18801,115,120.3,1152,28
"2915",2020-09-16,7023,42.4,14460,70,75.9,594,10
"2916",2020-09-16,7024,51.8,12321,72,95.1,797,9
"2917",2020-09-16,7027,60.9,14936,176,105.8,550,14
"2918",2020-09-16,7029,46.9,12182,91,80.7,729,17
"2919",2020-09-16,7030,44.7,9669,114,100.2,611,10
"2920",2020-09-16,7033,43.6,11712,82,79.2,829,14
"2921",2020-09-16,7039,46.1,12531,121,94.2,1029,17
"2922",2020-09-16,7043,46.3,14126,66,119.2,1172,13
"2923",2020-09-16,7051,55.6,15707,92,108.3,1019,12
"2924",2020-09-16,7146,42.8,15711,103,85.4,1566,13
"2925",2020-09-16,7159,43.5,17774,71,78.1,945,15
"2926",2020-09-16,8015,46.8,17396,48,84,765,10
"2927",2020-09-17,2074,52.4,8236,84,116.4,747,14
"2928",2020-09-17,3067,62.7,14317,66,136.4,500,8
"2929",2020-09-17,3150,52.7,14962,59,136.9,697,12
"2930",2020-09-17,4001,61.6,10599,118,113.5,672,8
"2931",2020-09-17,4072,55.8,11828,96,92.9,878,14
"2932",2020-09-17,5005,45.3,15030,31,78,1024,7
"2933",2020-09-17,5028,55.8,12412,37,137.9,635,8
"2934",2020-09-17,5041,48,19009,100,115.4,1655,11
"2935",2020-09-17,5058,67.8,14939,75,135.6,1021,16
"2936",2020-09-17,5100,54,18007,135,133,756,13
"2937",2020-09-17,5120,53.6,14226,59,117.6,838,8
"2938",2020-09-17,5124,47.4,17778,76,87.9,1907,17
"2939",2020-09-17,5133,58.7,13999,86,91.1,509,8
"2940",2020-09-17,5135,62.4,14561,110,114.8,626,13
"2941",2020-09-17,5137,59.9,13342,91,93.8,530,11
"2942",2020-09-17,5139,55.2,13867,50,109.8,527,8
"2943",2020-09-17,5140,48.8,13110,116,84.2,714,9
"2944",2020-09-17,5145,42,7819,77,88.6,408,7
"2945",2020-09-17,6005,63,16955,86,117.9,563,7
"2946",2020-09-17,6011,53.4,14649,184,132.2,827,12
"2947",2020-09-17,6021,56.5,13488,54,122.2,555,10
"2948",2020-09-17,6023,46.9,16966,119,92.6,392,9
"2949",2020-09-17,6028,65,19409,100,128.5,1440,14
"2950",2020-09-17,6030,60.7,13011,91,116.5,625,8
"2951",2020-09-17,6033,43.4,14317,78,75.5,1276,18
"2952",2020-09-17,6050,49,17252,92,107.7,1519,15
"2953",2020-09-17,6055,49.2,14514,65,82.7,335,10
"2954",2020-09-17,6121,48.3,14410,60,109.6,1844,22
"2955",2020-09-17,6126,55.3,14127,81,107.7,1985,25
"2956",2020-09-17,6129,46.6,13998,65,113.9,405,7
"2957",2020-09-17,6130,47.6,16435,94,94.9,874,10
"2958",2020-09-17,6134,53.2,12049,59,113.2,883,12
"2959",2020-09-17,7010,52.9,14319,67,106.7,1036,12
"2960",2020-09-17,7018,48,17488,103,97.7,654,16
"2961",2020-09-17,7019,46,12312,57,116.9,598,10
"2962",2020-09-17,7022,50.6,17565,115,111.3,1110,20
"2963",2020-09-17,7023,54.6,15163,83,99.3,658,8
"2964",2020-09-17,7024,56.4,13504,85,112.7,1006,15
"2965",2020-09-17,7027,68.4,18073,229,118.6,822,19
"2966",2020-09-17,7029,56.8,13407,106,100.1,927,18
"2967",2020-09-17,7030,62.6,14042,145,109.2,524,9
"2968",2020-09-17,7033,56.2,14130,100,112.7,1109,18
"2969",2020-09-17,7039,51.5,13722,131,91.8,901,16
"2970",2020-09-17,7043,51.5,16323,78,115.9,1007,13
"2971",2020-09-17,7051,57.8,15423,80,131,792,12
"2972",2020-09-17,7146,42.9,13976,77,67.2,1530,17
"2973",2020-09-17,7159,43.2,16481,72,94,847,8
"2974",2020-09-17,8015,16,8737,39,42.3,1014,23
"2975",2020-09-18,2074,55.8000000000001,10293,82,85.4,401,12
"2976",2020-09-18,3067,48.9,11644,36,111.1,421,6
"2977",2020-09-18,3150,52.7,14812,44,125.4,707,12
"2978",2020-09-18,4001,49.5,9828,117,89,514,10
"2979",2020-09-18,4072,46.2,10305,81,96.7,1298,20
"2980",2020-09-18,5005,39.8,14270,24,57.1,767,6
"2981",2020-09-18,5028,61.7,13749,62,138.3,842,10
"2982",2020-09-18,5041,41.7,16641,105,101.6,1599,13
"2983",2020-09-18,5058,59.7,13061,89,130.6,920,20
"2984",2020-09-18,5100,44.7,14554,115,102.8,577,13
"2985",2020-09-18,5120,63.1,18286,91,142.2,1326,17
"2986",2020-09-18,5124,44.9,16428,104,79.7,1392,25
"2987",2020-09-18,5133,48.4,13393,88,97.3,545,7
"2988",2020-09-18,5135,62.2,14292,83,129.1,842,13
"2989",2020-09-18,5137,42,8957,98,88.8,487,12
"2990",2020-09-18,5139,44.1,11276,50,98.7,676,9
"2991",2020-09-18,5140,49.8,13618,130,97.9,1032,14
"2992",2020-09-18,5145,54.1,10327,98,99.9,422,11
"2993",2020-09-18,6005,50,13726,71,117.5,910,9
"2994",2020-09-18,6011,57.3,15551,161,155.3,777,12
"2995",2020-09-18,6021,55.5,11133,68,108.5,342,7
"2996",2020-09-18,6023,47.4,15973,81,92.5,448,10
"2997",2020-09-18,6028,46.8,15561,80,111.9,1577,11
"2998",2020-09-18,6030,54.6,11952,83,115.8,738,11
"2999",2020-09-18,6033,36.1,12977,74,59.1,1291,14
"3000",2020-09-18,6050,44.1,13755,65,97.2,963,6
"3001",2020-09-18,6055,47.1,13491,96,99.2,463,14
"3002",2020-09-18,6121,48.3,14835,49,103.6,2055,32
"3003",2020-09-18,6126,51.4,14917,58,101.2,2443,26
"3004",2020-09-18,6129,53.8,17862,62,121.1,644,8
"3005",2020-09-18,6130,51.1,17894,101,103.8,1374,13
"3006",2020-09-18,6134,45.8,10981,47,96.8,751,8
"3007",2020-09-18,7010,51.9,13552,60,100.9,1161,10
"3008",2020-09-18,7018,47.1,16562,90,101.1,600,14
"3009",2020-09-18,7019,43.4,12819,48,106,829,11
"3010",2020-09-18,7022,43.7,17170,68,92.1,897,19
"3011",2020-09-18,7023,47.9,16688,81,82.9,610,11
"3012",2020-09-18,7024,48.2,11437,59,97.9,911,8
"3013",2020-09-18,7027,59.8,15299,170,114,802,16
"3014",2020-09-18,7029,47.3,10789,74,92.9,1159,16
"3015",2020-09-18,7030,51.6,12261,130,120,660,12
"3016",2020-09-18,7033,47,12509,75,97.2,1018,19
"3017",2020-09-18,7039,44.9,11477,89,86.9,847,20
"3018",2020-09-18,7043,49.1,15708,63,122.8,869,13
"3019",2020-09-18,7051,51.7,14274,75,108.6,917,15
"3020",2020-09-18,7146,45.4,14290,76,90.9,1942,20
"3021",2020-09-18,7159,43.9,18699,67,90.1,1131,10
"3022",2020-09-18,8015,32.5,13929,50,56.5,797,11
"3023",2020-09-19,2074,48.8,8579,51,86.2,434,13
"3024",2020-09-19,3067,56.4,12139,53,109,468,9
"3025",2020-09-19,3150,48.3,10467,44,109.2,600,13
"3026",2020-09-19,4001,58.2,11035,119,127.5,739,11
"3027",2020-09-19,4072,58.2,14632,80,105.3,1180,20
"3028",2020-09-19,5005,38.1,11005,18,66.6,710,7
"3029",2020-09-19,5028,43.7,8553,42,120.9,558,11
"3030",2020-09-19,5041,58.2,20017,134,103.5,1370,14
"3031",2020-09-19,5058,53.3,11676,65,119,857,17
"3032",2020-09-19,5100,46.3,12960,78,111,588,11
"3033",2020-09-19,5120,59.8,16843,88,123.3,1157,12
"3034",2020-09-19,5124,46.4,16792,61,93.9,2224,26
"3035",2020-09-19,5133,54.3,15154,77,123.6,920,9
"3036",2020-09-19,5135,61,13472,68,135.5,749,14
"3037",2020-09-19,5137,51,11595,103,85.3,487,13
"3038",2020-09-19,5139,50.4,12971,42,102,666,10
"3039",2020-09-19,5140,45.1,12109,95,81.3,772,13
"3040",2020-09-19,5145,49.5,9761,101,108.3,518,8
"3041",2020-09-19,6005,51.5,13164,59,118.5,737,9
"3042",2020-09-19,6011,49.2,12062,141,105.3,556,9
"3043",2020-09-19,6021,47.9,10224,41,104.5,441,9
"3044",2020-09-19,6023,48.2,14820,61,98.7,389,9
"3045",2020-09-19,6028,63.8,16711,90,133,1330,16
"3046",2020-09-19,6030,56.3,11380,66,119.6,663,9
"3047",2020-09-19,6033,40.7,14683,81,69.5,1230,15
"3048",2020-09-19,6050,52.7,17853,88,116,1242,10
"3049",2020-09-19,6055,55.6,15553,124,101.7,473,17
"3050",2020-09-19,6121,52.3,15277,63,114.7,1847,33
"3051",2020-09-19,6126,53.3,14876,61,96.4,1900,28
"3052",2020-09-19,6129,50.4,15461,49,120.7,549,9
"3053",2020-09-19,6130,49.7,16627,94,95.1,859,14
"3054",2020-09-19,6134,61,13755,66,115.3,1047,14
"3055",2020-09-19,7010,53.4,13885,70,107.2,1192,16
"3056",2020-09-19,7018,44.7,14160,73,87.7,574,12
"3057",2020-09-19,7019,46.1,13465,59,105.2,636,11
"3058",2020-09-19,7022,59.7,21464,93,133.1,1473,28
"3059",2020-09-19,7023,41,12122,45,87.3,472,7
"3060",2020-09-19,7024,56.1,12759,58,111.3,1232,13
"3061",2020-09-19,7027,54.4,14710,169,100.1,696,15
"3062",2020-09-19,7029,48.4,11414,81,79.7,925,16
"3063",2020-09-19,7030,51.1,11314,134,101.4,454,11
"3064",2020-09-19,7033,45,12417,79,98.3,1089,15
"3065",2020-09-19,7039,48.1,12438,90,86.2,883,13
"3066",2020-09-19,7043,43.1,12977,52,100,793,8
"3067",2020-09-19,7051,54.2,14937,75,108.1,1223,20
"3068",2020-09-19,7146,39,12111,64,58.2,875,10
"3069",2020-09-19,7159,43,16746,64,93.7,1106,12
"3070",2020-09-19,8015,27.6,10060,30,48.2,586,10
"3071",2020-09-20,2074,42.6,7897,50,85,416,15
"3072",2020-09-20,3067,41,8777,23,88.8,315,6
"3073",2020-09-20,3150,43.5,8617,34,116.6,534,13
"3074",2020-09-20,4001,47.6,8019,96,88.6,455,10
"3075",2020-09-20,4072,50.8,11030,76,99.7,965,14
"3076",2020-09-20,5005,45.4,13892,26,73.1,838,8
"3077",2020-09-20,5028,67.8,15833,62,170.5,746,9
"3078",2020-09-20,5041,47.1,15180,93,108.7,1589,14
"3079",2020-09-20,5058,72.2,16208,69,153.2,917,19
"3080",2020-09-20,5100,42.5,9225,80,113.4,490,14
"3081",2020-09-20,5120,54.2,14202,63,124,1121,11
"3082",2020-09-20,5124,43.5,15305,55,94.5,1699,21
"3083",2020-09-20,5133,45.2,11427,75,96,1081,13
"3084",2020-09-20,5135,63.2,13299,74,113.9,704,13
"3085",2020-09-20,5137,37.6,7308,48,81.4,347,9
"3086",2020-09-20,5139,45.5,11354,37,95.5,490,8
"3087",2020-09-20,5140,47.7,11911,94,83.7,767,15
"3088",2020-09-20,5145,45.9,7647,94,93.6,529,8
"3089",2020-09-20,6005,54.9,14032,75,120.1,612,10
"3090",2020-09-20,6011,59.1,15657,150,135.6,770,14
"3091",2020-09-20,6021,54.9,11284,38,131.3,556,11
"3092",2020-09-20,6023,44.5,14917,75,83.2,416,6
"3093",2020-09-20,6028,64.3,17201,93,143.7,1665,16
"3094",2020-09-20,6030,68.8,12825,87,109.3,716,11
"3095",2020-09-20,6033,44,14767,72,79.1,1252,12
"3096",2020-09-20,6050,51.4,14858,58,107,1363,14
"3097",2020-09-20,6055,42.4,9426,78,84.7,437,10
"3098",2020-09-20,6121,51.9,14428,52,100.6,1717,24
"3099",2020-09-20,6126,52,14777,45,104.1,2157,25
"3100",2020-09-20,6129,52.7,15163,53,119.3,553,9
"3101",2020-09-20,6130,47.4,14735,68,88.3,999,11
"3102",2020-09-20,6134,49.5,10550,51,102.1,984,12
"3103",2020-09-20,7010,49.9,11898,40,102,991,12
"3104",2020-09-20,7018,47.6,15142,71,94.1,739,15
"3105",2020-09-20,7019,44.3,12846,60,98.7,588,10
"3106",2020-09-20,7022,31.4,11246,40,67.7,677,10
"3107",2020-09-20,7023,52.8,16794,71,100.3,776,12
"3108",2020-09-20,7024,51.9,11668,59,89.6,959,9
"3109",2020-09-20,7027,68.5,15319,203,126.6,720,19
"3110",2020-09-20,7029,57.6,11981,75,112.7,956,17
"3111",2020-09-20,7030,56.7,12619,141,119,737,10
"3112",2020-09-20,7033,53.5,13857,82,97.5,902,13
"3113",2020-09-20,7039,48.6,12111,96,90.9,909,12
"3114",2020-09-20,7043,54.7,16141,57,123.6,1053,21
"3115",2020-09-20,7051,53.4,13716,53,121,803,11
"3116",2020-09-20,7146,48.7,14748,59,85.4,1280,16
"3117",2020-09-20,8015,39.2,13601,32,80,889,15
"3118",2020-09-21,2074,56.5,10530,56,105.9,589,15
"3119",2020-09-21,3067,60.7,12862,37,128.9,512,7
"3120",2020-09-21,3150,49.8,11618,30,126.7,639,10
"3121",2020-09-21,4001,54,10760,98,112.3,779,9
"3122",2020-09-21,4072,51.7,12302,84,101.4,1143,17
"3123",2020-09-21,5005,41.2,12923,15,69,940,8
"3124",2020-09-21,5028,51.5,12179,42,132.7,644,8
"3125",2020-09-21,5041,51.4,17170,89,108.1,1650,18
"3126",2020-09-21,5058,59.2,13313,87,124.5,643,15
"3127",2020-09-21,5100,49.4,12926,85,97.3,555,16
"3128",2020-09-21,5120,58.8,17584,67,135.8,1251,12
"3129",2020-09-21,5124,44.1,14302,67,85.1,2010,27
"3130",2020-09-21,5133,49.2,11129,74,94.5,727,11
"3131",2020-09-21,5135,54.9,10524,64,112.8,689,14
"3132",2020-09-21,5137,52.2,10124,69,93.9,485,12
"3133",2020-09-21,5139,50.2,12497,33,108.9,795,12
"3134",2020-09-21,5140,37.8,9228,74,74.3,616,12
"3135",2020-09-21,5145,51.9,9624,106,109.5,819,15
"3136",2020-09-21,6005,49.4,13204,60,109.8,648,8
"3137",2020-09-21,6011,52.1,13789,151,125.5,726,12
"3138",2020-09-21,6021,61,12665,40,130.6,546,9
"3139",2020-09-21,6023,48.8,16855,84,94.6,486,9
"3140",2020-09-21,6028,56.1,15144,59,126.8,1134,11
"3141",2020-09-21,6030,61.6,13333,73,124.7,851,12
"3142",2020-09-21,6033,37.2,13581,76,67.7,949,14
"3143",2020-09-21,6050,39.8,11074,55,93.7,1199,10
"3144",2020-09-21,6055,50.9,12175,95,101.4,511,17
"3145",2020-09-21,6121,38.1,10742,39,93.4,1774,23
"3146",2020-09-21,6126,52.7,13481,63,98.1,1991,26
"3147",2020-09-21,6129,49,13613,45,113.8,398,9
"3148",2020-09-21,6130,41,13357,61,88.8,1223,14
"3149",2020-09-21,6134,51.6,10747,52,104.4,970,9
"3150",2020-09-21,7010,52.5,13008,44,106.2,1077,14
"3151",2020-09-21,7018,47.8,16223,71,86.4,784,15
"3152",2020-09-21,7019,31.4,9457,50,99.8,468,7
"3153",2020-09-21,7022,50.8,17279,62,124.2,1485,26
"3154",2020-09-21,7023,45.2,14196,57,95.3,521,8
"3155",2020-09-21,7024,51.2,11774,56,105.4,1123,8
"3156",2020-09-21,7027,54.5,13117,179,108.8,842,13
"3157",2020-09-21,7029,45.2,10455,66,91.2,1232,13
"3158",2020-09-21,7030,56.7,11409,139,117.2,691,11
"3159",2020-09-21,7033,46.4,12622,83,105,1284,15
"3160",2020-09-21,7039,48.1,12851,99,106.8,1165,16
"3161",2020-09-21,7043,44,13539,42,119.7,1314,14
"3162",2020-09-21,7051,58.2,14445,72,115.7,831,12
"3163",2020-09-21,7146,40.4,12627,65,77.3,2182,23
"3164",2020-09-21,8015,32.2,10735,26,65.2,578,12
"3165",2020-09-22,2074,48,9697,50,85,430,10
"3166",2020-09-22,3067,42.7,8242,30,92.5,324,5
"3167",2020-09-22,3150,47.1,12208,43,123,844,12
"3168",2020-09-22,4001,49.9,9158,97,97.2,605,6
"3169",2020-09-22,4072,41.1,9310,73,87.7,791,11
"3170",2020-09-22,5005,36.6,13418,27,67.7,956,9
"3171",2020-09-22,5028,58.4,14137,48,135.3,931,13
"3172",2020-09-22,5041,53.6,18572,111,122.5,1607,12
"3173",2020-09-22,5058,59.3,12911,88,139.1,1161,17
"3174",2020-09-22,5100,44,13679,101,124.6,695,14
"3175",2020-09-22,5120,62.1,15514,57,133.9,1073,11
"3176",2020-09-22,5124,48,16901,67,86.8,1812,23
"3177",2020-09-22,5133,58.4,14094,71,119.1,940,7
"3178",2020-09-22,5135,52.7,11124,69,106.1,787,19
"3179",2020-09-22,5137,41.8,8814,50,88.1,436,9
"3180",2020-09-22,5139,47.6,11615,36,110.1,676,9
"3181",2020-09-22,5140,51.8,13023,109,86.4,818,12
"3182",2020-09-22,5145,44.4,8550,71,102.4,669,8
"3183",2020-09-22,6005,52.4,13738,75,113.9,742,7
"3184",2020-09-22,6011,56.1,14505,186,153.4,966,15
"3185",2020-09-22,6021,43.1,9104,48,97.5,469,10
"3186",2020-09-22,6023,43.2,14267,71,96.3,477,9
"3187",2020-09-22,6028,61,17856,109,142.2,1453,10
"3188",2020-09-22,6030,55.8,10533,79,115.4,719,6
"3189",2020-09-22,6033,37.8,12718,78,75.4,1113,13
"3190",2020-09-22,6050,48.2,13576,71,101.2,1227,11
"3191",2020-09-22,6055,44,10131,89,87.1,431,14
"3192",2020-09-22,6121,52.4,14573,53,98.8,1815,25
"3193",2020-09-22,6126,48.8,13623,56,99.5,1765,20
"3194",2020-09-22,6129,47.3,13250,59,122.9,496,9
"3195",2020-09-22,6130,56,18512,98,109.2,1307,18
"3196",2020-09-22,6134,52.5,12450,62,112.3,2293,20
"3197",2020-09-22,7010,51.8,12959,41,106.8,1202,7
"3198",2020-09-22,7018,39.9,13441,75,91.3,695,14
"3199",2020-09-22,7019,21.1,6210,33,66,395,7
"3200",2020-09-22,7022,58.5,17739,64,125.5,1048,23
"3201",2020-09-22,7023,43.5,14512,72,80.3,440,5
"3202",2020-09-22,7024,54.4,12663,77,103.6,1178,10
"3203",2020-09-22,7027,61,14825,193,112.5,662,15
"3204",2020-09-22,7029,51.4,11859,71,109.1,1378,18
"3205",2020-09-22,7030,53.8,11081,134,117.3,754,10
"3206",2020-09-22,7033,49,13283,83,91.1,1057,15
"3207",2020-09-22,7039,45.4,11136,91,78.3,768,11
"3208",2020-09-22,7043,54.6,16015,68,117.1,751,14
"3209",2020-09-22,7051,55.8,15832,71,114.7,1109,14
"3210",2020-09-22,7146,47.7,15491,83,89.3,1764,23
"3211",2020-09-22,8015,38,12022,28,78,691,11
"3212",2020-09-23,2074,53.6,10382,65,108.1,653,18
"3213",2020-09-23,3067,22,4391,11,41.7,157,2
"3214",2020-09-23,3150,53.7,14576,44,121.6,646,9
"3215",2020-09-23,4001,55.6,11013,127,109.3,734,12
"3216",2020-09-23,4072,56.9,13525,110,118.7,1087,12
"3217",2020-09-23,5005,42.7,16073,46,63.5,1027,9
"3218",2020-09-23,5028,63,16006,58,165.5,939,10
"3219",2020-09-23,5041,54.7,18960,111,124.5,1950,14
"3220",2020-09-23,5042,20.7,3749,43,40.5,174,4
"3221",2020-09-23,5058,59.3,13180,75,122.4,584,12
"3222",2020-09-23,5100,52.3,17093,96,117.9,659,12
"3223",2020-09-23,5120,61.3,17813,66,139,1318,12
"3224",2020-09-23,5124,47.3000000000001,16451,82,87.2,1678,24
"3225",2020-09-23,5133,54.6,15310,97,122.4,1020,10
"3226",2020-09-23,5135,62.5,13543,88,128.5,658,11
"3227",2020-09-23,5137,49.1,10065,75,95.9,522,14
"3228",2020-09-23,5139,53.1,12986,51,96.7,719,8
"3229",2020-09-23,5140,44.6,12017,109,86.5,792,10
"3230",2020-09-23,5145,47.7,9126,103,93,540,9
"3231",2020-09-23,6005,49.5,12785,72,124.2,728,10
"3232",2020-09-23,6011,57.6,14682,203,123.8,743,11
"3233",2020-09-23,6021,30.2,7483,34,68.7,258,4
"3234",2020-09-23,6023,19.1,5794,27,32.9,153,3
"3235",2020-09-23,6027,26.1,4565,66,42.7,166,5
"3236",2020-09-23,6028,59.3,15930,75,126.1,1218,11
"3237",2020-09-23,6030,64,13786,108,119.7,635,11
"3238",2020-09-23,6033,47.5,16422,94,85.6,1040,15
"3239",2020-09-23,6047,13.9,2263,31,23.2,142,6
"3240",2020-09-23,6050,58.4,16798,79,126.4,1488,12
"3241",2020-09-23,6055,53.5,14561,95,104.1,424,14
"3242",2020-09-23,6069,24.5,3972,50,30.2,214,5
"3243",2020-09-23,6090,20.8,2775,63,51,270,8
"3244",2020-09-23,6121,49.1,15288,56,105.8,1990,25
"3245",2020-09-23,6126,58.2,15508,78,120.6,2462,29
"3246",2020-09-23,6129,54.9,17325,66,131.1,458,10
"3247",2020-09-23,6130,47.9,14742,78,92.2,1435,21
"3248",2020-09-23,6134,56.6,13025,94,128.2,1400,15
"3249",2020-09-23,7010,52.8,13567,66,101.9,910,8
"3250",2020-09-23,7018,52.4,17525,93,104,781,17
"3251",2020-09-23,7019,20.4,5863,38,74.5,461,8
"3252",2020-09-23,7022,49,15783,64,121.2,1211,24
"3253",2020-09-23,7023,55.5,16831,82,114.7,533,11
"3254",2020-09-23,7024,56.3,13392,62,115.6,1515,12
"3255",2020-09-23,7027,63.3,16646,190,123.9,849,21
"3256",2020-09-23,7029,9.6,3132,17,32.1,633,6
"3257",2020-09-23,7030,58.2,12744,122,119.5,793,10
"3258",2020-09-23,7033,48.5,12265,89,103.7,1164,14
"3259",2020-09-23,7039,53.9,14253,114,110.1,1103,15
"3260",2020-09-23,7043,49.8,16296,77,111.2,986,13
"3261",2020-09-23,7051,56.7,17308,94,132.6,1106,16
"3262",2020-09-23,7146,16.5,5760,29,33.3,578,6
"3263",2020-09-23,8015,32.6,11334,34,71.9,840,14
"3264",2020-09-24,2074,52,10449,57,88.1,429,14
"3265",2020-09-24,3150,50.3,14777,56,127.1,854,10
"3266",2020-09-24,4001,64.3,12873,172,126.3,823,15
"3267",2020-09-24,4072,55.8,13890,96,104.8,984,19
"3268",2020-09-24,5005,38,13864,36,66.4,784,6
"3269",2020-09-24,5028,52.1,12787,52,145.2,741,9
"3270",2020-09-24,5041,51.1,18115,117,113.8,1762,12
"3271",2020-09-24,5042,65.1,12798,122,113.1,890,14
"3272",2020-09-24,5058,65.8,15376,103,146.6,787,15
"3273",2020-09-24,5100,56.4000000000001,18484,128,123.5,721,14
"3274",2020-09-24,5120,58.5,17986,89,133.3,1246,12
"3275",2020-09-24,5124,53.3,20273,92,101.5,1843,21
"3276",2020-09-24,5133,45.9,13015,80,95.4,854,9
"3277",2020-09-24,5135,58.1,13275,69,122.2,720,11
"3278",2020-09-24,5137,49.1,11089,81,83.8,449,14
"3279",2020-09-24,5139,51.5,14168,51,111.2,688,10
"3280",2020-09-24,5140,46.2,12873,110,84.7,824,12
"3281",2020-09-24,5145,52.7,9667,126,115.1,576,14
"3282",2020-09-24,6005,58.8,16413,96,129.9,804,12
"3283",2020-09-24,6011,54.2,14906,167,127.1,829,14
"3284",2020-09-24,6027,54.8,15066,119,118.7,644,10
"3285",2020-09-24,6028,60.4,18432,112,132.5,1536,12
"3286",2020-09-24,6030,57.9,11392,89,128.9,738,8
"3287",2020-09-24,6033,44.8,16631,123,80,1154,13
"3288",2020-09-24,6047,47.7,12420,79,98.9,740,14
"3289",2020-09-24,6050,46.7,15000,84,107.3,1260,10
"3290",2020-09-24,6055,48,14170,103,102.3,529,12
"3291",2020-09-24,6069,55.9,11646,77,140.7,856,10
"3292",2020-09-24,6090,50,8814,98,101.5,533,13
"3293",2020-09-24,6121,48.3,13964,62,103.3,1932,21
"3294",2020-09-24,6126,55,15631,86,97.9,2151,26
"3295",2020-09-24,6129,48.1,14740,59,119.3,589,11
"3296",2020-09-24,6130,52.5,17483,97,109.2,1170,16
"3297",2020-09-24,6134,56.4,12761,68,107,2042,17
"3298",2020-09-24,7010,57.4,14089,58,113.4,918,9
"3299",2020-09-24,7018,49.9,17368,110,109.9,1139,17
"3300",2020-09-24,7019,32.8,10152,67,83.3,484,12
"3301",2020-09-24,7022,55.4,20994,92,117.2,1212,20
"3302",2020-09-24,7023,46.3,16509,75,86.2,419,6
"3303",2020-09-24,7024,51.6,13029,84,99.4,1022,10
"3304",2020-09-24,7027,65.9,15855,209,116.3,723,19
"3305",2020-09-24,7029,24.7,7770,54,50.7,1097,17
"3306",2020-09-24,7030,60.4999999999999,13674,141,120,676,13
"3307",2020-09-24,7033,50.9,13855,110,90.2,1227,14
"3308",2020-09-24,7039,51.5,14223,126,101.9,1151,15
"3309",2020-09-24,7043,44.8,14688,63,105.7,817,13
"3310",2020-09-24,7051,55.9,16587,94,120,945,10
"3311",2020-09-24,8015,49.8,17133,48,95.7,970,16
"3312",2020-09-25,2074,56.4,11282,71,119.8,550,17
"3313",2020-09-25,3150,54.7,15721,72,128.7,730,11
"3314",2020-09-25,4001,45.3,9037,90,89.5,702,16
"3315",2020-09-25,4072,49.1,10820,68,106.5,1083,21
"3316",2020-09-25,5005,42.6,14105,19,69.2,915,7
"3317",2020-09-25,5028,46.2,11667,33,99.7,612,6
"3318",2020-09-25,5041,56.6,19041,112,115.5,1526,17
"3319",2020-09-25,5042,60.6,12134,85,141.7,1079,15
"3320",2020-09-25,5058,52.8,9128,54,117,517,11
"3321",2020-09-25,5100,48.5,15745,115,123.2,828,16
"3322",2020-09-25,5120,70.9,21179,99,146.9,1328,13
"3323",2020-09-25,5124,44.1,15529,62,82.1,1625,20
"3324",2020-09-25,5133,55.4,14602,107,120.4,1198,16
"3325",2020-09-25,5135,62.2,12341,64,114.8,631,10
"3326",2020-09-25,5137,49,11255,71,102.8,601,18
"3327",2020-09-25,5139,46.7,11777,47,99.6,560,13
"3328",2020-09-25,5140,47.1,12153,88,81.1,632,8
"3329",2020-09-25,5145,50.3,9076,119,96.9,545,13
"3330",2020-09-25,6005,50.3,12735,74,101.7,716,10
"3331",2020-09-25,6011,55.3,13720,157,133.1,776,14
"3332",2020-09-25,6027,51.4,11665,112,102.8,545,12
"3333",2020-09-25,6028,62.2,16972,87,141.7,1612,15
"3334",2020-09-25,6030,72.1,14083,107,132.2,776,11
"3335",2020-09-25,6033,45.6,16871,102,82.8,1057,15
"3336",2020-09-25,6047,57.4,16624,79,119,1163,20
"3337",2020-09-25,6050,48.5,15126,84,114.9,1446,14
"3338",2020-09-25,6055,51.8,14250,111,106.4,573,16
"3339",2020-09-25,6069,64.1,15089,64,134.7,1409,14
"3340",2020-09-25,6090,53.5,9474,83,113.9,762,11
"3341",2020-09-25,6121,55.9,16140,50,115.7,2013,33
"3342",2020-09-25,6126,55.3,14638,67,115.5,2042,23
"3343",2020-09-25,6129,53.4,16652,48,125.1,531,13
"3344",2020-09-25,6130,46.6,15161,100,83.8,870,7
"3345",2020-09-25,6134,51.5,11829,76,111.2,1874,16
"3346",2020-09-25,7010,49.6,12354,47,99.7,1556,10
"3347",2020-09-25,7018,48,14954,69,97.7,682,20
"3348",2020-09-25,7019,43.8,12310,94,105.9,549,13
"3349",2020-09-25,7022,50.1,16822,80,115.2,1039,23
"3350",2020-09-25,7023,47.4,16274,73,102.3,707,6
"3351",2020-09-25,7024,56.8,13644,87,119.2,1350,12
"3352",2020-09-25,7027,61.6,15414,185,128.4,703,15
"3353",2020-09-25,7029,42.4,11084,71,84.5,962,13
"3354",2020-09-25,7030,51.1,11217,121,102.4,584,8
"3355",2020-09-25,7033,46.2,11812,92,92.7,988,15
"3356",2020-09-25,7039,51,13592,110,97.6,1035,17
"3357",2020-09-25,7043,51.1,15346,87,107,938,14
"3358",2020-09-25,7051,56.6,16378,101,133.5,1047,13
"3359",2020-09-25,8015,37.2,12755,33,71.3,751,13
"3360",2020-09-26,2074,3.9,981,7,21.7,188,3
"3361",2020-09-26,4001,10.2,2253,30,13.6,167,1
"3362",2020-09-26,5041,6.9,2648,21,20.8,409,2
"3363",2020-09-26,5042,0,0,0,6.1,200,2
"3364",2020-09-26,5100,4.1,1440,21,14.6,87,1
"3365",2020-09-26,5120,0,26,2,14.9,233,2
"3366",2020-09-26,5124,7.5,3895,24,13.8,387,5
"3367",2020-09-26,5137,4.2,925,5,4.9,48,1
"3368",2020-09-26,5145,1,312,4,20.9,83,2
"3369",2020-09-26,6005,5.8,2120,11,15.7,87,1
"3370",2020-09-26,6011,4.6,1691,18,15.6,125,2
"3371",2020-09-26,6027,3.9,1700,15,10.9,52,1
"3372",2020-09-26,6033,0,0,0,8.8,183,1
"3373",2020-09-26,6047,0,127,3,0,14,1
"3374",2020-09-26,6055,0.8,2372,33,10.1,67,1
"3375",2020-09-26,6090,5.4,1214,7,22.5,328,2
"3376",2020-09-26,6129,1.2,1207,13,13,78,2
"3377",2020-09-26,6130,5.8,2837,31,13.5,265,1
"3378",2020-09-26,7010,7,2212,13,27.9,203,2
"3379",2020-09-26,7019,5.7,2021,14,14.7,110,2
"3380",2020-09-26,7022,5.5,2818,23,14.3,168,3
"3381",2020-09-26,7023,0.9,350,2,0,0,0
"3382",2020-09-26,7024,0,218,6,0,0,0
"3383",2020-09-26,7027,2.5,1592,24,9.7,77,2
"3384",2020-09-26,7033,6.2,1650,11,17.1,136,2
"3385",2020-09-26,7043,2.5,1072,4,0,0,0
"3386",2020-09-26,7051,5.4,1553,10,19.5,133,2
"3387",2020-09-26,8015,4.6,1681,2,15,119,1
"3388",2020-09-27,2074,43.4,7762,36,78.6,412,10
"3389",2020-09-27,3150,47.3,11960,46,111.2,672,11
"3390",2020-09-27,4001,58.6,12708,115,138.5,833,14
"3391",2020-09-27,4072,57.7,11692,108,106.5,1105,17
"3392",2020-09-27,5005,41.6,10034,32,71.2,966,7
"3393",2020-09-27,5028,20.9,3880,15,79.9,349,7
"3394",2020-09-27,5041,57.8,15963,108,131.3,1627,15
"3395",2020-09-27,5042,53.7,11929,87,109.1,972,12
"3396",2020-09-27,5058,66.7,13689,89,152.8,947,20
"3397",2020-09-27,5100,40.3,12127,107,132.3,636,11
"3398",2020-09-27,5120,67.7,17533,90,169.1,1533,18
"3399",2020-09-27,5124,53,16089,69,105.1,1713,26
"3400",2020-09-27,5133,55.6,13398,107,123.1,1001,13
"3401",2020-09-27,5135,59.5,11884,73,122.6,712,15
"3402",2020-09-27,5137,43.6,10283,78,98.8,565,16
"3403",2020-09-27,5139,42.9,10700,46,104.8,703,9
"3404",2020-09-27,5140,45.9,10537,106,90.5,810,14
"3405",2020-09-27,5145,39.3,6477,89,80,320,7
"3406",2020-09-27,6005,63.6,14085,86,132.8,760,10
"3407",2020-09-27,6011,52.7,12881,156,156.8,961,18
"3408",2020-09-27,6027,55.4,12142,120,125,607,14
"3409",2020-09-27,6028,62.2,16200,117,142.7,1338,14
"3410",2020-09-27,6030,45.5,8343,87,120.1,763,8
"3411",2020-09-27,6033,48.5,15116,104,82.5,1009,16
"3412",2020-09-27,6047,53.7,15514,73,110.4,1135,16
"3413",2020-09-27,6050,61,15292,84,120.3,1336,14
"3414",2020-09-27,6055,55.4,13429,116,121.5,456,12
"3415",2020-09-27,6069,62.9,15058,83,144.2,1576,11
"3416",2020-09-27,6090,56.2,9279,87,103.5,577,10
"3417",2020-09-27,6121,54.8,15058,75,109.3,2070,30
"3418",2020-09-27,6126,57,13861,68,110.1,2337,25
"3419",2020-09-27,6129,53.4,14470,57,116,537,8
"3420",2020-09-27,6130,50.2,13010,87,85.6,832,14
"3421",2020-09-27,6134,53.8,10250,75,123.8,1248,13
"3422",2020-09-27,7010,36.4,8460,33,78.8,714,7
"3423",2020-09-27,7018,47.3,13866,94,99,773,16
"3424",2020-09-27,7019,51.5,14573,100,139.4,572,12
"3425",2020-09-27,7022,52,14690,70,131,1163,28
"3426",2020-09-27,7023,49.6,15567,88,102.9,530,8
"3427",2020-09-27,7024,55.7,10650,74,106.6,933,11
"3428",2020-09-27,7027,59.6,11513,167,110.4,537,11
"3429",2020-09-27,7029,40,10114,60,107.4,931,15
"3430",2020-09-27,7030,59,12919,151,130.5,755,12
"3431",2020-09-27,7033,51.1,12568,103,115.9,1612,23
"3432",2020-09-27,7039,56.3,14502,120,122.5,1085,18
"3433",2020-09-27,7043,52.2,15001,53,113.1,878,13
"3434",2020-09-27,7051,63.8,14536,92,141.1,1050,14
"3435",2020-09-27,8015,45.4,12481,49,95.5,958,18
"3436",2020-09-28,2074,52.2,9154,41,109.8,789,16
"3437",2020-09-28,3150,58,15095,61,161.7,925,15
"3438",2020-09-28,4001,58.5,10763,73,110.8,776,12
"3439",2020-09-28,4072,50.6,10481,70,112.9,1048,10
"3440",2020-09-28,5005,44.8,13958,28,60.3,1134,8
"3441",2020-09-28,5028,28.5,5000,19,48.7,195,2
"3442",2020-09-28,5041,56.8,17820,105,112.3,2058,12
"3443",2020-09-28,5042,55.8,11708,100,117,1051,14
"3444",2020-09-28,5058,57.7,12094,71,129.1,767,16
"3445",2020-09-28,5100,52.7,14764,99,118.2,965,15
"3446",2020-09-28,5120,63.3,15237,49,134.8,1201,18
"3447",2020-09-28,5124,50.2,16660,64,95.6,1637,24
"3448",2020-09-28,5133,60.3,14719,91,133.7,1052,14
"3449",2020-09-28,5135,61.4,11840,70,122.4,731,12
"3450",2020-09-28,5137,41.2,8945,52,87.1,673,12
"3451",2020-09-28,5139,53.3,11689,35,106,634,13
"3452",2020-09-28,5140,48.1,11425,91,94.8,970,13
"3453",2020-09-28,5145,54.8,9440,116,123.5,655,11
"3454",2020-09-28,6005,54.3,13163,75,120.1,847,8
"3455",2020-09-28,6011,52,13168,129,110.8,691,15
"3456",2020-09-28,6027,58,12278,118,108.1,631,21
"3457",2020-09-28,6028,54.3,13307,63,126.4,1520,12
"3458",2020-09-28,6030,61.8,10879,69,135,706,10
"3459",2020-09-28,6033,44.7,14220,96,84.2,1063,16
"3460",2020-09-28,6047,49.8,14110,46,100.2,1135,14
"3461",2020-09-28,6050,55.5,14990,74,125.8,1517,10
"3462",2020-09-28,6055,43.3,10218,100,108.8,520,13
"3463",2020-09-28,6069,58.8,15949,80,126.9,2129,24
"3464",2020-09-28,6090,57.6,9159,92,120,777,15
"3465",2020-09-28,6121,45,11757,58,97.8,1825,24
"3466",2020-09-28,6126,59.9,16022,77,114.2,2419,28
"3467",2020-09-28,6129,52.3,14662,42,115,440,7
"3468",2020-09-28,6130,46.5,14713,101,94.3,877,14
"3469",2020-09-28,6134,56.5,11086,57,112.9,1064,13
"3470",2020-09-28,7010,57.4,13220,49,128.2,1280,13
"3471",2020-09-28,7018,48.1,15553,95,105.4,796,21
"3472",2020-09-28,7019,48.3,13655,96,122.4,494,10
"3473",2020-09-28,7022,53.2,15223,64,124.1,1075,28
"3474",2020-09-28,7023,49.9,14716,76,104.7,682,9
"3475",2020-09-28,7024,51.4,11467,81,105.4,1126,14
"3476",2020-09-28,7027,68.8,15625,207,132.8,780,18
"3477",2020-09-28,7029,58.4,13338,80,139.3,1144,18
"3478",2020-09-28,7030,59.3,12181,140,129.6,835,10
"3479",2020-09-28,7033,47.9,12084,85,98.4,1324,15
"3480",2020-09-28,7039,49,12111,87,108.4,1282,12
"3481",2020-09-28,7043,49.9,14015,60,109.9,809,11
"3482",2020-09-28,7051,58,14998,93,132.2,1209,16
"3483",2020-09-28,8015,37.6,10335,31,75.5,793,10
"3484",2020-09-29,2074,41.9,7326,55,101.6,704,17
"3485",2020-09-29,3150,45.9,12497,47,124.2,787,16
"3486",2020-09-29,4001,38.7,7359,72,105.8,798,9
"3487",2020-09-29,4072,48.5,9137,78,107.9,1082,14
"3488",2020-09-29,5005,38.8,10984,37,66.1,969,12
"3489",2020-09-29,5028,43.4,7722,38,103.6,513,6
"3490",2020-09-29,5041,48.8,14631,85,122.5,1800,14
"3491",2020-09-29,5042,58,11274,91,149.4,941,10
"3492",2020-09-29,5058,53.2,10286,58,125.9,733,15
"3493",2020-09-29,5100,48.8,12699,111,124.6,566,14
"3494",2020-09-29,5120,55.4,14102,64,145.1,1245,14
"3495",2020-09-29,5124,44,14366,60,96.2,1489,25
"3496",2020-09-29,5133,38.4,8360,66,105.9,626,12
"3497",2020-09-29,5135,52.6,9506,63,140.6,684,13
"3498",2020-09-29,5137,47.4,10412,53,87.7,498,12
"3499",2020-09-29,5139,50,10881,52,105.9,595,14
"3500",2020-09-29,5140,46.8,10271,83,84.8,795,12
"3501",2020-09-29,5145,44.6,7320,78,111.3,529,13
"3502",2020-09-29,6005,46.3,10634,82,121.6,801,11
"3503",2020-09-29,6011,55.5,13871,140,142.8,978,13
"3504",2020-09-29,6027,48.1,9473,118,116.7,626,14
"3505",2020-09-29,6028,60.7,14338,83,135.3,1529,15
"3506",2020-09-29,6030,53,8521,76,124.7,771,11
"3507",2020-09-29,6033,33.3,9990,69,75.6,833,12
"3508",2020-09-29,6047,49.1,13816,72,118.6,1267,15
"3509",2020-09-29,6050,42.1,12430,75,106,1336,18
"3510",2020-09-29,6055,51.3,12429,113,89.1,360,17
"3511",2020-09-29,6069,51.4,14366,73,133.5,2102,20
"3512",2020-09-29,6090,43.4,6626,68,125,791,15
"3513",2020-09-29,6121,50.2,12494,66,118.6,1754,36
"3514",2020-09-29,6126,42.6,10110,66,97.5,2294,23
"3515",2020-09-29,6129,49.5,13445,52,139.2,490,10
"3516",2020-09-29,6130,50.8,14982,107,109.8,1323,12
"3517",2020-09-29,6134,45.3,9167,67,97,726,9
"3518",2020-09-29,7010,45,10557,64,103.1,1083,12
"3519",2020-09-29,7018,42.8,11479,77,83.4,736,17
"3520",2020-09-29,7019,42.6,11024,64,132.7,505,10
"3521",2020-09-29,7022,46.5,13717,76,108.2,867,27
"3522",2020-09-29,7023,44.1,12202,81,93.4,515,8
"3523",2020-09-29,7024,50.7,10137,60,113.3,1799,19
"3524",2020-09-29,7027,60,11509,181,118.7,642,18
"3525",2020-09-29,7029,47,9738,66,105.9,1318,17
"3526",2020-09-29,7030,49.1,9379,113,120.5,807,12
"3527",2020-09-29,7033,41.1,9386,99,92.2,2006,26
"3528",2020-09-29,7039,48.5,10449,77,101.5,818,16
"3529",2020-09-29,7043,41.6,10613,54,125,1215,21
"3530",2020-09-29,7051,40.2,10137,76,96,803,14
"3531",2020-09-29,8015,41.4,11822,56,87.3,854,16
"3532",2020-09-30,2074,54.2,8760,45,111.1,607,17
"3533",2020-09-30,3150,57.5,15162,80,164.4,975,17
"3534",2020-09-30,4001,57.6,11122,96,124.5,1010,17
"3535",2020-09-30,4072,58.1,11221,71,103.1,1276,20
"3536",2020-09-30,5005,45.8,15369,36,74.9,1057,11
"3537",2020-09-30,5028,52.2,11436,52,108.8,565,6
"3538",2020-09-30,5041,59.3,19588,106,123.8,1591,13
"3539",2020-09-30,5042,62.2,11429,107,124.6,748,9
"3540",2020-09-30,5058,55.4,11117,66,132.3,718,17
"3541",2020-09-30,5100,53.1,15520,103,134.1,734,13
"3542",2020-09-30,5120,69.7,17239,71,142.7,1278,11
"3543",2020-09-30,5124,47.2,15611,72,85.9,1394,23
"3544",2020-09-30,5133,51.9,11931,93,107.8,790,10
"3545",2020-09-30,5135,65.8,11989,63,115.7,581,9
"3546",2020-09-30,5137,51.2,10757,70,109.5,652,15
"3547",2020-09-30,5139,53.4,12285,42,116.1,549,11
"3548",2020-09-30,5140,25.5,5891,45,57.8,656,8
"3549",2020-09-30,5145,48.1,7983,81,101.3,436,10
"3550",2020-09-30,6005,57.3,12693,93,119.7,727,8
"3551",2020-09-30,6011,56.5,14112,122,131.9,882,11
"3552",2020-09-30,6027,58,11541,134,99.2,534,13
"3553",2020-09-30,6028,66.4,14715,85,146.5,1789,14
"3554",2020-09-30,6030,55.8,9250,67,115.7,658,8
"3555",2020-09-30,6033,48.6,14163,100,94.7,1344,23
"3556",2020-09-30,6047,52.9,15009,58,100.4,1253,16
"3557",2020-09-30,6050,47,13600,86,117.5,1621,14
"3558",2020-09-30,6055,52.3,12338,96,116.5,529,14
"3559",2020-09-30,6069,66.8,17715,80,153.2,1844,12
"3560",2020-09-30,6090,58.3,11012,76,116.4,567,12
"3561",2020-09-30,6121,55.5,14874,61,111.6,1909,27
"3562",2020-09-30,6126,57.1,14625,60,122.7,2066,21
"3563",2020-09-30,6129,51,13080,54,110.3,431,7
"3564",2020-09-30,6130,49.1,13251,78,93.1,1188,16
"3565",2020-09-30,6134,60.7,11393,59,123.7,1026,14
"3566",2020-09-30,7010,53.4,10598,41,96.9,898,9
"3567",2020-09-30,7018,50.4,14361,75,103,683,14
"3568",2020-09-30,7019,48.9,12284,73,134,571,13
"3569",2020-09-30,7022,58.5,17181,75,128,1039,21
"3570",2020-09-30,7023,53.3,14651,81,105.6,567,14
"3571",2020-09-30,7024,61.5,13082,78,123.5,1119,10
"3572",2020-09-30,7027,62.1,12865,178,127.1,647,14
"3573",2020-09-30,7029,47.6,11072,62,111.9,1160,17
"3574",2020-09-30,7030,57.4,10995,140,105.4,668,10
"3575",2020-09-30,7033,53.2,12023,110,109.2,1412,20
"3576",2020-09-30,7039,52.1,12460,95,97.8,815,12
"3577",2020-09-30,7043,52.8,14130,70,128.6,995,14
"3578",2020-09-30,7051,61.1,14729,75,131.4,988,11
"3579",2020-09-30,8015,53.2,14852,59,104,953,18
"3580",2020-10-01,2074,53.8,8951,53,114.2,976,18
"3581",2020-10-01,3150,45.6,12998,49,118.4,672,12
"3582",2020-10-01,4001,57.1,12107,108,105.8,710,9
"3583",2020-10-01,4072,48,10793,67,103.3,970,12
"3584",2020-10-01,5005,41.1,12438,22,71.4,848,7
"3585",2020-10-01,5028,61.1,13340,47,140.1,792,7
"3586",2020-10-01,5041,50.7,17537,103,112.4,1627,12
"3587",2020-10-01,5042,63.1,12600,123,127.5,1059,14
"3588",2020-10-01,5058,68.1,13373,80,153.1,876,16
"3589",2020-10-01,5100,52.8,17566,125,145.6,917,21
"3590",2020-10-01,5120,52.5,8791,53,115.7,658,12
"3591",2020-10-01,5124,57,18747,65,108.1,1839,27
"3592",2020-10-01,5133,59,13892,99,125.7,691,11
"3593",2020-10-01,5135,59.8,11886,68,111.4,703,11
"3594",2020-10-01,5137,46.1,10120,55,82.7,519,11
"3595",2020-10-01,5139,46.9,11261,45,99.4,645,12
"3596",2020-10-01,5140,27.7,5917,56,52.2,445,9
"3597",2020-10-01,5145,50.8,8581,77,117,551,11
"3598",2020-10-01,6005,62,14580,87,125.3,1203,13
"3599",2020-10-01,6011,53.1,13534,144,151.6,879,14
"3600",2020-10-01,6027,53.4,11847,118,123,683,18
"3601",2020-10-01,6028,65.2,16362,87,149.1,1908,18
"3602",2020-10-01,6030,65.9,12092,91,124.4,831,10
"3603",2020-10-01,6033,49.2,14605,136,82.7,1104,16
"3604",2020-10-01,6047,58.5,16389,57,120.3,1203,16
"3605",2020-10-01,6050,50.9,14322,73,106.4,1413,10
"3606",2020-10-01,6055,43.8,11715,77,103.7,499,13
"3607",2020-10-01,6069,59.8,15929,71,117.8,3270,16
"3608",2020-10-01,6090,49.1,9005,78,119.2,816,13
"3609",2020-10-01,6121,46.2,7887,64,82.8,1032,29
"3610",2020-10-01,6126,54.2,13899,68,122.8,2518,30
"3611",2020-10-01,6129,53.7,14528,43,123.9,508,7
"3612",2020-10-01,6130,50.3,15592,88,107.3,1441,13
"3613",2020-10-01,6134,53.5,10463,50,110.1,1219,13
"3614",2020-10-01,7010,60.1,13445,60,119.9,1009,13
"3615",2020-10-01,7018,42,12652,76,96.6,626,13
"3616",2020-10-01,7019,49.4,12585,93,135.7,597,10
"3617",2020-10-01,7022,52,17123,79,114.3,1119,26
"3618",2020-10-01,7023,42.6,13025,78,90.6,415,7
"3619",2020-10-01,7024,56.2,11502,51,113.3,875,9
"3620",2020-10-01,7027,64.1,13560,162,121.1,655,16
"3621",2020-10-01,7029,57.4,13000,76,119.8,1323,17
"3622",2020-10-01,7030,57.2,11656,127,122.9,764,11
"3623",2020-10-01,7033,49.9,12016,87,102,1750,21
"3624",2020-10-01,7039,43,10931,73,96.5,777,11
"3625",2020-10-01,7043,53.3,15765,68,126.4,1119,15
"3626",2020-10-01,7051,56.4,14918,57,124,1327,15
"3627",2020-10-01,8015,38.8,11396,39,80.8,836,14
"3628",2020-10-02,2074,47.7,7996,54,93.7,638,16
"3629",2020-10-02,3150,49.7,14737,53,144.9,802,12
"3630",2020-10-02,4001,52.6,10241,74,123.9,804,9
"3631",2020-10-02,4072,53,11425,60,103.1,1080,16
"3632",2020-10-02,5005,36.2,11233,23,63.1,1102,7
"3633",2020-10-02,5028,48.8,11552,38,123.1,762,7
"3634",2020-10-02,5041,56.6,17955,64,113.4,1514,11
"3635",2020-10-02,5042,56.5,12062,125,130,1234,15
"3636",2020-10-02,5058,49.8,10312,57,116.9,710,12
"3637",2020-10-02,5100,48,15290,89,126,606,9
"3638",2020-10-02,5120,51.2,12503,46,142.8,1209,18
"3639",2020-10-02,5124,47,18778,63,96.2,1695,17
"3640",2020-10-02,5133,51.8,13533,71,123.8,894,9
"3641",2020-10-02,5135,52.2,10062,58,111.8,653,10
"3642",2020-10-02,5137,40,8569,42,80.7,677,15
"3643",2020-10-02,5139,49.7,11556,43,103,672,11
"3644",2020-10-02,5140,30.9,8663,58,70.1,1033,8
"3645",2020-10-02,5145,49,8588,87,118.7,586,11
"3646",2020-10-02,6005,57.2,15002,79,134.1,1033,9
"3647",2020-10-02,6011,53.1,13523,125,135.4,819,12
"3648",2020-10-02,6027,58.4,14425,113,109.3,606,15
"3649",2020-10-02,6028,60.3,15224,71,142.1,1721,13
"3650",2020-10-02,6030,64.1,11957,84,115.2,692,11
"3651",2020-10-02,6033,38.8,11504,76,79.4,1022,15
"3652",2020-10-02,6047,55.3,15618,43,118.4,1193,15
"3653",2020-10-02,6050,46.3,13962,70,113.9,1203,9
"3654",2020-10-02,6055,54.5,14066,91,124.1,579,14
"3655",2020-10-02,6069,52.1,14754,65,126.2,3161,25
"3656",2020-10-02,6090,56.4,11465,85,122.9,1252,18
"3657",2020-10-02,6121,37.4,9677,47,83.1,1025,20
"3658",2020-10-02,6126,54.3,14561,77,105.3,2246,23
"3659",2020-10-02,6129,49.6,14064,38,122.9,496,8
"3660",2020-10-02,6130,41.8,13343,84,93.9,1185,10
"3661",2020-10-02,6134,52.6,10809,61,106,1075,12
"3662",2020-10-02,7010,50.5,11156,47,99.7,882,9
"3663",2020-10-02,7018,50.7,15970,70,105.2,841,19
"3664",2020-10-02,7019,46.4,12708,101,149.9,822,13
"3665",2020-10-02,7022,53,17116,78,127.6,1473,26
"3666",2020-10-02,7023,56.7,15545,83,115.5,614,8
"3667",2020-10-02,7024,47,10571,64,95.8,860,9
"3668",2020-10-02,7027,68.2,14434,173,128.9,722,17
"3669",2020-10-02,7029,42.1,10339,53,98.1,1114,14
"3670",2020-10-02,7030,57.1,11307,127,114.8,689,9
"3671",2020-10-02,7033,50.6,13235,91,108.5,1402,21
"3672",2020-10-02,7039,52.7,12392,87,105.3,933,17
"3673",2020-10-02,7043,51.1,14350,73,126.1,863,10
"3674",2020-10-02,7051,54.7,14138,71,131.5,1164,14
"3675",2020-10-02,8015,42.5,13144,50,90.2,962,15
"3676",2020-10-03,2074,62.6,11418,74,109.8,707,13
"3677",2020-10-03,3150,48.5,14094,59,121.2,704,11
"3678",2020-10-03,4001,48.9,9918,83,83.3,665,5
"3679",2020-10-03,4072,57.8,12018,80,104.6,1023,10
"3680",2020-10-03,5005,46.6,15544,29,65.7,1299,9
"3681",2020-10-03,5028,56.5,13473,43,144.6,1004,8
"3682",2020-10-03,5041,37.7,10586,27,81.4,1003,7
"3683",2020-10-03,5042,60,11533,131,128.6,929,11
"3684",2020-10-03,5058,67.1,14522,96,153.8,1295,21
"3685",2020-10-03,5100,50.4,16589,95,127.1,673,10
"3686",2020-10-03,5120,59.1,13697,56,147.3,1221,13
"3687",2020-10-03,5124,44.9,16415,68,97.5,1905,21
"3688",2020-10-03,5133,54.4,14355,83,116.4,885,8
"3689",2020-10-03,5135,68.4,13661,109,132.4,868,14
"3690",2020-10-03,5137,47.7,9963,64,89.3,510,12
"3691",2020-10-03,5139,48.2,12226,49,106.1,734,11
"3692",2020-10-03,5140,38.6,10233,78,67.9,747,11
"3693",2020-10-03,5145,49.3,8652,97,104.1,417,9
"3694",2020-10-03,6005,50.5,12038,70,118.8,999,9
"3695",2020-10-03,6011,53.4,13373,133,118.2,618,9
"3696",2020-10-03,6027,56.9,14958,134,126,669,18
"3697",2020-10-03,6028,65.2,16511,98,136.8,1466,13
"3698",2020-10-03,6030,49.1,9807,72,122.4,751,10
"3699",2020-10-03,6033,51,15910,118,88.6,1469,24
"3700",2020-10-03,6047,51.8,15430,60,112.3,1131,10
"3701",2020-10-03,6050,50.6,14925,83,101.8,1395,13
"3702",2020-10-03,6055,50.6,12686,96,106,639,14
"3703",2020-10-03,6069,65.6,16919,76,139.6,3122,21
"3704",2020-10-03,6090,47.1,9441,82,100.4,887,17
"3705",2020-10-03,6121,49.1,12109,50,109.7,1598,27
"3706",2020-10-03,6126,52.2,12958,69,104.7,2096,22
"3707",2020-10-03,6129,50.1,13777,46,113.2,489,7
"3708",2020-10-03,6130,52.5,15961,98,110.8,1359,13
"3709",2020-10-03,6134,49,10632,60,107.8,1090,14
"3710",2020-10-03,7010,58.2,13655,64,118.7,1151,13
"3711",2020-10-03,7018,47.7,14550,83,106.5,840,18
"3712",2020-10-03,7019,47.3,11624,84,136.3,663,10
"3713",2020-10-03,7022,57,19187,75,126.2,1290,21
"3714",2020-10-03,7023,50.8,14990,75,92.4,574,10
"3715",2020-10-03,7024,59.2,11709,73,109.3,1081,8
"3716",2020-10-03,7027,56.6,12913,155,108.2,868,18
"3717",2020-10-03,7029,42,9445,55,87.5,932,11
"3718",2020-10-03,7030,61.8,11416,138,130,786,10
"3719",2020-10-03,7033,47.8,11855,89,93.8,1560,16
"3720",2020-10-03,7039,43.2,10184,86,96.9,880,16
"3721",2020-10-03,7043,41.7,11665,48,100.5,652,9
"3722",2020-10-03,7051,56.2,14210,60,108.9,883,13
"3723",2020-10-03,8015,50.2,14522,59,95.8,829,10
"3724",2020-10-04,2074,45.6,8534,50,87.4,660,13
"3725",2020-10-04,3150,52.4,13967,43,122.8,692,12
"3726",2020-10-04,4001,51.7,10327,81,120.7,792,13
"3727",2020-10-04,4072,51.2,12039,77,102.8,1226,17
"3728",2020-10-04,5005,41.4,14242,29,61.3,925,11
"3729",2020-10-04,5028,53,12477,41,144.7,891,9
"3730",2020-10-04,5041,45.7,11313,55,103.7,1138,7
"3731",2020-10-04,5042,54.5000000000001,9113,137,112.8,900,14
"3732",2020-10-04,5058,62.6,13524,91,135.7,845,21
"3733",2020-10-04,5100,50.8,16052,101,136.5,694,13
"3734",2020-10-04,5120,54,13547,40,131.3,1089,11
"3735",2020-10-04,5124,45.7,16051,79,92.1,2241,27
"3736",2020-10-04,5133,51.3,14533,69,114.6,859,11
"3737",2020-10-04,5135,56,10614,64,108.6,677,17
"3738",2020-10-04,5137,43.2,9063,50,85.8,521,12
"3739",2020-10-04,5139,48.4,12148,45,94.3,571,9
"3740",2020-10-04,5140,35.4,8412,61,53.8,685,10
"3741",2020-10-04,5145,41.8,7439,88,102.1,517,9
"3742",2020-10-04,6005,56.6,14613,78,128.5,1070,12
"3743",2020-10-04,6011,50.3,13005,129,116.2,799,10
"3744",2020-10-04,6027,55.5,14012,114,102.2,546,12
"3745",2020-10-04,6028,52.7,14680,90,128.2,1393,11
"3746",2020-10-04,6030,66,12283,115,126.8,813,13
"3747",2020-10-04,6033,45.6,13713,116,85.6,1140,20
"3748",2020-10-04,6047,52,15420,59,110.3,1211,13
"3749",2020-10-04,6050,43.2,12539,65,105.9,1257,14
"3750",2020-10-04,6055,49.5,11505,90,101.9,531,12
"3751",2020-10-04,6069,55.5,13552,85,124.7,1626,10
"3752",2020-10-04,6090,58,11834,91,116.7,1063,15
"3753",2020-10-04,6121,46.4,12687,48,96,1632,23
"3754",2020-10-04,6126,55.6,14905,80,110,2463,29
"3755",2020-10-04,6129,45,13181,40,108.5,481,9
"3756",2020-10-04,6130,46.3,13975,86,85.5,1203,11
"3757",2020-10-04,6134,50.6,10935,70,112.3,1534,16
"3758",2020-10-04,7010,59.9,10816,55,100.5,1101,14
"3759",2020-10-04,7018,47.3,15058,83,88.7,651,15
"3760",2020-10-04,7019,49.4,12624,92,125.2,619,10
"3761",2020-10-04,7022,53,15555,65,119.3,1429,27
"3762",2020-10-04,7023,44.9,13726,73,94.4,509,8
"3763",2020-10-04,7024,51.2,10582,73,101.8,956,13
"3764",2020-10-04,7027,62.7,12725,153,126.6,808,17
"3765",2020-10-04,7029,47.7,11541,70,96.7,1290,19
"3766",2020-10-04,7030,52.1,10798,149,108.2,808,11
"3767",2020-10-04,7033,48.7,12611,93,109.9,1957,18
"3768",2020-10-04,7039,48.8,12505,92,92.6,852,12
"3769",2020-10-04,7043,52.9,15617,50,141,1018,13
"3770",2020-10-04,7051,54.7,14826,59,120.4,1017,15
"3771",2020-10-04,8015,38.8,12640,41,79.4,959,18
"3772",2020-10-05,2074,55.9,8971,56,118.9,743,13
"3773",2020-10-05,3150,47.9,12580,56,109.8,704,11
"3774",2020-10-05,4001,61.5,12171,72,102.9,715,8
"3775",2020-10-05,4072,49.7,10882,61,98.7,1309,16
"3776",2020-10-05,5005,36.7,11611,13,62.6,857,6
"3777",2020-10-05,5028,58.9,14047,48,127.3,733,8
"3778",2020-10-05,5041,43.5,9833,45,101.7,1163,7
"3779",2020-10-05,5042,58,9953,141,140.9,1007,15
"3780",2020-10-05,5058,62.9,12882,82,130.2,715,15
"3781",2020-10-05,5100,51.6,17189,97,128.9,745,14
"3782",2020-10-05,5120,70.7,16179,54,136.3,1144,14
"3783",2020-10-05,5124,49.5,18099,72,95,2203,28
"3784",2020-10-05,5133,42.7,10558,64,97.4,717,9
"3785",2020-10-05,5135,66.9,13141,70,144.7,746,12
"3786",2020-10-05,5137,54.7,11086,68,107.3,713,12
"3787",2020-10-05,5139,45.3,10827,37,97.2,660,10
"3788",2020-10-05,5140,46,11571,92,82.3,949,10
"3789",2020-10-05,5145,48.3,8624,77,108.9,702,11
"3790",2020-10-05,6005,51.1,11643,60,115.4,918,12
"3791",2020-10-05,6011,57.4,14799,174,135.7,774,11
"3792",2020-10-05,6027,57.8,14367,109,129.1,682,17
"3793",2020-10-05,6028,56,15191,86,120.6,1518,16
"3794",2020-10-05,6030,53.6,10236,80,123,725,7
"3795",2020-10-05,6033,43.3,13109,83,75.5,1285,13
"3796",2020-10-05,6047,56.3,16284,44,98.8,1126,14
"3797",2020-10-05,6050,46.7,13450,78,128,1481,13
"3798",2020-10-05,6055,50.4,11937,104,102.8,403,10
"3799",2020-10-05,6069,56.7,14481,67,109.8,2006,10
"3800",2020-10-05,6090,58.3,12050,72,124,1055,11
"3801",2020-10-05,6121,55.7,13449,53,119.4,1931,28
"3802",2020-10-05,6126,50.8,14377,59,110.9,2507,28
"3803",2020-10-05,6129,46.2,12360,41,129.5,503,9
"3804",2020-10-05,6130,43.8,14216,75,99.4,1475,14
"3805",2020-10-05,6134,52.7,10547,55,110,755,12
"3806",2020-10-05,7010,51.7,11686,40,108.6,1215,9
"3807",2020-10-05,7018,43.8,13631,78,96.2,623,14
"3808",2020-10-05,7019,51.2,12199,108,125,552,7
"3809",2020-10-05,7022,57.5,17548,71,119.1,1057,23
"3810",2020-10-05,7023,47.1,12806,59,95.8,576,10
"3811",2020-10-05,7024,57,11620,87,115.3,1090,11
"3812",2020-10-05,7027,67.4999999999999,13753,182,140.3,815,15
"3813",2020-10-05,7029,51,11642,65,100.5,987,15
"3814",2020-10-05,7030,55.7,9772,127,114.1,614,8
"3815",2020-10-05,7033,51.8,11917,82,94,1958,20
"3816",2020-10-05,7039,50.6,12198,81,102.1,953,17
"3817",2020-10-05,7043,42.2,11978,54,106.6,600,7
"3818",2020-10-05,7051,57.2,16712,62,129.6,1166,15
"3819",2020-10-05,8015,45.2,13237,52,107.7,1009,11
"3820",2020-10-06,2074,53.4,9586,65,105.6,679,15
"3821",2020-10-06,3150,53.9,13777,49,138.4,752,13
"3822",2020-10-06,4001,52.9,11235,76,101,671,6
"3823",2020-10-06,4072,50.7,11875,73,93.6,1226,16
"3824",2020-10-06,5005,44.7,12833,23,74.4,916,8
"3825",2020-10-06,5028,52.9,13290,29,121,624,7
"3826",2020-10-06,5041,56.1,12696,43,106.2,1345,8
"3827",2020-10-06,5042,59.4,9853,154,126.5,928,11
"3828",2020-10-06,5058,58.3,11503,72,128.4,721,13
"3829",2020-10-06,5100,52.8,16355,104,133.7,787,11
"3830",2020-10-06,5120,54.1,12497,57,131,1213,13
"3831",2020-10-06,5124,50.6,19979,71,102.2,2590,29
"3832",2020-10-06,5133,55.1,13663,55,113.9,821,11
"3833",2020-10-06,5135,55.9,11145,60,121.9,784,11
"3834",2020-10-06,5137,45.7,9858,52,97.1,640,12
"3835",2020-10-06,5139,49.9,12045,35,96.6,504,9
"3836",2020-10-06,5140,41.5,9893,81,75.6,969,9
"3837",2020-10-06,5145,49.8,9413,77,106.1,529,13
"3838",2020-10-06,6005,56.8,13437,74,133.4,1033,10
"3839",2020-10-06,6011,54.4,14038,160,158,1041,14
"3840",2020-10-06,6027,54.2,12987,100,104.9,709,16
"3841",2020-10-06,6028,59.9,14796,85,137.1,1347,14
"3842",2020-10-06,6030,55.9,10001,81,119.5,863,8
"3843",2020-10-06,6033,42.2,13033,80,91,1165,17
"3844",2020-10-06,6047,48.5,13296,47,117.2,1122,17
"3845",2020-10-06,6050,43.6,12753,49,102.1,1188,10
"3846",2020-10-06,6055,47.9,11219,73,99.6,509,14
"3847",2020-10-06,6069,58.7,13995,77,139.4,2770,15
"3848",2020-10-06,6090,52.4,11020,73,119.9,1089,17
"3849",2020-10-06,6121,50.5,13133,51,105.9,2186,32
"3850",2020-10-06,6126,58.1,15445,57,112.3,2489,22
"3851",2020-10-06,6129,57.4,16428,46,142.7,645,9
"3852",2020-10-06,6130,49.7,14478,65,86,1102,14
"3853",2020-10-06,6134,56.1,11078,51,116,914,15
"3854",2020-10-06,7010,60.1,12813,56,125,1078,9
"3855",2020-10-06,7018,52.6,16424,82,99.4,641,15
"3856",2020-10-06,7019,48.1,12789,99,130.2,679,11
"3857",2020-10-06,7022,50.3,14565,61,110.4,1034,23
"3858",2020-10-06,7023,51.3,14144,67,104,635,11
"3859",2020-10-06,7024,50.9,11512,76,114.5,1186,13
"3860",2020-10-06,7027,65.5,13393,156,131.6,807,20
"3861",2020-10-06,7029,45.4,10388,52,98.6,1161,11
"3862",2020-10-06,7030,56.9,12210,127,124.7,840,12
"3863",2020-10-06,7033,50.2,12154,79,108.6,1851,15
"3864",2020-10-06,7039,49.6,11812,92,93.6,917,16
"3865",2020-10-06,7043,49.4,13373,51,121.4,800,10
"3866",2020-10-06,7051,44.5,11654,44,106.8,1184,13
"3867",2020-10-06,8015,50,14975,58,89.5,981,17
"3868",2020-10-07,2074,55,9094,62,100.2,814,20
"3869",2020-10-07,3150,62.3,17527,59,138.2,883,13
"3870",2020-10-07,4001,58.4,11007,121,113.7,875,12
"3871",2020-10-07,4072,63.1,12986,111,103.2,1443,21
"3872",2020-10-07,5005,28.5,8027,35,42.2,532,4
"3873",2020-10-07,5028,66.2,15025,60,154.1,889,11
"3874",2020-10-07,5041,57.2,12666,65,97.2,1285,13
"3875",2020-10-07,5042,67.3,10574,147,117.2,932,10
"3876",2020-10-07,5058,60.1,12826,85,126,943,18
"3877",2020-10-07,5100,53.4,14962,116,133,717,15
"3878",2020-10-07,5120,55.3,12996,64,121.8,1227,17
"3879",2020-10-07,5124,53.8,17321,102,87.5,1605,21
"3880",2020-10-07,5133,65.5,16194,88,124,791,13
"3881",2020-10-07,5135,64.8,13409,98,106.9,628,14
"3882",2020-10-07,5137,54.4,9420,86,96.6,580,13
"3883",2020-10-07,5139,48,11729,65,97.9,587,12
"3884",2020-10-07,5140,44.2,9060,71,53.7,588,7
"3885",2020-10-07,5145,59.4,9609,109,118.2,645,11
"3886",2020-10-07,6005,56.1,12713,75,111.3,748,9
"3887",2020-10-07,6011,50.4,9846,126,104.8,557,13
"3888",2020-10-07,6027,60.2,14459,129,113.8,715,15
"3889",2020-10-07,6028,72.8,18063,125,141.6,1447,12
"3890",2020-10-07,6030,69.9999999999999,11475,103,120.7,659,11
"3891",2020-10-07,6033,51.3,13784,96,73.4,1165,16
"3892",2020-10-07,6047,61.7,15822,74,107.5,1294,16
"3893",2020-10-07,6050,55.3,14346,90,117.8,1314,14
"3894",2020-10-07,6055,50.5,13547,123,98.7,564,18
"3895",2020-10-07,6069,66.8,14954,101,130.8,3054,24
"3896",2020-10-07,6090,58.8,11869,84,118.5,1024,22
"3897",2020-10-07,6121,52.1,13628,66,110.9,2216,35
"3898",2020-10-07,6126,61,15003,86,106.4,2577,25
"3899",2020-10-07,6129,48.6,13653,53,107.9,562,11
"3900",2020-10-07,6130,49,15477,110,85.5,1175,13
"3901",2020-10-07,6134,41.5,7753,59,101.1,2094,18
"3902",2020-10-07,7010,56.9,12889,75,108,965,10
"3903",2020-10-07,7018,41.6,12326,79,80.1,765,18
"3904",2020-10-07,7019,55.6,12363,89,128.1,599,10
"3905",2020-10-07,7022,59.3,17382,97,117.9,997,26
"3906",2020-10-07,7023,48.7,13259,71,85.7,505,9
"3907",2020-10-07,7024,59.5,12230,72,105.8,846,8
"3908",2020-10-07,7027,66.8,13722,181,128.9,912,22
"3909",2020-10-07,7029,51.3,11464,79,91.8,1178,15
"3910",2020-10-07,7030,64.1,12044,127,113.8,977,9
"3911",2020-10-07,7033,48.8,12188,89,88.1,1462,20
"3912",2020-10-07,7039,57.9,13526,145,110.9,1086,18
"3913",2020-10-07,7043,53,14577,63,112.6,1076,11
"3914",2020-10-07,7051,65,17057,104,114.3,1238,13
"3915",2020-10-07,8015,44.1,13193,53,85.9,854,10
"3916",2020-10-08,2074,61.4,8871,89,92.2,474,10
"3917",2020-10-08,3150,52.3,14312,49,113.3,688,13
"3918",2020-10-08,4001,49.6,9144,116,88.1,598,5
"3919",2020-10-08,4070,18.5,2448,36,40.2,148,5
"3920",2020-10-08,4072,50.4,11341,82,88.7,1074,17
"3921",2020-10-08,5005,17.6,4988,15,17.1,298,3
"3922",2020-10-08,5028,65.3,15006,65,143,889,8
"3923",2020-10-08,5041,49.2,15225,93,90.3,1064,9
"3924",2020-10-08,5042,57.8,9215,123,108.7,845,12
"3925",2020-10-08,5058,72.5000000000001,15123,102,140.9,740,22
"3926",2020-10-08,5100,58,16804,150,136.6,746,13
"3927",2020-10-08,5120,79.3,19535,98,130.1,994,13
"3928",2020-10-08,5123,31.7,5378,51,66.6,204,8
"3929",2020-10-08,5124,48,16004,104,74.8,1438,17
"3930",2020-10-08,5133,54.4,13400,89,104.4,568,8
"3931",2020-10-08,5135,67.2,12941,82,115.1,661,14
"3932",2020-10-08,5137,45.4,8927,77,76.2,519,11
"3933",2020-10-08,5139,47.8,12226,45,94.9,492,7
"3934",2020-10-08,5140,17.7,4200,41,30.8,382,4
"3935",2020-10-08,5145,51.9,9272,122,96.8,490,12
"3936",2020-10-08,6005,57.7,13466,67,128.1,907,8
"3937",2020-10-08,6011,23.3,6910,73,57.9,323,5
"3938",2020-10-08,6020,32.6,6565,35,55.1,170,8
"3939",2020-10-08,6027,66.3,14991,146,106.6,577,15
"3940",2020-10-08,6028,68.1,17271,103,137.6,1599,20
"3941",2020-10-08,6030,64.1,12248,106,110.5,602,6
"3942",2020-10-08,6033,46.5,13371,91,79.9,1197,16
"3943",2020-10-08,6042,18.9,4604,28,41.5,191,4
"3944",2020-10-08,6047,18,4765,28,34.5,508,4
"3945",2020-10-08,6050,49.1,16626,123,105.1,1114,12
"3946",2020-10-08,6055,49,12969,113,96.1,416,12
"3947",2020-10-08,6069,61.4,14936,94,117.6,3049,28
"3948",2020-10-08,6084,27.5,6493,26,74.8,587,11
"3949",2020-10-08,6090,52,9142,76,117.2,944,19
"3950",2020-10-08,6121,59.6,15614,70,98.2,1568,21
"3951",2020-10-08,6126,57.4,14092,93,96,1818,27
"3952",2020-10-08,6129,53.7,16370,75,115,523,7
"3953",2020-10-08,6130,53.8,15738,93,92.4,1143,18
"3954",2020-10-08,6134,18,3013,20,33.9,269,5
"3955",2020-10-08,7010,59.4,13554,54,94.8,942,8
"3956",2020-10-08,7018,56.3,14645,115,102.2,674,19
"3957",2020-10-08,7019,58.8,14193,108,114,543,9
"3958",2020-10-08,7022,60.6,17277,85,118.3,1062,23
"3959",2020-10-08,7023,53.8,16776,109,88.8,476,9
"3960",2020-10-08,7024,60.6,12171,103,98.6,939,14
"3961",2020-10-08,7027,66.6,13536,153,122.7,714,16
"3962",2020-10-08,7029,53.2,12418,91,95.8,947,19
"3963",2020-10-08,7030,57.7,10685,127,122,699,10
"3964",2020-10-08,7033,53.9,12924,115,96.9,1828,16
"3965",2020-10-08,7039,48.6,10891,99,81.7,769,13
"3966",2020-10-08,7043,53,17680,100,126.6,1019,17
"3967",2020-10-08,7051,62.4,16605,117,112.5,736,13
"3968",2020-10-08,8015,50.9,15183,104,83.9,899,18
"3969",2020-10-09,2074,49.2,7008,62,101.4,468,13
"3970",2020-10-09,3150,54.7,13834,68,129.2,774,17
"3971",2020-10-09,4001,59.9,10465,112,76.1,668,9
"3972",2020-10-09,4070,49.1,5761,90,96.5,349,9
"3973",2020-10-09,4072,58.6,10448,75,107.3,893,16
"3974",2020-10-09,5028,62.1,13449,61,133.5,822,14
"3975",2020-10-09,5041,51.8,14259,78,112.8,1272,11
"3976",2020-10-09,5042,66.5,10919,106,132.8,1326,19
"3977",2020-10-09,5058,65.3,13206,99,147.6,1017,20
"3978",2020-10-09,5100,52.8,14445,105,114.5,692,13
"3979",2020-10-09,5120,56.6,15896,67,143.2,1293,11
"3980",2020-10-09,5123,59.8,8311,74,125.7,433,14
"3981",2020-10-09,5124,55.2,18864,109,104,1792,26
"3982",2020-10-09,5133,62.7,15994,113,130.2,802,9
"3983",2020-10-09,5135,67.7,11262,56,121.5,751,15
"3984",2020-10-09,5137,48.5,9368,94,85.7,627,12
"3985",2020-10-09,5139,47.9,9577,68,91,621,8
"3986",2020-10-09,5145,43.6,7515,108,104.6,435,10
"3987",2020-10-09,6005,63.9,13577,72,107.9,814,7
"3988",2020-10-09,6020,59.9,10869,59,119.6,501,13
"3989",2020-10-09,6027,57,12463,135,106.4,467,11
"3990",2020-10-09,6028,62.5,14631,88,131.7,1411,12
"3991",2020-10-09,6030,50.4,7827,95,93.8,632,9
"3992",2020-10-09,6033,49.3,11884,74,78.8,1369,13
"3993",2020-10-09,6042,53,11668,71,120.1,660,12
"3994",2020-10-09,6050,54.5,13640,101,111.1,1534,15
"3995",2020-10-09,6055,54.2,12788,144,98.8,500,15
"3996",2020-10-09,6069,58.6,15593,109,122.9,1818,18
"3997",2020-10-09,6084,47.9,11895,45,95.4,599,12
"3998",2020-10-09,6090,53.8,8080,103,97.6,543,12
"3999",2020-10-09,6121,56.7,14109,77,116.8,2047,28
"4000",2020-10-09,6126,50.1,10468,56,104.2,2505,20
"4001",2020-10-09,6129,51.8,14336,72,101.8,394,8
"4002",2020-10-09,6130,46.4,11996,102,88.7,947,12
"4003",2020-10-09,7010,55.7,12908,58,106.3,1080,9
"4004",2020-10-09,7018,44.4,11333,90,93.1,708,18
"4005",2020-10-09,7019,51.2,11990,83,123.9,713,11
"4006",2020-10-09,7022,55.7,14639,92,123.4,1149,22
"4007",2020-10-09,7023,50.8,13419,105,87.9,430,10
"4008",2020-10-09,7024,60.4,11602,86,121.5,1379,18
"4009",2020-10-09,7027,67.4,12891,156,137.3,864,19
"4010",2020-10-09,7029,54,13548,110,92.5,1024,19
"4011",2020-10-09,7030,60.5,9887,113,117.6,685,13
"4012",2020-10-09,7033,47.8,11051,111,95,1389,26
"4013",2020-10-09,7039,48.5,9254,96,93.3,841,17
"4014",2020-10-09,7043,48,12485,80,106.1,709,14
"4015",2020-10-09,7051,53.3,11264,91,119.5,1510,18
"4016",2020-10-09,8015,53.1,12692,83,100.3,937,21
"4017",2020-10-10,2074,56.6,8693,75,75.7,417,8
"4018",2020-10-10,3150,55.4,13359,59,126.1,620,12
"4019",2020-10-10,4001,61.6,11735,130,116.1,865,8
"4020",2020-10-10,4070,43.8,5027,74,99.6,364,10
"4021",2020-10-10,4072,47.3,9172,88,92.9,855,12
"4022",2020-10-10,5028,55.3,12871,44,135.3,934,10
"4023",2020-10-10,5041,56.7,13881,68,112.3,1204,9
"4024",2020-10-10,5042,67.1,10954,97,115.6,1083,16
"4025",2020-10-10,5058,70.7,12961,77,112.4,740,13
"4026",2020-10-10,5100,58.8,15229,110,135,746,16
"4027",2020-10-10,5120,59.2,14912,49,103.5,712,9
"4028",2020-10-10,5123,74.2,14112,66,127.1,432,12
"4029",2020-10-10,5124,53.5,17160,98,88.6,1827,30
"4030",2020-10-10,5133,47.8,12157,92,92.1,728,9
"4031",2020-10-10,5135,42.9,7870,93,85.4,376,7
"4032",2020-10-10,5137,52.7,9531,82,83.9,464,12
"4033",2020-10-10,5139,56,11007,71,89.9,670,11
"4034",2020-10-10,5145,54.3,9396,123,87.2,505,9
"4035",2020-10-10,6005,55,12849,71,120.1,1002,8
"4036",2020-10-10,6020,53.6,11431,52,91,467,13
"4037",2020-10-10,6027,57.4,12621,126,108.8,581,13
"4038",2020-10-10,6028,62.9,16509,149,119.1,1174,9
"4039",2020-10-10,6030,58.1000000000001,8074,88,111,533,7
"4040",2020-10-10,6033,50.1,11930,76,79.4,781,13
"4041",2020-10-10,6042,50.2,13265,69,98.9,475,8
"4042",2020-10-10,6050,42.5,14237,96,91.5,1205,9
"4043",2020-10-10,6055,51.9,12798,103,86.8,467,11
"4044",2020-10-10,6069,66.7,15417,119,135.9,2106,22
"4045",2020-10-10,6084,50.1,13313,74,131.9,650,13
"4046",2020-10-10,6090,50.2,7907,95,105.2,710,18
"4047",2020-10-10,6121,52.2,12925,62,83.4,1820,30
"4048",2020-10-10,6126,48.7,10660,73,84.4,1798,20
"4049",2020-10-10,6129,57.8,15719,58,103.6,463,6
"4050",2020-10-10,6130,51.1,13624,90,71.5,505,7
"4051",2020-10-10,7010,56.3,13773,75,91.8,961,13
"4052",2020-10-10,7018,50,13609,111,85.7,549,13
"4053",2020-10-10,7019,57.8,12127,68,122.2,797,13
"4054",2020-10-10,7022,61.1,16262,99,106.7,877,23
"4055",2020-10-10,7023,55.4,13668,101,85.2,483,6
"4056",2020-10-10,7024,60,10800,90,87.9,816,7
"4057",2020-10-10,7027,73.6,12880,154,107.4,656,16
"4058",2020-10-10,7029,47.6,8840,60,89.6,692,15
"4059",2020-10-10,7030,65.7,11146,127,99.3,571,11
"4060",2020-10-10,7033,55,11838,102,88.4,1683,19
"4061",2020-10-10,7039,44.8,9533,105,98.8,924,17
"4062",2020-10-10,7043,52.6,12527,75,104,601,11
"4063",2020-10-10,7051,55,12994,123,103.1,836,13
"4064",2020-10-10,8015,40.1,9197,47,67.3,601,11
"4065",2020-10-11,2074,68.9,9360,80,110.5,699,11
"4066",2020-10-11,3150,67.1,16000,39,119.9,739,11
"4067",2020-10-11,4001,65.9,11643,137,93.3,791,14
"4068",2020-10-11,4070,66.7999999999999,9100,84,111,475,11
"4069",2020-10-11,4072,71.9,13976,98,113.5,1324,15
"4070",2020-10-11,5028,61.4,13851,35,108.3,537,11
"4071",2020-10-11,5041,60,14689,54,92.8,1135,8
"4072",2020-10-11,5042,72.2,11812,125,115.4,1184,17
"4073",2020-10-11,5058,73,13873,86,133.9,672,17
"4074",2020-10-11,5100,60.7,16779,92,127.8,820,17
"4075",2020-10-11,5120,78,20093,85,145.8,1218,16
"4076",2020-10-11,5123,72.9,15166,78,157.7,607,16
"4077",2020-10-11,5124,59.1,19387,86,90.3,1720,20
"4078",2020-10-11,5133,61.4,14693,87,110.1,942,9
"4079",2020-10-11,5135,68.9,10391,73,101.1,495,8
"4080",2020-10-11,5137,56.4000000000001,10971,97,89,614,11
"4081",2020-10-11,5139,51.5,12380,47,91.7,709,11
"4082",2020-10-11,5145,50.5,9005,109,92.2,446,8
"4083",2020-10-11,6005,65.7,14623,74,120.4,770,10
"4084",2020-10-11,6020,73,15584,51,109.3,424,10
"4085",2020-10-11,6027,71.5,14697,114,108.3,763,19
"4086",2020-10-11,6028,69.3,15134,97,112.5,1050,13
"4087",2020-10-11,6030,72.3,10199,87,100.9,558,7
"4088",2020-10-11,6033,56.5,15659,82,76.2,806,18
"4089",2020-10-11,6042,69.6,19485,102,130.1,847,18
"4090",2020-10-11,6050,49.5,11839,56,86.4,994,14
"4091",2020-10-11,6055,56.7,13639,130,94.6,617,12
"4092",2020-10-11,6069,72.5,16573,102,119,1383,15
"4093",2020-10-11,6084,55,14069,51,105.6,720,11
"4094",2020-10-11,6090,59.6,7717,86,104.7,700,15
"4095",2020-10-11,6121,61.7,15283,67,114.1,2261,30
"4096",2020-10-11,6126,60.1,13214,66,85.3,1822,24
"4097",2020-10-11,6129,53,14042,58,104.4,482,7
"4098",2020-10-11,6130,56.6,14338,90,89.6,1069,12
"4099",2020-10-11,7010,66.6,14735,74,100.6,1012,15
"4100",2020-10-11,7018,62.5,14807,79,80,862,17
"4101",2020-10-11,7019,66.9,14635,119,118.2,661,9
"4102",2020-10-11,7022,68.1,16735,67,118.4,1022,23
"4103",2020-10-11,7023,51.5,13929,85,77.6,436,7
"4104",2020-10-11,7024,66.5,12134,85,105.8,1357,19
"4105",2020-10-11,7027,71.7,13470,140,109.6,571,12
"4106",2020-10-11,7029,55.7,11564,72,80.9,711,13
"4107",2020-10-11,7030,66.9,11120,123,112.9,716,15
"4108",2020-10-11,7033,56.4,12870,99,86.8,1164,16
"4109",2020-10-11,7039,61,13380,101,83,940,10
"4110",2020-10-11,7043,58.6,13802,81,110.4,632,8
"4111",2020-10-11,7051,66.9,16014,71,115.2,804,14
"4112",2020-10-11,8015,55.5,14382,45,80.8,746,11
"4113",2020-10-12,2074,37.1,5261,46,65.6,330,12
"4114",2020-10-12,3150,36.9,9355,29,108.1,592,12
"4115",2020-10-12,4001,40.5,6949,72,74.5,601,5
"4116",2020-10-12,4070,32.9,4936,40,81.5,473,8
"4117",2020-10-12,4072,51.8,9041,69,69.6,825,12
"4118",2020-10-12,5028,65.1,16087,41,140.1,721,9
"4119",2020-10-12,5041,54.2,13355,57,99,1237,16
"4120",2020-10-12,5042,72,11079,111,126,840,10
"4121",2020-10-12,5058,64.9,12474,73,126.6,606,12
"4122",2020-10-12,5100,38.4,10145,83,92.2,466,9
"4123",2020-10-12,5120,64.6,17350,58,115.9,1400,10
"4124",2020-10-12,5123,82.3,14709,91,126.6,451,15
"4125",2020-10-12,5124,51.2,17966,83,90.4,1959,30
"4126",2020-10-12,5133,60.1,14223,86,96.1,773,12
"4127",2020-10-12,5135,39.2,6609,43,115.1,554,11
"4128",2020-10-12,5137,41,7900,56,68.9,439,10
"4129",2020-10-12,5139,52.5,12516,65,80.5,483,8
"4130",2020-10-12,5145,53.9,9727,77,87.8,411,12
"4131",2020-10-12,6005,56.4,12373,75,109.1,655,6
"4132",2020-10-12,6020,49.9,7944,54,88.3,360,13
"4133",2020-10-12,6027,13.3,3208,49,41.6,677,22
"4134",2020-10-12,6028,67.8,15726,96,139.6,1711,18
"4135",2020-10-12,6030,71.5,9059,70,89.7,531,8
"4136",2020-10-12,6033,47.2,13084,74,74.5,1011,14
"4137",2020-10-12,6042,82.2,13658,72,97.8,857,9
"4138",2020-10-12,6050,63.9,15850,60,123.7,1503,11
"4139",2020-10-12,6055,46.7,11289,125,93,367,9
"4140",2020-10-12,6069,68.8,15411,80,113.1,1968,19
"4141",2020-10-12,6084,58.6,15510,74,138.7,704,14
"4142",2020-10-12,6090,26.5,5068,35,97,707,8
"4143",2020-10-12,6121,53.7,13247,66,92.9,2061,25
"4144",2020-10-12,6126,33.7,7989,45,75.4,1594,21
"4145",2020-10-12,6129,50,12706,62,118.2,404,10
"4146",2020-10-12,6130,50.5,12802,119,79,773,16
"4147",2020-10-12,7010,56,13848,58,87.5,990,14
"4148",2020-10-12,7018,51.5,13513,83,88.3,652,16
"4149",2020-10-12,7019,60.8,12928,77,111.1,517,8
"4150",2020-10-12,7022,65.8,16853,107,105.7,826,18
"4151",2020-10-12,7023,54.9,13706,83,88.9,378,4
"4152",2020-10-12,7024,47.7,8735,63,81.2,1076,12
"4153",2020-10-12,7027,115.7,13435,174,106.5,707,14
"4154",2020-10-12,7029,48.4,9495,78,96.5,813,19
"4155",2020-10-12,7030,43.3,8940,84,89.3,653,7
"4156",2020-10-12,7033,58.9,12591,107,85.9,1336,18
"4157",2020-10-12,7039,23,5468,37,67.1,566,11
"4158",2020-10-12,7043,47.4,10520,64,107.2,718,9
"4159",2020-10-12,7051,36.2,10302,40,97.5,806,16
"4160",2020-10-12,8015,56.9,14269,62,101.2,720,13
"4161",2020-10-13,2074,75.7,12208,66,143.1,622,13
"4162",2020-10-13,3150,67.5,17384,33,123.1,630,10
"4163",2020-10-13,4001,66.4,12486,91,120.4,896,11
"4164",2020-10-13,4070,74.7,10413,71,112.6,387,7
"4165",2020-10-13,4072,55.6,12371,58,120.5,1219,15
"4166",2020-10-13,5028,65.7,14657,47,160,831,11
"4167",2020-10-13,5041,52.8,13597,72,104.3,1271,12
"4168",2020-10-13,5042,56.3,10447,104,117.1,669,10
"4169",2020-10-13,5058,66.3,13189,60,139.6,499,12
"4170",2020-10-13,5100,74.4,20847,92,143.3,712,18
"4171",2020-10-13,5120,62.3,17265,67,137.6,1273,14
"4172",2020-10-13,5123,72.6,16185,60,133.8,435,11
"4173",2020-10-13,5124,53.9,17740,71,80,1602,19
"4174",2020-10-13,5133,50.6,12029,61,104,640,6
"4175",2020-10-13,5135,67.2,11893,44,109.8,504,9
"4176",2020-10-13,5137,53,9910,69,89.8,511,11
"4177",2020-10-13,5139,56.1,12637,55,111.2,703,14
"4178",2020-10-13,5145,55.5,10316,47,107.4,551,7
"4179",2020-10-13,6005,61.3,13984,63,137,867,8
"4180",2020-10-13,6020,66,14864,55,128.2,447,9
"4181",2020-10-13,6027,53.9,13612,86,94.3,450,12
"4182",2020-10-13,6028,66.3,15120,81,120.6,1518,10
"4183",2020-10-13,6030,73.9000000000001,13311,92,132.6,741,10
"4184",2020-10-13,6033,44.3,13425,79,62.3,708,12
"4185",2020-10-13,6042,53,16560,47,127.9,832,9
"4186",2020-10-13,6050,50.6,14070,61,98.1,1159,10
"4187",2020-10-13,6055,49.5,13510,70,96.8,559,11
"4188",2020-10-13,6069,48.9,11449,63,89.3,1235,13
"4189",2020-10-13,6084,59.1,17244,60,118.9,712,13
"4190",2020-10-13,6090,72.4,12306,91,125.6,897,15
"4191",2020-10-13,6121,54.1,13634,41,113.2,1757,25
"4192",2020-10-13,6126,69.8,17844,81,117.7,2252,27
"4193",2020-10-13,6129,56.7,15381,45,96.5,352,8
"4194",2020-10-13,6130,50.9,13858,75,83.8,718,9
"4195",2020-10-13,7010,58.9,12823,56,91.8,709,13
"4196",2020-10-13,7018,48.4,15570,70,99.5,636,11
"4197",2020-10-13,7019,52,11627,72,118.3,510,8
"4198",2020-10-13,7022,56.7,17190,60,122.3,1001,23
"4199",2020-10-13,7023,55.2,14792,79,102,486,8
"4200",2020-10-13,7024,70.1,13584,72,122.7,1021,9
"4201",2020-10-13,7027,68.1,14364,145,121.2,628,17
"4202",2020-10-13,7029,65.1,12746,59,108.8,1005,11
"4203",2020-10-13,7030,80.7000000000001,15050,166,157.7,1002,13
"4204",2020-10-13,7033,51,13525,76,109.7,2017,23
"4205",2020-10-13,7039,63.1,12908,76,98.6,783,15
"4206",2020-10-13,7043,54.1,13344,60,90.4,489,9
"4207",2020-10-13,7051,58.8,15076,66,124.3,1042,13
"4208",2020-10-13,8015,44,11713,38,77.9,499,8
"4209",2020-10-14,2074,53,8945,61,94.7,578,11
"4210",2020-10-14,3150,55.2,15917,49,135.4,748,10
"4211",2020-10-14,4001,58.9,13123,125,88,720,8
"4212",2020-10-14,4070,62.6,10933,73,112.9,430,8
"4213",2020-10-14,4072,52.6,12516,55,109.5,1063,17
"4214",2020-10-14,5028,57.1,13178,37,124.3,743,8
"4215",2020-10-14,5041,55.9,17133,76,112.9,1461,19
"4216",2020-10-14,5042,64.6,11342,139,125.9,698,14
"4217",2020-10-14,5058,71.8,14989,103,146.3,755,15
"4218",2020-10-14,5100,58,19653,100,124.7,627,11
"4219",2020-10-14,5120,58,15262,74,95.2,926,8
"4220",2020-10-14,5123,66.3,15403,66,142.1,498,12
"4221",2020-10-14,5124,58.2,19465,105,91.9,1783,23
"4222",2020-10-14,5133,54.1,15464,86,110.6,860,10
"4223",2020-10-14,5135,62.4,12442,70,110.3,602,13
"4224",2020-10-14,5137,47.6,10225,69,82.4,444,10
"4225",2020-10-14,5139,52,12003,44,84.1,676,9
"4226",2020-10-14,5145,51.4,10212,103,116.3,913,12
"4227",2020-10-14,6005,55.3,14360,71,100.9,763,9
"4228",2020-10-14,6020,62,14687,88,108.4,388,13
"4229",2020-10-14,6027,56,16653,137,106.7,594,14
"4230",2020-10-14,6028,59.4,13341,83,110.3,1181,11
"4231",2020-10-14,6030,64.4999999999999,12836,112,99.4,491,9
"4232",2020-10-14,6033,45.7,14397,96,75.3,939,15
"4233",2020-10-14,6042,53.6,17012,57,100,659,9
"4234",2020-10-14,6050,41.7,13971,88,103.1,1596,12
"4235",2020-10-14,6055,54.1,13734,87,80.2,574,14
"4236",2020-10-14,6069,64.9,15640,87,131.8,1303,16
"4237",2020-10-14,6084,49.5,14038,58,109.4,551,10
"4238",2020-10-14,6090,59.2,11162,105,122.6,918,13
"4239",2020-10-14,6121,56.9,15234,61,96.3,2133,26
"4240",2020-10-14,6126,61.5,17420,88,88.1,1544,16
"4241",2020-10-14,6129,49.2,15149,44,110.4,413,6
"4242",2020-10-14,6130,52.3,14653,86,85.1,939,11
"4243",2020-10-14,7010,61.9,14410,61,97.9,761,9
"4244",2020-10-14,7018,45.4,14172,84,80.4,506,9
"4245",2020-10-14,7019,51.7,12350,99,112.7,571,10
"4246",2020-10-14,7022,52.2,15800,86,104.2,879,18
"4247",2020-10-14,7023,52.9,13997,71,90.7,585,12
"4248",2020-10-14,7024,51.7,11130,63,96.7,1057,12
"4249",2020-10-14,7027,60,13612,148,103.4,486,8
"4250",2020-10-14,7029,48.1,10654,58,96.9,716,9
"4251",2020-10-14,7030,57.9,10993,131,100.7,604,9
"4252",2020-10-14,7033,59.2,15044,100,112.8,2242,29
"4253",2020-10-14,7039,34.4,6276,47,68.1,500,9
"4254",2020-10-14,7043,50.6,13202,47,109.6,582,7
"4255",2020-10-14,7051,63.3,15817,65,104.6,691,12
"4256",2020-10-14,8015,45.9,12560,45,76.8,676,12
"4257",2020-10-15,2074,56.4,10517,56,81.9,525,10
"4258",2020-10-15,3150,54.2,15787,41,114.8,701,11
"4259",2020-10-15,4001,59.7,11198,100,92.9,691,9
"4260",2020-10-15,4070,57.2,10194,67,99.2,392,8
"4261",2020-10-15,4072,52.1,13069,83,72.3,749,9
"4262",2020-10-15,5028,64.5,16069,38,127.4,902,11
"4263",2020-10-15,5041,57.3,15595,82,99.3,1205,11
"4264",2020-10-15,5042,63.3,10457,126,110,757,14
"4265",2020-10-15,5058,60.2,12519,72,115.3,605,14
"4266",2020-10-15,5100,57.2,17782,109,119.3,910,12
"4267",2020-10-15,5120,64.9,16392,81,118.6,1055,10
"4268",2020-10-15,5123,66.3,15707,60,120.1,456,11
"4269",2020-10-15,5124,54.6,20402,102,86.9,1876,25
"4270",2020-10-15,5133,50.5,13964,71,100.2,809,8
"4271",2020-10-15,5135,66.4,12330,82,119,718,15
"4272",2020-10-15,5137,47.8,10238,80,84.3,497,11
"4273",2020-10-15,5139,49.7,12209,47,85,766,13
"4274",2020-10-15,5145,52.8,10004,67,92.6,478,11
"4275",2020-10-15,6005,54.3,13567,74,99.4,610,8
"4276",2020-10-15,6020,58.4,13090,71,90.2,249,9
"4277",2020-10-15,6027,54.2,13908,114,90.2,651,14
"4278",2020-10-15,6028,65.9,15164,91,118.1,1192,13
"4279",2020-10-15,6030,58.2,11066,86,101.7,500,8
"4280",2020-10-15,6033,53.1,17356,116,78.7,1286,19
"4281",2020-10-15,6042,63.1,20568,70,121.6,748,9
"4282",2020-10-15,6050,52.2,15848,79,98.6,1403,12
"4283",2020-10-15,6055,51.6,13605,89,81.9,468,12
"4284",2020-10-15,6069,74.5,18045,92,141.3,2148,23
"4285",2020-10-15,6084,62.7,18297,74,132.9,829,11
"4286",2020-10-15,6090,59.7,11983,72,100.8,794,11
"4287",2020-10-15,6121,49.9,13440,54,95.6,1920,19
"4288",2020-10-15,6126,59.4,15130,79,90.8,1688,25
"4289",2020-10-15,6129,60.3,17799,58,111.4,430,7
"4290",2020-10-15,6130,48.3,14848,84,75,804,10
"4291",2020-10-15,7010,56,13010,52,93.5,736,10
"4292",2020-10-15,7018,50.5,15328,72,86.7,543,10
"4293",2020-10-15,7019,57.7,13051,85,103.9,518,8
"4294",2020-10-15,7022,70.6,21582,97,129.8,1109,24
"4295",2020-10-15,7023,52.3,14204,86,79.8,359,9
"4296",2020-10-15,7024,55.7,12462,70,95.8,726,8
"4297",2020-10-15,7027,73.3,16103,187,123.3,707,14
"4298",2020-10-15,7029,57.5,12993,75,81.4,774,9
"4299",2020-10-15,7030,60.3,11491,141,106.4,657,11
"4300",2020-10-15,7033,48.2,13147,90,76.7,1695,23
"4301",2020-10-15,7039,36.5,7600,41,65.7,486,10
"4302",2020-10-15,7043,50.8,14057,68,91.9,580,11
"4303",2020-10-15,7051,55.9,15294,84,112.3,1054,10
"4304",2020-10-15,8015,48.4,14796,68,86.6,1342,20
"4305",2020-10-16,2074,60.9,12595,70,116.3,717,10
"4306",2020-10-16,3150,55.4,13295,39,120,663,10
"4307",2020-10-16,4001,58,11993,113,91.4,800,7
"4308",2020-10-16,4070,51,9470,60,113.7,596,11
"4309",2020-10-16,4072,56.9,13958,66,95.9,1329,18
"4310",2020-10-16,5028,61.8,15413,74,133.9,966,7
"4311",2020-10-16,5041,55.6,14747,81,110.3,1412,11
"4312",2020-10-16,5042,69.1,12727,109,109.5,870,10
"4313",2020-10-16,5058,69.3,13808,83,125.4,690,12
"4314",2020-10-16,5100,50.5,14519,91,109.5,635,16
"4315",2020-10-16,5120,71,18254,63,135.7,1656,11
"4316",2020-10-16,5123,74.8,17516,66,141.2,550,12
"4317",2020-10-16,5124,54.4,19194,93,78.6,1436,23
"4318",2020-10-16,5133,57.2,14901,76,104.6,796,10
"4319",2020-10-16,5135,56.8,10412,61,101.2,558,8
"4320",2020-10-16,5137,54,10979,76,84.5,525,13
"4321",2020-10-16,5139,54.2,12895,46,89.8,762,13
"4322",2020-10-16,5145,51.4,9541,87,97.2,538,10
"4323",2020-10-16,6005,63.5,15558,88,110.9,831,9
"4324",2020-10-16,6020,68.7,15512,74,113.5,350,14
"4325",2020-10-16,6027,57.6,14537,104,91.8,595,11
"4326",2020-10-16,6028,62.1999999999999,14350,75,121.8,1380,9
"4327",2020-10-16,6030,60.5,10291,90,104.4,571,10
"4328",2020-10-16,6033,44.9,12719,82,76.2,919,14
"4329",2020-10-16,6042,57.4,19871,68,100.3,784,8
"4330",2020-10-16,6050,56.5,15144,83,100,1178,9
"4331",2020-10-16,6055,55.3,14407,96,84.7,447,11
"4332",2020-10-16,6069,55.5,11706,72,98.2,1214,10
"4333",2020-10-16,6084,51.7,15101,69,103.2,714,11
"4334",2020-10-16,6090,58.9,11318,78,113,1236,18
"4335",2020-10-16,6121,51.5,13107,41,97.4,1932,19
"4336",2020-10-16,6126,53.2,11660,67,96.1,1676,22
"4337",2020-10-16,6129,53.8,15206,47,96.1,342,6
"4338",2020-10-16,6130,51.3,15140,85,79.8,974,8
"4339",2020-10-16,7010,48.6,11444,63,82.1,665,8
"4340",2020-10-16,7018,57.1,16320,90,92.2,730,15
"4341",2020-10-16,7019,61.5,12926,93,110.2,624,11
"4342",2020-10-16,7022,55.3,14761,59,106.1,980,20
"4343",2020-10-16,7023,53.1,14034,81,77.3,367,8
"4344",2020-10-16,7024,61.9,13127,77,105,1289,13
"4345",2020-10-16,7027,70.4,14273,190,102.8,588,12
"4346",2020-10-16,7029,52.8,11129,64,91.4,755,10
"4347",2020-10-16,7030,66.4,12441,146,105.3,664,10
"4348",2020-10-16,7033,54.3,14416,104,91.1,1800,26
"4349",2020-10-16,7039,47.1,9949,64,81.4,679,11
"4350",2020-10-16,7043,54.6,14003,58,102.9,640,12
"4351",2020-10-16,7051,56.1,15284,64,123.7,1073,11
"4352",2020-10-16,8015,56.6,15470,52,95.5,777,16
"4353",2020-10-17,2074,49.7,8573,58,73,378,8
"4354",2020-10-17,3150,64.8,15290,45,117.8,635,10
"4355",2020-10-17,4001,46.1,8531,41,65.3,499,7
"4356",2020-10-17,4070,61.4,11890,77,109.3,401,10
"4357",2020-10-17,4072,55,11686,72,84.4,1111,19
"4358",2020-10-17,5028,60.2,15409,59,128.2,767,10
"4359",2020-10-17,5041,55.6,14521,94,93.8,1135,13
"4360",2020-10-17,5042,64.8,12396,113,122.6,841,12
"4361",2020-10-17,5058,67.4,14113,98,116.5,590,11
"4362",2020-10-17,5100,58.7,17649,132,118.2,676,16
"4363",2020-10-17,5120,58.9,15150,77,115.1,1286,11
"4364",2020-10-17,5123,76.8,19159,76,133,587,12
"4365",2020-10-17,5124,51.8,20921,84,80.5,1463,20
"4366",2020-10-17,5133,55.4,14115,86,93.3,849,10
"4367",2020-10-17,5135,75.9,15044,67,117.9,724,9
"4368",2020-10-17,5137,50.5,10809,78,74.1,540,12
"4369",2020-10-17,5139,49,11183,36,77.3,407,9
"4370",2020-10-17,5145,49.4,9035,81,78.9,543,9
"4371",2020-10-17,6005,58.6,14903,85,125.5,933,8
"4372",2020-10-17,6020,67.2,15996,76,105.4,388,13
"4373",2020-10-17,6027,58.8,15103,116,104.7,686,16
"4374",2020-10-17,6028,67.2,15429,84,113.6,1394,11
"4375",2020-10-17,6030,61.4,11637,94,96.8,672,9
"4376",2020-10-17,6033,52.8,14225,83,70.7,801,11
"4377",2020-10-17,6042,62.8,20451,76,114,883,7
"4378",2020-10-17,6050,45.5,13033,71,93.7,1415,9
"4379",2020-10-17,6055,53.8,14226,88,97.7,640,17
"4380",2020-10-17,6069,67.4,16134,97,132.6,2945,23
"4381",2020-10-17,6084,64,17517,58,118.2,766,12
"4382",2020-10-17,6090,59.9,11302,93,105.8,883,13
"4383",2020-10-17,6121,55.3,14231,50,94.4,1778,30
"4384",2020-10-17,6126,59.6999999999999,15878,73,90.6,1896,22
"4385",2020-10-17,6129,49.6,14529,54,104.3,369,8
"4386",2020-10-17,6130,50.3,15843,103,84.1,789,8
"4387",2020-10-17,7010,65.5,14967,69,99.4,737,10
"4388",2020-10-17,7018,55.5,17112,101,92.7,692,15
"4389",2020-10-17,7019,76.1,13635,77,109.5,521,8
"4390",2020-10-17,7022,64.8,20367,106,124.6,1104,26
"4391",2020-10-17,7023,38.2,10502,72,70.5,403,7
"4392",2020-10-17,7024,55.8,11730,66,99.4,939,9
"4393",2020-10-17,7027,61.1999999999999,12679,157,107.7,654,15
"4394",2020-10-17,7029,48.6,10088,55,97.4,689,9
"4395",2020-10-17,7030,54.6,10238,111,93.4,557,9
"4396",2020-10-17,7033,48.7,12473,80,89.5,1810,21
"4397",2020-10-17,7039,45.9,9333,54,83,735,16
"4398",2020-10-17,7043,48.8,12710,52,97.4,694,11
"4399",2020-10-17,7051,53.5,12554,66,86.9,627,12
"4400",2020-10-17,8015,43.6,12246,49,68.4,540,9
"4401",2020-10-18,2074,58.4,10565,66,83.4,394,8
"4402",2020-10-18,3150,50.5,14782,36,111.6,691,10
"4403",2020-10-18,4001,57.3,10433,53,87.4,589,6
"4404",2020-10-18,4070,53,9092,58,98.1,387,6
"4405",2020-10-18,4072,47,10285,70,73,800,12
"4406",2020-10-18,5028,68.6,16741,38,123.7,858,8
"4407",2020-10-18,5041,54.2,15323,72,97,1290,16
"4408",2020-10-18,5042,66.2,12067,112,109.5,830,11
"4409",2020-10-18,5058,63.7,15815,88,125.9,644,12
"4410",2020-10-18,5100,58.9,16880,90,104.2,559,9
"4411",2020-10-18,5120,57.5,15212,55,103.2,1135,9
"4412",2020-10-18,5123,77,20319,76,142.2,602,11
"4413",2020-10-18,5124,46.2,18279,86,72.5,1233,20
"4414",2020-10-18,5133,61.4,15102,67,101.3,887,10
"4415",2020-10-18,5135,60.4,12720,70,109.8,635,9
"4416",2020-10-18,5137,44.2,9169,61,75.2,431,9
"4417",2020-10-18,5139,52,14462,48,98.9,539,10
"4418",2020-10-18,5145,49.5,9337,73,88.4,555,7
"4419",2020-10-18,6005,58.4,15352,78,101,753,7
"4420",2020-10-18,6020,65.4,14666,61,101.7,362,12
"4421",2020-10-18,6027,55.2,15899,110,119.2,894,14
"4422",2020-10-18,6028,66.2,16138,92,120,1436,11
"4423",2020-10-18,6030,66.3,10212,112,103.2,494,8
"4424",2020-10-18,6033,45.6,13971,93,68.6,1153,11
"4425",2020-10-18,6042,52.6,16617,54,85.4,603,7
"4426",2020-10-18,6050,54,16086,86,99.3,1282,9
"4427",2020-10-18,6055,50.2,14729,106,69.4,330,10
"4428",2020-10-18,6069,75.7,17904,87,116.2,1972,13
"4429",2020-10-18,6084,52.8,16520,73,123.5,760,14
"4430",2020-10-18,6090,59,13026,101,108.2,1253,20
"4431",2020-10-18,6121,60.6,16710,55,99.9,2078,27
"4432",2020-10-18,6126,65.3,17471,84,105.5,2209,24
"4433",2020-10-18,6129,53.1,15187,37,104.3,363,7
"4434",2020-10-18,6130,49.1,14489,90,80.6,861,9
"4435",2020-10-18,7010,64.2,14321,67,110.1,801,7
"4436",2020-10-18,7018,50.5,15789,97,85.1,617,10
"4437",2020-10-18,7019,59.1,14015,99,118.4,662,12
"4438",2020-10-18,7022,58.1,18212,92,115.4,1219,22
"4439",2020-10-18,7023,59.3,16773,92,86.3,425,7
"4440",2020-10-18,7024,58.6,13305,72,89.1,1118,9
"4441",2020-10-18,7027,76.1,15222,173,97.4,577,12
"4442",2020-10-18,7029,57.3,12886,65,73.2,754,11
"4443",2020-10-18,7030,64.6,12189,148,96.7,502,10
"4444",2020-10-18,7033,54.4,14166,94,93,1949,23
"4445",2020-10-18,7039,39.5,9860,58,69.2,610,8
"4446",2020-10-18,7043,57.6,14341,58,105,705,9
"4447",2020-10-18,7051,64.1,16581,113,102,810,14
"4448",2020-10-18,8015,53.5,14935,51,88.3,680,10
"4449",2020-10-19,2074,59.2,11484,64,114,471,14
"4450",2020-10-19,3150,56.6,16175,48,115.5,795,10
"4451",2020-10-19,4001,52.9,9426,35,87.1,513,5
"4452",2020-10-19,4070,60.1,11187,71,101.7,441,9
"4453",2020-10-19,4072,55.3,13745,73,91.8,1004,13
"4454",2020-10-19,5028,56.1,15476,54,143.9,849,8
"4455",2020-10-19,5041,57.3,18494,90,109,1390,10
"4456",2020-10-19,5042,60.2,12603,122,112.8,763,9
"4457",2020-10-19,5058,57.2,12986,70,116.2,641,12
"4458",2020-10-19,5100,46.5,16880,105,119.8,921,11
"4459",2020-10-19,5120,58.8,16979,85,120.2,1413,9
"4460",2020-10-19,5123,65.9,17310,67,128.6,482,12
"4461",2020-10-19,5124,52.5,21732,100,81,1694,26
"4462",2020-10-19,5133,54.2,15812,79,94.5,685,9
"4463",2020-10-19,5135,58.4,11491,73,98.9,658,13
"4464",2020-10-19,5137,47.1,10578,74,71.1,455,12
"4465",2020-10-19,5139,48.3,13592,46,82.8,520,9
"4466",2020-10-19,5145,47,10464,89,89.8,407,10
"4467",2020-10-19,6005,51.3,12496,63,111.6,1032,9
"4468",2020-10-19,6020,72.3,17360,88,105.9,423,13
"4469",2020-10-19,6027,60.3,17050,119,105.2,668,13
"4470",2020-10-19,6028,57.9,14277,91,110.2,1279,9
"4471",2020-10-19,6030,59,10152,81,105.3,558,9
"4472",2020-10-19,6033,40.3,12913,92,70.7,863,13
"4473",2020-10-19,6042,52.5,18095,55,104.8,636,7
"4474",2020-10-19,6050,48.6,15099,72,113.2,1504,10
"4475",2020-10-19,6055,48.6,14048,107,94.4,602,13
"4476",2020-10-19,6069,58.2,14169,77,108.4,2115,17
"4477",2020-10-19,6084,52.6,16326,55,107.9,586,9
"4478",2020-10-19,6090,55.8,12880,90,107.1,992,13
"4479",2020-10-19,6121,49.4,14522,70,90.8,2008,24
"4480",2020-10-19,6126,51.6,14949,57,84.7,1903,18
"4481",2020-10-19,6129,45.6,14563,45,94.3,435,8
"4482",2020-10-19,6130,51.8,15391,90,82.5,941,14
"4483",2020-10-19,7010,50.3,12038,64,79.6,808,8
"4484",2020-10-19,7018,47.8,16177,96,84.6,694,13
"4485",2020-10-19,7019,59.5,14085,84,102.3,593,10
"4486",2020-10-19,7022,56.5,17821,88,117.3,1090,18
"4487",2020-10-19,7023,49.6,15977,73,85.9,589,7
"4488",2020-10-19,7024,55.9,12492,68,91.2,981,9
"4489",2020-10-19,7027,95.1000000000001,13755,158,106.7,845,11
"4490",2020-10-19,7029,52.7,12097,55,95.8,1084,16
"4491",2020-10-19,7030,51.2,10240,119,83.8,442,7
"4492",2020-10-19,7033,47.6,13279,77,92.1,1533,17
"4493",2020-10-19,7039,49,12285,69,72.2,650,11
"4494",2020-10-19,7043,49.9,14020,53,96.2,714,10
"4495",2020-10-19,7051,54.8,15964,61,114,1046,15
"4496",2020-10-19,8015,49.3,14295,49,82.3,729,15
"4497",2020-10-20,2074,54,7780,54,92.3,490,11
"4498",2020-10-20,3150,54.3,13874,38,109.6,718,9
"4499",2020-10-20,4001,55.2,8710,44,68.6,342,3
"4500",2020-10-20,4070,58.1,9498,57,98.3,423,7
"4501",2020-10-20,4072,59.1,13744,73,97.2,1077,15
"4502",2020-10-20,5028,56.8,13777,35,110.1,832,7
"4503",2020-10-20,5041,58.7,18217,78,102.8,1295,9
"4504",2020-10-20,5042,68.7,11968,111,119.1,869,12
"4505",2020-10-20,5058,68.2,14297,76,116.2,682,12
"4506",2020-10-20,5100,57.7,17098,86,101,497,13
"4507",2020-10-20,5120,59.5,17364,76,102.2,1036,7
"4508",2020-10-20,5123,64.6,18274,61,124.8,469,10
"4509",2020-10-20,5124,60.2,17477,88,82.4,1201,22
"4510",2020-10-20,5133,50.1,11145,64,85.8,578,9
"4511",2020-10-20,5135,73.6,12736,78,108.9,727,11
"4512",2020-10-20,5137,47.8,9595,67,71.9,514,11
"4513",2020-10-20,5139,49,12254,47,86.5,778,10
"4514",2020-10-20,5145,50.7,10401,67,80,507,14
"4515",2020-10-20,6005,66.2,15014,80,104.9,613,7
"4516",2020-10-20,6020,67.9000000000001,15534,67,99.6,352,11
"4517",2020-10-20,6027,61,15885,111,88.8,577,12
"4518",2020-10-20,6028,64.1,13422,83,119,1208,8
"4519",2020-10-20,6030,68.8,9868,90,94.8,456,7
"4520",2020-10-20,6033,49.2,12873,69,63.5,667,9
"4521",2020-10-20,6042,68.6,21627,88,110.8,669,9
"4522",2020-10-20,6050,59,14646,74,100.3,1201,10
"4523",2020-10-20,6055,53.2,13159,92,82.4,517,17
"4524",2020-10-20,6069,64.5,13660,72,115.5,2179,17
"4525",2020-10-20,6084,55.8,17126,49,112.8,827,10
"4526",2020-10-20,6090,59.3,12432,78,104.9,986,16
"4527",2020-10-20,6121,48.6,13074,53,82.2,2050,22
"4528",2020-10-20,6126,57.1,15653,65,82.3,1619,16
"4529",2020-10-20,6129,59,16226,47,102.6,410,8
"4530",2020-10-20,6130,44.9,13469,78,66.5,778,10
"4531",2020-10-20,7010,58.4,12222,62,93.7,691,7
"4532",2020-10-20,7018,46.1,12748,63,83.8,765,11
"4533",2020-10-20,7019,60.8,13343,74,120.5,593,9
"4534",2020-10-20,7022,61.6,17848,70,107.3,1122,20
"4535",2020-10-20,7023,52.8,14457,64,81.9,408,6
"4536",2020-10-20,7024,60,12834,69,86.7,846,7
"4537",2020-10-20,7027,64.2,14360,142,97.3,654,12
"4538",2020-10-20,7029,51.9,10699,72,77.2,861,15
"4539",2020-10-20,7030,67.3,12882,140,119.5,711,10
"4540",2020-10-20,7033,47.6,12522,61,73.8,1593,16
"4541",2020-10-20,7039,61,13672,81,99,887,15
"4542",2020-10-20,7043,57.9,15918,53,119.3,634,9
"4543",2020-10-20,7051,59.9,15312,50,102.8,998,9
"4544",2020-10-20,8015,66.4,14274,47,85.5,601,11
"4545",2020-10-21,2074,56.9,10163,74,62.9,295,7
"4546",2020-10-21,3150,56.4,15562,47,114.5,694,12
"4547",2020-10-21,4001,46.9,8714,67,63.5,426,6
"4548",2020-10-21,4070,68.4,12522,74,110.5,394,9
"4549",2020-10-21,4072,54.3,12115,97,82,660,9
"4550",2020-10-21,5028,63.2,16496,51,125.1,910,10
"4551",2020-10-21,5041,57.5,19909,113,112.3,1298,11
"4552",2020-10-21,5042,61.4,11125,99,98.4,548,7
"4553",2020-10-21,5058,65.7,14633,73,112.8,537,13
"4554",2020-10-21,5100,57.1,18630,102,110.8,573,12
"4555",2020-10-21,5120,72.7,19621,93,132.7,1208,10
"4556",2020-10-21,5123,66,19992,74,125.6,498,11
"4557",2020-10-21,5124,53.7,18268,98,74.8,1505,18
"4558",2020-10-21,5133,19.4,5566,30,38.2,350,2
"4559",2020-10-21,5135,54.2,11166,66,92.4,613,12
"4560",2020-10-21,5137,50,10759,83,84.7,546,12
"4561",2020-10-21,5139,50.5,13079,42,80,372,5
"4562",2020-10-21,5145,54.8,11331,88,95.1,551,9
"4563",2020-10-21,6005,57.1,15594,80,122.2,821,7
"4564",2020-10-21,6020,61.4,14667,66,91,305,8
"4565",2020-10-21,6027,55.4,14468,107,98.4,700,15
"4566",2020-10-21,6028,58.8,13104,84,109.7,1323,13
"4567",2020-10-21,6030,74.8,9752,95,101.5,417,7
"4568",2020-10-21,6033,43.2,12896,81,67.2,783,14
"4569",2020-10-21,6042,47.1,15230,55,88.2,504,7
"4570",2020-10-21,6050,42.1,11365,65,85.7,1162,7
"4571",2020-10-21,6055,57.8,15248,128,85.8,457,15
"4572",2020-10-21,6069,53.3,12846,76,88.6,1328,10
"4573",2020-10-21,6084,54,16369,51,105.2,796,11
"4574",2020-10-21,6090,57.9,12405,87,95.5,1005,11
"4575",2020-10-21,6121,56.3,16491,57,95.7,2171,24
"4576",2020-10-21,6126,58.7,15291,68,85.8,1741,24
"4577",2020-10-21,6129,43.5,12626,35,78.7,330,5
"4578",2020-10-21,6130,52.1,18048,93,83,941,13
"4579",2020-10-21,7010,61.4,14477,54,97.2,794,15
"4580",2020-10-21,7018,51.7,16181,95,95.8,724,10
"4581",2020-10-21,7019,53.2,14062,99,97.1,479,9
"4582",2020-10-21,7022,51.1,16403,62,98.7,937,16
"4583",2020-10-21,7023,46.1,12184,70,68.7,315,5
"4584",2020-10-21,7024,52,11253,79,99,891,11
"4585",2020-10-21,7027,69.7,15213,152,102.2,668,12
"4586",2020-10-21,7029,46.4,9743,52,85.3,754,15
"4587",2020-10-21,7030,62.6,12396,120,100.2,575,11
"4588",2020-10-21,7033,50.4,13888,88,81.6,1571,18
"4589",2020-10-21,7039,36.5,8190,48,57.1,483,6
"4590",2020-10-21,7043,46.2,12819,42,86.9,475,8
"4591",2020-10-21,7051,55.5,15454,75,87.4,667,10
"4592",2020-10-21,8015,36.9,9805,28,65.1,439,6
"4593",2020-10-22,2074,56.8,9693,59,83.6,339,11
"4594",2020-10-22,3150,55.7,15002,48,106.5,606,9
"4595",2020-10-22,4001,42.6,8497,62,63.5,355,3
"4596",2020-10-22,4044,29.7,3743,30,48.5,289,5
"4597",2020-10-22,4070,53.2,8804,53,88,290,6
"4598",2020-10-22,4072,49.1,10488,78,72.4,548,11
"4599",2020-10-22,4080,36.3,4724,120,61.3,621,23
"4600",2020-10-22,5028,59.2,14005,70,117.3,591,8
"4601",2020-10-22,5041,58.2,17431,89,96.5,1324,12
"4602",2020-10-22,5042,65.1,12548,119,101.9,622,9
"4603",2020-10-22,5058,65.2,14662,85,110.8,494,13
"4604",2020-10-22,5061,31.1,4570,54,38.3,216,6
"4605",2020-10-22,5067,23.6,3780,15,42,183,6
"4606",2020-10-22,5100,55.3,16976,107,99.2,495,8
"4607",2020-10-22,5114,21.9,3918,49,26,167,7
"4608",2020-10-22,5120,58.5,15184,68,93.6,867,7
"4609",2020-10-22,5123,67.6,18817,78,129.3,559,13
"4610",2020-10-22,5124,52.7,17231,90,80,878,21
"4611",2020-10-22,5135,68.6,12816,57,117,696,12
"4612",2020-10-22,5137,47.4,10218,76,59.4,420,12
"4613",2020-10-22,5139,50.5,12759,49,78.5,465,8
"4614",2020-10-22,5145,46.5,9887,101,80.8,464,8
"4615",2020-10-22,6005,57.5,13843,82,98.6,635,8
"4616",2020-10-22,6020,49.9,13546,51,86.4,274,8
"4617",2020-10-22,6027,64,15188,102,84.7,547,13
"4618",2020-10-22,6028,59.5,14413,80,106.6,1304,7
"4619",2020-10-22,6030,62.4,8796,68,86.4,450,6
"4620",2020-10-22,6033,52.6,15256,91,76.9,830,12
"4621",2020-10-22,6042,65.6,22522,67,117.2,698,10
"4622",2020-10-22,6050,54,14649,78,89.2,1277,12
"4623",2020-10-22,6055,52.2,13208,107,82,385,14
"4624",2020-10-22,6069,63.8,16341,100,128.8,1926,11
"4625",2020-10-22,6084,55.4,17053,61,114.5,811,10
"4626",2020-10-22,6090,51.8,10484,76,98.2,922,12
"4627",2020-10-22,6121,53.8,15464,67,82.9,1956,22
"4628",2020-10-22,6126,67,16561,83,89.7,1740,26
"4629",2020-10-22,6129,54.7,16322,55,101.1,401,8
"4630",2020-10-22,6130,51.3,16155,87,70.7,998,14
"4631",2020-10-22,7010,56,12859,67,82.5,1091,10
"4632",2020-10-22,7018,51.6,15786,104,88.9,765,14
"4633",2020-10-22,7019,56.3,15228,109,104.9,477,9
"4634",2020-10-22,7022,63.6,20750,102,123.2,1236,18
"4635",2020-10-22,7023,42.7,10711,54,64,348,4
"4636",2020-10-22,7024,59.4,12269,66,85.4,959,9
"4637",2020-10-22,7027,60.3,13160,122,86.2,421,10
"4638",2020-10-22,7029,18,4489,23,27.8,347,7
"4639",2020-10-22,7030,52.8,11558,110,79.8,462,6
"4640",2020-10-22,7033,51.8,14720,92,87.3,1700,16
"4641",2020-10-22,7039,27.1,6810,32,49.6,348,6
"4642",2020-10-22,7043,52.1,13599,67,82.4,625,10
"4643",2020-10-22,7051,20,5653,28,34.5,394,5
"4644",2020-10-22,8015,28,8781,35,48.5,367,4
"4645",2020-10-23,2074,60.9,9451,52,81.9,275,9
"4646",2020-10-23,3150,58.4,16417,47,118.2,716,12
"4647",2020-10-23,4001,42.6,6138,47,62.1,204,5
"4648",2020-10-23,4044,59.5,8792,53,117.9,690,10
"4649",2020-10-23,4070,58.9,10014,68,101.5,379,9
"4650",2020-10-23,4072,59.4,13388,88,99.7,925,14
"4651",2020-10-23,4080,50,8598,103,76.1,615,13
"4652",2020-10-23,5028,68.8,16348,58,127,849,13
"4653",2020-10-23,5041,54.1,15576,92,93.1,1239,10
"4654",2020-10-23,5042,67.4,13151,138,114.4,763,15
"4655",2020-10-23,5058,61.3,13956,70,110.7,461,10
"4656",2020-10-23,5061,56.5,9818,66,100.9,566,8
"4657",2020-10-23,5067,55.5,10493,57,107.1,585,6
"4658",2020-10-23,5100,52.7,15953,97,99.2,526,10
"4659",2020-10-23,5114,52.5,10854,56,92.8,636,19
"4660",2020-10-23,5120,64.2,17490,81,124.1,1144,10
"4661",2020-10-23,5123,73.7,19493,62,121.3,503,12
"4662",2020-10-23,5124,54.7,18365,76,81.1,1453,20
"4663",2020-10-23,5135,58.9,11122,52,80.8,500,11
"4664",2020-10-23,5137,56.9,10460,79,75.1,492,12
"4665",2020-10-23,5139,58.1,13384,49,75.1,343,8
"4666",2020-10-23,5145,49.8,9159,105,76.9,503,6
"4667",2020-10-23,6005,52,14291,81,89.6,632,7
"4668",2020-10-23,6020,71.6,13658,72,89.3,334,10
"4669",2020-10-23,6027,56.5,14500,113,92.3,602,10
"4670",2020-10-23,6028,69.2,16914,102,118.5,1256,12
"4671",2020-10-23,6030,75.1,9879,98,109.5,558,9
"4672",2020-10-23,6033,41.6,13354,77,66.7,666,9
"4673",2020-10-23,6042,49,15293,56,83.5,487,8
"4674",2020-10-23,6050,47.3,14021,69,85.2,1027,11
"4675",2020-10-23,6055,60.6,13718,119,67.5,368,12
"4676",2020-10-23,6069,60.7,14061,75,104.4,1599,10
"4677",2020-10-23,6084,57.7,18060,50,119.9,778,11
"4678",2020-10-23,6090,55.8,11934,82,102,701,12
"4679",2020-10-23,6121,55.2,17030,68,92.1,2191,20
"4680",2020-10-23,6126,113.2,13502,66,87,1535,19
"4681",2020-10-23,6129,40.6,13295,49,80.6,277,6
"4682",2020-10-23,6130,50.2,15670,73,68.5,928,6
"4683",2020-10-23,7010,56,13466,52,91.6,835,10
"4684",2020-10-23,7018,51.8,15675,91,75.2,414,11
"4685",2020-10-23,7019,61.5,13739,111,95.4,397,8
"4686",2020-10-23,7022,53.1,15338,76,94.9,828,14
"4687",2020-10-23,7023,21.6,4077,35,30.7,162,4
"4688",2020-10-23,7024,52.8,11562,83,81.1,773,7
"4689",2020-10-23,7027,67.7,14336,164,82.5,491,8
"4690",2020-10-23,7030,61.3,11982,141,106.2,582,10
"4691",2020-10-23,7033,45.8,12047,81,80.4,1212,15
"4692",2020-10-23,7043,55.3,14018,63,92.2,594,12
"4693",2020-10-24,2074,60.3,10086,71,93.4,346,10
"4694",2020-10-24,3150,58.7,12354,48,95.8,509,8
"4695",2020-10-24,4001,25.3,4115,34,34.7,98,2
"4696",2020-10-24,4044,60.6,8955,53,101,416,6
"4697",2020-10-24,4070,58.4,7942,71,90.4,263,9
"4698",2020-10-24,4072,48.1,10443,73,63.7,714,9
"4699",2020-10-24,4080,61.4,10288,100,91.6,804,15
"4700",2020-10-24,5028,67.4,13928,54,124.2,695,7
"4701",2020-10-24,5041,64.8,17779,97,95.8,1233,12
"4702",2020-10-24,5042,65.9,10978,116,105.4,654,11
"4703",2020-10-24,5058,68.3,13957,84,106.9,591,12
"4704",2020-10-24,5061,54.8,9977,40,97.7,547,10
"4705",2020-10-24,5067,72.1,14517,66,122.9,861,15
"4706",2020-10-24,5100,63.6,17134,109,104.1,556,11
"4707",2020-10-24,5114,52.7,11842,53,74.3,450,9
"4708",2020-10-24,5120,66.4,15385,81,113.5,897,13
"4709",2020-10-24,5123,65.4,16854,67,128.7,514,10
"4710",2020-10-24,5124,58.2,19035,64,72.6,1281,15
"4711",2020-10-24,5135,55.2,9875,79,80,485,12
"4712",2020-10-24,5137,51.5,9706,84,77,468,10
"4713",2020-10-24,5139,52,12262,46,76.4,447,13
"4714",2020-10-24,5145,54.6,10164,110,83.3,543,7
"4715",2020-10-24,6005,57.8,13746,75,92.7,627,6
"4716",2020-10-24,6020,66.7,14493,80,91.2,291,9
"4717",2020-10-24,6027,59.2,14716,125,94.1,653,14
"4718",2020-10-24,6028,55.2,11053,96,92.7,1030,10
"4719",2020-10-24,6030,71.1,9117,108,77.3,371,8
"4720",2020-10-24,6033,49.9,13843,106,69,782,14
"4721",2020-10-24,6042,62.4,21657,58,113.4,654,10
"4722",2020-10-24,6050,51.7,12766,74,99.9,790,11
"4723",2020-10-24,6055,53.6,10843,104,71.8,369,13
"4724",2020-10-24,6069,71.1,15221,94,104.7,1519,10
"4725",2020-10-24,6084,48.8,13854,59,99.6,562,8
"4726",2020-10-24,6090,66.2,11961,108,95.4,749,15
"4727",2020-10-24,6121,55.7,15139,65,79.5,1975,27
"4728",2020-10-24,6126,51.9,13194,52,71.3,1263,16
"4729",2020-10-24,6129,56.2,14940,65,88.7,359,7
"4730",2020-10-24,6130,55.7,15367,102,72.2,775,11
"4731",2020-10-24,7010,51.2,11736,46,86.5,494,7
"4732",2020-10-24,7018,46.4,12597,80,64.1,382,9
"4733",2020-10-24,7019,62.7,11768,111,94.6,465,11
"4734",2020-10-24,7022,56.5,15708,82,105.3,1028,19
"4735",2020-10-24,7023,32.9,6902,50,56.1,236,6
"4736",2020-10-24,7024,61.7,11738,72,85.6,794,7
"4737",2020-10-24,7027,71.6,14004,164,98.4,585,9
"4738",2020-10-24,7030,60.3,10906,130,101.4,554,10
"4739",2020-10-24,7033,49.9,12993,78,83.1,1192,14
"4740",2020-10-24,7043,45.9,11098,50,80.5,430,10
"4741",2020-10-25,2074,54.3,9660,67,94.3,468,9
"4742",2020-10-25,3150,61.3,14411,61,130.9,824,12
"4743",2020-10-25,4001,35.8,4469,32,53,171,3
"4744",2020-10-25,4044,61.1,9947,68,110.3,441,9
"4745",2020-10-25,4070,44.8,8654,78,98.7,316,9
"4746",2020-10-25,4072,65.5,13986,83,82.5,655,11
"4747",2020-10-25,4080,52.7,9693,79,95.2,975,26
"4748",2020-10-25,5028,62.3,14781,62,112.6,640,7
"4749",2020-10-25,5041,59.9,15682,122,98.8,1227,10
"4750",2020-10-25,5042,76.5,11673,121,111.1,681,9
"4751",2020-10-25,5058,70.1,13184,82,100.4,463,9
"4752",2020-10-25,5061,56,10779,61,103.5,546,10
"4753",2020-10-25,5067,55.6,12893,63,120.8,757,10
"4754",2020-10-25,5100,60.3,15332,105,109.2,712,10
"4755",2020-10-25,5114,48.3,10654,62,96.2,636,11
"4756",2020-10-25,5120,70.2,18057,86,127.5,1021,12
"4757",2020-10-25,5123,72.7,20024,115,121.6,499,10
"4758",2020-10-25,5124,55.6,15902,68,88.7,1075,22
"4759",2020-10-25,5135,76,13255,84,112.6,623,10
"4760",2020-10-25,5137,56.1,8857,73,78.7,480,13
"4761",2020-10-25,5139,44.4,11703,49,75.6,333,8
"4762",2020-10-25,5145,49.9,9863,124,86.1,538,12
"4763",2020-10-25,6005,62.7,14478,76,110.4,761,7
"4764",2020-10-25,6020,70.1,13872,89,93.8,340,9
"4765",2020-10-25,6027,62.2,12155,117,93.5,644,13
"4766",2020-10-25,6028,66.4,14965,106,126.1,1253,8
"4767",2020-10-25,6030,68.4,10217,73,96,535,7
"4768",2020-10-25,6033,54.8,12827,80,71.9,638,10
"4769",2020-10-25,6042,51.6,17399,101,108.1,652,11
"4770",2020-10-25,6050,51.4,13786,92,103.4,1162,11
"4771",2020-10-25,6055,58.4,13391,120,86.3,390,11
"4772",2020-10-25,6069,65.2,11264,71,88.4,1683,15
"4773",2020-10-25,6084,64.5,17119,88,125.3,661,14
"4774",2020-10-25,6090,56.9,10758,90,106.6,1002,9
"4775",2020-10-25,6121,56,12521,82,86.2,1616,28
"4776",2020-10-25,6126,58.5,14832,82,85.6,1544,25
"4777",2020-10-25,6129,56.1,13417,55,101.9,449,9
"4778",2020-10-25,6130,52.9,16285,121,87,1119,14
"4779",2020-10-25,7010,63.4,17576,84,96.2,564,10
"4780",2020-10-25,7018,56.5,13366,93,84.8,502,10
"4781",2020-10-25,7019,56.4,11086,98,100.2,405,8
"4782",2020-10-25,7022,64.6,14881,82,105.2,926,15
"4783",2020-10-25,7023,35.1,9068,50,24.2,135,4
"4784",2020-10-25,7024,56.1,11878,89,75.4,591,7
"4785",2020-10-25,7027,86.1999999999999,14374,191,97.9,524,9
"4786",2020-10-25,7030,59.7,11292,138,84.4,431,9
"4787",2020-10-25,7033,56.4,12241,101,82.9,1314,18
"4788",2020-10-25,7043,51.3,11918,75,83,513,13
"4789",2020-10-26,2074,54.9,8021,54,67.8,300,6
"4790",2020-10-26,3150,55.8,14646,41,118.9,643,9
"4791",2020-10-26,4001,29.6,3669,30,62.1,217,5
"4792",2020-10-26,4044,58.2,8772,59,121,390,5
"4793",2020-10-26,4070,41,7080,55,85.9,276,8
"4794",2020-10-26,4072,46.1,11142,81,91.7,831,12
"4795",2020-10-26,4080,49.4,9654,102,94.4,1081,22
"4796",2020-10-26,5028,64.7,14900,60,140.9,1029,9
"4797",2020-10-26,5041,64.9,16421,131,106.7,1340,13
"4798",2020-10-26,5042,65.7,10774,122,109.2,827,13
"4799",2020-10-26,5058,62.5,13445,76,109,506,13
"4800",2020-10-26,5061,48.9,9223,39,110.6,640,10
"4801",2020-10-26,5067,67.5,14103,87,134.3,962,11
"4802",2020-10-26,5100,60.1,16806,110,119.1,645,12
"4803",2020-10-26,5114,48.4,10114,39,104.4,976,14
"4804",2020-10-26,5120,51.1,14492,82,87.8,746,9
"4805",2020-10-26,5123,68.8,15692,87,128.9,591,11
"4806",2020-10-26,5124,44.6,15116,68,78.7,1486,24
"4807",2020-10-26,5135,57.8,10801,56,83,513,11
"4808",2020-10-26,5137,48.3,9138,84,78.3,484,10
"4809",2020-10-26,5139,54.9,12302,58,79.8,565,7
"4810",2020-10-26,5145,38.9,7522,80,69.1,542,11
"4811",2020-10-26,6005,61.2,14258,92,119.6,837,8
"4812",2020-10-26,6020,63.6,13539,59,99.7,372,11
"4813",2020-10-26,6027,58,15112,121,93.2,588,9
"4814",2020-10-26,6028,34.6,13450,220,89.1,902,9
"4815",2020-10-26,6030,60.7,8432,78,107.6,658,8
"4816",2020-10-26,6033,48.2,11491,86,72.1,836,8
"4817",2020-10-26,6042,56.6,17596,82,114.1,1029,10
"4818",2020-10-26,6050,53.3,15692,118,89.1,1007,11
"4819",2020-10-26,6055,53.9,12577,129,83.5,408,11
"4820",2020-10-26,6069,55.6,14755,101,117,2221,28
"4821",2020-10-26,6084,56.7,15385,78,122.5,981,11
"4822",2020-10-26,6090,55.6,10422,95,106.5,1292,20
"4823",2020-10-26,6121,57.6,15268,103,92.1,2126,27
"4824",2020-10-26,6126,49.3,12841,69,85,1631,19
"4825",2020-10-26,6129,52.1,13361,49,92.5,348,6
"4826",2020-10-26,6130,46.1,13034,83,67.9,903,13
"4827",2020-10-26,7010,54.1,13267,69,97.3,619,11
"4828",2020-10-26,7018,63.8,16547,99,98.5,620,14
"4829",2020-10-26,7019,65.7,13965,107,109.5,453,8
"4830",2020-10-26,7022,66.2,16495,106,113.6,1138,19
"4831",2020-10-26,7023,34.6,11065,59,58.6,327,6
"4832",2020-10-26,7024,62.7,11445,64,91.7,591,6
"4833",2020-10-26,7027,69.6,12010,141,90.3,547,9
"4834",2020-10-26,7030,71.4,12540,148,119.5,689,9
"4835",2020-10-26,7033,53.3,12240,98,94.9,1590,14
"4836",2020-10-26,7043,51.3,12302,60,82.9,444,10
"4837",2020-10-27,2074,64,9962,67,105.4,508,7
"4838",2020-10-27,3150,54,13106,50,122.5,809,12
"4839",2020-10-27,4001,40.3,4710,27,52.8,227,4
"4840",2020-10-27,4044,67.6,10304,47,121.5,618,8
"4841",2020-10-27,4070,59.6,11050,88,117.3,509,10
"4842",2020-10-27,4072,47.5000000000001,10217,68,75.8,704,11
"4843",2020-10-27,4080,56.6,11467,94,112.5,1420,23
"4844",2020-10-27,5028,63.9,16104,41,129.4,1090,8
"4845",2020-10-27,5041,55.5,17022,106,105.4,1304,10
"4846",2020-10-27,5042,61.5,11310,101,96.5,632,13
"4847",2020-10-27,5058,59.8,14002,96,119.1,532,12
"4848",2020-10-27,5061,52.4,10785,33,93.9,519,10
"4849",2020-10-27,5067,64.2,13490,54,118.9,693,7
"4850",2020-10-27,5100,52.5,17164,100,106.6,722,14
"4851",2020-10-27,5114,57.4,12954,45,107.4,848,12
"4852",2020-10-27,5120,70,17088,75,120.1,903,10
"4853",2020-10-27,5123,79.4,18561,76,136.8,575,11
"4854",2020-10-27,5124,60.3,19863,103,96.2,2048,22
"4855",2020-10-27,5135,57.1,11582,67,110.1,773,11
"4856",2020-10-27,5137,52.4,11377,77,75.6,583,13
"4857",2020-10-27,5139,50,12197,45,85,767,8
"4858",2020-10-27,5145,49.4,8818,75,79.8,513,7
"4859",2020-10-27,6005,55.3,12843,70,96.7,515,8
"4860",2020-10-27,6020,58.9,12174,68,107.1,522,13
"4861",2020-10-27,6027,58.8,14562,108,105.2,746,12
"4862",2020-10-27,6028,74.2,18437,152,120.2,1486,16
"4863",2020-10-27,6030,69.4,10992,80,106.1,693,11
"4864",2020-10-27,6033,55.3,12392,82,74.5,892,9
"4865",2020-10-27,6042,50.9,15286,57,96.4,596,10
"4866",2020-10-27,6050,44.3,11438,67,78.9,972,10
"4867",2020-10-27,6055,58.4,13979,128,99.1,490,12
"4868",2020-10-27,6069,67.4,14206,84,113.6,1755,17
"4869",2020-10-27,6084,52.5,15567,74,112,850,11
"4870",2020-10-27,6090,56.8,11195,79,88.1,745,11
"4871",2020-10-27,6121,55,15241,74,98.2,2158,24
"4872",2020-10-27,6126,56.1,13936,85,91.9,1707,21
"4873",2020-10-27,6129,53.3,14320,46,94.7,398,7
"4874",2020-10-27,6130,52.3,14335,87,77.8,890,10
"4875",2020-10-27,7010,43.7,9525,44,70.8,567,5
"4876",2020-10-27,7018,56.1,15260,93,83.4,587,9
"4877",2020-10-27,7019,56.9,13596,100,99.1,571,11
"4878",2020-10-27,7022,63.1,18057,89,118.8,1148,20
"4879",2020-10-27,7023,48.9,16177,76,82.9,621,8
"4880",2020-10-27,7024,55.6,12456,70,96.7,914,6
"4881",2020-10-27,7027,70.8,15503,144,111.3,720,16
"4882",2020-10-27,7030,55.9,10922,122,86.2,491,7
"4883",2020-10-27,7033,51.2,13515,84,91.1,1963,28
"4884",2020-10-27,7043,49.7,12737,44,104.8,667,11
"4885",2020-10-28,2074,53.6,9155,41,91.2,393,8
"4886",2020-10-28,3150,60.7,16088,41,113.5,797,11
"4887",2020-10-28,4001,47.9,6020,40,78.2,419,7
"4888",2020-10-28,4044,57.9,9816,42,111.1,550,9
"4889",2020-10-28,4070,57.9,9486,49,90.9,330,9
"4890",2020-10-28,4072,61.3,13829,66,94,877,13
"4891",2020-10-28,4080,48.3,10767,98,98.4,1041,17
"4892",2020-10-28,5028,48.6,11388,32,102.4,957,9
"4893",2020-10-28,5041,55.3,16330,81,97.8,1120,7
"4894",2020-10-28,5042,67.6,12820,109,125.8,848,9
"4895",2020-10-28,5058,69.6,14152,69,113.9,564,15
"4896",2020-10-28,5061,49.7,9651,45,99.3,665,10
"4897",2020-10-28,5067,75.2,15980,71,141.5,999,12
"4898",2020-10-28,5100,49.5,15060,82,100.3,500,9
"4899",2020-10-28,5114,47.8,10832,30,93.3,764,8
"4900",2020-10-28,5120,58.3,16066,58,115.9,1127,9
"4901",2020-10-28,5123,78.1,18342,53,135.4,641,13
"4902",2020-10-28,5124,52.5,17090,75,83.7,1874,26
"4903",2020-10-28,5135,67.8,12533,60,112.9,791,10
"4904",2020-10-28,5137,53.2,10778,61,80.3,539,11
"4905",2020-10-28,5139,42.3,10627,34,69.5,619,6
"4906",2020-10-28,5145,48.8,9212,67,94,585,10
"4907",2020-10-28,6005,56,12614,85,104.3,668,7
"4908",2020-10-28,6020,63.7,13337,59,87.8,363,9
"4909",2020-10-28,6027,58,14942,88,106.7,816,13
"4910",2020-10-28,6028,66,15319,60,111.4,1151,7
"4911",2020-10-28,6030,69.9,10215,84,96,594,9
"4912",2020-10-28,6033,40.9,12172,68,70.6,995,12
"4913",2020-10-28,6042,60.5,18582,49,117.1,744,10
"4914",2020-10-28,6050,56.8,16225,57,112.6,1236,9
"4915",2020-10-28,6055,55.8,12606,99,81,460,13
"4916",2020-10-28,6069,57.4,12265,72,118.2,1431,11
"4917",2020-10-28,6084,58.5,17636,67,123.2,860,14
"4918",2020-10-28,6090,53.2,11831,71,108.7,1188,16
"4919",2020-10-28,6121,54.5,14850,59,91.6,1988,24
"4920",2020-10-28,6126,53.4,13790,56,99.1,1821,17
"4921",2020-10-28,6129,47.5,12827,43,85.2,386,5
"4922",2020-10-28,6130,40.7,11476,65,79.1,1057,11
"4923",2020-10-28,7010,58.4,12397,52,92.7,808,12
"4924",2020-10-28,7018,47,14090,69,81.4,507,11
"4925",2020-10-28,7019,53.7,12621,98,99.9,501,9
"4926",2020-10-28,7022,60.2,16118,74,120.2,1182,17
"4927",2020-10-28,7023,42.9,14457,71,65.6,488,5
"4928",2020-10-28,7024,53.1,11579,62,85.7,1032,9
"4929",2020-10-28,7027,69.2,13675,144,102.8,628,11
"4930",2020-10-28,7030,61.4,12045,140,115,793,10
"4931",2020-10-28,7033,48.1,12471,87,92.6,1935,21
"4932",2020-10-28,7043,45.8,12073,45,89.1,490,8
"4933",2020-10-29,2074,59.7,10296,57,99.4,610,11
"4934",2020-10-29,3150,53.4,16310,44,117.9,810,11
"4935",2020-10-29,4001,46.2,6248,45,80.1,463,5
"4936",2020-10-29,4044,56.9,9939,32,119.1,601,6
"4937",2020-10-29,4070,59.5,9988,64,103.5,386,9
"4938",2020-10-29,4072,48.9,12038,54,88.3,985,19
"4939",2020-10-29,4080,48.7,11559,103,108.1,1353,19
"4940",2020-10-29,5028,63.8,15848,60,139.5,760,8
"4941",2020-10-29,5041,63.6,17046,87,111,1488,16
"4942",2020-10-29,5042,62.6,12207,130,111,834,10
"4943",2020-10-29,5058,49.8,10802,62,101.5,525,12
"4944",2020-10-29,5061,56.8,14026,64,124.1,879,11
"4945",2020-10-29,5067,62.5,13491,74,121.5,835,10
"4946",2020-10-29,5100,53.5,16365,103,116.8,818,9
"4947",2020-10-29,5114,58.5,14344,45,116.4,1354,14
"4948",2020-10-29,5120,67.3,17042,68,118.1,1317,8
"4949",2020-10-29,5123,71.8,20524,65,160.1,852,20
"4950",2020-10-29,5124,56.7,19748,73,81.4,1458,21
"4951",2020-10-29,5135,54.6,11907,61,107.6,864,11
"4952",2020-10-29,5137,44.5,9589,61,75.1,492,12
"4953",2020-10-29,5139,48.1,12008,30,88.5,639,8
"4954",2020-10-29,5145,48.4,9231,83,80.4,418,7
"4955",2020-10-29,6005,55.2,12194,69,116.4,662,11
"4956",2020-10-29,6020,61,15165,61,108.2,559,9
"4957",2020-10-29,6027,55.8,14852,93,107.3,766,14
"4958",2020-10-29,6028,56.8,14324,69,126.3,1399,10
"4959",2020-10-29,6030,57.6,11019,82,93.9,545,8
"4960",2020-10-29,6033,47.7,13573,89,82.1,1129,13
"4961",2020-10-29,6042,42,12769,33,93.4,517,7
"4962",2020-10-29,6050,49.1,13852,67,96.2,1328,9
"4963",2020-10-29,6055,43.3,12809,83,80.6,452,11
"4964",2020-10-29,6069,57,13048,95,114.2,1844,8
"4965",2020-10-29,6084,60,16731,61,123.6,806,11
"4966",2020-10-29,6090,52.7,12122,65,105.5,878,15
"4967",2020-10-29,6121,52,13637,60,88.9999999999999,1791,33
"4968",2020-10-29,6126,54.1,12645,48,104.7,1820,21
"4969",2020-10-29,6129,48.8,14503,40,106.3,446,7
"4970",2020-10-29,6130,48.9,14879,82,81.3,1135,7
"4971",2020-10-29,7010,60.4,13781,64,110.9,829,8
"4972",2020-10-29,7018,46,14291,78,84.5,533,9
"4973",2020-10-29,7019,53.1,13891,93,98.6,500,8
"4974",2020-10-29,7022,47.7,13771,48,114.4,981,15
"4975",2020-10-29,7023,45.6,15761,71,86.6,605,9
"4976",2020-10-29,7024,54.7,11106,67,93.9,893,8
"4977",2020-10-29,7027,56.5,11943,123,86.8,474,8
"4978",2020-10-29,7030,50.8,11248,121,90.2,558,7
"4979",2020-10-29,7033,52.3,13474,93,85.7,1773,23
"4980",2020-10-29,7043,47.2,12491,39,88.1,431,8
"4981",2020-10-30,2074,58.8,11711,58,98,443,12
"4982",2020-10-30,3150,51.1,13471,62,122.8,704,14
"4983",2020-10-30,4001,47.9,6680,54,65.6,435,5
"4984",2020-10-30,4044,63.7,11591,62,143.6,649,11
"4985",2020-10-30,4070,55,10640,56,106.8,504,8
"4986",2020-10-30,4072,47,10274,67,87.5,852,9
"4987",2020-10-30,4080,56.5,13092,87,116.3,1219,16
"4988",2020-10-30,5028,49.2,12639,42,122.5,721,11
"4989",2020-10-30,5041,54.2,16941,80,113.4,1529,12
"4990",2020-10-30,5042,63.6,12984,105,116.3,1065,18
"4991",2020-10-30,5058,65,14084,75,120.8,677,15
"4992",2020-10-30,5061,53.6,13869,57,108.1,726,11
"4993",2020-10-30,5067,66.1,14933,63,133.2,1187,19
"4994",2020-10-30,5100,51.7,13107,77,106.9,585,15
"4995",2020-10-30,5114,46.5,11147,37,84.8,1054,13
"4996",2020-10-30,5120,61.7,18238,84,126.9,1232,11
"4997",2020-10-30,5123,65.1,18370,69,144.8,726,14
"4998",2020-10-30,5124,50.6,17687,81,82.2,1675,17
"4999",2020-10-30,5135,67.3,14062,52,104.2,728,13
"5000",2020-10-30,5137,89.4,10210,91,85,517,11
"5001",2020-10-30,5139,49.4,12889,48,92,784,16
"5002",2020-10-30,5145,48.7,9489,95,84.4,461,7
"5003",2020-10-30,6005,58.7,12173,66,108.3,723,7
"5004",2020-10-30,6020,105.8,13682,72,96.4,453,9
"5005",2020-10-30,6027,51.5,16579,101,98.4,755,13
"5006",2020-10-30,6028,59.5,14571,75,121.3,1498,12
"5007",2020-10-30,6030,68.4,11041,94,109.3,652,8
"5008",2020-10-30,6033,44.4,11450,81,85.1,951,15
"5009",2020-10-30,6042,55.2,19321,61,111.9,756,10
"5010",2020-10-30,6050,52.1,14922,76,101.3,1232,11
"5011",2020-10-30,6055,52.4999999999999,13617,100,92.9,577,13
"5012",2020-10-30,6069,64.3,15802,102,115.7,1740,10
"5013",2020-10-30,6084,41.3,13923,55,110.8,663,9
"5014",2020-10-30,6090,57,12753,89,115.4,980,15
"5015",2020-10-30,6121,45.8,11137,55,87.2,1394,28
"5016",2020-10-30,6126,60.1,16158,65,104,2002,27
"5017",2020-10-30,6129,47.6,12704,49,87.4,327,7
"5018",2020-10-30,7010,49.4,11893,65,84.1,672,10
"5019",2020-10-30,7018,50.8,15762,85,85.6,573,9
"5020",2020-10-30,7019,58.1000000000001,14468,101,111.6,508,8
"5021",2020-10-30,7022,62.8,18915,84,122.7,1293,15
"5022",2020-10-30,7023,53,16777,76,77.7,656,8
"5023",2020-10-30,7024,55.2,12494,84,98.7,1105,8
"5024",2020-10-30,7027,65.8,13824,159,101.5,562,12
"5025",2020-10-30,7030,54.7,10303,109,94.6,496,5
"5026",2020-10-30,7033,53.9,13540,95,104.2,2245,23
"5027",2020-10-30,7043,52.8,14193,53,100.8,788,11
"5028",2020-10-31,2074,60.9,11163,46,105.4,479,8
"5029",2020-10-31,3150,59.2,17618,52,115.8,872,12
"5030",2020-10-31,4001,53.3,8099,55,75,487,8
"5031",2020-10-31,4044,63.4,12038,73,125.5,492,9
"5032",2020-10-31,4070,63.3,12530,59,122.6,498,10
"5033",2020-10-31,4072,54.7,13679,79,99.5,936,11
"5034",2020-10-31,4080,46.2,12595,83,102.6,1163,21
"5035",2020-10-31,5028,53.3,13305,42,105.1,841,10
"5036",2020-10-31,5041,55.5,18199,100,101.2,1412,13
"5037",2020-10-31,5042,56.6,11441,118,113.4,987,8
"5038",2020-10-31,5058,66.5,14964,74,126.2,684,13
"5039",2020-10-31,5061,56.9,13761,57,111.9,853,12
"5040",2020-10-31,5067,62.1,14829,72,153.1,1296,13
"5041",2020-10-31,5100,57.2,14035,83,109.4,582,16
"5042",2020-10-31,5114,53,13133,33,100.9,1440,11
"5043",2020-10-31,5120,50.8,13739,57,111.4,1304,8
"5044",2020-10-31,5123,73.5,20631,64,145.8,828,22
"5045",2020-10-31,5124,49.2,18186,83,80.5,1543,17
"5046",2020-10-31,5135,51,11835,51,103.1,684,8
"5047",2020-10-31,5137,50.9,10347,56,74.8,488,9
"5048",2020-10-31,5139,43.1,11011,44,83.6,463,9
"5049",2020-10-31,5145,55.5,10321,78,99.3,614,9
"5050",2020-10-31,6005,54.5,12244,78,105.2,710,8
"5051",2020-10-31,6020,64.9,16317,72,114.6,501,12
"5052",2020-10-31,6027,46,16822,89,94,607,7
"5053",2020-10-31,6028,66.4,15445,90,117.3,1170,9
"5054",2020-10-31,6030,74.5,11297,91,110.3,644,8
"5055",2020-10-31,6033,40.1,11002,68,60,822,12
"5056",2020-10-31,6042,61.5,18953,61,99.1,556,9
"5057",2020-10-31,6050,47.8,15800,79,109.9,1620,14
"5058",2020-10-31,6055,46.7,12884,91,89.1,485,14
"5059",2020-10-31,6069,60.9,13738,77,111.7,1219,9
"5060",2020-10-31,6084,60.4,20082,90,139.5,949,13
"5061",2020-10-31,6090,58.1,12289,83,91.4,871,17
"5062",2020-10-31,6121,56.8,14560,45,87.6,1576,25
"5063",2020-10-31,6126,52.5,14982,59,99.8,2008,21
"5064",2020-10-31,6129,53.4,15810,43,90,416,6
"5065",2020-10-31,7010,58.7,13781,46,94.3,810,8
"5066",2020-10-31,7018,51.7,15506,77,87.2,624,13
"5067",2020-10-31,7019,51.1,13001,76,103.1,480,8
"5068",2020-10-31,7022,46.1,14773,67,89.5,859,14
"5069",2020-10-31,7023,62.2,15145,78,78.5,874,9
"5070",2020-10-31,7024,56,11681,69,97.4,872,7
"5071",2020-10-31,7027,66.1,15534,177,117.5,639,13
"5072",2020-10-31,7030,63.2,11979,142,112.4,604,8
"5073",2020-10-31,7033,43.5,12483,75,92.3,1715,23
"5074",2020-10-31,7043,48.1,12132,51,87.1,485,8
"5075",2020-11-01,2074,48.7,9279,48,79.2,386,11
"5076",2020-11-01,3150,61.6,16446,62,138.3,1095,17
"5077",2020-11-01,4001,46.3,7097,41,76.1,567,4
"5078",2020-11-01,4044,58,10712,61,129.8,500,8
"5079",2020-11-01,4070,41,7733,47,72.4,253,5
"5080",2020-11-01,4072,43.4,11251,53,88.5,813,12
"5081",2020-11-01,4080,49.5,11659,81,101.2,1289,20
"5082",2020-11-01,5028,50.8,12553,65,118.5,695,8
"5083",2020-11-01,5041,51.4,17369,93,123.5,1910,12
"5084",2020-11-01,5042,60.8,11294,125,110.1,1053,17
"5085",2020-11-01,5058,53.9,11852,61,115.9,620,12
"5086",2020-11-01,5061,54.9,14152,71,121,1057,12
"5087",2020-11-01,5067,64.1,14617,80,130.3,930,11
"5088",2020-11-01,5100,51.4,16712,92,110.6,609,10
"5089",2020-11-01,5114,58.8,13923,54,111.9,1529,11
"5090",2020-11-01,5120,66.6,20990,78,124.6,1088,11
"5091",2020-11-01,5123,54.4,16525,85,146.3,747,15
"5092",2020-11-01,5124,51.3,17282,88,81.3,1979,22
"5093",2020-11-01,5135,59.4,13327,53,109,750,14
"5094",2020-11-01,5137,47.6,10453,78,84.2,502,10
"5095",2020-11-01,5139,50.6,16714,72,89.4,602,10
"5096",2020-11-01,5145,43.9,9167,78,74.4,512,11
"5097",2020-11-01,6005,52.5,10984,77,94.3,538,7
"5098",2020-11-01,6020,69.8,15896,78,111.1,606,14
"5099",2020-11-01,6027,56.4,17425,105,98.2,593,10
"5100",2020-11-01,6028,58.8,11913,63,115,1265,12
"5101",2020-11-01,6030,56.7,13223,88,105.4,634,7
"5102",2020-11-01,6033,54,16736,80,86.4,1184,13
"5103",2020-11-01,6042,53.8,17038,46,103,567,10
"5104",2020-11-01,6050,51.2,14339,71,100.4,1064,8
"5105",2020-11-01,6055,45.7,12236,122,75.7,444,10
"5106",2020-11-01,6069,57.9,12646,86,119.5,2032,10
"5107",2020-11-01,6084,53.9,17610,66,121.3,879,9
"5108",2020-11-01,6090,47.6,15785,78,103.9,1007,14
"5109",2020-11-01,6121,48.4,12268,69,84.5,1543,24
"5110",2020-11-01,6126,44.1,11519,65,78.2,1334,22
"5111",2020-11-01,6129,37.1,10589,40,82.6,382,5
"5112",2020-11-01,7010,52.1,12662,56,96.2,781,10
"5113",2020-11-01,7018,40.1,12932,88,90.7,682,10
"5114",2020-11-01,7019,69.1,12986,90,106,546,9
"5115",2020-11-01,7022,63.5,18540,104,138.2,1093,19
"5116",2020-11-01,7023,43.4,14718,73,73.4,467,9
"5117",2020-11-01,7024,46,14714,72,86.4,821,10
"5118",2020-11-01,7027,58.5,12377,143,100.8,565,10
"5119",2020-11-01,7030,55.6,11759,135,106,684,11
"5120",2020-11-01,7033,47.1,16989,84,83.6,1641,22
"5121",2020-11-01,7043,49.7,12919,56,108.9,707,12
"5122",2020-11-02,2074,51.2,7577,61,79.8,355,12
"5123",2020-11-02,3150,53.2,15724,34,101.7,549,11
"5124",2020-11-02,4001,42.9,6562,45,64.5,498,6
"5125",2020-11-02,4044,64.2,11755,65,121,408,9
"5126",2020-11-02,4070,60.1,11349,71,133.8,502,8
"5127",2020-11-02,4072,51.4,12264,71,93,1041,11
"5128",2020-11-02,4080,53.7,14998,76,112.9,1072,18
"5129",2020-11-02,5028,63.1,15103,45,126.4,724,8
"5130",2020-11-02,5041,58.7,19737,92,107.6,1449,12
"5131",2020-11-02,5042,64.9,11651,144,104.2,710,7
"5132",2020-11-02,5058,73.1,16690,77,139.9,635,14
"5133",2020-11-02,5061,57.3,14117,63,112.6,803,14
"5134",2020-11-02,5067,70.7,16278,79,130.1,1011,13
"5135",2020-11-02,5100,54.8,17255,103,115.4,660,15
"5136",2020-11-02,5114,54.4,14016,47,90.5,1018,11
"5137",2020-11-02,5120,65.9,15218,72,131.1,1037,14
"5138",2020-11-02,5123,72,19219,68,130.9,547,13
"5139",2020-11-02,5124,55,16499,89,89.4,1403,18
"5140",2020-11-02,5135,43,6632,72,73.6,438,15
"5141",2020-11-02,5137,50.7,10178,74,85.8,594,13
"5142",2020-11-02,5139,50.3,12831,51,82.2,557,10
"5143",2020-11-02,5145,47.8,9220,87,98.9,512,8
"5144",2020-11-02,6005,60.6,11243,78,125,667,8
"5145",2020-11-02,6020,62,14659,58,108.1,486,14
"5146",2020-11-02,6027,60.4,17641,98,114.1,718,12
"5147",2020-11-02,6028,60.6,13093,67,116.1,1366,13
"5148",2020-11-02,6030,69.5,10811,94,100.6,570,9
"5149",2020-11-02,6033,42.2,11088,70,72.3,731,15
"5150",2020-11-02,6042,39.3,11447,32,98.3,623,7
"5151",2020-11-02,6050,49.9,14098,68,105.2,1385,14
"5152",2020-11-02,6055,43,12377,98,81.5,363,10
"5153",2020-11-02,6069,67,15273,106,108.8,1744,12
"5154",2020-11-02,6084,55,16906,67,116,797,11
"5155",2020-11-02,6090,45.3,12538,74,109.3,944,16
"5156",2020-11-02,6121,55.2,15259,55,93.2,1575,26
"5157",2020-11-02,6126,59.2,14736,60,98.1,1595,21
"5158",2020-11-02,6129,46.2,12718,47,103,470,9
"5159",2020-11-02,6130,25.3,8203,36,18.4,285,2
"5160",2020-11-02,7010,61.1,13370,51,99,968,9
"5161",2020-11-02,7018,50.1,14962,95,98.3,550,11
"5162",2020-11-02,7019,64.1,14887,97,118.3,655,12
"5163",2020-11-02,7022,69.3,16891,73,116.5,1049,21
"5164",2020-11-02,7023,47.6,15021,77,80.1,629,10
"5165",2020-11-02,7024,57.8,12811,69,113.6,926,12
"5166",2020-11-02,7027,67.3,12402,152,87.5,514,10
"5167",2020-11-02,7030,62.1,11455,136,117.1,710,9
"5168",2020-11-02,7033,47.3,15073,89,102.9,2307,25
"5169",2020-11-02,7043,54.3,13082,66,99.5,519,8
"5170",2020-11-03,2074,51.3,8850,35,86.2,341,11
"5171",2020-11-03,3150,57.2,17184,36,119.2,769,9
"5172",2020-11-03,4001,50.7,8106,46,77,767,8
"5173",2020-11-03,4044,56.8,10775,71,132.6,485,7
"5174",2020-11-03,4070,62.7,12244,61,107.8,436,11
"5175",2020-11-03,4072,49.4,13109,66,91.7,831,10
"5176",2020-11-03,4080,48.7,12775,72,105.2,1689,20
"5177",2020-11-03,5028,36.9,9789,41,88.4,684,8
"5178",2020-11-03,5041,47.1,15991,83,104.6,1675,11
"5179",2020-11-03,5042,64.5,13326,148,129.9,1202,15
"5180",2020-11-03,5058,58.7,14118,73,107.8,775,14
"5181",2020-11-03,5061,53,13562,62,118,889,13
"5182",2020-11-03,5067,64.5,14088,83,139.5,1693,21
"5183",2020-11-03,5100,52.1,17568,94,114.1,624,13
"5184",2020-11-03,5114,45.5,12505,44,100.5,1437,13
"5185",2020-11-03,5120,52.4,9746,62,111.8,662,17
"5186",2020-11-03,5123,67,19124,74,147.9,727,13
"5187",2020-11-03,5124,58.5,19823,85,86.2,1619,20
"5188",2020-11-03,5135,51.5,8886,71,101.5,552,12
"5189",2020-11-03,5137,50.7,10913,70,75.7,519,10
"5190",2020-11-03,5139,46.8,12389,41,86.5,561,10
"5191",2020-11-03,5145,62.9,11991,90,99.2,548,7
"5192",2020-11-03,6005,56.8,13824,67,88.7,578,5
"5193",2020-11-03,6020,58.7,14447,65,107,369,11
"5194",2020-11-03,6027,50.4,13148,84,86.2,522,7
"5195",2020-11-03,6028,59.5,14928,88,112.2,1332,11
"5196",2020-11-03,6030,64.3,11687,79,94.6,633,8
"5197",2020-11-03,6033,45.1,13146,94,76.2,907,16
"5198",2020-11-03,6042,68.9,22082,51,109,771,14
"5199",2020-11-03,6050,49.9,15218,83,97.8,1250,12
"5200",2020-11-03,6055,52,14548,94,95.9,563,11
"5201",2020-11-03,6069,59.7,14710,98,112.1,2277,16
"5202",2020-11-03,6084,48.6,16344,64,126.3,861,13
"5203",2020-11-03,6090,56.4,11309,90,93.7,831,13
"5204",2020-11-03,6121,49.5,12809,60,91.5,1837,26
"5205",2020-11-03,6126,58.2,16762,65,98.8,1939,18
"5206",2020-11-03,6129,56,15683,56,94,351,8
"5207",2020-11-03,6130,37.1,13389,63,61.4,959,8
"5208",2020-11-03,7010,57.2,13082,61,89.4,591,11
"5209",2020-11-03,7018,54.5,17293,95,93.9,547,12
"5210",2020-11-03,7019,56.7,15274,95,107.4,577,10
"5211",2020-11-03,7022,60.3,18521,76,112.2,1159,19
"5212",2020-11-03,7023,50.9,15957,81,80,591,11
"5213",2020-11-03,7024,53,11756,63,91,903,13
"5214",2020-11-03,7027,70.2,15174,160,115.5,592,10
"5215",2020-11-03,7030,52.3,10899,130,83.6,422,7
"5216",2020-11-03,7033,46.6,12735,76,89.2,1660,14
"5217",2020-11-03,7043,49,13714,55,95.3,856,13
"5218",2020-11-04,2074,56.6,9659,42,113.7,476,13
"5219",2020-11-04,3150,51.5,15347,37,139.6,992,12
"5220",2020-11-04,4001,49.5,7129,41,80.5,588,6
"5221",2020-11-04,4044,60.3,11734,68,127,630,10
"5222",2020-11-04,4070,50.1,9321,62,94.5,340,9
"5223",2020-11-04,4072,51.9,12726,66,99.6,1022,9
"5224",2020-11-04,4080,45.8,11133,57,94.9,1088,19
"5225",2020-11-04,5028,9.20000000000001,2735,11,45.2,608,4
"5226",2020-11-04,5041,59.2,19671,86,114.4,1616,13
"5227",2020-11-04,5042,60.6,11725,142,118.1,997,12
"5228",2020-11-04,5058,63.4,13501,88,118.2,744,16
"5229",2020-11-04,5061,59.9,14933,63,122.6,799,10
"5230",2020-11-04,5067,62.8,14011,69,123,801,9
"5231",2020-11-04,5100,56.4,18406,86,115.1,739,15
"5232",2020-11-04,5114,49.6,12242,52,104.5,885,13
"5233",2020-11-04,5120,72.5,17170,50,136.1,1100,10
"5234",2020-11-04,5123,75,20749,84,169.7,803,17
"5235",2020-11-04,5124,50.8,17913,72,93.4,1605,22
"5236",2020-11-04,5135,64.9,11598,65,112.1,786,14
"5237",2020-11-04,5137,45.4,10416,68,80.4,631,13
"5238",2020-11-04,5139,42.3,10370,38,76.4,552,9
"5239",2020-11-04,5145,50,10034,92,99.8,766,13
"5240",2020-11-04,6005,60.3,14406,66,111.1,751,11
"5241",2020-11-04,6020,70.7,18718,86,110.6,478,13
"5242",2020-11-04,6027,67.9,17663,88,126.2,928,11
"5243",2020-11-04,6028,64.6,15031,82,132,1579,16
"5244",2020-11-04,6030,61.1,10088,88,112,675,11
"5245",2020-11-04,6033,40.6,11323,85,69.9,808,13
"5246",2020-11-04,6042,52.8,15484,46,112.8,851,15
"5247",2020-11-04,6050,48,13821,78,98.8,1242,13
"5248",2020-11-04,6055,51.6,13771,98,89.3,576,10
"5249",2020-11-04,6069,59.1,14207,93,121.4,1794,13
"5250",2020-11-04,6084,58.3,17511,57,133,745,9
"5251",2020-11-04,6090,54.2,11269,80,94.4,645,14
"5252",2020-11-04,6121,48.7,13760,58,86.8,1774,23
"5253",2020-11-04,6126,53.2,15382,58,106.7,2126,27
"5254",2020-11-04,6129,49,13597,55,93.2,361,7
"5255",2020-11-04,6130,48.7,15032,77,82.8,1304,13
"5256",2020-11-04,7010,48,10872,38,95.4,898,16
"5257",2020-11-04,7018,48.1,14327,69,95.2,483,10
"5258",2020-11-04,7019,49.5,13588,77,101.2,544,7
"5259",2020-11-04,7022,49.7,15451,67,110.1,1183,17
"5260",2020-11-04,7023,46.6,14732,80,69.6,689,9
"5261",2020-11-04,7024,54.1,11979,67,88.6,825,6
"5262",2020-11-04,7027,59.6,13069,140,95.7,576,11
"5263",2020-11-04,7030,60.6,13057,143,98.7,583,8
"5264",2020-11-04,7033,50.6,13569,89,91.6,1839,22
"5265",2020-11-04,7043,50.3,13540,57,102.7,723,12
"5266",2020-11-05,2074,48.9,8480,42,71.7,283,5
"5267",2020-11-05,3131,31.2,4884,63,45,350,8
"5268",2020-11-05,3150,54.9,13938,52,104.4,723,10
"5269",2020-11-05,4001,16.3,2789,11,18.8,180,1
"5270",2020-11-05,4044,59.1,10518,62,119.4,470,7
"5271",2020-11-05,4070,20.5,3697,23,42.8,147,3
"5272",2020-11-05,4072,52.5,12075,73,89.6,1024,17
"5273",2020-11-05,4080,54.5,12927,86,100.6,1297,22
"5274",2020-11-05,5028,24.2,6130,27,31.4,482,6
"5275",2020-11-05,5041,51,15470,79,93.6,1280,8
"5276",2020-11-05,5042,65.6,11456,157,121.4,978,16
"5277",2020-11-05,5058,73.6,15828,89,132.2,813,18
"5278",2020-11-05,5059,27.1,4755,20,28.4,183,3
"5279",2020-11-05,5061,56.8,12701,65,99.7,659,12
"5280",2020-11-05,5067,58.3,11424,98,121.1,959,12
"5281",2020-11-05,5100,50.4,14875,78,112.7,684,10
"5282",2020-11-05,5114,57.6,13828,47,86.4,816,8
"5283",2020-11-05,5120,60,14246,71,116.3,1029,8
"5284",2020-11-05,5123,63.5,16717,54,124.2,630,11
"5285",2020-11-05,5124,54.6,16548,88,71,999,13
"5286",2020-11-05,5135,55.9,9492,65,77.2,385,7
"5287",2020-11-05,5137,44.8,9099,64,66.9,439,10
"5288",2020-11-05,5139,46.6,11619,53,78.2,483,6
"5289",2020-11-05,5145,48.3,8419,103,76.1,470,8
"5290",2020-11-05,6005,57.9,13282,79,102.2,637,8
"5291",2020-11-05,6020,57.7,12976,69,85.9,333,6
"5292",2020-11-05,6027,55.9,14777,123,88.7,724,14
"5293",2020-11-05,6028,58.8,12318,82,106.4,999,8
"5294",2020-11-05,6029,38.4,4912,43,59.4,259,10
"5295",2020-11-05,6030,70.2,10294,73,88.8,501,11
"5296",2020-11-05,6033,52.5,13620,101,73.7,768,10
"5297",2020-11-05,6042,14.1,5053,15,33.7,227,3
"5298",2020-11-05,6050,50.3,14452,98,107.1,1469,10
"5299",2020-11-05,6055,48,11702,102,80.1,409,12
"5300",2020-11-05,6069,63,14413,86,108.9,1899,13
"5301",2020-11-05,6079,29,5228,55,68.5,360,7
"5302",2020-11-05,6084,47.4,14195,66,119.8,838,10
"5303",2020-11-05,6087,17.4,3530,42,28.9,160,12
"5304",2020-11-05,6090,55.1,10541,77,100,808,11
"5305",2020-11-05,6121,56.5,15228,70,99.8,1778,26
"5306",2020-11-05,6126,55.2,14711,52,84.9,1609,16
"5307",2020-11-05,6129,46.2,13440,47,90.8,356,7
"5308",2020-11-05,6130,49.7,14154,85,81.3,1052,13
"5309",2020-11-05,7010,7.1,1908,8,24.3,212,3
"5310",2020-11-05,7018,54.1,16304,97,86.4,576,12
"5311",2020-11-05,7019,65.8,16488,116,124,670,10
"5312",2020-11-05,7022,68.3,21092,91,131.2,1436,19
"5313",2020-11-05,7023,51.9,15282,81,82.6,643,6
"5314",2020-11-05,7024,53.5,11538,64,86.9,817,7
"5315",2020-11-05,7027,69.5,14149,157,106.9,719,14
"5316",2020-11-05,7030,25.6,5408,50,45.3,253,3
"5317",2020-11-05,7033,47,12647,87,93.2,1804,16
"5318",2020-11-05,7043,51,14181,59,90.2,556,7
"5319",2020-11-06,2074,59.8,10467,57,92.5,615,19
"5320",2020-11-06,3131,54.7,9759,99,104.6,863,16
"5321",2020-11-06,3150,57,15841,45,114.7,856,14
"5322",2020-11-06,4044,74,10943,59,132.4,469,9
"5323",2020-11-06,4072,49.5,11001,54,95.1,995,15
"5324",2020-11-06,4080,54.1,13762,84,101,1035,17
"5325",2020-11-06,5028,29.8,8176,33,63.4,447,9
"5326",2020-11-06,5041,59.7,17677,94,107.2,1694,14
"5327",2020-11-06,5042,62.8,11144,119,107.5,876,12
"5328",2020-11-06,5058,62.5,13212,107,122.1,616,12
"5329",2020-11-06,5059,58.5,14917,73,113.8,1317,16
"5330",2020-11-06,5061,57.3,13970,62,118.8,829,13
"5331",2020-11-06,5067,67.2,14527,92,133.9,1087,18
"5332",2020-11-06,5100,53.5,16833,84,111.6,706,16
"5333",2020-11-06,5114,52.4,12727,46,93.4,1070,11
"5334",2020-11-06,5120,76.2,15654,61,114.8,1269,10
"5335",2020-11-06,5123,72.9,20202,87,163.8,936,19
"5336",2020-11-06,5124,51,17877,82,95.6,1733,29
"5337",2020-11-06,5135,57.7,9493,54,95.5,563,9
"5338",2020-11-06,5137,45.9,9072,71,78,503,11
"5339",2020-11-06,5139,51.5,13340,63,80.8,606,10
"5340",2020-11-06,5145,52.0999999999999,10518,94,92.5,473,10
"5341",2020-11-06,6005,55.1,10195,61,100.3,595,8
"5342",2020-11-06,6020,66.3,15844,62,99,501,14
"5343",2020-11-06,6027,57.8,14303,115,97.5,965,20
"5344",2020-11-06,6028,64.9,13886,99,108.3,1068,10
"5345",2020-11-06,6029,57.6,9989,29,107.7,715,10
"5346",2020-11-06,6030,66.7,9951,73,98.6,666,8
"5347",2020-11-06,6033,93,11530,75,74.2,738,11
"5348",2020-11-06,6050,56.8,13512,73,89.3,1339,19
"5349",2020-11-06,6055,45.6,12323,85,79.2,497,13
"5350",2020-11-06,6069,85.1,12987,90,105.6,1894,15
"5351",2020-11-06,6079,78.7,11502,63,117.1,826,15
"5352",2020-11-06,6084,67,17170,62,130.8,855,13
"5353",2020-11-06,6087,54.9,11272,79,100.7,554,17
"5354",2020-11-06,6090,55.8,11732,74,111.7,823,15
"5355",2020-11-06,6121,54.9,13575,72,88.5,1693,38
"5356",2020-11-06,6126,61.5,15552,74,101.6,1948,26
"5357",2020-11-06,6129,55.8,16613,66,103.9,481,11
"5358",2020-11-06,6130,61.1,14402,102,88.2,1267,15
"5359",2020-11-06,7018,45.5,14820,105,83,565,12
"5360",2020-11-06,7019,67.3,11505,71,88.1,446,8
"5361",2020-11-06,7022,49.6,15004,68,109.4,1388,16
"5362",2020-11-06,7023,48,13797,88,86.1,654,7
"5363",2020-11-06,7024,83.7,11568,80,92.9,676,7
"5364",2020-11-06,7027,61.7,12946,146,99.9,649,13
"5365",2020-11-06,7033,49.2,12947,90,86.5,2020,22
"5366",2020-11-06,7043,46.1,12098,64,95.5,677,9
"5367",2020-11-07,2074,47.5,9097,55,74.5,348,8
"5368",2020-11-07,3131,51.5,10774,84,119.4,1172,21
"5369",2020-11-07,3150,50.8,14297,60,112.3,672,11
"5370",2020-11-07,4044,57.3,10605,77,110.6,462,12
"5371",2020-11-07,4072,55.4,12343,59,76,793,8
"5372",2020-11-07,4080,45.2,12947,83,97.1,1143,19
"5373",2020-11-07,5028,26.6,7411,35,54.4,297,6
"5374",2020-11-07,5041,61.2,20541,104,107.3,1555,13
"5375",2020-11-07,5042,52.8,10682,114,124.2,937,14
"5376",2020-11-07,5058,65.7,15283,95,120.8,696,13
"5377",2020-11-07,5059,54.9,15637,70,116,1363,21
"5378",2020-11-07,5061,48.3,13009,65,105.3,733,9
"5379",2020-11-07,5067,62.7,15631,98,123.6,818,8
"5380",2020-11-07,5100,56.7,18340,124,110.6,671,16
"5381",2020-11-07,5114,51,14366,58,111.9,1489,11
"5382",2020-11-07,5120,58,15418,76,104.9,986,11
"5383",2020-11-07,5123,63.8,18738,88,137.5,639,14
"5384",2020-11-07,5124,48.3,18208,96,84.4,1697,26
"5385",2020-11-07,5135,58.6,10838,50,95.5,549,8
"5386",2020-11-07,5137,46,9909,61,73.9,494,14
"5387",2020-11-07,5139,48.2,11808,61,72.6,590,8
"5388",2020-11-07,5145,48.5,10218,95,81.1,690,12
"5389",2020-11-07,6005,55.7,12208,77,102.2,630,13
"5390",2020-11-07,6020,52.2,14896,82,97,330,8
"5391",2020-11-07,6027,53.8,15602,113,104,761,11
"5392",2020-11-07,6028,56.9,14022,112,120.6,1311,15
"5393",2020-11-07,6029,58.5,10758,28,110.2,665,8
"5394",2020-11-07,6030,64.2,10574,88,87.2,561,9
"5395",2020-11-07,6033,49.2,12772,87,73.6,752,11
"5396",2020-11-07,6050,52.5,16198,84,104.8,1277,17
"5397",2020-11-07,6055,49.6,13719,115,86.7,431,11
"5398",2020-11-07,6069,62.3,16088,108,111.2,2180,15
"5399",2020-11-07,6079,64.3,12884,70,115.8,759,10
"5400",2020-11-07,6084,48.3,14676,66,109.5,810,14
"5401",2020-11-07,6087,43.2,10684,62,93.2,658,13
"5402",2020-11-07,6090,54.7,12106,85,91.1,683,12
"5403",2020-11-07,6121,52.1,15416,81,92.2,1912,25
"5404",2020-11-07,6126,44.7,13766,68,78.2,1415,13
"5405",2020-11-07,6129,48.9,15324,52,89.5,353,8
"5406",2020-11-07,6130,40.9,15104,120,70.7,891,11
"5407",2020-11-07,7018,42,15769,114,82.8,402,9
"5408",2020-11-07,7019,56.1,14989,80,105.7,547,9
"5409",2020-11-07,7022,57.3,18712,104,116.6,1422,16
"5410",2020-11-07,7023,50.8,16424,92,78.1,482,7
"5411",2020-11-07,7024,51,10379,60,86.6,714,10
"5412",2020-11-07,7027,57.8,12888,148,92.1,561,12
"5413",2020-11-07,7033,49.5,13927,87,89.3,1662,21
"5414",2020-11-07,7043,55.3,13578,76,84.9,740,15
"5415",2020-11-08,2074,54.3,11393,55,105.6,638,8
"5416",2020-11-08,3131,58.5,14054,82,122,1058,11
"5417",2020-11-08,3150,56.1,18361,39,133.4,1218,12
"5418",2020-11-08,4044,50.9,10266,56,103.5,531,10
"5419",2020-11-08,4072,41.5,11694,66,102.9,945,9
"5420",2020-11-08,4080,47,12003,63,93.8,1058,20
"5421",2020-11-08,5028,39.6,11817,51,75.2,350,6
"5422",2020-11-08,5041,48.9,17345,99,97.1,1390,16
"5423",2020-11-08,5042,67.6,12345,161,112.9,818,12
"5424",2020-11-08,5058,58.1,12872,78,122,704,11
"5425",2020-11-08,5059,58.7,17654,76,113.2,1465,11
"5426",2020-11-08,5061,49.7,13063,59,79.5,2352,9
"5427",2020-11-08,5067,51.8,13453,77,128.9,1230,8
"5428",2020-11-08,5100,47.7,16186,86,102.1,610,13
"5429",2020-11-08,5114,31.8,11937,49,100.6,1208,8
"5430",2020-11-08,5120,62.9,16474,92,115.5,1277,12
"5431",2020-11-08,5123,61.8,18967,62,149,760,13
"5432",2020-11-08,5124,37.8,15919,64,73.1,1364,12
"5433",2020-11-08,5135,56,11411,40,93.3,650,11
"5434",2020-11-08,5137,42.3,9429,59,57.3,336,9
"5435",2020-11-08,5139,41.3,10518,34,82.2,509,9
"5436",2020-11-08,5145,51.7,9451,85,81.6,615,6
"5437",2020-11-08,6005,48,12080,53,96.1,643,8
"5438",2020-11-08,6020,64.3,14959,52,102.5,349,8
"5439",2020-11-08,6027,56.5,15995,102,102.1,890,13
"5440",2020-11-08,6028,41.4,12294,93,118.3,1238,10
"5441",2020-11-08,6029,62.8,12418,28,117.7,680,9
"5442",2020-11-08,6030,65.6,10477,85,105,578,6
"5443",2020-11-08,6033,41.6,12580,88,68.8,730,16
"5444",2020-11-08,6050,45.7,14614,67,84.4,1033,8
"5445",2020-11-08,6055,46,12420,81,67.5,901,9
"5446",2020-11-08,6069,48.1,14928,95,110.3,1998,16
"5447",2020-11-08,6079,61.9,14360,73,124.3,863,12
"5448",2020-11-08,6084,61.3,19129,68,136.1,782,14
"5449",2020-11-08,6087,54,15432,68,101.8,911,17
"5450",2020-11-08,6090,55.8,12711,99,113.6,776,12
"5451",2020-11-08,6121,49.2,14535,48,89,1691,25
"5452",2020-11-08,6126,56.6,16308,86,108,1994,20
"5453",2020-11-08,6129,45.6,13173,45,88.8,322,7
"5454",2020-11-08,6130,45.1,13742,80,75.5,771,8
"5455",2020-11-08,7018,33.1,14848,77,90.1,516,10
"5456",2020-11-08,7019,48.2,15150,92,100.5,504,11
"5457",2020-11-08,7022,60.2,18656,90,117.1,1194,16
"5458",2020-11-08,7023,48.1,16867,77,85.4,571,6
"5459",2020-11-08,7024,52,11989,56,65.1,676,9
"5460",2020-11-08,7027,63.7,13205,150,87.8,503,10
"5461",2020-11-08,7033,49.5,13601,85,83.7,1551,14
"5462",2020-11-08,7043,45.8,12953,56,95,486,10
"5463",2020-11-09,2074,47,10384,49,74,683,6
"5464",2020-11-09,3131,55,12177,85,87.5,971,9
"5465",2020-11-09,3150,60.3,17003,60,108.6,717,11
"5466",2020-11-09,4044,68.4,13022,65,132.7,779,9
"5467",2020-11-09,4072,49.5,12956,51,86.3,934,6
"5468",2020-11-09,4080,58,14929,90,112.1,1105,16
"5469",2020-11-09,5028,44.7,11916,43,101.7,694,6
"5470",2020-11-09,5041,54.5,18332,109,99,1409,13
"5471",2020-11-09,5042,58.1,11404,137,107,870,10
"5472",2020-11-09,5058,57.3,13020,77,107.9,629,10
"5473",2020-11-09,5059,54.2,16833,75,115.5,8991,9
"5474",2020-11-09,5061,56.3,15095,53,103.8,521,7
"5475",2020-11-09,5067,65.4,18826,83,149.9,1033,10
"5476",2020-11-09,5100,49.4,16720,117,89.9,665,11
"5477",2020-11-09,5114,52.6,15544,55,83.8,1066,14
"5478",2020-11-09,5120,58.8,14449,68,110.1,945,8
"5479",2020-11-09,5123,62.1,19130,63,125.2,608,13
"5480",2020-11-09,5124,43.8,17752,63,59.1,1148,11
"5481",2020-11-09,5135,53.9,12565,56,96.3,1245,12
"5482",2020-11-09,5137,47.9999999999999,11824,65,63.1,465,8
"5483",2020-11-09,5139,50.9,13152,41,68.5,515,7
"5484",2020-11-09,5145,39.2,7058,73,55.9,283,5
"5485",2020-11-09,6005,56,13560,76,98.6,704,6
"5486",2020-11-09,6020,56.1,11153,57,85,314,8
"5487",2020-11-09,6027,49.5,17291,102,96.4,1037,8
"5488",2020-11-09,6029,55.1,10787,32,105.9,625,7
"5489",2020-11-09,6030,55.1,10919,87,81.2,502,7
"5490",2020-11-09,6033,48.3,12759,69,66,790,10
"5491",2020-11-09,6050,46.2,13504,68,93.8,1361,7
"5492",2020-11-09,6055,51.1,13842,106,94.8,527,9
"5493",2020-11-09,6069,61.7,14325,104,123.7,1951,16
"5494",2020-11-09,6079,56.6,14365,88,113.7,856,10
"5495",2020-11-09,6084,50.9,15985,73,101.7,697,9
"5496",2020-11-09,6087,44,14533,51,82.4,1045,14
"5497",2020-11-09,6090,57,13042,97,92.1,771,9
"5498",2020-11-09,6121,49.1,12988,44,83.8,2329,24
"5499",2020-11-09,6126,51.2,15120,69,90.6,1599,19
"5500",2020-11-09,6129,43.9,13062,46,87.3,347,7
"5501",2020-11-09,6130,48.5,18255,79,106,1792,9
"5502",2020-11-09,7018,40.4,14105,84,73.1,491,11
"5503",2020-11-09,7019,49.3,14503,83,97.7,500,7
"5504",2020-11-09,7022,41.9,13365,65,88,934,13
"5505",2020-11-09,7023,49.7,15720,77,79.5,501,6
"5506",2020-11-09,7024,57.4,12625,73,88.9,656,5
"5507",2020-11-09,7027,66.6,14369,167,100.4,864,9
"5508",2020-11-09,7033,43.1,12497,83,96.6,4583,15
"5509",2020-11-09,7043,48,13269,60,87.3,528,9
"5510",2020-11-10,2074,53.8,10755,42,88.3,858,8
"5511",2020-11-10,3131,58.7,13847,88,101.2,728,13
"5512",2020-11-10,3150,59.5,17494,57,123.7,816,10
"5513",2020-11-10,4044,63,12390,60,123.6,913,9
"5514",2020-11-10,4072,47.1,11853,56,78.4,725,8
"5515",2020-11-10,4080,53.5,13995,77,101.4,1157,19
"5516",2020-11-10,5028,40.6,11215,39,85.1,652,6
"5517",2020-11-10,5041,64.6,19913,115,100.4,1462,10
"5518",2020-11-10,5042,59.8,11962,143,122.6,1185,12
"5519",2020-11-10,5058,56,12928,79,105.7,582,8
"5520",2020-11-10,5059,54.1,16538,49,121.6,1526,12
"5521",2020-11-10,5061,67.2,18392,83,121.4,4363,9
"5522",2020-11-10,5067,60.5,15575,70,127.2,1164,8
"5523",2020-11-10,5100,56.4,19336,90,110.1,733,10
"5524",2020-11-10,5114,52.5,15232,46,79,922,10
"5525",2020-11-10,5120,53.1,15153,50,97.7,2060,11
"5526",2020-11-10,5123,68.3,20992,75,150,2330,14
"5527",2020-11-10,5124,49.8,18937,79,100.1,2170,16
"5528",2020-11-10,5135,52.8,12737,59,87.3,797,8
"5529",2020-11-10,5137,41.5,9610,48,43.7,430,6
"5530",2020-11-10,5139,34.5,10840,37,62.7,670,9
"5531",2020-11-10,5145,44.7,9532,76,70.7,396,6
"5532",2020-11-10,6005,48.4,11336,65,95.1,779,6
"5533",2020-11-10,6020,57.9,12012,63,96.5,301,8
"5534",2020-11-10,6027,47.4,15115,75,108,948,13
"5535",2020-11-10,6029,59.4,12603,21,94.1,826,8
"5536",2020-11-10,6030,63.2,11279,90,95.3,573,6
"5537",2020-11-10,6033,40.7,11401,69,66.9,1052,11
"5538",2020-11-10,6050,50.4,15751,96,92.1,1532,9
"5539",2020-11-10,6055,49.4,13250,102,94.1,606,12
"5540",2020-11-10,6069,43.5,10796,63,76.2,1293,8
"5541",2020-11-10,6079,57.4,14644,50,134.4,840,10
"5542",2020-11-10,6084,55.4,18199,66,138.5,5544,12
"5543",2020-11-10,6087,46.4,15709,37,101.8,1097,8
"5544",2020-11-10,6090,53.8,13155,88,118.3,1000,12
"5545",2020-11-10,6121,41.3,13434,43,78.7,1952,18
"5546",2020-11-10,6126,54.5,14011,57,86.2,1569,14
"5547",2020-11-10,6129,49.7,14953,45,90.6,348,9
"5548",2020-11-10,6130,46.8,16054,92,81.5,2211,20
"5549",2020-11-10,7018,52.1,16820,70,91,594,10
"5550",2020-11-10,7019,54.5,13879,87,108.5,679,9
"5551",2020-11-10,7022,56.5,19113,77,105.5,997,12
"5552",2020-11-10,7023,46.8,15333,68,69.3,356,4
"5553",2020-11-10,7024,49.7,12583,71,79.2,638,6
"5554",2020-11-10,7027,65.5,14901,159,118.2,612,11
"5555",2020-11-10,7033,96,15831,84,91.9,1844,19
"5556",2020-11-10,7043,50.5,13515,54,85.5,686,7
"5557",2020-11-11,2074,59.6,10924,42,81.4,623,10
"5558",2020-11-11,3131,57.4,13199,73,117.1,1060,14
"5559",2020-11-11,3150,50.3,14089,37,125.1,719,10
"5560",2020-11-11,4044,61.3,11631,57,126.4,506,10
"5561",2020-11-11,4072,46.4,11178,55,104.3,1239,11
"5562",2020-11-11,4080,50,13609,57,100.1,1599,17
"5563",2020-11-11,5028,55.4,14359,42,124.9,1126,9
"5564",2020-11-11,5041,48.1,19704,95,103.1,1663,17
"5565",2020-11-11,5042,64.5,12477,148,99.2,1652,12
"5566",2020-11-11,5058,63.2,13586,52,117.5,653,12
"5567",2020-11-11,5059,57.8,17093,55,106.3,1327,10
"5568",2020-11-11,5061,54.7,12464,63,95.9,651,8
"5569",2020-11-11,5067,55.3,13011,68,105.8,938,6
"5570",2020-11-11,5100,51.2,18205,96,109.6,1431,14
"5571",2020-11-11,5114,46.9,11289,41,91.7,1232,9
"5572",2020-11-11,5120,68.6,18344,76,136.1,1330,19
"5573",2020-11-11,5123,61,18182,57,134.5,948,10
"5574",2020-11-11,5124,55.5,19081,67,79.2,1869,19
"5575",2020-11-11,5135,75.6,12566,55,114.2,1168,10
"5576",2020-11-11,5137,55.7,9759,64,75.5,433,8
"5577",2020-11-11,5139,45.8,13654,43,92.5,1778,11
"5578",2020-11-11,5145,55.7,10876,92,91.7,820,12
"5579",2020-11-11,6005,51.7,12116,80,95.2,581,6
"5580",2020-11-11,6020,70.5,16021,72,124.9,553,13
"5581",2020-11-11,6027,50.5,14295,82,84.8,651,8
"5582",2020-11-11,6029,65.8,11888,21,108.4,613,7
"5583",2020-11-11,6030,61.3,11627,72,113.8,680,7
"5584",2020-11-11,6033,48.8,14683,90,78.7,1179,19
"5585",2020-11-11,6050,51.4,15607,69,102.9,1433,9
"5586",2020-11-11,6055,41.9,11525,82,78.1,631,14
"5587",2020-11-11,6069,72.7,16865,76,139.1,1864,9
"5588",2020-11-11,6079,61.9,16953,67,138.1,939,13
"5589",2020-11-11,6084,50.7,15910,47,105.4,711,8
"5590",2020-11-11,6087,48.4,17776,42,100.8,2694,13
"5591",2020-11-11,6090,47.2,11518,69,98,1004,14
"5592",2020-11-11,6121,54.2,15856,56,91.5,2197,25
"5593",2020-11-11,6126,48.8,13976,41,92.2,2155,15
"5594",2020-11-11,6129,45.7,12866,37,75,437,10
"5595",2020-11-11,6130,46,14322,78,74.2,1252,15
"5596",2020-11-11,7018,48.3,14916,68,87.2,611,9
"5597",2020-11-11,7019,51.2,15078,83,108,699,11
"5598",2020-11-11,7022,61.2,19968,60,130.2,1718,19
"5599",2020-11-11,7023,56.9,15012,62,93.2,606,8
"5600",2020-11-11,7024,49.9,12319,65,87,695,5
"5601",2020-11-11,7027,58,13793,127,97,609,9
"5602",2020-11-11,7033,48.1,14231,81,94,1612,18
"5603",2020-11-11,7043,44.5,10697,48,85,517,10
"5604",2020-11-12,2074,52.4,10926,41,59.4,491,6
"5605",2020-11-12,3131,55.1,12450,76,85.5,746,9
"5606",2020-11-12,3150,53.5,16748,50,133.1,1321,15
"5607",2020-11-12,4044,43.8,8613,45,99.7,485,6
"5608",2020-11-12,4072,50.8,12404,49,89,809,7
"5609",2020-11-12,4080,44.3,11567,68,93.7,1484,10
"5610",2020-11-12,5041,53.2,18681,99,104.3,1324,11
"5611",2020-11-12,5042,52.5,9773,144,109.9,1309,12
"5612",2020-11-12,5058,64.3,14644,71,126.4,937,11
"5613",2020-11-12,5059,46.9,15596,58,171.1,1546,15
"5614",2020-11-12,5061,55.8,12731,62,129.5,725,12
"5615",2020-11-12,5067,67.6,15224,81,141.5,1166,11
"5616",2020-11-12,5100,44.6,16349,72,101.4,744,9
"5617",2020-11-12,5114,52.9,12956,60,95.8,798,8
"5618",2020-11-12,5120,58,15738,53,109.8,1371,9
"5619",2020-11-12,5123,70.8,20140,78,142.8,693,12
"5620",2020-11-12,5124,44.5,14879,80,111.6,1715,18
"5621",2020-11-12,5135,54.7,10304,49,83.3,1218,8
"5622",2020-11-12,5137,41.8,9236,51,67.9,623,8
"5623",2020-11-12,5139,41.7,9253,43,65.9,443,5
"5624",2020-11-12,5145,46,9798,76,87.3,690,6
"5625",2020-11-12,6005,57.6,14138,64,117.8,710,10
"5626",2020-11-12,6020,47.5,10461,64,74.6,372,7
"5627",2020-11-12,6027,59.2,15431,86,116.7,820,11
"5628",2020-11-12,6029,53.5,9851,29,100.7,496,6
"5629",2020-11-12,6030,65.3,10344,91,106.5,552,9
"5630",2020-11-12,6033,38,11188,74,64.3,715,10
"5631",2020-11-12,6050,43.8,13091,73,94.3,1130,9
"5632",2020-11-12,6055,42.8,12611,93,79.5,830,8
"5633",2020-11-12,6069,56.6,13548,72,120.6,1544,7
"5634",2020-11-12,6079,99.6,14149,75,133.7,897,10
"5635",2020-11-12,6084,54.7,17004,57,117,1152,10
"5636",2020-11-12,6087,45.8,16431,57,91.6,1198,7
"5637",2020-11-12,6090,56.8,11674,73,112.3,1004,13
"5638",2020-11-12,6121,50.4,13199,44,84.9,1669,21
"5639",2020-11-12,6126,73.8,14954,64,105.6,2156,19
"5640",2020-11-12,6129,42.8,13019,39,85.2,417,6
"5641",2020-11-12,6130,33.5,13976,69,74.5,1043,8
"5642",2020-11-12,7018,54.9,15126,71,91,545,8
"5643",2020-11-12,7019,46.2,11695,59,85.7,445,6
"5644",2020-11-12,7022,52.5,16394,65,114.9,1236,16
"5645",2020-11-12,7023,47.7,14436,69,72.8,478,6
"5646",2020-11-12,7024,47.1,13469,58,82.2,834,7
"5647",2020-11-12,7027,52.2,11946,134,95,495,7
"5648",2020-11-12,7033,42.6,12011,69,83.7,1563,11
"5649",2020-11-12,7043,54.3,15742,53,92.4,623,7
"5650",2020-11-13,2074,41.5,8522,52,88.8,560,11
"5651",2020-11-13,3131,55.2,13362,95,92.9,778,12
"5652",2020-11-13,3150,49,12541,72,113.5,954,11
"5653",2020-11-13,4044,52.3,10392,59,134.8,681,11
"5654",2020-11-13,4072,37.1,9125,70,74.1,935,9
"5655",2020-11-13,4080,45.2,11107,81,89.6,970,9
"5656",2020-11-13,5028,21.8,4909,9,57.4,261,2
"5657",2020-11-13,5041,50.1,15843,140,100.6,1351,8
"5658",2020-11-13,5042,52.7,10205,109,109.5,872,9
"5659",2020-11-13,5058,60,13308,85,105.5,672,8
"5660",2020-11-13,5059,44.6,10272,53,89.5,807,8
"5661",2020-11-13,5061,51.3,12336,65,111,688,10
"5662",2020-11-13,5067,56.5,13382,101,120.6,866,10
"5663",2020-11-13,5100,49.9,16270,125,96.9,659,13
"5664",2020-11-13,5114,46.4,13092,57,102.4,922,12
"5665",2020-11-13,5120,59.6,16778,72,108.4,992,11
"5666",2020-11-13,5123,46.5,13911,78,128.4,865,13
"5667",2020-11-13,5124,52.1,19387,84,82.8,1497,19
"5668",2020-11-13,5135,49.3,12879,72,84,709,13
"5669",2020-11-13,5137,36.8,8465,63,70.3,552,14
"5670",2020-11-13,5139,45.2,11766,55,77.1,552,16
"5671",2020-11-13,5145,37.5,9530,142,75.7,536,9
"5672",2020-11-13,6005,48,11876,82,104.7,703,8
"5673",2020-11-13,6020,75.6,15366,86,98.7,518,11
"5674",2020-11-13,6027,59.1,15890,107,87.8,692,13
"5675",2020-11-13,6029,55.6,11201,32,132.5,787,9
"5676",2020-11-13,6030,47.2,7884,77,84,409,5
"5677",2020-11-13,6033,40.3,10809,80,57.8,555,12
"5678",2020-11-13,6050,39.2,13256,81,101.1,1343,12
"5679",2020-11-13,6055,37.9,11576,105,70.4,417,10
"5680",2020-11-13,6069,47.2,12620,98,101.2,1510,10
"5681",2020-11-13,6079,47.1,12165,73,107.4,884,9
"5682",2020-11-13,6084,44.7,14165,87,154.7,887,12
"5683",2020-11-13,6087,44,14221,56,93.9,908,10
"5684",2020-11-13,6090,46,11463,90,102.8,742,11
"5685",2020-11-13,6121,50.7,12880,68,92.5,1808,21
"5686",2020-11-13,6126,46.7,11306,61,82.4,1707,22
"5687",2020-11-13,6129,45.1,14336,76,91.8,368,6
"5688",2020-11-13,6130,35.2,13647,116,65,1232,8
"5689",2020-11-13,7018,35.2,12038,90,71.7,470,8
"5690",2020-11-13,7019,54.6,14113,58,100.5,521,7
"5691",2020-11-13,7022,62.8,18722,100,112.7,1113,19
"5692",2020-11-13,7023,46.5,14974,86,72.7,555,6
"5693",2020-11-13,7024,45.9,10676,95,86,760,6
"5694",2020-11-13,7027,64.8,14037,141,112.5,720,9
"5695",2020-11-13,7033,46.4,14158,100,87.8,1733,16
"5696",2020-11-13,7043,37.1,9800,64,84.6,580,11
"5697",2020-11-14,2074,49.8,9773,51,86.9,461,10
"5698",2020-11-14,3131,57.7,12616,125,112.9,997,9
"5699",2020-11-14,3150,51,13731,54,102,677,11
"5700",2020-11-14,4044,56.9,11287,56,103.1,399,7
"5701",2020-11-14,4072,50.8,10539,61,84.8,832,8
"5702",2020-11-14,4080,59.2,12455,83,95.2,905,13
"5703",2020-11-14,5028,48.5,12254,32,115.1,720,5
"5704",2020-11-14,5041,61.9,17491,136,85.1,1147,11
"5705",2020-11-14,5042,63.5000000000001,11734,134,93.9,691,8
"5706",2020-11-14,5058,61.9,13196,74,113.7,613,9
"5707",2020-11-14,5059,63.7,15326,73,114.1,1395,18
"5708",2020-11-14,5061,60.9,13673,75,113.9,692,10
"5709",2020-11-14,5067,68.2,13439,88,121.3,761,9
"5710",2020-11-14,5100,54.1,15006,88,104.9,567,10
"5711",2020-11-14,5114,54.8,13792,55,91.3,950,9
"5712",2020-11-14,5120,65.8,16509,60,122,1304,11
"5713",2020-11-14,5123,66.2,18412,81,142.9,825,14
"5714",2020-11-14,5124,49.8,16919,85,81.3,1612,21
"5715",2020-11-14,5135,55.3,10194,90,87.8,632,9
"5716",2020-11-14,5137,46.6,8991,72,67.5,514,10
"5717",2020-11-14,5139,44.2,9156,59,60.4,478,7
"5718",2020-11-14,5145,44.7,11116,126,68.8,618,9
"5719",2020-11-14,6005,49.8,11781,90,89.7,566,8
"5720",2020-11-14,6020,63,13634,61,95.1,466,7
"5721",2020-11-14,6027,58.5,14817,107,118.2,1015,16
"5722",2020-11-14,6028,32,5766,50,59.9,574,6
"5723",2020-11-14,6029,65.5,10922,33,100,637,8
"5724",2020-11-14,6030,58.1,9160,98,98.6,486,7
"5725",2020-11-14,6033,58.2,12010,92,63.7,690,12
"5726",2020-11-14,6050,52.5,13533,75,90.4,1018,9
"5727",2020-11-14,6055,50.6,15407,137,76.6,385,8
"5728",2020-11-14,6069,68.4,15218,92,108.6,1379,6
"5729",2020-11-14,6079,68,15707,81,111,1095,11
"5730",2020-11-14,6084,56.8,16709,89,118.9,875,12
"5731",2020-11-14,6087,51.7,17244,85,81.1,881,7
"5732",2020-11-14,6090,54.9,11633,85,84.3,676,11
"5733",2020-11-14,6121,54.1,13811,82,77.9,1540,18
"5734",2020-11-14,6126,57,13562,86,88.4,1600,22
"5735",2020-11-14,6129,43.4,13313,54,85.9,392,6
"5736",2020-11-14,6130,59.9,15969,138,69.3,864,7
"5737",2020-11-14,7018,46.4,12677,85,78.7,438,6
"5738",2020-11-14,7019,49.7,12095,57,84.2,431,5
"5739",2020-11-14,7022,57.9,17306,83,114.9,1159,16
"5740",2020-11-14,7023,49.7,14379,91,72.6,516,5
"5741",2020-11-14,7024,51.6000000000001,10729,75,74,601,6
"5742",2020-11-14,7027,64.2,13291,159,85.7,506,9
"5743",2020-11-14,7033,57.6,12818,82,87.9,1661,19
"5744",2020-11-14,7043,48.3,10745,92,82.3,478,9
"5745",2020-11-15,2074,61.6,9807,50,74.9,355,7
"5746",2020-11-15,3131,85.7,15352,75,114.9,1107,13
"5747",2020-11-15,3150,65.6,16656,62,125,815,12
"5748",2020-11-15,4044,69,12874,64,134.1,643,10
"5749",2020-11-15,4072,61.9,11491,57,69.5,820,11
"5750",2020-11-15,4080,76.7,13842,79,89.4,1012,17
"5751",2020-11-15,5028,50.4,12340,45,119.6,712,7
"5752",2020-11-15,5041,70.9,19500,188,114.3,1703,14
"5753",2020-11-15,5042,76.8,11033,157,113.5,1149,16
"5754",2020-11-15,5058,83.7,12225,102,135.4,697,14
"5755",2020-11-15,5059,74.1,14661,62,103.6,1316,12
"5756",2020-11-15,5061,89.9,15348,76,115.5,761,11
"5757",2020-11-15,5067,74.9,15276,80,144.6,1216,18
"5758",2020-11-15,5100,55.9,14271,103,105.9,526,13
"5759",2020-11-15,5114,53,12624,49,95.8,887,15
"5760",2020-11-15,5120,66.2,12543,92,106,853,8
"5761",2020-11-15,5123,66.3,15780,96,125.9,837,14
"5762",2020-11-15,5124,57.4,17048,119,87.7,1499,19
"5763",2020-11-15,5135,98.7,12415,52,107.9,721,10
"5764",2020-11-15,5137,53.3,10159,65,75.4,516,11
"5765",2020-11-15,5139,46.4,10469,31,68.8,444,9
"5766",2020-11-15,5145,49.8,9827,85,90,678,11
"5767",2020-11-15,6005,62.6,11802,81,106.5,780,10
"5768",2020-11-15,6020,70.6,16965,66,113.9,594,11
"5769",2020-11-15,6027,62.3,15736,72,91.8,675,11
"5770",2020-11-15,6028,44.4,9181,58,68.5,948,11
"5771",2020-11-15,6029,84,11486,22,88.6,627,7
"5772",2020-11-15,6030,63,10551,78,82.6,420,6
"5773",2020-11-15,6033,54.2,12353,77,71.1,645,12
"5774",2020-11-15,6050,77.3,15050,85,107.1,1349,9
"5775",2020-11-15,6055,61.1,13019,96,85.3,417,9
"5776",2020-11-15,6069,71.7,18224,110,116.8,1183,10
"5777",2020-11-15,6079,66.3,15376,74,126.6,937,14
"5778",2020-11-15,6084,59.3,16837,85,127.3,886,10
"5779",2020-11-15,6087,50,16681,64,82.1,1074,11
"5780",2020-11-15,6090,62.5,12946,57,96.4,873,14
"5781",2020-11-15,6121,54,13884,42,88.2,1630,16
"5782",2020-11-15,6126,56.7,14973,46,90.1,2019,21
"5783",2020-11-15,6129,49.1,14059,41,85.4,467,6
"5784",2020-11-15,6130,58.5,15346,83,75.1,1332,9
"5785",2020-11-15,7018,62.5,16178,90,87.7,596,12
"5786",2020-11-15,7019,54.7999999999999,8388,107,82.5,285,7
"5787",2020-11-15,7022,70,18856,67,97.4,1093,11
"5788",2020-11-15,7023,58.4,15441,73,82.1,540,7
"5789",2020-11-15,7024,56.1,11470,49,75.2,674,5
"5790",2020-11-15,7027,65.9,13895,147,101.1,629,9
"5791",2020-11-15,7033,77.2,12882,86,94.8,1641,16
"5792",2020-11-15,7043,59.3,12744,41,93.2,512,8
"5793",2020-11-16,2074,50.6,9873,52,75.9,390,7
"5794",2020-11-16,3131,56.1,12901,68,90.8,875,13
"5795",2020-11-16,3150,57.3,18537,49,113.6,770,10
"5796",2020-11-16,4044,75.8,12809,68,133.6,518,11
"5797",2020-11-16,4072,49.9,12319,52,90.4,959,13
"5798",2020-11-16,4080,51.5,14398,69,122.1,1164,13
"5799",2020-11-16,5028,52.2,13740,37,96.7,654,5
"5800",2020-11-16,5041,67.1,18928,111,96.2,1542,14
"5801",2020-11-16,5042,67.3,12353,138,97.6,679,7
"5802",2020-11-16,5058,64.7,14667,89,115,672,11
"5803",2020-11-16,5059,55.6,13723,59,97.4,1034,8
"5804",2020-11-16,5061,62,14366,60,110.3,739,9
"5805",2020-11-16,5067,57.8,11796,33,104.8,987,10
"5806",2020-11-16,5100,50.1,16535,70,99.2,577,13
"5807",2020-11-16,5114,55.4,14849,55,97.9,1164,11
"5808",2020-11-16,5120,72,15887,61,115.8,1165,13
"5809",2020-11-16,5123,74.9,17640,87,150.1,1060,14
"5810",2020-11-16,5124,56.8,18740,72,93,1707,17
"5811",2020-11-16,5135,55.5,11057,61,77.5,609,9
"5812",2020-11-16,5137,43,10236,62,57.2,432,13
"5813",2020-11-16,5139,50.3,10817,39,72.1,328,6
"5814",2020-11-16,5145,42.8,8919,56,77.1,591,5
"5815",2020-11-16,6005,55.3,12377,82,104.1,717,8
"5816",2020-11-16,6020,56,13203,65,77.5,504,10
"5817",2020-11-16,6027,54.8,15554,78,96.9,752,16
"5818",2020-11-16,6028,45.7,11483,58,80.6,1153,8
"5819",2020-11-16,6029,64.9,13131,27,117.8,814,9
"5820",2020-11-16,6030,68.8,8883,63,81,392,7
"5821",2020-11-16,6033,43.7,11456,86,66.8,614,10
"5822",2020-11-16,6050,40.2,11353,49,76.3,1440,8
"5823",2020-11-16,6055,45.6,11340,65,76.5,425,8
"5824",2020-11-16,6069,62.7,14913,93,112.3,1065,7
"5825",2020-11-16,6079,60.6,14014,61,101,675,9
"5826",2020-11-16,6084,57,17604,68,122.9,832,9
"5827",2020-11-16,6087,49.2,16649,49,94.4,879,9
"5828",2020-11-16,6090,60,12830,70,96.8,957,12
"5829",2020-11-16,6121,56.3,14905,48,73,1217,18
"5830",2020-11-16,6126,67.8,15358,72,99.1,2185,19
"5831",2020-11-16,6129,51.5,15466,47,85.9,435,7
"5832",2020-11-16,6130,49.9,14258,78,77.9,1070,10
"5833",2020-11-16,7018,52.2,15685,83,83.6,665,14
"5834",2020-11-16,7019,53.9,12587,66,94,654,9
"5835",2020-11-16,7022,64.6,18284,84,110.9,1272,13
"5836",2020-11-16,7023,55.9,13489,67,64.6,320,6
"5837",2020-11-16,7024,62.4,13313,73,93.5,836,5
"5838",2020-11-16,7027,58.1,13182,104,82,505,6
"5839",2020-11-16,7033,47.8,13414,54,78.1,1552,17
"5840",2020-11-16,7043,58.1,14954,73,82.3,716,11
"5841",2020-11-17,2074,61,11600,62,99.9,400,10
"5842",2020-11-17,3131,49.6,12233,86,97.3,758,10
"5843",2020-11-17,3150,52.8,15848,48,112.8,689,9
"5844",2020-11-17,4044,46.6,10249,56,110.7,463,7
"5845",2020-11-17,4072,75.7,11720,57,95.1,1140,14
"5846",2020-11-17,4080,57,13407,89,91.4,853,14
"5847",2020-11-17,5028,48.6,11877,35,107.8,989,11
"5848",2020-11-17,5041,53.3,17917,106,113.4,1581,11
"5849",2020-11-17,5042,64.6,11609,168,123.9,1063,17
"5850",2020-11-17,5058,64.5,14296,81,126.2,695,11
"5851",2020-11-17,5059,61.5,16747,65,136.7,1435,13
"5852",2020-11-17,5061,59.3,13239,52,107.9,673,8
"5853",2020-11-17,5067,49.8,9141,45,104.6,657,8
"5854",2020-11-17,5100,57.2,15717,94,107.4,496,8
"5855",2020-11-17,5114,55.9,15679,55,109.5,1382,10
"5856",2020-11-17,5120,48.8,13584,46,106.2,979,10
"5857",2020-11-17,5123,81.7,22815,115,159.7,902,15
"5858",2020-11-17,5124,51,17506,88,90.6,1519,14
"5859",2020-11-17,5135,53.4,10030,49,92.5,619,10
"5860",2020-11-17,5137,41.9,10898,75,77.5,632,17
"5861",2020-11-17,5139,41.2,9919,43,80.3,554,8
"5862",2020-11-17,5145,55.2,10663,93,83.4,552,8
"5863",2020-11-17,6005,57,14346,94,98.3,548,8
"5864",2020-11-17,6020,65.5,16033,95,119.1,471,9
"5865",2020-11-17,6027,46.4,13102,82,95.3,693,12
"5866",2020-11-17,6028,48.7,12751,67,85.1,1258,10
"5867",2020-11-17,6029,54.4,10092,21,104.6,523,8
"5868",2020-11-17,6030,61,9535,77,95.1,630,8
"5869",2020-11-17,6033,48.2,12405,90,63.8,564,8
"5870",2020-11-17,6050,53.9,14835,55,91.7,1414,13
"5871",2020-11-17,6055,47.8,13386,99,91.7,524,13
"5872",2020-11-17,6069,52.4,11464,67,103.1,921,5
"5873",2020-11-17,6079,60.9,16664,69,131.3,822,8
"5874",2020-11-17,6084,92.4,14326,70,106.2,694,9
"5875",2020-11-17,6087,55.8,15877,50,90.6,795,9
"5876",2020-11-17,6090,48.4,12000,74,94.7,684,8
"5877",2020-11-17,6121,43.4,11968,57,89.7,1796,20
"5878",2020-11-17,6126,47.5,11486,55,66.8,1277,14
"5879",2020-11-17,6129,48.7,13628,55,89.7,399,7
"5880",2020-11-17,6130,56.3,15559,101,83.5,1243,12
"5881",2020-11-17,7018,51.8,13583,83,87.8,487,8
"5882",2020-11-17,7019,47.9,11511,55,96.1,501,8
"5883",2020-11-17,7022,48.9,16171,84,109.4,1299,15
"5884",2020-11-17,7023,53.3,15424,82,93.7,493,5
"5885",2020-11-17,7024,57.2,10478,57,74.8,747,5
"5886",2020-11-17,7027,68.9999999999999,14303,140,113.9,653,9
"5887",2020-11-17,7033,47.9,12542,79,87.4,2016,20
"5888",2020-11-17,7043,40.3,10793,47,89.4,465,7
"5889",2020-11-18,2074,49.1,8974,36,78,593,6
"5890",2020-11-18,3131,62.2,15173,95,127.8,1140,12
"5891",2020-11-18,3150,50.5,14841,43,108.9,936,10
"5892",2020-11-18,4044,58.9,11295,51,111.5,351,7
"5893",2020-11-18,4072,46.4,10556,47,94.7,1110,9
"5894",2020-11-18,4080,76.2,14513,70,102.9,963,13
"5895",2020-11-18,5028,43.2,10023,24,107.2,1110,10
"5896",2020-11-18,5041,54.6,17655,97,90.1,1083,6
"5897",2020-11-18,5042,60.6,10581,119,111.7,891,11
"5898",2020-11-18,5058,57,11725,59,100,550,8
"5899",2020-11-18,5059,60.9,16907,47,121.9,1653,13
"5900",2020-11-18,5061,51.5,11660,41,108.4,740,10
"5901",2020-11-18,5067,60.2,8644,53,98,504,4
"5902",2020-11-18,5100,60.7,16235,82,122.3,633,11
"5903",2020-11-18,5114,52.4,12573,41,84.7,1422,7
"5904",2020-11-18,5120,67.2,18400,70,129.4,1465,14
"5905",2020-11-18,5123,69,18923,80,138,779,14
"5906",2020-11-18,5124,54,16967,71,77.4,1453,16
"5907",2020-11-18,5135,59.7,10800,41,97.7,646,8
"5908",2020-11-18,5137,45.5,8982,60,63.9,460,10
"5909",2020-11-18,5139,43,9373,31,56.7,442,6
"5910",2020-11-18,5145,43,7849,50,65.9,410,7
"5911",2020-11-18,6005,53.9,12046,58,106.2,603,10
"5912",2020-11-18,6020,54.2,12841,63,98.4,368,7
"5913",2020-11-18,6027,46.4,12241,69,87.6,662,10
"5914",2020-11-18,6028,44.6,11505,47,89.4,1300,6
"5915",2020-11-18,6029,72.5,14755,33,137.1,705,8
"5916",2020-11-18,6030,61.3,10235,72,86.3,492,7
"5917",2020-11-18,6033,48.5,12337,87,79.2,1072,14
"5918",2020-11-18,6050,49.4,12757,43,101.4,1286,10
"5919",2020-11-18,6055,46.2,13055,91,89.9,492,11
"5920",2020-11-18,6069,61.3,13488,60,121.8,1541,10
"5921",2020-11-18,6079,64.1,14515,77,130,1004,12
"5922",2020-11-18,6084,58.2,18061,76,137.8,855,11
"5923",2020-11-18,6087,51.4,16785,49,95.5,744,8
"5924",2020-11-18,6090,48.9,11520,66,108.8,816,12
"5925",2020-11-18,6121,53.3,14059,46,81.5,1539,17
"5926",2020-11-18,6126,61.7,15631,91,106.1,2116,30
"5927",2020-11-18,6129,56.2,14451,40,94.1,463,7
"5928",2020-11-18,6130,43.2,13809,83,72,1106,6
"5929",2020-11-18,7018,41,14345,68,79.9,377,7
"5930",2020-11-18,7019,48.2,12970,55,96.1,682,11
"5931",2020-11-18,7022,60.7,20659,96,121.4,1299,19
"5932",2020-11-18,7023,57.6,16335,78,77.7,527,6
"5933",2020-11-18,7024,61,12554,66,90.1,871,9
"5934",2020-11-18,7027,60,12962,126,92.1,487,8
"5935",2020-11-18,7033,72.9,14941,71,98.9,2016,18
"5936",2020-11-18,7043,54.7,13060,55,106,633,9
"5937",2020-11-19,2074,53.5,9851,32,100.4,774,9
"5938",2020-11-19,3131,56,13355,70,104,997,12
"5939",2020-11-19,3150,56.9,17812,50,125.5,884,12
"5940",2020-11-19,4044,61.8,11587,58,120.5,463,7
"5941",2020-11-19,4072,59.6,10962,58,79.6,973,14
"5942",2020-11-19,4080,52.7,13432,87,95,844,15
"5943",2020-11-19,5028,48.5,12237,36,112.4,838,10
"5944",2020-11-19,5041,58.9,19096,100,111.2,1395,8
"5945",2020-11-19,5042,84,11219,145,116.1,992,13
"5946",2020-11-19,5058,71.4,13756,106,143.7,794,13
"5947",2020-11-19,5059,51.8,15059,47,100.4,1282,10
"5948",2020-11-19,5061,61.5,14407,69,111.6,716,9
"5949",2020-11-19,5067,43.8,7186,69,97,513,5
"5950",2020-11-19,5100,57,16734,94,108.2,526,8
"5951",2020-11-19,5114,46.7,11497,40,85.3,826,10
"5952",2020-11-19,5120,56,13808,41,100.3,1081,11
"5953",2020-11-19,5123,65.3,17402,73,133.1,768,12
"5954",2020-11-19,5124,57.5,19424,78,92.1,1835,24
"5955",2020-11-19,5135,65.8,13483,67,111.9,894,8
"5956",2020-11-19,5137,51.2,10812,71,77,511,12
"5957",2020-11-19,5139,59.3,12688,53,85.1,528,6
"5958",2020-11-19,5145,54.9,10827,104,86.1,659,9
"5959",2020-11-19,6005,74.9,15594,84,114.5,924,7
"5960",2020-11-19,6020,54.8,12442,63,87.8,465,9
"5961",2020-11-19,6027,61,17170,97,114.7,904,12
"5962",2020-11-19,6028,51.8,14927,72,98.1,1542,8
"5963",2020-11-19,6029,50.2,10501,25,83.5,733,6
"5964",2020-11-19,6030,59.5,9363,62,88.4,532,8
"5965",2020-11-19,6033,46.1,12077,70,59.9,633,10
"5966",2020-11-19,6050,52.7,14533,47,109.9,1722,10
"5967",2020-11-19,6055,46.2,12636,85,78.9,490,10
"5968",2020-11-19,6069,64.4,13586,70,108.7,1228,11
"5969",2020-11-19,6079,52.4,13131,78,102.2,773,8
"5970",2020-11-19,6084,52.9,14705,59,123.6,700,8
"5971",2020-11-19,6087,53.6,18195,49,97.9,976,8
"5972",2020-11-19,6090,61.6,11869,76,94.2,807,14
"5973",2020-11-19,6121,47.2,12227,44,86.3,1694,20
"5974",2020-11-19,6126,49.8,12882,61,85,1723,20
"5975",2020-11-19,6129,41.5,12648,30,81.8,358,6
"5976",2020-11-19,6130,47.7,15670,97,69.7,689,11
"5977",2020-11-19,7018,46.8,13965,66,73.1,450,7
"5978",2020-11-19,7019,53.8,14575,47,114.1,730,9
"5979",2020-11-19,7022,59.4,17103,69,105.7,1128,10
"5980",2020-11-19,7023,47.3,13285,73,82.3,446,6
"5981",2020-11-19,7024,54,10441,52,80.2,834,7
"5982",2020-11-19,7027,51.1,11852,123,80.8,597,12
"5983",2020-11-19,7033,49.5,12578,66,85.7,1795,19
"5984",2020-11-19,7043,47.5,11755,42,91,795,12
"5985",2020-11-20,2051,29.2,4454,68,23.8,224,4
"5986",2020-11-20,2063,56.7,4692,114,60.2,588,15
"5987",2020-11-20,2074,62.6,10517,48,76.6,467,8
"5988",2020-11-20,3131,52.4,12247,73,99,765,10
"5989",2020-11-20,3150,57.9,17353,62,124.8,893,12
"5990",2020-11-20,4044,65.3,13219,81,133.1,481,9
"5991",2020-11-20,4072,51.3,10934,66,82.5,864,10
"5992",2020-11-20,4080,55.5,14338,80,101.1,1117,24
"5993",2020-11-20,5028,60.8,16234,54,141.3,1321,23
"5994",2020-11-20,5041,51.8,16397,134,108.8,1517,15
"5995",2020-11-20,5042,85.0000000000001,11614,160,108.4,1059,17
"5996",2020-11-20,5046,22.6,4547,32,46.7,1474,26
"5997",2020-11-20,5058,55.9,11438,85,99.6,582,10
"5998",2020-11-20,5059,59.5,17071,72,115.2,1742,14
"5999",2020-11-20,5061,73.8,13704,75,123.3,837,11
"6000",2020-11-20,5067,24.1,4643,38,58.5,362,3
"6001",2020-11-20,5100,45.2,12239,98,111.8,526,13
"6002",2020-11-20,5114,26.8,6868,12,48.5,363,5
"6003",2020-11-20,5120,67.6,17608,67,118,1331,12
"6004",2020-11-20,5123,72.3,19090,99,169.3,1033,20
"6005",2020-11-20,5124,52.8,17210,87,90.3,1746,22
"6006",2020-11-20,5135,62,11778,64,105.3,748,12
"6007",2020-11-20,5137,45.9,9102,56,83.4,517,13
"6008",2020-11-20,5139,36.5,8137,41,71.4,414,8
"6009",2020-11-20,5145,54.3000000000001,10652,97,95.8,724,12
"6010",2020-11-20,6005,53,12513,87,109.1,638,8
"6011",2020-11-20,6020,69.8,16067,93,122,544,12
"6012",2020-11-20,6022,39.2,7493,44,66,373,9
"6013",2020-11-20,6027,49.1,13237,81,87,786,16
"6014",2020-11-20,6028,25.7,6674,25,41.3,468,3
"6015",2020-11-20,6029,55.1,10925,32,116.8,941,8
"6016",2020-11-20,6030,58,9814,93,94.7,604,12
"6017",2020-11-20,6033,71.8,13085,101,74.8,849,14
"6018",2020-11-20,6050,53.5,14454,72,96.6,1250,11
"6019",2020-11-20,6055,47,11050,95,86.4,523,10
"6020",2020-11-20,6060,0.200000000000002,13,10,0.100000000000001,6,3
"6021",2020-11-20,6069,77.1,12877,80,121.7,1710,12
"6022",2020-11-20,6079,59.6,15206,74,120.2,840,13
"6023",2020-11-20,6084,85.4999999999999,17520,112,112.6,943,11
"6024",2020-11-20,6087,67.9,14357,66,96.3,939,13
"6025",2020-11-20,6090,58.2,12069,79,128.1,1260,20
"6026",2020-11-20,6121,55.2,13507,61,83.6,1649,29
"6027",2020-11-20,6126,26.8,7681,33,47,1128,13
"6028",2020-11-20,6129,35.8,11249,61,89.3,427,6
"6029",2020-11-20,6130,15.9,3850,23,34,607,10
"6030",2020-11-20,7018,46.4,12689,69,82.7,492,11
"6031",2020-11-20,7019,54.2,14162,61,102.9,602,6
"6032",2020-11-20,7022,51.9,16645,86,113.6,1250,18
"6033",2020-11-20,7023,78.1,15297,94,78.3,465,6
"6034",2020-11-20,7024,50.9,10988,72,95.7,925,8
"6035",2020-11-20,7027,72.1,14967,169,109.2,738,18
"6036",2020-11-20,7033,50.7,14208,96,89.9,1932,25
"6037",2020-11-20,7043,53.9,12536,60,92,663,10
"6038",2020-11-21,2051,69.8,9986,69,98.8,978,16
"6039",2020-11-21,2063,53,8499,126,89,838,12
"6040",2020-11-21,2074,50.1,7238,51,103.4,630,11
"6041",2020-11-21,3131,50.1,12094,78,108.5,1123,13
"6042",2020-11-21,3150,62.1,14729,52,135.5,998,15
"6043",2020-11-21,4044,55.4,10356,74,111.7,503,11
"6044",2020-11-21,4072,54.8,9308,55,80.7,1027,10
"6045",2020-11-21,4080,55.6,12784,94,106,1222,16
"6046",2020-11-21,5028,59.8,12267,51,125,722,10
"6047",2020-11-21,5041,55.2,16860,93,91.2,1237,9
"6048",2020-11-21,5042,65.2,11025,150,102.3,1093,18
"6049",2020-11-21,5046,42.6,9672,30,77.4,2309,31
"6050",2020-11-21,5058,66.4,12111,70,135.1,742,11
"6051",2020-11-21,5059,57.8,16651,74,117.3,1408,12
"6052",2020-11-21,5061,92.8,15154,82,123.9,821,11
"6053",2020-11-21,5100,70.6,17517,128,112.6,530,14
"6054",2020-11-21,5120,53.3,15315,82,90.5,972,9
"6055",2020-11-21,5123,61.2,14988,74,125.8,604,13
"6056",2020-11-21,5124,55.8,15570,100,83.9,1692,19
"6057",2020-11-21,5135,56.9,12725,112,82.1,576,10
"6058",2020-11-21,5137,42.2,7517,53,59.4,539,11
"6059",2020-11-21,5139,53.4,10471,55,79.8,415,9
"6060",2020-11-21,5145,48.4,11034,100,80.6,731,9
"6061",2020-11-21,6005,53.5,12468,76,100.9,646,12
"6062",2020-11-21,6020,65.9,12961,69,89.8,490,11
"6063",2020-11-21,6022,68.2,13851,72,124.2,845,13
"6064",2020-11-21,6027,64,16188,127,120,911,13
"6065",2020-11-21,6029,69.1,12530,47,119.7,872,12
"6066",2020-11-21,6030,57.5,9145,81,81.8,556,8
"6067",2020-11-21,6033,47.9,10004,71,70.3,690,8
"6068",2020-11-21,6050,48.1,12164,68,92.7,1220,12
"6069",2020-11-21,6055,61.5,10399,76,70.2,374,8
"6070",2020-11-21,6060,74.8,8611,50,102.1,375,13
"6071",2020-11-21,6069,63.5,13237,91,114.2,1194,9
"6072",2020-11-21,6079,79.4,16024,112,133.9,983,12
"6073",2020-11-21,6084,48.7,14148,81,126.2,779,11
"6074",2020-11-21,6087,51.6,15851,71,92.7,1044,16
"6075",2020-11-21,6090,50.3,11316,73,99.1,946,12
"6076",2020-11-21,6121,48.9,10962,73,91.8,1532,22
"6077",2020-11-21,6129,67.6,15068,66,97.8,457,8
"6078",2020-11-21,7018,51.6,14955,88,87.1,464,9
"6079",2020-11-21,7019,51,12805,61,93.3,587,7
"6080",2020-11-21,7022,57.1,16999,95,99.2,1171,20
"6081",2020-11-21,7023,51.2,13370,72,82,546,8
"6082",2020-11-21,7024,49.8,9951,57,85.2,750,7
"6083",2020-11-21,7027,60.7,13114,111,96.3,633,13
"6084",2020-11-21,7033,48.5,11427,84,88,1491,17
"6085",2020-11-21,7043,52.6,10542,58,79.3,586,10
"6086",2020-11-22,2051,58,10776,67,89.3,814,15
"6087",2020-11-22,2063,59.9,10176,118,110.2,959,11
"6088",2020-11-22,2074,53.4,7686,63,84.3,564,7
"6089",2020-11-22,3131,58.5,12558,96,109.5,1043,7
"6090",2020-11-22,3150,60,12159,64,104.1,686,17
"6091",2020-11-22,4044,46.6,10846,79,116.5,548,11
"6092",2020-11-22,4072,53.7,9578,82,97,967,15
"6093",2020-11-22,4080,51.1,10510,99,86.2,647,10
"6094",2020-11-22,5028,49.8,11928,45,130.3,861,8
"6095",2020-11-22,5041,53.5,17365,159,103.1,1582,19
"6096",2020-11-22,5042,58.1,9959,116,103.5,912,14
"6097",2020-11-22,5046,44.5,10640,36,89.9999999999999,2832,57
"6098",2020-11-22,5058,64.9,13189,82,109.5,612,11
"6099",2020-11-22,5059,56.8,15378,66,108.4,1612,17
"6100",2020-11-22,5061,59.5,11394,80,109.9,796,13
"6101",2020-11-22,5100,47.6,12850,118,98.1,558,10
"6102",2020-11-22,5120,56.1,13638,64,102.1,1022,11
"6103",2020-11-22,5123,66.7,14737,75,125.6,716,20
"6104",2020-11-22,5124,54.5,16543,99,87,2018,29
"6105",2020-11-22,5135,61.7,11116,78,102.4,758,9
"6106",2020-11-22,5137,48.5,10323,101,75.5,459,10
"6107",2020-11-22,5139,39.5,7886,58,54.2,287,8
"6108",2020-11-22,5145,48.7,9678,108,79.1,576,6
"6109",2020-11-22,6005,53.9,12575,85,99.3,726,7
"6110",2020-11-22,6020,65.1,13231,83,99.1,501,9
"6111",2020-11-22,6022,56.8,11945,80,132.2,1055,12
"6112",2020-11-22,6027,47.1,12179,100,80,599,12
"6113",2020-11-22,6029,56,9909,46,108.3,800,8
"6114",2020-11-22,6030,54.9,8269,74,91.5,559,8
"6115",2020-11-22,6033,39.8,10490,72,61.9,546,11
"6116",2020-11-22,6050,47.9,12713,75,96.8,1681,13
"6117",2020-11-22,6055,54.5,14821,126,91.5,550,13
"6118",2020-11-22,6060,53.7,9764,54,96.4,401,14
"6119",2020-11-22,6069,63.8,16362,124,112.1,1490,10
"6120",2020-11-22,6079,62.1000000000001,14497,121,107,878,16
"6121",2020-11-22,6084,53.2000000000001,12973,88,104.1,724,9
"6122",2020-11-22,6087,51.8,15857,88,101,922,10
"6123",2020-11-22,6090,49.3,9575,90,92.1,1067,17
"6124",2020-11-22,6121,61,11295,71,97.5,2053,32
"6125",2020-11-22,6129,46.9,12180,57,82.7,329,5
"6126",2020-11-22,7018,46.3,11214,84,81,639,10
"6127",2020-11-22,7019,48.1,11307,50,92.2,511,7
"6128",2020-11-22,7022,66.9,16390,103,111,1170,19
"6129",2020-11-22,7023,46.7,13046,114,78.1,512,7
"6130",2020-11-22,7024,47.5,8453,83,69.8,802,10
"6131",2020-11-22,7027,61.2,11597,133,77.3,441,9
"6132",2020-11-22,7033,58.2,11748,101,82.7,1385,22
"6133",2020-11-22,7043,46.8,8460,63,82.7,497,7
"6134",2020-11-23,2051,51.3,10505,73,85.4,1053,10
"6135",2020-11-23,2063,53.3999999999999,12332,80,98.6,1126,14
"6136",2020-11-23,2074,63.9,11737,51,86.2,620,10
"6137",2020-11-23,3131,57,12409,77,81.9,605,8
"6138",2020-11-23,3150,58.7,16237,47,140.8,1011,13
"6139",2020-11-23,4044,66.5,13801,107,118.9,654,10
"6140",2020-11-23,4072,56.8,11633,62,80.1,889,12
"6141",2020-11-23,4080,66.7,15154,103,114.9,1115,17
"6142",2020-11-23,5028,53.3,12456,31,98.6,858,11
"6143",2020-11-23,5041,62.7,18148,116,114.4,1567,15
"6144",2020-11-23,5042,65.8,11901,125,106.3,834,7
"6145",2020-11-23,5046,50.7,11306,50,80.4,2265,36
"6146",2020-11-23,5058,63.9,13294,72,132.8,781,12
"6147",2020-11-23,5059,50.5,15632,71,102.4,1708,18
"6148",2020-11-23,5061,66.4,15118,65,113.5,680,9
"6149",2020-11-23,5100,66.8,16272,111,101.8,603,13
"6150",2020-11-23,5120,68.7,18184,62,123.8,1467,11
"6151",2020-11-23,5123,67.7,17396,66,138.1,789,14
"6152",2020-11-23,5124,60.5,20550,86,88.4,2002,26
"6153",2020-11-23,5135,53.1,9910,48,95.6,872,12
"6154",2020-11-23,5137,47.7,10159,63,77.6,665,11
"6155",2020-11-23,5139,37.9,8207,45,64,366,8
"6156",2020-11-23,5145,46.8,9077,67,81.2,574,8
"6157",2020-11-23,6005,52.5,11617,63,94.3,544,7
"6158",2020-11-23,6020,61.5,13253,91,102,492,11
"6159",2020-11-23,6022,76.7,15543,68,123.8,882,13
"6160",2020-11-23,6027,53.4,13773,91,87.8,575,7
"6161",2020-11-23,6029,74.2,14550,45,113.2,973,9
"6162",2020-11-23,6030,66.6,11442,79,90.3,510,8
"6163",2020-11-23,6033,46,13467,93,70.6,783,8
"6164",2020-11-23,6050,49.7,12887,64,86.7,921,6
"6165",2020-11-23,6055,51.7,13442,126,84.8,491,8
"6166",2020-11-23,6060,56.7,10490,56,82.5,305,8
"6167",2020-11-23,6069,56.5000000000001,11936,49,105.3,1155,5
"6168",2020-11-23,6079,57.4,13611,78,124,968,15
"6169",2020-11-23,6084,60.2,16324,76,117.9,781,12
"6170",2020-11-23,6087,48.6,14397,49,73.5,723,7
"6171",2020-11-23,6090,62.7,12051,93,100.5,1281,16
"6172",2020-11-23,6121,52.9,12885,73,79.9,1410,19
"6173",2020-11-23,6129,56.4,14247,72,92,341,5
"6174",2020-11-23,7018,50.9,15664,96,81.8,577,9
"6175",2020-11-23,7019,52.8,13771,45,90,558,5
"6176",2020-11-23,7022,58.1,16015,76,105.5,1211,15
"6177",2020-11-23,7023,60.8,14122,80,66,390,4
"6178",2020-11-23,7024,59.3,11772,68,98.4,1126,11
"6179",2020-11-23,7027,65.7,13614,118,103.4,668,12
"6180",2020-11-23,7033,53.8,12398,81,83.6,1745,15
"6181",2020-11-23,7043,55.6,12170,72,87.8,767,11
"6182",2020-11-24,2051,55.1,13172,60,84,1008,13
"6183",2020-11-24,2063,53.4,12628,72,100.8,1145,8
"6184",2020-11-24,2074,53.7,10093,31,82.1,421,6
"6185",2020-11-24,3131,57.4,13779,60,122,1073,14
"6186",2020-11-24,3150,57.3,17153,37,120,859,10
"6187",2020-11-24,4044,66.2,12499,72,137.2,554,10
"6188",2020-11-24,4072,46.4,9461,49,84.8,976,20
"6189",2020-11-24,4080,54.4,14727,73,103.3,1011,12
"6190",2020-11-24,5028,69.9,14927,35,124.3,640,7
"6191",2020-11-24,5041,56,18215,89,102.7,1423,9
"6192",2020-11-24,5042,85.1,12553,133,112.9,1159,23
"6193",2020-11-24,5046,56.7,13582,53,89,3028,38
"6194",2020-11-24,5058,58.8,11830,84,104,581,13
"6195",2020-11-24,5059,57.3,18417,58,116.1,1963,25
"6196",2020-11-24,5061,62.7,13178,55,119,712,10
"6197",2020-11-24,5100,51,15135,91,104,508,11
"6198",2020-11-24,5120,63.4,16299,64,122.9,1197,14
"6199",2020-11-24,5123,72.1,20376,82,155.4,815,16
"6200",2020-11-24,5124,47.4,16195,57,79.9,1612,19
"6201",2020-11-24,5135,60.8,10911,52,96.8,800,7
"6202",2020-11-24,5137,50,9780,57,81.9,509,12
"6203",2020-11-24,5139,44.4,10038,44,67,620,10
"6204",2020-11-24,5145,53.5,11321,79,79.8,639,10
"6205",2020-11-24,6005,62.4,15254,73,111.4,749,10
"6206",2020-11-24,6020,59.6,14986,71,104.2,494,11
"6207",2020-11-24,6022,69.3,16827,52,148.2,1123,20
"6208",2020-11-24,6027,64.1,17439,84,110,885,13
"6209",2020-11-24,6029,46.9,9786,13,96.8,769,6
"6210",2020-11-24,6030,65.6,11684,73,98.6,565,10
"6211",2020-11-24,6033,44.5,10787,65,65.6,781,11
"6212",2020-11-24,6050,51.8,16140,59,103.1,1582,11
"6213",2020-11-24,6055,49.7,12448,85,77.7,453,9
"6214",2020-11-24,6060,56.4,12692,48,111,556,12
"6215",2020-11-24,6069,62.1,14415,68,100.6,1598,10
"6216",2020-11-24,6079,53.7,14455,66,117.8,860,12
"6217",2020-11-24,6084,59.5,16428,59,130.6,808,12
"6218",2020-11-24,6087,53.8,18572,38,108.4,1086,12
"6219",2020-11-24,6090,53.8,13166,79,106,1455,19
"6220",2020-11-24,6121,54.9,13578,61,87.4,1571,26
"6221",2020-11-24,6129,44.8,11390,36,79.4,329,4
"6222",2020-11-24,7018,51.8,14384,73,81.6,662,12
"6223",2020-11-24,7019,55.2,14508,58,96.1,732,11
"6224",2020-11-24,7022,60.5,17948,79,127.4,1719,28
"6225",2020-11-24,7023,50.1,14045,85,93.1,558,8
"6226",2020-11-24,7024,69.4,11345,48,78,580,5
"6227",2020-11-24,7027,62,13387,109,80.9,501,14
"6228",2020-11-24,7033,54.5,13592,80,100.4,2115,25
"6229",2020-11-24,7043,52.4,12697,44,89.6,659,9
"6230",2020-11-25,2051,50.4,10618,46,92.5,1032,13
"6231",2020-11-25,2063,53.1,13451,72,99.6,1400,12
"6232",2020-11-25,2074,50.3,8991,37,67.2,283,6
"6233",2020-11-25,3131,49.9,12458,59,86.5,824,9
"6234",2020-11-25,3150,52.8,15972,35,119.5,874,14
"6235",2020-11-25,4044,50.2,10768,68,106.3,687,13
"6236",2020-11-25,4072,56.5,13303,55,104.1,1196,14
"6237",2020-11-25,4080,54.5,14459,55,101,1405,16
"6238",2020-11-25,5028,65.3,10377,75,125.2,468,6
"6239",2020-11-25,5041,55.6,15384,85,90.8,1410,9
"6240",2020-11-25,5042,66,11834,159,118.8,1051,9
"6241",2020-11-25,5046,49.5,11207,39,92.6,2798,44
"6242",2020-11-25,5058,67.7,14342,83,128.7,693,11
"6243",2020-11-25,5059,50.3,16397,66,103.2,1758,23
"6244",2020-11-25,5061,58,13532,58,111.9,770,9
"6245",2020-11-25,5100,55.5,16781,96,110.4,627,12
"6246",2020-11-25,5120,59.1,16030,63,107.6,1120,11
"6247",2020-11-25,5123,79.5000000000001,20615,81,157.7,1034,21
"6248",2020-11-25,5124,58.9,20986,72,92.1,1768,24
"6249",2020-11-25,5135,60.3,13008,64,97.1,718,10
"6250",2020-11-25,5137,40.8,8613,59,74.2,595,9
"6251",2020-11-25,5139,39.4,7804,31,61.8,448,6
"6252",2020-11-25,5145,51.2,9460,91,79.1,601,6
"6253",2020-11-25,6005,56.5,13527,87,100.3,661,7
"6254",2020-11-25,6020,67.9,17460,79,117,598,12
"6255",2020-11-25,6022,72.3,16370,61,136.3,1077,12
"6256",2020-11-25,6027,53.2,13454,72,82,634,8
"6257",2020-11-25,6029,71.4,14738,31,134.5,769,11
"6258",2020-11-25,6030,54.9,9475,76,91.1,578,11
"6259",2020-11-25,6033,51.4,13589,91,76.6,793,13
"6260",2020-11-25,6050,51.7,15446,80,105.4,1571,10
"6261",2020-11-25,6055,53.9,14031,103,86,462,11
"6262",2020-11-25,6060,57.6,14483,42,106.4,561,13
"6263",2020-11-25,6069,60.2,13387,68,108.4,1034,6
"6264",2020-11-25,6079,61.9,15425,60,114.8,661,9
"6265",2020-11-25,6084,57.1,12872,41,106.1,636,7
"6266",2020-11-25,6087,50.5,16187,35,91.7,769,12
"6267",2020-11-25,6090,47.9,11927,68,98.1,1356,14
"6268",2020-11-25,6121,48.9,8736,68,78,1375,26
"6269",2020-11-25,6129,55.9,13507,53,85.1,426,5
"6270",2020-11-25,7018,45.5,12979,71,82.9,580,11
"6271",2020-11-25,7019,54,13962,53,96.9,828,9
"6272",2020-11-25,7022,64.6,18414,75,99.3,1076,16
"6273",2020-11-25,7023,47.8,12996,82,70.6,358,5
"6274",2020-11-25,7024,59,11441,52,86.4,926,7
"6275",2020-11-25,7027,68.8,15106,129,113.3,560,8
"6276",2020-11-25,7033,55.6,13701,73,87.5,1865,19
"6277",2020-11-25,7043,56.1,13849,55,78.5,560,6
"6278",2020-11-26,2051,64.8,13066,63,110.7,1193,11
"6279",2020-11-26,2063,58.5,14469,71,88.1,939,8
"6280",2020-11-26,2074,53.8,8787,39,98.1,420,9
"6281",2020-11-26,3131,58.4,12713,71,106.2,966,13
"6282",2020-11-26,3150,53.7,15511,51,114.3,746,15
"6283",2020-11-26,4044,60.3,12517,82,101,511,14
"6284",2020-11-26,4072,53.5,11034,60,82.1,964,12
"6285",2020-11-26,4080,54.3,13047,75,100.7,1339,25
"6286",2020-11-26,5028,45.5,9517,25,98.7,425,6
"6287",2020-11-26,5041,62.2,18718,86,114.2,2082,20
"6288",2020-11-26,5042,59.3,11362,130,102.2,1086,16
"6289",2020-11-26,5046,47.7,10524,34,82.3,2560,44
"6290",2020-11-26,5058,60.5,12063,69,113.8,864,13
"6291",2020-11-26,5059,57.6,18096,66,107.1,2127,37
"6292",2020-11-26,5061,51.6,11276,51,105.7,793,12
"6293",2020-11-26,5100,60.2,17378,89,118.2,712,16
"6294",2020-11-26,5120,67.3,17529,72,120.5,1039,13
"6295",2020-11-26,5123,63.1,15733,66,132.8,975,22
"6296",2020-11-26,5124,52.5,16124,49,84,1596,20
"6297",2020-11-26,5135,58.6,10984,55,105.4,922,17
"6298",2020-11-26,5137,46.2,9171,51,74,563,10
"6299",2020-11-26,5139,35.3,7618,28,51.3,436,7
"6300",2020-11-26,5145,43.6,9826,60,86.2,563,5
"6301",2020-11-26,6005,60,14982,74,120.9,860,9
"6302",2020-11-26,6020,62.2,14303,65,90.7,499,13
"6303",2020-11-26,6022,69.9,15387,50,123,771,8
"6304",2020-11-26,6027,60,14479,74,105.9,939,17
"6305",2020-11-26,6029,67.6,12998,38,122.3,794,12
"6306",2020-11-26,6030,64.6,10476,80,91.4,650,16
"6307",2020-11-26,6033,43.5,11387,84,66.3,655,14
"6308",2020-11-26,6050,50.2,13479,76,98.5,1373,14
"6309",2020-11-26,6055,43.2,11159,77,76.3,499,10
"6310",2020-11-26,6060,51.2,12024,36,109.1,746,17
"6311",2020-11-26,6069,59.4,12195,70,94,1069,10
"6312",2020-11-26,6079,57.7,15702,84,114.5,982,16
"6313",2020-11-26,6084,59.7,15447,53,116.7,658,10
"6314",2020-11-26,6087,56.2,17802,54,106.1,818,12
"6315",2020-11-26,6090,51.1,12438,73,101.7,1516,23
"6316",2020-11-26,6121,39.9,8368,41,68.8,915,18
"6317",2020-11-26,6129,44.1,11243,32,78.4,442,6
"6318",2020-11-26,7018,52,14734,60,71.8,411,8
"6319",2020-11-26,7019,65.3,12609,57,93.7,622,8
"6320",2020-11-26,7022,54.4,15710,72,102.3,1264,23
"6321",2020-11-26,7023,50.7,13748,79,92,451,9
"6322",2020-11-26,7024,56.2,11668,62,83.6,1024,10
"6323",2020-11-26,7027,59.8,13013,99,96.8,696,14
"6324",2020-11-26,7033,52.9,11780,64,87.6,1677,24
"6325",2020-11-26,7043,50,11201,37,85.8,731,9
"6326",2020-11-27,2051,57.1,12886,44,88,1221,11
"6327",2020-11-27,2063,45.9,11210,61,94.6,1390,8
"6328",2020-11-27,2074,56.6,8607,26,91.5,536,6
"6329",2020-11-27,3131,60.9,13573,64,119.3,1283,12
"6330",2020-11-27,3150,61.6,17335,46,124,822,14
"6331",2020-11-27,4044,65.1,13071,70,138.3,578,9
"6332",2020-11-27,4072,59.8,12647,54,93.9,991,10
"6333",2020-11-27,4080,65.3,14484,82,119.1,1266,20
"6334",2020-11-27,5028,63.2,13872,47,151.8,860,11
"6335",2020-11-27,5041,49.6,15598,80,99.8,1824,10
"6336",2020-11-27,5042,64.4,12480,138,109.3,1012,12
"6337",2020-11-27,5046,50.6,11137,35,82.9,2878,43
"6338",2020-11-27,5058,71.2,14415,78,142,821,15
"6339",2020-11-27,5059,63.4,18898,54,129.7,2095,21
"6340",2020-11-27,5061,64.2,13586,72,118,853,14
"6341",2020-11-27,5100,54.8,16589,85,110.7,613,15
"6342",2020-11-27,5120,50.8,11185,56,88.7,900,11
"6343",2020-11-27,5123,70.7,18483,82,143.5,1193,16
"6344",2020-11-27,5124,48.1,15584,63,87.1,1775,24
"6345",2020-11-27,5135,54.1,10022,48,81.8,607,7
"6346",2020-11-27,5137,46.1,9286,52,74.3,614,11
"6347",2020-11-27,5139,39.6,8409,29,63.6,827,7
"6348",2020-11-27,5145,56.8,11372,89,91.9,702,8
"6349",2020-11-27,6005,55.9,13929,73,100.1,820,7
"6350",2020-11-27,6020,70,15957,84,109.6,504,11
"6351",2020-11-27,6022,66.3,14561,66,143,1265,17
"6352",2020-11-27,6027,53.6,14930,78,103.7,916,13
"6353",2020-11-27,6029,62.3,12861,27,120.1,1166,11
"6354",2020-11-27,6030,59.4,9242,71,73.3,509,11
"6355",2020-11-27,6033,45.0000000000001,11790,71,58.4,767,8
"6356",2020-11-27,6050,46.9,13173,65,100.3,1410,8
"6357",2020-11-27,6055,57.4,13236,92,83.9,487,11
"6358",2020-11-27,6060,67.6,15971,47,115.8,734,17
"6359",2020-11-27,6069,65.2,14381,78,121,3936,21
"6360",2020-11-27,6079,66.3,16290,58,122.9,1117,10
"6361",2020-11-27,6084,59.8,15875,56,118.8,716,8
"6362",2020-11-27,6087,58.2,18681,51,99.2,1079,17
"6363",2020-11-27,6090,56.2,12844,79,102.4,1099,14
"6364",2020-11-27,6121,55.5,12269,55,98.7,1724,22
"6365",2020-11-27,6129,60.7,13436,32,90.3,545,6
"6366",2020-11-27,7018,51.7,14755,83,84.2,706,13
"6367",2020-11-27,7019,56.6,13473,70,87.8,704,10
"6368",2020-11-27,7022,60.9,17235,63,134.7,1668,17
"6369",2020-11-27,7023,52.4,13952,78,81.1,418,10
"6370",2020-11-27,7024,51.5,9645,56,84.2,990,9
"6371",2020-11-27,7027,71.4,15182,148,96.5,672,14
"6372",2020-11-27,7033,55.7,12430,74,82.5,1824,13
"6373",2020-11-27,7043,50.2,11058,47,86.4,597,7
"6374",2020-11-28,2051,53.8,11567,46,92.6,1241,11
"6375",2020-11-28,2063,48.7,12424,69,89.8,1084,8
"6376",2020-11-28,2074,59.2,10554,38,94.7,583,12
"6377",2020-11-28,3131,57.5,13660,63,107.6,1151,15
"6378",2020-11-28,3150,54.1,16176,40,113,797,9
"6379",2020-11-28,4044,64.1,12693,83,117.6,492,11
"6380",2020-11-28,4072,46.2,10990,46,91.6,1176,15
"6381",2020-11-28,4080,47.1,12475,55,83,794,12
"6382",2020-11-28,5028,50.4,11000,29,106.6,505,5
"6383",2020-11-28,5041,52.9,16342,92,90.1,1456,9
"6384",2020-11-28,5042,58,10898,141,108.7,965,10
"6385",2020-11-28,5046,35.5,8698,23,73.3,2471,41
"6386",2020-11-28,5058,65.3,13287,84,123.8,791,12
"6387",2020-11-28,5059,58.5,18107,62,118.2,2090,25
"6388",2020-11-28,5061,55.6,13162,54,113.9,827,13
"6389",2020-11-28,5100,58.8,17276,88,116.5,752,13
"6390",2020-11-28,5120,58.3,11284,69,102.3,689,13
"6391",2020-11-28,5123,76.1,16123,91,121.6,602,13
"6392",2020-11-28,5124,57.7,18513,74,75.2,1698,21
"6393",2020-11-28,5135,70.7,13622,56,96,830,10
"6394",2020-11-28,5137,54.6,11265,67,81.1,805,16
"6395",2020-11-28,5139,45.5,9758,31,76.7,888,9
"6396",2020-11-28,5145,46.3,10297,86,87.3,671,7
"6397",2020-11-28,6005,56.9,13464,89,102,685,6
"6398",2020-11-28,6020,51.7,12925,56,94.9,433,7
"6399",2020-11-28,6022,77,17027,66,130.5,1129,9
"6400",2020-11-28,6027,61.8,17785,99,109.6,876,12
"6401",2020-11-28,6029,54.7,11347,27,110.1,792,8
"6402",2020-11-28,6030,64.7,10178,79,109.2,641,8
"6403",2020-11-28,6033,36.1,9809,60,57.9,555,8
"6404",2020-11-28,6050,51.3,14514,62,85.7,1268,11
"6405",2020-11-28,6055,48.3,12570,71,92.2,464,8
"6406",2020-11-28,6060,54.9,13702,36,100.3,529,13
"6407",2020-11-28,6069,59.7,12684,54,98.4,935,6
"6408",2020-11-28,6079,54.7,13531,62,109.3,1005,14
"6409",2020-11-28,6084,52.3,14144,49,117.8,645,7
"6410",2020-11-28,6087,52.4,16496,48,91.4,926,8
"6411",2020-11-28,6090,57.6,13090,78,104.4,1043,14
"6412",2020-11-28,6121,49.1,12133,58,79.5,1475,21
"6413",2020-11-28,6129,46.1,11745,32,96.9,500,6
"6414",2020-11-28,7018,46.7,14301,68,81.7,495,7
"6415",2020-11-28,7019,50.3,13237,68,109.3,907,8
"6416",2020-11-28,7022,61.4,18653,75,88.8,1062,13
"6417",2020-11-28,7023,52.7,14543,73,84.3,460,5
"6418",2020-11-28,7024,55.5,11682,56,87.8,1115,6
"6419",2020-11-28,7027,63,13602,131,95.5,698,12
"6420",2020-11-28,7033,50.1,12290,83,82.4,1956,16
"6421",2020-11-28,7043,51.6,12706,33,93.1,598,8
"6422",2020-11-29,2051,54,13334,36,105.7,1079,14
"6423",2020-11-29,2063,52,12246,66,96.1,1174,8
"6424",2020-11-29,2074,55,8800,33,84.1,457,6
"6425",2020-11-29,3131,54.4,12142,44,100.8,1230,11
"6426",2020-11-29,3150,59.4,17765,41,134.8,1073,17
"6427",2020-11-29,4044,61.8,12408,70,131.5,439,8
"6428",2020-11-29,4072,58.7,13151,48,87.1,1019,14
"6429",2020-11-29,4080,59.1000000000001,14471,80,105,878,11
"6430",2020-11-29,5028,57.1,14062,42,109.3,701,6
"6431",2020-11-29,5041,63.3,20528,103,131.2,1976,10
"6432",2020-11-29,5042,67.4,13619,141,117.8,1742,18
"6433",2020-11-29,5046,30.6,7474,21,60.6,1905,33
"6434",2020-11-29,5058,61.6,12835,73,115.1,735,13
"6435",2020-11-29,5059,65.2,18391,53,123.4,2039,16
"6436",2020-11-29,5061,60.6,13514,60,125.1,811,11
"6437",2020-11-29,5100,48.1,14097,77,114.4,862,12
"6438",2020-11-29,5120,63.7,15527,62,130.9,1397,11
"6439",2020-11-29,5123,66.2,18101,67,157.1,1046,12
"6440",2020-11-29,5124,50.1,15873,72,97.1,1992,20
"6441",2020-11-29,5135,57.1,11025,51,98.3,689,9
"6442",2020-11-29,5137,47.8,9004,57,75.6,523,11
"6443",2020-11-29,5139,25,5232,24,45.8,420,6
"6444",2020-11-29,5145,51.7,10260,71,90.1,686,8
"6445",2020-11-29,6005,58,14512,74,106.9,802,7
"6446",2020-11-29,6020,64.6,15449,67,107.9,556,12
"6447",2020-11-29,6022,65.5,15070,57,132.5,1100,12
"6448",2020-11-29,6027,48.2,13674,81,86.8,868,15
"6449",2020-11-29,6029,66.1,13347,34,109,879,8
"6450",2020-11-29,6030,68.3,10538,77,91.8,581,9
"6451",2020-11-29,6033,52,14079,75,81.4,884,14
"6452",2020-11-29,6050,55.8,16257,76,109.7,1291,8
"6453",2020-11-29,6055,49.8,11544,81,80.2,629,16
"6454",2020-11-29,6060,60.9,14464,45,112.8,590,12
"6455",2020-11-29,6069,60.5,12872,69,113.7,1594,9
"6456",2020-11-29,6079,67.7,17278,74,152.1,1072,12
"6457",2020-11-29,6084,55.3,15676,44,120.3,724,10
"6458",2020-11-29,6087,55.1,17255,46,91.2,707,8
"6459",2020-11-29,6090,52.1,12797,75,104.9,1431,15
"6460",2020-11-29,6121,54.3,14066,63,90.8,2035,24
"6461",2020-11-29,6129,55,13501,37,88.9,485,6
"6462",2020-11-29,7018,47.7,13083,61,82.3,425,7
"6463",2020-11-29,7019,55,13518,76,92.5,552,7
"6464",2020-11-29,7022,60.9,16899,73,123.6,1305,17
"6465",2020-11-29,7023,50.8,12971,67,83.7,416,5
"6466",2020-11-29,7024,50.5,10940,59,83.3,788,6
"6467",2020-11-29,7027,57.3,11799,117,100.5,584,10
"6468",2020-11-29,7033,56.5,11799,95,90.2,1731,25
"6469",2020-11-29,7043,45.2,10811,45,91.8,722,8
"6470",2020-11-30,2051,64.7,14222,50,113.5,1151,14
"6471",2020-11-30,2063,46.1,12473,64,96.4,1158,13
"6472",2020-11-30,2074,58.2,9887,36,95.3,447,7
"6473",2020-11-30,3131,50.7,12079,75,105,1037,11
"6474",2020-11-30,3150,65.3,16728,43,125.2,802,11
"6475",2020-11-30,4044,59.8,12157,70,122.3,581,9
"6476",2020-11-30,4072,53.4,11982,50,95.6,961,13
"6477",2020-11-30,4080,55.1,13986,64,108.6,1314,14
"6478",2020-11-30,5028,50.3,11333,28,124.5,499,6
"6479",2020-11-30,5041,51.6,16654,89,91.7,1116,8
"6480",2020-11-30,5042,62.1,11641,143,104.9,897,9
"6481",2020-11-30,5046,40.8,11776,25,72.3,2885,41
"6482",2020-11-30,5058,66.1,14352,65,126,809,16
"6483",2020-11-30,5059,60.8,18367,69,113.7,1637,12
"6484",2020-11-30,5061,60.1,13365,58,108.3,714,9
"6485",2020-11-30,5100,56.1,15583,83,97.7,522,10
"6486",2020-11-30,5120,62.2,14849,68,110.4,1203,12
"6487",2020-11-30,5123,67.9,17983,69,144.1,886,12
"6488",2020-11-30,5124,58.7,19649,64,83,1780,22
"6489",2020-11-30,5135,55.6,10595,53,78.6,761,11
"6490",2020-11-30,5137,42.5,10048,55,76.1,613,10
"6491",2020-11-30,5139,36.5,7568,23,50.5,358,3
"6492",2020-11-30,5145,42.7,9935,64,84.2,518,7
"6493",2020-11-30,6005,58.1,13776,87,111.5,784,9
"6494",2020-11-30,6020,56.8,14453,79,98,417,11
"6495",2020-11-30,6022,76.5,15940,66,152.4,1487,13
"6496",2020-11-30,6027,52.6,14943,88,100.6,794,12
"6497",2020-11-30,6029,61,14122,31,115.9,870,9
"6498",2020-11-30,6030,59.3,9620,80,92.3,561,8
"6499",2020-11-30,6033,43.8,11621,71,71.6,772,12
"6500",2020-11-30,6050,41.9,11028,57,83.8,973,9
"6501",2020-11-30,6055,47.6,12387,79,84.8,529,10
"6502",2020-11-30,6060,53.1,13808,42,110.1,570,14
"6503",2020-11-30,6069,55.9,11912,61,119.9,1371,14
"6504",2020-11-30,6079,45.4,14136,57,101.3,727,7
"6505",2020-11-30,6084,58,16488,52,127.5,784,10
"6506",2020-11-30,6087,50.5,15898,47,90.2,870,11
"6507",2020-11-30,6090,50.3,11641,84,100,1463,20
"6508",2020-11-30,6121,49,13315,54,69.8,1436,15
"6509",2020-11-30,6129,45.3,11514,36,78.2,431,6
"6510",2020-11-30,7018,52.1,15507,65,78.3,479,10
"6511",2020-11-30,7019,55,14063,72,92.4,609,7
"6512",2020-11-30,7022,55.2,15545,65,104.6,947,17
"6513",2020-11-30,7023,39.4,10896,53,73.7,467,5
"6514",2020-11-30,7024,48,9649,48,89.8,889,5
"6515",2020-11-30,7027,75.1,14607,146,104.2,682,10
"6516",2020-11-30,7033,41.2,11057,69,82.3,1682,15
"6517",2020-11-30,7043,44.7,10229,32,74.1,862,7
"6518",2020-12-01,2051,58.9,12488,61,97.7,1236,12
"6519",2020-12-01,2063,57.4,13516,88,97.5,1055,8
"6520",2020-12-01,2074,57.4,10322,31,81.1,442,8
"6521",2020-12-01,3131,49.7,11053,51,85.3,727,10
"6522",2020-12-01,3150,62.5,16292,54,122.9,871,11
"6523",2020-12-01,4044,60.7,11662,73,112.9,340,6
"6524",2020-12-01,4072,50,10015,52,85.8,655,6
"6525",2020-12-01,4080,61.7,13842,68,106.5,1135,18
"6526",2020-12-01,5028,68,15283,59,138.4,735,6
"6527",2020-12-01,5041,65.3,18986,111,102.9,1484,10
"6528",2020-12-01,5042,58.2,12033,148,103.7,1339,15
"6529",2020-12-01,5046,36.4,9771,21,53.4,1901,35
"6530",2020-12-01,5058,63.1,13421,62,115,736,9
"6531",2020-12-01,5059,69.5,17572,56,105.4,1447,13
"6532",2020-12-01,5061,75,15453,79,124.8,761,11
"6533",2020-12-01,5100,67.4,16899,86,125.2,645,11
"6534",2020-12-01,5120,69.4,17032,59,119.8,1265,11
"6535",2020-12-01,5123,69.7,17201,77,138.4,669,13
"6536",2020-12-01,5124,61.1,18769,72,92.5,1823,21
"6537",2020-12-01,5135,52.1,10430,40,86.1,648,8
"6538",2020-12-01,5137,46.7,9248,61,75.7,503,8
"6539",2020-12-01,5139,33.7,6630,24,40.7,288,4
"6540",2020-12-01,5145,47.3,9538,91,72.4,453,7
"6541",2020-12-01,6005,56,13460,84,110.3,974,9
"6542",2020-12-01,6020,73.6,16842,90,106.8,405,10
"6543",2020-12-01,6022,66.8,15284,67,118.6,1103,14
"6544",2020-12-01,6027,54.8,13808,85,94.6,634,8
"6545",2020-12-01,6029,74.5,15190,54,122.3,934,9
"6546",2020-12-01,6030,60.9,9151,85,81.2,501,11
"6547",2020-12-01,6033,45.6,11800,92,62,570,10
"6548",2020-12-01,6050,49.8,13228,66,94.1,1136,10
"6549",2020-12-01,6055,45.4,11821,81,84.2,567,11
"6550",2020-12-01,6060,59.7,13855,57,106.3,559,12
"6551",2020-12-01,6069,66.5,13620,70,94.6,932,5
"6552",2020-12-01,6079,54.5,14418,63,119.8,908,12
"6553",2020-12-01,6084,52.1,13182,55,102.9,616,8
"6554",2020-12-01,6087,58,17412,56,106.2,869,6
"6555",2020-12-01,6090,56.5,11825,84,95.5,1078,17
"6556",2020-12-01,6121,50.6,12904,62,77.4,1793,25
"6557",2020-12-01,6129,60.3,14430,44,95.7,439,6
"6558",2020-12-01,7018,51.2,15066,81,79.9,486,9
"6559",2020-12-01,7019,62,15164,82,96,652,7
"6560",2020-12-01,7022,59.3,16398,83,103,1179,17
"6561",2020-12-01,7023,59.5,16319,98,87.3,410,5
"6562",2020-12-01,7024,46.9,9553,46,70,667,6
"6563",2020-12-01,7027,65.1,13144,132,90.1,512,8
"6564",2020-12-01,7033,50.4,12919,81,86.4,1588,19
"6565",2020-12-01,7043,56,13729,52,98.4,794,13
"6566",2020-12-02,2051,55.4,11880,48,94.2,1062,8
"6567",2020-12-02,2063,50.1,10942,71,99.4,1111,10
"6568",2020-12-02,2074,53.1,8661,39,93.9,638,12
"6569",2020-12-02,3131,64.9,13391,77,120.5,1152,9
"6570",2020-12-02,3150,58.6,15628,43,122.7,884,11
"6571",2020-12-02,4044,60,11846,76,123.9,456,9
"6572",2020-12-02,4072,64.6,11991,59,82.3,857,11
"6573",2020-12-02,4080,49.6,12309,65,102.4,1174,14
"6574",2020-12-02,5028,45.7,11279,34,113.6,597,7
"6575",2020-12-02,5041,68.9,16395,117,117.1,1553,10
"6576",2020-12-02,5042,61.8,12623,142,100.2,1091,13
"6577",2020-12-02,5046,42.4,11868,26,70.6,2781,35
"6578",2020-12-02,5058,70.8,15381,75,140.6,963,15
"6579",2020-12-02,5059,55.2,16638,56,122.9,1546,9
"6580",2020-12-02,5061,64.9,14685,63,127,761,10
"6581",2020-12-02,5100,60.2,17309,83,98.7,560,10
"6582",2020-12-02,5120,57.2,14539,56,105.9,1292,11
"6583",2020-12-02,5123,65.2,17067,72,140,686,12
"6584",2020-12-02,5124,44.4,15098,48,86.8,1590,19
"6585",2020-12-02,5135,66.1,12937,77,104.7,772,11
"6586",2020-12-02,5137,47.6,9904,47,77.8,571,10
"6587",2020-12-02,5139,35,7555,30,56.9,517,6
"6588",2020-12-02,5145,58.1,11907,75,93.8,801,9
"6589",2020-12-02,6005,53.3,13146,77,108.8,797,7
"6590",2020-12-02,6020,60.6,13684,69,101.1,426,9
"6591",2020-12-02,6022,65.8,16858,75,146.8,1644,16
"6592",2020-12-02,6027,63.5,14594,92,101.1,727,11
"6593",2020-12-02,6029,59,12480,32,117.1,929,8
"6594",2020-12-02,6030,58.4,8864,74,104.4,573,10
"6595",2020-12-02,6033,37.3,10491,69,68.8,768,12
"6596",2020-12-02,6050,47.4,12860,67,92.1,1240,8
"6597",2020-12-02,6055,59,11699,87,80.7,455,9
"6598",2020-12-02,6060,56.4,14043,45,115.6,582,13
"6599",2020-12-02,6069,65.1,13644,77,121.3,1698,9
"6600",2020-12-02,6079,63.4,17684,74,126.6,976,11
"6601",2020-12-02,6084,57,16908,54,125.9,850,13
"6602",2020-12-02,6087,51.5,16824,59,91.1,782,7
"6603",2020-12-02,6090,52.4,11869,82,94.4,1022,11
"6604",2020-12-02,6121,53,12747,61,97,2012,27
"6605",2020-12-02,6129,53.4,13638,44,82.1,373,5
"6606",2020-12-02,7018,42.8,12614,61,83.4,470,7
"6607",2020-12-02,7019,51.9,12337,61,90.2,585,8
"6608",2020-12-02,7022,52.7,15696,62,101.8,1000,15
"6609",2020-12-02,7023,50.7,14078,75,80.2,410,6
"6610",2020-12-02,7024,57.7,11281,78,94.2,954,9
"6611",2020-12-02,7027,53.7999999999999,11788,95,100.4,542,8
"6612",2020-12-02,7033,50.7,12875,85,97.9,1846,23
"6613",2020-12-02,7043,46.3,12500,50,86.7,515,9
"6614",2020-12-03,2051,47.2,12053,69,106.9,1112,11
"6615",2020-12-03,2063,47.1,11794,73,79.2,697,5
"6616",2020-12-03,2074,44,7442,50,72.7,438,5
"6617",2020-12-03,3131,51.1,12767,73,99.1,968,11
"6618",2020-12-03,3150,45.7,13585,51,89.9,638,8
"6619",2020-12-03,4044,58.1,11619,69,111.8,488,9
"6620",2020-12-03,4072,45.4,9930,76,84.1,1052,14
"6621",2020-12-03,4080,55.3,14443,94,94.3,1039,12
"6622",2020-12-03,5028,56.8,15030,50,134.7,818,8
"6623",2020-12-03,5041,59.6,18139,112,93,1283,8
"6624",2020-12-03,5042,61.5999999999999,11181,155,105.4,1237,10
"6625",2020-12-03,5046,49.2,14439,46,78.9,3489,31
"6626",2020-12-03,5058,46.3,9016,69,92.6,612,10
"6627",2020-12-03,5059,56.9,17854,64,114.9,1694,9
"6628",2020-12-03,5061,49.1,11125,61,98.1,602,7
"6629",2020-12-03,5100,42.3,14221,95,115,745,13
"6630",2020-12-03,5120,52.2,13270,71,107.9,950,9
"6631",2020-12-03,5123,60.8,16502,77,136.2,726,11
"6632",2020-12-03,5124,50.6,19655,62,75.4,1706,18
"6633",2020-12-03,5135,54.2,11550,74,93.5,636,9
"6634",2020-12-03,5137,43.9,9934,64,70.4,474,12
"6635",2020-12-03,5139,33.7,7372,30,65,483,7
"6636",2020-12-03,5145,38.2,8670,90,92.1,585,8
"6637",2020-12-03,6005,55.6,13938,114,107.5,717,8
"6638",2020-12-03,6020,52.8,11137,52,81.6,242,5
"6639",2020-12-03,6022,65.8,16516,88,143.8,1305,12
"6640",2020-12-03,6027,47.1,12140,78,91.8,705,9
"6641",2020-12-03,6029,55.8,12626,40,114.9,904,9
"6642",2020-12-03,6030,51.7,8728,93,78.7,479,7
"6643",2020-12-03,6033,42.1,12055,101,63.1,637,9
"6644",2020-12-03,6050,47,13756,69,84.7,1148,7
"6645",2020-12-03,6055,46.3,12876,115,85.6,543,12
"6646",2020-12-03,6060,52.7,11724,55,101.5,394,13
"6647",2020-12-03,6069,50.3,11667,70,95.2,2087,9
"6648",2020-12-03,6079,51.6,13973,96,120.6,850,11
"6649",2020-12-03,6084,56.7,17239,74,120.2,865,10
"6650",2020-12-03,6087,49.4,16891,47,92.4,820,10
"6651",2020-12-03,6090,52.6,12692,91,111.1,1276,17
"6652",2020-12-03,6121,43,10811,62,71.2,1597,23
"6653",2020-12-03,6129,44.7,12944,56,81.8,366,5
"6654",2020-12-03,7018,46.1,15688,97,75.7,384,7
"6655",2020-12-03,7019,49.7,12645,92,93.7,631,8
"6656",2020-12-03,7022,49.6,15961,79,109.8,1290,16
"6657",2020-12-03,7023,46.2,13785,79,79.6,400,5
"6658",2020-12-03,7024,44.4,9671,72,75.9,600,5
"6659",2020-12-03,7027,58.1,12790,136,99.4,648,7
"6660",2020-12-03,7033,49,12807,91,87.4,1832,16
"6661",2020-12-03,7043,36.2,9000,55,60.5,379,5
"6662",2020-12-04,2051,53.8,11450,61,84.6,892,13
"6663",2020-12-04,2063,54.7,14045,81,114.6,1234,8
"6664",2020-12-04,2074,29.8,5716,14,33,180,4
"6665",2020-12-04,3131,49,10581,48,94.1,770,9
"6666",2020-12-04,3150,59.6,14980,54,125.6,847,15
"6667",2020-12-04,4044,62,12154,68,127.7,499,8
"6668",2020-12-04,4072,49.9,10666,56,72.7,758,6
"6669",2020-12-04,4080,58.4,12061,80,102.3,1101,15
"6670",2020-12-04,5028,52.7,11930,31,116.8,618,9
"6671",2020-12-04,5041,56.2,17420,125,99,1482,13
"6672",2020-12-04,5042,58.2,10629,154,107.7,1062,15
"6673",2020-12-04,5046,40.3,10818,32,67.3,2723,30
"6674",2020-12-04,5058,65.9,13051,100,133.8,1038,16
"6675",2020-12-04,5059,57.7,15310,71,122.1,1464,10
"6676",2020-12-04,5061,61.2,13331,61,107.2,713,8
"6677",2020-12-04,5100,55,15406,106,95,506,11
"6678",2020-12-04,5120,74.4999999999999,17053,71,128.5,1259,12
"6679",2020-12-04,5123,64.7,17037,54,138.9,717,12
"6680",2020-12-04,5124,50.2,16876,74,84.4,1608,19
"6681",2020-12-04,5135,54.9,8196,57,87.6,511,11
"6682",2020-12-04,5137,43.7,9108,57,78.7,567,11
"6683",2020-12-04,5139,3.9,955,3,0,0,0
"6684",2020-12-04,5145,8.5,1526,15,0,0,0
"6685",2020-12-04,6005,59,12824,105,104.5,755,9
"6686",2020-12-04,6020,60.4,11688,62,88.5,317,9
"6687",2020-12-04,6022,60.3,14780,64,115.7,1139,10
"6688",2020-12-04,6027,59.3,15756,87,97.8,800,12
"6689",2020-12-04,6029,70.9,14484,41,115.4,875,8
"6690",2020-12-04,6030,31.7,5584,36,46,334,5
"6691",2020-12-04,6033,43.8,10316,79,65.8,509,9
"6692",2020-12-04,6041,33.1,5957,68,38.5,138,7
"6693",2020-12-04,6050,50.4,13307,72,104.5,1284,9
"6694",2020-12-04,6055,49.8,11440,116,84.3,534,11
"6695",2020-12-04,6060,56.6,11559,63,103.5,598,13
"6696",2020-12-04,6061,35.3,9606,62,70.8,871,11
"6697",2020-12-04,6067,33.1,4475,96,53.2,422,8
"6698",2020-12-04,6069,60.4,12797,98,102.3,1127,4
"6699",2020-12-04,6079,62.5,14954,60,103.8,802,8
"6700",2020-12-04,6084,49.4,13623,63,107.8,688,9
"6701",2020-12-04,6087,52,15382,57,93,741,7
"6702",2020-12-04,6090,54.6,11902,79,100.9,1077,19
"6703",2020-12-04,6121,50.3,11853,54,71.6,1287,21
"6704",2020-12-04,6129,47.2,12636,36,77.6,470,5
"6705",2020-12-04,7018,47.4,12685,68,76.2,384,6
"6706",2020-12-04,7019,52.5,12182,65,86.8,523,7
"6707",2020-12-04,7022,52,14947,83,86.7,852,17
"6708",2020-12-04,7023,48.6,13403,90,81.6,356,7
"6709",2020-12-04,7024,51.6,10720,62,70.6,812,10
"6710",2020-12-04,7027,66.8,12836,146,90.4,483,9
"6711",2020-12-04,7033,48.1,10861,70,87.7,1720,18
"6712",2020-12-04,7043,26.9,7446,23,47,330,3
"6713",2020-12-04,7046,36.8,6928,114,54.8,374,12
"6714",2020-12-05,2051,49.2,11517,46,91.5,911,12
"6715",2020-12-05,2063,49.2,11814,74,97.7,1112,10
"6716",2020-12-05,3131,64.5,14146,73,117.1,1023,12
"6717",2020-12-05,3150,58.5,16505,35,113.6,770,13
"6718",2020-12-05,4044,46.3,8331,49,98.6,337,7
"6719",2020-12-05,4072,55.8,11553,52,93.6,1128,16
"6720",2020-12-05,4080,57.1,13269,71,108.8,1269,17
"6721",2020-12-05,5028,55.2,11645,33,113.4,689,4
"6722",2020-12-05,5041,51.2,14499,101,101.2,1679,17
"6723",2020-12-05,5042,67.8,10195,177,115.1,1440,21
"6724",2020-12-05,5046,48.3,12801,46,83.2,4037,34
"6725",2020-12-05,5058,63,11957,69,113.7,621,11
"6726",2020-12-05,5059,59.7,16538,58,110.7,1768,17
"6727",2020-12-05,5061,61.7,14114,58,133.5,838,14
"6728",2020-12-05,5100,49.4,14991,80,104.4,637,16
"6729",2020-12-05,5120,43.3,10032,38,77,639,7
"6730",2020-12-05,5123,73.2,18191,78,139.9,834,13
"6731",2020-12-05,5124,53.9,19230,64,92.9,1814,16
"6732",2020-12-05,5135,53.9,8896,47,85.9,510,9
"6733",2020-12-05,5137,47.7,9733,52,72.2,663,13
"6734",2020-12-05,6005,52.5,12595,73,102.9,761,9
"6735",2020-12-05,6020,58.9,12688,62,101.5,369,12
"6736",2020-12-05,6022,67.8,16135,71,139.3,1332,10
"6737",2020-12-05,6027,49.7,12079,74,77.2,567,13
"6738",2020-12-05,6029,57.6,11906,32,116.3,885,11
"6739",2020-12-05,6033,52.1,11999,86,101,694,11
"6740",2020-12-05,6041,50.8,12888,76,94.8,427,11
"6741",2020-12-05,6050,45,11728,55,86.3,1152,11
"6742",2020-12-05,6055,45.2,10898,101,85.5,435,8
"6743",2020-12-05,6060,63.8,13549,65,108.1,454,14
"6744",2020-12-05,6061,52.9,17741,86,101.4,1737,16
"6745",2020-12-05,6067,62.9,11182,116,121.1,1182,15
"6746",2020-12-05,6069,61,12373,71,112.7,1222,6
"6747",2020-12-05,6079,60.9,14627,83,119,773,10
"6748",2020-12-05,6084,65,18305,60,135.9,920,11
"6749",2020-12-05,6087,55.8,17767,42,105,922,12
"6750",2020-12-05,6090,61.3,13316,80,111.8,1391,16
"6751",2020-12-05,6121,50.8,12791,58,79.3,1563,19
"6752",2020-12-05,6129,46.6,11918,42,85.2,574,8
"6753",2020-12-05,7018,49.9,14263,74,81.8,486,10
"6754",2020-12-05,7019,57,13402,70,86.7,415,7
"6755",2020-12-05,7022,56.1,16163,56,115.7,1396,17
"6756",2020-12-05,7023,46.4,12753,67,75.8,314,5
"6757",2020-12-05,7024,54.3,10886,56,93.4,954,8
"6758",2020-12-05,7027,63.5,12967,128,95.6,573,11
"6759",2020-12-05,7033,50.9,11417,79,87.9,1599,21
"6760",2020-12-05,7046,63.8,15516,137,118.2,868,15
"6761",2020-12-06,2051,52.2,12003,35,95,966,9
"6762",2020-12-06,2063,51.3,12097,59,93.4,1077,9
"6763",2020-12-06,3131,52.5,11565,63,91.8,807,9
"6764",2020-12-06,3150,59.2,16520,41,129.1,953,11
"6765",2020-12-06,4044,75.3,14979,86,148,747,12
"6766",2020-12-06,4072,52.1,10502,43,87.5,1086,14
"6767",2020-12-06,4080,54.8,13428,65,90.4,930,13
"6768",2020-12-06,5028,67.5,15795,45,139.6,751,7
"6769",2020-12-06,5041,60.2,16892,119,108.9,1762,14
"6770",2020-12-06,5042,67.6,11614,158,117.1,1497,17
"6771",2020-12-06,5046,48.1,11953,32,79.7,3415,34
"6772",2020-12-06,5058,59.1,11116,47,115.9,650,9
"6773",2020-12-06,5059,55.9,15605,55,121.5,1773,15
"6774",2020-12-06,5061,64.6,13816,63,110.7,780,10
"6775",2020-12-06,5100,57.8,17204,86,114.9,594,11
"6776",2020-12-06,5120,67.4,17377,55,124.2,1236,12
"6777",2020-12-06,5123,66.6,17417,84,112,755,11
"6778",2020-12-06,5124,47.5,16070,52,77.5,1605,17
"6779",2020-12-06,5135,68.9,11294,62,114.9,828,14
"6780",2020-12-06,5137,43.9,9197,45,72.4,486,9
"6781",2020-12-06,6005,55.2,13401,103,109.3,707,7
"6782",2020-12-06,6020,52.3,11226,64,92.4,381,10
"6783",2020-12-06,6022,66.4,15265,54,127.5,1314,11
"6784",2020-12-06,6027,58,14330,78,102.5,915,19
"6785",2020-12-06,6029,58.7,11888,37,100.5,1038,10
"6786",2020-12-06,6033,42.4,10327,71,65,721,9
"6787",2020-12-06,6041,58.8,13853,62,114.6,399,12
"6788",2020-12-06,6050,49.4,12726,53,89.1,1106,10
"6789",2020-12-06,6055,50.6,11436,96,80.6,458,7
"6790",2020-12-06,6060,54.2,11055,39,100.5,478,13
"6791",2020-12-06,6061,61.4,19304,96,87.3,1258,15
"6792",2020-12-06,6067,65.3,12431,79,116.8,1021,20
"6793",2020-12-06,6069,61,12385,63,106.6,1535,9
"6794",2020-12-06,6079,62.8,14782,68,120.7,944,8
"6795",2020-12-06,6084,51.6,13512,54,114.4,779,8
"6796",2020-12-06,6087,45.3,13375,36,88.4,689,7
"6797",2020-12-06,6090,53.2,11448,73,96,1044,14
"6798",2020-12-06,6121,49,12778,54,88.1,2054,18
"6799",2020-12-06,6129,46.2,11046,40,83.4,630,5
"6800",2020-12-06,7018,51.9,14740,72,87.3,533,9
"6801",2020-12-06,7019,55.8,12981,71,92.7,686,8
"6802",2020-12-06,7022,58,16234,60,114.8,1342,16
"6803",2020-12-06,7023,47.5,13223,71,78.5,339,6
"6804",2020-12-06,7024,51.7,9777,46,79.6,1100,12
"6805",2020-12-06,7027,65.9,13985,131,97.7,619,10
"6806",2020-12-06,7033,49.7,11522,64,86.6,1498,14
"6807",2020-12-06,7046,65.7,15958,145,113.4,990,14
"6808",2020-12-07,2051,40.5,9374,41,75.8,976,9
"6809",2020-12-07,2063,51.4,12350,78,93.4,1098,8
"6810",2020-12-07,3131,57.9,12786,86,113.6,2088,9
"6811",2020-12-07,3150,50.2,14971,46,146.9,1269,16
"6812",2020-12-07,4008,21,4202,24,10.5,138,2
"6813",2020-12-07,4044,54.2,10433,69,127.3,524,10
"6814",2020-12-07,4072,46.7,10748,62,74.6,929,14
"6815",2020-12-07,4080,56.4,13942,65,110.7,1297,15
"6816",2020-12-07,5028,55.7,12928,35,120.8,632,5
"6817",2020-12-07,5041,60,16534,102,112,2151,14
"6818",2020-12-07,5042,67.9,9154,144,112.9,1583,23
"6819",2020-12-07,5046,47.1,12614,37,97.4,3884,37
"6820",2020-12-07,5058,61.6,12040,45,118.4,946,13
"6821",2020-12-07,5059,56.1,16266,52,123.8,1886,14
"6822",2020-12-07,5061,56.9,12170,71,127,1184,11
"6823",2020-12-07,5100,49.3,14773,101,112.1,699,15
"6824",2020-12-07,5120,67.1,16057,66,110.1,1589,15
"6825",2020-12-07,5123,68.3,16885,69,153.6,874,11
"6826",2020-12-07,5124,55.9,18048,53,98.2,2209,29
"6827",2020-12-07,5135,60.3,11020,73,102.6,898,12
"6828",2020-12-07,5137,43,8968,57,80.6,682,10
"6829",2020-12-07,6005,53.9,12432,106,108.1,793,11
"6830",2020-12-07,6020,58.9,12894,87,108.1,488,12
"6831",2020-12-07,6022,61.7,15090,70,143.1,1735,16
"6832",2020-12-07,6027,51.4,13071,80,92.7,795,13
"6833",2020-12-07,6029,71.7,14648,54,130.4,1265,12
"6834",2020-12-07,6033,32.7,6269,89,63.2,751,15
"6835",2020-12-07,6041,51.6,13357,60,113.4,568,9
"6836",2020-12-07,6050,44.9,12234,58,97.9,1227,6
"6837",2020-12-07,6055,43,10600,100,91.4,838,12
"6838",2020-12-07,6060,54.5,11186,58,107.5,715,13
"6839",2020-12-07,6061,47.6,17332,91,93.9,1734,10
"6840",2020-12-07,6067,50.4,10998,73,98.8,910,17
"6841",2020-12-07,6069,55,11178,69,103,1725,9
"6842",2020-12-07,6079,55.7,13603,78,115.8,872,9
"6843",2020-12-07,6084,53.5,15032,65,127.8,807,9
"6844",2020-12-07,6087,15.3,4008,12,34.8,297,3
"6845",2020-12-07,6090,49.9,11484,74,88.5,1192,11
"6846",2020-12-07,6121,48.1,11960,54,79.1,1939,19
"6847",2020-12-07,6129,52.3,13364,49,87.4,466,5
"6848",2020-12-07,7018,47,13687,72,78.2,575,10
"6849",2020-12-07,7019,52.7,7436,110,73,373,7
"6850",2020-12-07,7022,62.1,18605,56,123.7,1460,17
"6851",2020-12-07,7023,52.5,12732,80,86,614,7
"6852",2020-12-07,7024,48.6,9346,66,80.1,883,8
"6853",2020-12-07,7027,63.6,12156,116,91.6,687,9
"6854",2020-12-07,7033,58.3,13205,83,99.7,2168,18
"6855",2020-12-07,7046,60.4,15604,112,121.3,979,12
"6856",2020-12-08,2051,55.1,13427,52,100.9,1063,10
"6857",2020-12-08,2063,51.1,12664,67,96.1,1390,11
"6858",2020-12-08,3131,59.9,11176,74,115.3,1001,11
"6859",2020-12-08,3150,54.6,15238,43,112.5,1516,14
"6860",2020-12-08,4008,47.5,12366,89,104.3,787,13
"6861",2020-12-08,4044,56,11219,79,122.4,843,12
"6862",2020-12-08,4072,75.1,10877,59,95,1145,16
"6863",2020-12-08,4080,57.6,12811,77,113.6,1399,14
"6864",2020-12-08,5028,70.5,11834,40,118,557,5
"6865",2020-12-08,5041,58.9,17319,127,125.3,1884,17
"6866",2020-12-08,5042,74.5,11173,167,116,1752,19
"6867",2020-12-08,5046,46.6,11965,42,89.6,4141,31
"6868",2020-12-08,5058,49.8,9330,34,119.5,883,10
"6869",2020-12-08,5059,56.6,15575,75,118.2,1580,13
"6870",2020-12-08,5061,56.2,11260,63,109.9,681,11
"6871",2020-12-08,5100,57.7,16099,103,118.8,730,14
"6872",2020-12-08,5120,57.8,15016,53,112.4,1602,12
"6873",2020-12-08,5123,69.6,17547,81,155,959,20
"6874",2020-12-08,5124,52.5,17624,64,85.1,1937,23
"6875",2020-12-08,5135,60.0000000000001,9568,43,99.6,858,11
"6876",2020-12-08,5137,44.8,8308,58,75.7,638,13
"6877",2020-12-08,6005,57.9,13280,88,113.5,1171,10
"6878",2020-12-08,6020,60.3,12204,63,105.5,648,10
"6879",2020-12-08,6022,61.3,14446,71,132.4,1373,11
"6880",2020-12-08,6027,57.6,13765,87,129.2,896,19
"6881",2020-12-08,6029,49.8,9778,35,100.2,1253,10
"6882",2020-12-08,6033,60.9,9099,68,91.1,2294,9
"6883",2020-12-08,6041,54.8,14157,61,105.5,405,11
"6884",2020-12-08,6050,48,13460,67,86.3,1276,11
"6885",2020-12-08,6055,51.1,11958,98,79.4,443,8
"6886",2020-12-08,6060,58,12902,50,107.5,762,10
"6887",2020-12-08,6061,59.6,19562,76,104.2,1598,11
"6888",2020-12-08,6067,63.1,14193,50,124.6,1494,14
"6889",2020-12-08,6069,64.5,13350,75,114.2,935,7
"6890",2020-12-08,6079,55.5,13584,77,119.7,992,8
"6891",2020-12-08,6084,62.5,14455,64,131.3,838,10
"6892",2020-12-08,6087,37.4,9384,25,51.5,316,3
"6893",2020-12-08,6090,52.8,11005,73,100.5,1180,15
"6894",2020-12-08,6121,43.6,11078,54,90.4,2006,21
"6895",2020-12-08,6129,43.2,9732,35,74.8,662,4
"6896",2020-12-08,7018,38.4,10696,54,74.4,482,8
"6897",2020-12-08,7019,51.8,10895,56,90,488,10
"6898",2020-12-08,7022,51.1,14866,68,109.8,1266,19
"6899",2020-12-08,7023,46.9,12086,71,76.8,316,5
"6900",2020-12-08,7024,57.9,10153,67,90.7,920,6
"6901",2020-12-08,7027,64.3,12697,128,109.1,1209,12
"6902",2020-12-08,7033,48.7,11809,76,88.7,2095,20
"6903",2020-12-08,7046,61.3,16990,112,115.9,1003,16
"6904",2020-12-09,2051,48.8,10430,45,87.4,1188,17
"6905",2020-12-09,2063,51.8,14070,80,103.9,1279,12
"6906",2020-12-09,3131,64.7,13143,70,110.6,887,14
"6907",2020-12-09,3150,60.7,16683,50,129.7,931,13
"6908",2020-12-09,4008,60,13680,88,100.3,620,13
"6909",2020-12-09,4044,47.5,10540,83,111.6,602,8
"6910",2020-12-09,4072,50.9,10820,69,88.4,1061,16
"6911",2020-12-09,4080,57,12802,87,101.6,888,13
"6912",2020-12-09,5028,63.1,15040,56,137,765,7
"6913",2020-12-09,5041,53.8,15566,124,106.4,1729,9
"6914",2020-12-09,5042,57.5,9578,157,98.3,998,7
"6915",2020-12-09,5046,40.8,10766,90,62.6,2804,50
"6916",2020-12-09,5058,68.1,13701,70,134.5,1001,14
"6917",2020-12-09,5059,62.9,17141,88,130.9,1623,14
"6918",2020-12-09,5061,67,14215,78,129.5,938,12
"6919",2020-12-09,5100,54.9,14237,123,107,571,14
"6920",2020-12-09,5120,62.5,14263,89,120.6,1278,12
"6921",2020-12-09,5123,67.2000000000001,17828,83,135.6,787,11
"6922",2020-12-09,5124,44.8,16124,100,71,1436,18
"6923",2020-12-09,5135,58.6,10693,68,102.1,679,14
"6924",2020-12-09,5137,50.4,10553,58,81.2,634,14
"6925",2020-12-09,6005,52,12281,98,101.4,716,10
"6926",2020-12-09,6020,67.4,14722,95,107.3,539,11
"6927",2020-12-09,6022,67.2,16037,79,145,1378,12
"6928",2020-12-09,6027,46.1,12690,83,85.9,594,11
"6929",2020-12-09,6029,60.9,11803,48,127,1098,11
"6930",2020-12-09,6033,38.6,8648,66,70.2,527,8
"6931",2020-12-09,6041,53.8,14523,59,98.6,366,15
"6932",2020-12-09,6050,58.8,16011,93,110.8,1536,14
"6933",2020-12-09,6055,47.7,10823,86,87.9,493,10
"6934",2020-12-09,6060,58.8,14194,67,95.1,483,13
"6935",2020-12-09,6061,59.1,14417,135,95.2,1382,17
"6936",2020-12-09,6067,56.8,12646,63,119.6,945,12
"6937",2020-12-09,6069,56.2,11938,77,107.7,1678,11
"6938",2020-12-09,6079,62.9,15388,69,133.2,1072,9
"6939",2020-12-09,6084,54.8,14419,69,111.1,694,10
"6940",2020-12-09,6087,44.8,14806,46,94.4,768,7
"6941",2020-12-09,6090,60.2,12390,92,116.1,1025,13
"6942",2020-12-09,6121,52.2,12981,53,89,1865,23
"6943",2020-12-09,6129,52.1,14157,52,95.9,403,6
"6944",2020-12-09,7018,60.5,17325,78,95.6,633,12
"6945",2020-12-09,7019,49.7,11230,68,90.1,535,7
"6946",2020-12-09,7022,58.2,17009,66,108.2,1287,22
"6947",2020-12-09,7023,47.9000000000001,12915,90,83.7,389,5
"6948",2020-12-09,7024,52.3,10639,64,85.3,883,7
"6949",2020-12-09,7027,72.3,13223,172,100.9,558,10
"6950",2020-12-09,7033,50.4,12146,81,89.5,2035,18
"6951",2020-12-09,7046,56.5,15462,123,115.6,901,12
"6952",2020-12-10,2051,57.5,13391,58,97.5,1172,9
"6953",2020-12-10,2063,61.7,14388,79,103.4,1297,13
"6954",2020-12-10,3131,59.6,12176,59,106.9,934,13
"6955",2020-12-10,3150,58.7,15504,48,116.8,869,15
"6956",2020-12-10,4008,55.8,13770,105,113.1,1303,18
"6957",2020-12-10,4044,68.5,14230,81,124.1,487,10
"6958",2020-12-10,4072,50.3,11059,46,81.8,1124,17
"6959",2020-12-10,4080,53.5,12475,84,85.5,931,14
"6960",2020-12-10,5028,57.1,12130,53,122.2,576,5
"6961",2020-12-10,5041,60.3,19423,141,103.4,1529,8
"6962",2020-12-10,5042,68.1,12738,184,108.5,1844,18
"6963",2020-12-10,5046,45,10987,28,70.2,2722,33
"6964",2020-12-10,5058,64.7,14144,51,126.8,948,13
"6965",2020-12-10,5059,55.8,15012,60,113.1,1710,15
"6966",2020-12-10,5061,58,12829,62,114.7,867,12
"6967",2020-12-10,5100,56.5,16580,88,121.1,712,12
"6968",2020-12-10,5120,65.1,16111,78,128.6,1372,12
"6969",2020-12-10,5123,75.6,19631,94,146.7,860,12
"6970",2020-12-10,5124,59.9,18336,73,103.4,1836,28
"6971",2020-12-10,5135,58.5,11309,52,64.3,612,10
"6972",2020-12-10,5137,48.2,10877,67,77.3,732,12
"6973",2020-12-10,6005,63.9,14919,103,116.4,811,9
"6974",2020-12-10,6020,60.3,13670,86,96.7,608,12
"6975",2020-12-10,6022,65.5,16206,77,125.1,1245,16
"6976",2020-12-10,6027,57.2,15651,89,94.1,696,15
"6977",2020-12-10,6029,73.8,14085,54,113.5,908,13
"6978",2020-12-10,6033,53,12668,89,73.3,838,11
"6979",2020-12-10,6041,57.9,14958,68,106,378,10
"6980",2020-12-10,6050,43.5,12561,52,86.1,1063,8
"6981",2020-12-10,6055,49,12868,76,85.2,495,12
"6982",2020-12-10,6060,54.7,12626,51,110.5,441,11
"6983",2020-12-10,6061,53.1,14890,81,108,1241,16
"6984",2020-12-10,6067,72.9,15735,65,131.3,1180,14
"6985",2020-12-10,6069,69.6,13900,71,117.8,2576,13
"6986",2020-12-10,6079,57.6,14400,64,120.1,853,12
"6987",2020-12-10,6084,56.3,14831,63,127.4,962,8
"6988",2020-12-10,6087,57.1,18493,58,97.4,785,9
"6989",2020-12-10,6090,52.5,11933,79,96.9,1388,14
"6990",2020-12-10,6121,59.6,15574,72,92.7,2056,25
"6991",2020-12-10,6129,47.9,13632,50,75.4,410,5
"6992",2020-12-10,7018,40.6,12160,83,67.4,466,9
"6993",2020-12-10,7019,62.3,13125,69,99.1,562,8
"6994",2020-12-10,7022,61.1,17204,71,116.3,1285,16
"6995",2020-12-10,7023,47.5,12974,72,68.2,281,4
"6996",2020-12-10,7024,57.9,11916,83,88.9,905,8
"6997",2020-12-10,7027,63.9,13416,150,88,562,11
"6998",2020-12-10,7033,48,11191,71,83.8,1854,22
"6999",2020-12-10,7046,67.3,19570,128,120,1012,16
"7000",2020-12-11,2051,46.8,11904,55,89.5,1509,13
"7001",2020-12-11,2063,48.3,11950,40,86.4,888,7
"7002",2020-12-11,3131,58.6,12070,65,105.8,1186,10
"7003",2020-12-11,3150,57.3,15464,51,112.8,743,11
"7004",2020-12-11,4008,54.2,11477,86,125.2,717,12
"7005",2020-12-11,4044,58.7,12364,74,132.5,563,9
"7006",2020-12-11,4072,51.3,10613,57,79.7,957,13
"7007",2020-12-11,4080,64.7,14780,76,115.7,1018,9
"7008",2020-12-11,5028,56.9,13282,39,99.8,486,5
"7009",2020-12-11,5041,55.9,17173,99,82.1,1421,9
"7010",2020-12-11,5042,57.2,8652,145,112,1108,9
"7011",2020-12-11,5046,47.6,11772,25,78.5,3410,37
"7012",2020-12-11,5058,61.8,13044,48,113.5,651,9
"7013",2020-12-11,5059,58.3,15785,68,113.7,2404,20
"7014",2020-12-11,5061,61.2,14003,74,129.5,1011,13
"7015",2020-12-11,5100,55.4,16441,100,102.3,563,12
"7016",2020-12-11,5120,65,17526,78,108.7,1240,12
"7017",2020-12-11,5123,74.4,19111,100,137.7,746,13
"7018",2020-12-11,5124,52.3,17634,80,83.9,1546,15
"7019",2020-12-11,5135,58.6,11316,57,94.4,728,9
"7020",2020-12-11,5137,42.7,8838,48,65.7,476,12
"7021",2020-12-11,6005,59.9,13827,95,114,981,12
"7022",2020-12-11,6020,63.5,15009,85,91.8,520,9
"7023",2020-12-11,6022,67.4,16091,69,122.5,1190,10
"7024",2020-12-11,6027,56.8,14628,74,101.3,728,9
"7025",2020-12-11,6029,58.6,12521,37,112.2,1117,7
"7026",2020-12-11,6033,45.9,10599,81,73.1,650,10
"7027",2020-12-11,6041,57.5,15844,54,111.9,420,10
"7028",2020-12-11,6050,48.3,13629,70,58.4,677,5
"7029",2020-12-11,6055,48.3,11456,89,70.4,498,10
"7030",2020-12-11,6060,65.8,11850,63,118.9,448,15
"7031",2020-12-11,6061,66.7,21392,84,99.2,993,7
"7032",2020-12-11,6067,56,12307,62,103,840,11
"7033",2020-12-11,6069,63,12672,71,111.6,1488,8
"7034",2020-12-11,6079,60.6,15262,82,126,782,10
"7035",2020-12-11,6084,47.8,13142,56,96.1,638,8
"7036",2020-12-11,6087,57.3,17857,44,112.4,1008,12
"7037",2020-12-11,6090,59.2,11961,83,100.8,1031,13
"7038",2020-12-11,6121,46.1,11514,63,76.8,1380,20
"7039",2020-12-11,6129,46.3,12588,52,90.9,476,6
"7040",2020-12-11,7018,43.9,14574,59,63,522,9
"7041",2020-12-11,7019,57.6,12977,81,104.1,766,9
"7042",2020-12-11,7022,58.3,16178,63,104.7,1165,19
"7043",2020-12-11,7023,53.5,14007,60,74.9,410,6
"7044",2020-12-11,7024,55.2,10829,70,78.7,993,8
"7045",2020-12-11,7027,65.8,13525,143,96,702,9
"7046",2020-12-11,7033,47.8,11301,73,80.6,1941,21
"7047",2020-12-11,7046,67.4,18815,106,120.8,1073,18
"7048",2020-12-12,2051,40.4,10827,44,78,1101,9
"7049",2020-12-12,2063,49.6,13169,47,89.1,1077,9
"7050",2020-12-12,3131,54.8,10133,50,89.1,757,14
"7051",2020-12-12,3150,56.1,16172,54,124,847,9
"7052",2020-12-12,4008,52.4,9007,82,94.5,560,10
"7053",2020-12-12,4044,60.1,12927,77,108.2,492,9
"7054",2020-12-12,4072,53,11325,57,96.8,1196,16
"7055",2020-12-12,4080,55.2,12987,61,90.2,952,15
"7056",2020-12-12,5028,57.8,13048,36,108.2,663,8
"7057",2020-12-12,5041,57.3,17802,103,106.9,1815,12
"7058",2020-12-12,5042,63.8,10953,177,90.9,1074,12
"7059",2020-12-12,5046,47.4,11830,30,86.3,3300,37
"7060",2020-12-12,5058,56.6,11624,45,121.2,540,9
"7061",2020-12-12,5059,61,17333,60,125.9,2200,15
"7062",2020-12-12,5061,45.8,10820,45,95.6,545,8
"7063",2020-12-12,5100,49.6,15753,91,113,826,13
"7064",2020-12-12,5120,58.4,16416,64,106.2,1271,12
"7065",2020-12-12,5123,54.2,13615,72,130.9,622,11
"7066",2020-12-12,5124,55,16862,63,90.8,2058,16
"7067",2020-12-12,5135,60.7,13055,55,86.4,719,11
"7068",2020-12-12,5137,46.1,9781,46,76.8,552,11
"7069",2020-12-12,6005,51.3,12310,89,90.6,832,9
"7070",2020-12-12,6020,64.8,15774,107,110.1,601,15
"7071",2020-12-12,6022,72.4,15857,52,138.7,1229,12
"7072",2020-12-12,6027,50.5,13689,81,99.2,653,10
"7073",2020-12-12,6029,58.4,12349,41,116.4,707,6
"7074",2020-12-12,6033,41.8,10605,70,64.7,669,11
"7075",2020-12-12,6041,53.1,14722,58,92.1,370,10
"7076",2020-12-12,6050,49.1,13699,53,93.5,1246,8
"7077",2020-12-12,6055,50,11891,75,83.5,619,8
"7078",2020-12-12,6060,53.4,10593,52,83.5,401,13
"7079",2020-12-12,6061,59.2,18933,89,100.4,1212,10
"7080",2020-12-12,6067,62.4,14699,51,127.3,1401,20
"7081",2020-12-12,6069,57.5,11869,74,109.2,1385,6
"7082",2020-12-12,6079,57.2,14373,50,105.5,778,9
"7083",2020-12-12,6084,63.1,17106,56,125.4,759,10
"7084",2020-12-12,6087,49.2,14753,32,92.1,706,9
"7085",2020-12-12,6090,53.4,11873,69,97.9,862,11
"7086",2020-12-12,6121,54.3,13047,49,92.5,2003,24
"7087",2020-12-12,6129,47.6,11891,44,76.9,371,5
"7088",2020-12-12,7018,38.1,13886,82,70,576,11
"7089",2020-12-12,7019,48.5,11373,65,81,444,7
"7090",2020-12-12,7022,56.9,15838,55,98.2,1113,20
"7091",2020-12-12,7023,43.1,11649,49,74.3,392,5
"7092",2020-12-12,7024,50.9,10172,52,83,624,8
"7093",2020-12-12,7027,55.9,11424,116,83.9,566,12
"7094",2020-12-12,7033,51.5,12642,66,87.6,2083,25
"7095",2020-12-12,7046,61.1,17505,115,114.6,968,10
"7096",2020-12-13,2051,61.5,14201,54,100.4,1376,12
"7097",2020-12-13,2063,58.7,14648,54,99.9,1111,8
"7098",2020-12-13,3131,57.9,10285,74,108.3,803,17
"7099",2020-12-13,3150,56.6,15736,36,117.4,770,9
"7100",2020-12-13,4008,55.7,11014,84,120.1,997,16
"7101",2020-12-13,4044,57.1,10610,62,120.7,540,10
"7102",2020-12-13,4072,53,11253,47,84.1,1065,20
"7103",2020-12-13,4080,54.7,13232,52,104.3,1119,16
"7104",2020-12-13,5028,61.7,14607,42,130.1,691,6
"7105",2020-12-13,5041,53.3,14907,95,79.4,1477,12
"7106",2020-12-13,5042,61.8,9947,147,113.3,1342,18
"7107",2020-12-13,5046,47.6,11491,35,76.9,3412,42
"7108",2020-12-13,5058,61.4,12377,62,97.2,556,11
"7109",2020-12-13,5059,58.9,15421,59,124.5,1849,17
"7110",2020-12-13,5061,56.9,13929,75,109.1,697,9
"7111",2020-12-13,5100,52.9,14951,105,100.2,662,16
"7112",2020-12-13,5120,61.6,15510,76,110,1282,12
"7113",2020-12-13,5123,77,20771,87,146.5,689,13
"7114",2020-12-13,5124,47.4,16497,66,73,1517,28
"7115",2020-12-13,5135,55.5,11069,59,109.7,909,18
"7116",2020-12-13,5137,47.6,9512,59,74.4,516,9
"7117",2020-12-13,6005,51.5,12773,82,82.7,574,7
"7118",2020-12-13,6020,59.3,14164,80,94.8,609,11
"7119",2020-12-13,6022,65.3,15210,62,125.6,1154,9
"7120",2020-12-13,6027,55.3,13842,77,92.1,727,11
"7121",2020-12-13,6029,62.5,12901,31,125.7,819,8
"7122",2020-12-13,6033,47.2,11407,81,72.8,757,12
"7123",2020-12-13,6041,57.1,15657,55,117,407,9
"7124",2020-12-13,6050,53.5,13065,58,103.4,1232,9
"7125",2020-12-13,6055,45.0000000000001,10848,95,79.1,543,12
"7126",2020-12-13,6060,55,10527,39,96.6,435,10
"7127",2020-12-13,6061,57.6,20131,74,97.7,1692,16
"7128",2020-12-13,6067,64.8,15368,50,120.8,1400,16
"7129",2020-12-13,6069,61.9,11896,71,108.6,805,5
"7130",2020-12-13,6079,51.3,12363,46,108.9,766,8
"7131",2020-12-13,6084,56.4,15001,49,126.2,773,10
"7132",2020-12-13,6087,52.1,16226,55,97.6,930,11
"7133",2020-12-13,6090,48.3,10408,74,91.8,1081,13
"7134",2020-12-13,6121,46.4,11847,56,78.2,1602,20
"7135",2020-12-13,6129,46.4,11230,40,78.1,308,6
"7136",2020-12-13,7018,45.8,15005,77,77.3,530,12
"7137",2020-12-13,7019,61.1,13707,69,109.3,607,8
"7138",2020-12-13,7022,53.4,16173,53,88,1315,21
"7139",2020-12-13,7023,50.6,13256,61,80.4,413,7
"7140",2020-12-13,7024,50.2,10139,52,67.9,970,10
"7141",2020-12-13,7027,66.0000000000001,11881,129,98.3,631,13
"7142",2020-12-13,7033,50.7,12192,57,91.2,1960,25
"7143",2020-12-13,7046,56.2,15819,93,108.7,748,13
"7144",2020-12-14,2051,50.7,12559,49,95.2,1257,11
"7145",2020-12-14,2063,43,11335,39,86.9,848,6
"7146",2020-12-14,3131,53.5,10239,63,102.3,868,13
"7147",2020-12-14,3150,54.9,14833,47,114.4,796,12
"7148",2020-12-14,4008,54.5,12317,95,115.3,782,11
"7149",2020-12-14,4044,63.6,12485,63,127.7,814,10
"7150",2020-12-14,4072,42.4,8974,47,72.6,769,10
"7151",2020-12-14,4080,54.4,13266,71,102.3,848,12
"7152",2020-12-14,5028,57.4,11885,37,122.5,633,4
"7153",2020-12-14,5041,59.5,17287,117,105.9,2152,17
"7154",2020-12-14,5042,59.4,9904,149,109.5,1189,14
"7155",2020-12-14,5046,51.4,13027,33,90.4,3788,38
"7156",2020-12-14,5058,61.7,12583,75,127.2,954,16
"7157",2020-12-14,5059,61.3,16360,71,119.8,1947,18
"7158",2020-12-14,5061,60.3,13603,62,114.2,857,13
"7159",2020-12-14,5100,57.6,17272,115,117.5,715,15
"7160",2020-12-14,5120,55.5,14012,70,101.9,1164,11
"7161",2020-12-14,5123,68.2,17624,79,135.2,704,12
"7162",2020-12-14,5124,46.2,14763,55,73.8,1648,18
"7163",2020-12-14,5135,49.8,10413,59,51.4,415,5
"7164",2020-12-14,5137,40.6,8111,47,67.3,584,12
"7165",2020-12-14,6005,48,11655,79,100.4,810,7
"7166",2020-12-14,6020,63.1,14794,77,103.2,608,13
"7167",2020-12-14,6022,70,16037,83,128.1,1149,10
"7168",2020-12-14,6027,52.1,12754,82,89.1,744,14
"7169",2020-12-14,6029,73.4,14611,63,135.5,1324,12
"7170",2020-12-14,6033,45.1,10049,69,65.4,840,12
"7171",2020-12-14,6041,53.7,15422,60,89.3,351,8
"7172",2020-12-14,6050,46.2,10733,54,71.3,894,7
"7173",2020-12-14,6055,43.8,11240,84,75.9,554,9
"7174",2020-12-14,6060,62.6,11120,49,110.7,463,11
"7175",2020-12-14,6061,65,21413,88,118.9,1708,12
"7176",2020-12-14,6067,55.6,12760,53,95.3,1120,14
"7177",2020-12-14,6069,55,10721,74,123.3,1501,7
"7178",2020-12-14,6079,67.6,16165,80,117.7,652,13
"7179",2020-12-14,6084,52.1,14225,44,107.9,727,9
"7180",2020-12-14,6087,52.7,17720,52,106.3,990,11
"7181",2020-12-14,6090,58.4,12794,78,106.1,1392,16
"7182",2020-12-14,6121,50.7,12770,62,89.7,1904,25
"7183",2020-12-14,6129,47.7,11643,49,73,343,7
"7184",2020-12-14,7018,47.1,13794,61,73,453,7
"7185",2020-12-14,7019,54.1,12072,62,85.4,563,7
"7186",2020-12-14,7022,55.2,15024,57,107.7,1333,18
"7187",2020-12-14,7023,48.8,13009,65,82.1,332,4
"7188",2020-12-14,7024,48.8,9398,51,83.3,843,8
"7189",2020-12-14,7027,64.6,13158,137,79.9,695,10
"7190",2020-12-14,7033,51.9,12301,70,89.8,1856,17
"7191",2020-12-14,7046,71.1,17480,115,111.2,863,11
"7192",2020-12-15,2051,48.6,11600,42,91.9,1230,14
"7193",2020-12-15,2063,56.6,11965,44,101.2,994,7
"7194",2020-12-15,3131,55.1,10776,55,98.9,850,11
"7195",2020-12-15,3150,60.4,15535,53,115.1,893,16
"7196",2020-12-15,4008,54.2,11644,96,125.2,1015,10
"7197",2020-12-15,4044,48.6,10148,78,94.9,425,6
"7198",2020-12-15,4072,48.8,10001,52,80.4,1100,14
"7199",2020-12-15,4080,54.2,12625,69,110.9,1110,13
"7200",2020-12-15,5028,62,13505,43,119.7,614,9
"7201",2020-12-15,5041,54.9,15347,101,89.9,1515,9
"7202",2020-12-15,5042,61,9945,162,98.6,966,11
"7203",2020-12-15,5046,44.9,12580,33,76.4,3397,32
"7204",2020-12-15,5058,69.1,13520,60,130,849,12
"7205",2020-12-15,5059,60.2,16233,58,121.9,2111,12
"7206",2020-12-15,5061,62.2,14286,59,133.4,845,11
"7207",2020-12-15,5100,46.3,14778,66,106.1,725,11
"7208",2020-12-15,5120,64.4,16700,70,122.2,1544,15
"7209",2020-12-15,5123,64.5,17424,79,121.9,613,10
"7210",2020-12-15,5124,64.4999999999999,21227,74,88.7,2410,25
"7211",2020-12-15,5135,59.9,12450,87,102.2,847,11
"7212",2020-12-15,5137,44.8,8806,44,78.1,696,11
"7213",2020-12-15,6005,63.7,15128,83,114.2,917,11
"7214",2020-12-15,6020,57.6,13175,75,90,472,10
"7215",2020-12-15,6022,66.5,16007,72,139.1,1278,12
"7216",2020-12-15,6027,53.2,13149,82,88.8,598,9
"7217",2020-12-15,6029,60.3,13218,40,112,935,9
"7218",2020-12-15,6033,40.8,9285,63,64.3,673,9
"7219",2020-12-15,6041,55.2,14555,59,102.1,368,9
"7220",2020-12-15,6050,53.7,14406,65,97,1340,12
"7221",2020-12-15,6055,49,12075,103,73.5,565,12
"7222",2020-12-15,6060,58.8,11261,38,110.6,400,10
"7223",2020-12-15,6061,60.4000000000001,19726,60,83.9,1763,12
"7224",2020-12-15,6067,64.6,14257,74,108.4,886,11
"7225",2020-12-15,6069,63.5,12453,80,99.6,748,8
"7226",2020-12-15,6079,57.5,14351,78,110.9,921,10
"7227",2020-12-15,6084,50.3,13233,41,114,638,7
"7228",2020-12-15,6087,52.1,15414,44,86.1,693,10
"7229",2020-12-15,6090,55.5,11661,80,102.3,1214,11
"7230",2020-12-15,6121,51.2,12625,62,78,1955,23
"7231",2020-12-15,6129,50.5,12681,47,87.6,352,5
"7232",2020-12-15,7018,49.4,13917,80,74.9,490,8
"7233",2020-12-15,7019,56.8,11864,70,87.5,389,6
"7234",2020-12-15,7022,56.5,15420,57,101.4,1289,22
"7235",2020-12-15,7023,56,14595,75,80.6,491,5
"7236",2020-12-15,7024,52.5,10174,53,79.5,662,6
"7237",2020-12-15,7027,53.3,10494,100,99.8,559,7
"7238",2020-12-15,7033,49.4,11998,63,82.4,1898,17
"7239",2020-12-15,7046,65.7,18971,148,113.9,1176,15
"7240",2020-12-16,2051,48.5,11505,51,93.6,1185,12
"7241",2020-12-16,2063,48.5,10193,44,82.2,903,7
"7242",2020-12-16,3131,59.9,12345,60,112.8,890,10
"7243",2020-12-16,3150,37,10932,28,68.1,530,5
"7244",2020-12-16,4008,55.7,11945,94,103.7,800,13
"7245",2020-12-16,4044,71.9,14380,93,135,522,8
"7246",2020-12-16,4072,50.7,10308,68,86.5,1096,13
"7247",2020-12-16,4080,60.9,12386,108,97.2,737,15
"7248",2020-12-16,5028,54.3,12753,48,120.4,1048,10
"7249",2020-12-16,5041,52.2,14790,113,103.8,1844,9
"7250",2020-12-16,5042,68.6,10508,194,111.1,1255,14
"7251",2020-12-16,5046,50.1,12964,35,88.3,3673,23
"7252",2020-12-16,5058,58.2,11395,73,112.9,785,13
"7253",2020-12-16,5059,55.7,14091,59,102.7,1611,10
"7254",2020-12-16,5061,60.8,13757,60,109.9,720,9
"7255",2020-12-16,5100,57.3,18726,99,111,724,13
"7256",2020-12-16,5120,58.1,13918,60,103.4,1013,11
"7257",2020-12-16,5123,75.1,19193,107,153,721,15
"7258",2020-12-16,5124,52.9,17634,80,84.9,2202,20
"7259",2020-12-16,5135,55.3,11835,64,89.2,688,8
"7260",2020-12-16,5137,41.8,9296,56,67.7,681,12
"7261",2020-12-16,6005,46.9,11539,87,93.2,875,11
"7262",2020-12-16,6020,60.6,14340,90,100.6,507,14
"7263",2020-12-16,6022,63,15407,70,127.5,1106,10
"7264",2020-12-16,6027,52.5,14068,81,84.1,685,14
"7265",2020-12-16,6029,63,13850,48,108.5,1023,10
"7266",2020-12-16,6033,50.5,11122,75,72.1,713,10
"7267",2020-12-16,6041,58.2,16729,60,115.4,463,10
"7268",2020-12-16,6050,44.8,11988,57,67,1114,9
"7269",2020-12-16,6055,46.1,11385,99,87.4,565,12
"7270",2020-12-16,6060,57.6,11293,46,115.9,593,16
"7271",2020-12-16,6061,63.8,23008,108,113.5,2030,9
"7272",2020-12-16,6067,58.1,13510,51,118.4,1097,18
"7273",2020-12-16,6069,59.6,11174,82,113.1,1072,9
"7274",2020-12-16,6079,59.5,15079,70,111.5,953,10
"7275",2020-12-16,6084,51.1,14635,53,117.7,865,11
"7276",2020-12-16,6087,50.5,15695,40,86.4,698,7
"7277",2020-12-16,6090,50.2,11393,96,88.4,957,15
"7278",2020-12-16,6121,51.8,13208,65,82.8,2020,20
"7279",2020-12-16,6129,44.8,10836,49,65.3,235,4
"7280",2020-12-16,7018,44.7,12517,69,72,393,9
"7281",2020-12-16,7019,55.2,11869,81,102.7,554,9
"7282",2020-12-16,7022,62.3,17789,78,112.4,1194,12
"7283",2020-12-16,7023,44.2,11884,88,72.8,431,6
"7284",2020-12-16,7024,55.9,10236,61,92.1,841,8
"7285",2020-12-16,7027,64.4,12379,136,71.2,657,8
"7286",2020-12-16,7033,44.7,10613,52,75.5,1754,21
"7287",2020-12-16,7046,56.3,16321,120,110.6,1103,19
"7288",2020-12-17,2051,48,10928,50,89.4,1179,8
"7289",2020-12-17,2063,59.3,13709,45,103.7,1088,11
"7290",2020-12-17,3131,60.2,12364,56,117.1,1145,9
"7291",2020-12-17,4008,60.1,12925,81,119,962,12
"7292",2020-12-17,4044,61.2,13077,83,110.2,628,10
"7293",2020-12-17,4072,55.4,11222,60,105.2,1491,20
"7294",2020-12-17,4080,55,12293,84,98.5,978,13
"7295",2020-12-17,5028,52.4,11506,47,115.9,540,5
"7296",2020-12-17,5041,66,18493,127,111.9,1964,14
"7297",2020-12-17,5042,54.8,8138,149,91,903,7
"7298",2020-12-17,5046,58.1,13317,92,92.6,3701,55
"7299",2020-12-17,5058,65.7,12360,59,110,799,11
"7300",2020-12-17,5059,58.9,11928,75,122.7,1290,17
"7301",2020-12-17,5061,60.9,12177,72,122.5,805,9
"7302",2020-12-17,5100,53.6,16042,106,98.8,730,14
"7303",2020-12-17,5120,46.4,11618,52,92.1,1135,9
"7304",2020-12-17,5123,55.6,13943,67,110.9,642,10
"7305",2020-12-17,5124,50.4,16765,75,70,1656,22
"7306",2020-12-17,5135,64.3,12011,77,94.2,701,8
"7307",2020-12-17,5137,42,8346,46,59.2,620,9
"7308",2020-12-17,6005,63,15094,99,115.4,1063,11
"7309",2020-12-17,6020,58.4,13768,79,85.8,539,14
"7310",2020-12-17,6022,71.1,15938,71,130.7,1135,15
"7311",2020-12-17,6027,59.2,14072,76,97.4,730,12
"7312",2020-12-17,6029,61.9,12828,44,110.5,1050,10
"7313",2020-12-17,6033,40.1,9343,86,66.7,606,13
"7314",2020-12-17,6041,58.5,16080,58,110.6,445,9
"7315",2020-12-17,6050,50.4,12584,63,90.6,973,8
"7316",2020-12-17,6055,49,12016,97,67,381,8
"7317",2020-12-17,6060,65.3,13616,57,112.8,528,10
"7318",2020-12-17,6061,62.7,21092,93,98.3,2252,13
"7319",2020-12-17,6067,67.4,15572,69,118.5,1210,15
"7320",2020-12-17,6069,62.4,11697,87,108.3,1126,9
"7321",2020-12-17,6079,57.3,14478,61,129.8,1066,10
"7322",2020-12-17,6084,60.7,16042,69,122.4,998,14
"7323",2020-12-17,6087,56.3,17512,53,112.4,1062,14
"7324",2020-12-17,6090,53.3,11342,96,87.6,1239,18
"7325",2020-12-17,6121,48.1,12050,43,84.6,1971,21
"7326",2020-12-17,6129,43.3,10267,53,75,387,5
"7327",2020-12-17,7018,46,13450,57,81.9,596,8
"7328",2020-12-17,7019,56.3,12243,59,93.3,636,8
"7329",2020-12-17,7022,53.8,14956,65,95.7,964,14
"7330",2020-12-17,7023,47.5,13114,90,80.1,457,7
"7331",2020-12-17,7024,48,8901,60,70.8,939,9
"7332",2020-12-17,7027,69.6,13845,154,112.8,798,11
"7333",2020-12-17,7033,51,11585,69,93.1,1766,13
"7334",2020-12-17,7046,63.1,16374,115,102.4,989,8
"7335",2020-12-18,2051,56.6,13237,40,100.6,1481,11
"7336",2020-12-18,2063,58.1,12613,51,104.6,1205,10
"7337",2020-12-18,3131,51.6,10207,60,89.7,895,9
"7338",2020-12-18,4008,59,11201,95,112.6,789,10
"7339",2020-12-18,4044,54.3,10367,54,118.3,688,8
"7340",2020-12-18,4072,58.3,11382,60,86.5,1243,13
"7341",2020-12-18,4080,58.1,12477,80,100.3,1084,15
"7342",2020-12-18,5028,58.2,12068,36,114.6,565,4
"7343",2020-12-18,5041,56.3,16439,105,106.2,2213,10
"7344",2020-12-18,5042,65.9,9771,188,117.2,1119,10
"7345",2020-12-18,5046,48.1,12211,31,86.7,3862,35
"7346",2020-12-18,5058,65.8,12172,50,126.2,1248,10
"7347",2020-12-18,5059,55.9,13861,39,126,1880,12
"7348",2020-12-18,5061,59.4,12323,50,126.1,891,10
"7349",2020-12-18,5100,57.8,15468,103,111.6,810,13
"7350",2020-12-18,5120,75.5,16989,66,115.7,1163,8
"7351",2020-12-18,5123,73.1,18450,79,167.1,888,15
"7352",2020-12-18,5124,49.4,14678,65,84,1714,16
"7353",2020-12-18,5135,60.2,12428,60,86.9,798,12
"7354",2020-12-18,5137,44.2,7857,43,77.9,566,11
"7355",2020-12-18,6005,54.2,10965,80,100.3,833,9
"7356",2020-12-18,6020,64.6,15536,65,111.7,413,9
"7357",2020-12-18,6022,70.4,16144,57,161.5,1892,13
"7358",2020-12-18,6027,49.3,13238,64,84.8,751,9
"7359",2020-12-18,6029,65.6,12914,54,117.7,990,7
"7360",2020-12-18,6033,43.4,8166,60,54.2,435,9
"7361",2020-12-18,6041,59.5,15986,61,104.1,479,9
"7362",2020-12-18,6050,48.6,12560,54,102.9,1167,7
"7363",2020-12-18,6055,47.2,11108,101,75.4,494,10
"7364",2020-12-18,6060,59.7,11879,47,115.3,417,10
"7365",2020-12-18,6061,58.8,20003,79,104.1,1617,11
"7366",2020-12-18,6067,66.5,15069,52,122,1282,15
"7367",2020-12-18,6069,63.7,12657,69,113.2,1774,14
"7368",2020-12-18,6079,63.2,15849,79,118.5,848,10
"7369",2020-12-18,6084,63.5,16549,50,134.9,997,12
"7370",2020-12-18,6087,52.9,16657,50,97.1,859,10
"7371",2020-12-18,6090,53.8,12052,69,98.3,1516,15
"7372",2020-12-18,6121,53.1,13512,54,82.9,2299,28
"7373",2020-12-18,6129,50.9,12055,47,83.1,491,7
"7374",2020-12-18,7018,51.4,14086,57,84.2,604,8
"7375",2020-12-18,7019,54.2,12214,56,99.9,571,6
"7376",2020-12-18,7022,59.5,16611,57,121.1,1570,18
"7377",2020-12-18,7023,49.2,11988,59,78.6,511,10
"7378",2020-12-18,7024,58,11121,75,98.6,915,7
"7379",2020-12-18,7027,63.8,12645,116,106,868,10
"7380",2020-12-18,7033,55.3,12601,68,89.4,2453,24
"7381",2020-12-18,7046,72.5,20435,137,137.5,1205,12
"7382",2020-12-19,2051,55.5,13360,49,109.9,1743,14
"7383",2020-12-19,2063,48.1,11806,48,87.6,746,7
"7384",2020-12-19,3131,65.1,12845,72,120,1144,16
"7385",2020-12-19,4008,61.6,14003,103,126.2,1056,14
"7386",2020-12-19,4044,64.8,12463,73,122.8,508,10
"7387",2020-12-19,4072,46.7,10360,54,83.4,1121,11
"7388",2020-12-19,4080,59.6,13155,88,108.2,1033,14
"7389",2020-12-19,5028,27.2,5657,23,89,566,3
"7390",2020-12-19,5041,57.2,17137,113,93.1,2328,21
"7391",2020-12-19,5042,61.6,9920,160,99.8,1194,14
"7392",2020-12-19,5046,54.7,14175,36,98.7,4465,34
"7393",2020-12-19,5058,52.6,10362,64,121,902,12
"7394",2020-12-19,5059,62.2,15604,47,125.8,1879,11
"7395",2020-12-19,5061,57.8,12153,56,110,939,13
"7396",2020-12-19,5100,57.5,17898,97,113,820,11
"7397",2020-12-19,5120,61,16889,64,111,1443,11
"7398",2020-12-19,5123,71.9,18923,79,137,862,14
"7399",2020-12-19,5124,58.3,19652,80,86.5,1882,19
"7400",2020-12-19,5135,60.1,12049,69,96.5,874,10
"7401",2020-12-19,5137,49.2,10088,56,82.5,621,10
"7402",2020-12-19,6005,53.3,13142,94,97.1,724,8
"7403",2020-12-19,6020,60.5,13275,83,94.7,443,11
"7404",2020-12-19,6022,69.7,15602,60,128.8,1459,12
"7405",2020-12-19,6027,60,16023,100,107.6,862,9
"7406",2020-12-19,6029,54.4,10099,56,106.5,1353,10
"7407",2020-12-19,6033,47.2,10120,84,79.4,669,10
"7408",2020-12-19,6041,58.1,16093,65,103.6,454,8
"7409",2020-12-19,6050,47.7,12498,59,91.4,1106,9
"7410",2020-12-19,6055,48.1,12577,96,91,681,11
"7411",2020-12-19,6060,50.3,11008,56,98.3,437,11
"7412",2020-12-19,6061,57.5,19632,85,106.8,1687,14
"7413",2020-12-19,6067,63.7,13505,52,126.2,1301,13
"7414",2020-12-19,6069,65.1,11866,76,103.1,1081,12
"7415",2020-12-19,6079,52.6,13837,77,116.9,1217,12
"7416",2020-12-19,6084,53.3,15043,62,107.7,725,6
"7417",2020-12-19,6087,51.2,16867,43,100.6,732,10
"7418",2020-12-19,6090,53.5,11729,70,92,1096,13
"7419",2020-12-19,6121,41.8,10334,45,76.9,1638,20
"7420",2020-12-19,6129,49.9,12181,47,79.4,312,6
"7421",2020-12-19,7018,42.6,12207,57,76.5,686,11
"7422",2020-12-19,7019,54,12610,70,98.9,623,7
"7423",2020-12-19,7022,60.4,17220,71,118.7,1542,11
"7424",2020-12-19,7023,52.9,13246,74,78.6,370,8
"7425",2020-12-19,7024,48.4,9292,61,66.3,772,7
"7426",2020-12-19,7027,54.6,9636,120,69.2,460,7
"7427",2020-12-19,7033,52,11701,59,88.3,2307,21
"7428",2020-12-19,7046,52.8,14429,137,81,824,10
"7429",2020-12-20,2051,46.5,11711,42,93.8,2246,25
"7430",2020-12-20,2063,62.1,12060,54,106.2,929,11
"7431",2020-12-20,3131,52.5,10354,72,110.2,1035,11
"7432",2020-12-20,4008,56.8,12011,104,122.1,1439,14
"7433",2020-12-20,4044,61.2,11827,82,126.3,630,11
"7434",2020-12-20,4072,52.9,10979,52,94.5,1532,19
"7435",2020-12-20,4080,69.3,11510,81,91.8,906,12
"7436",2020-12-20,5028,7.39999999999999,2455,12,0.600000000000001,2,2
"7437",2020-12-20,5041,53.8,15810,105,101.2,2195,19
"7438",2020-12-20,5042,63.9,9642,182,114.2,1210,15
"7439",2020-12-20,5046,49.3,11813,32,77.3,3472,26
"7440",2020-12-20,5058,64.2,12204,72,113.4,809,10
"7441",2020-12-20,5059,55.2,14672,70,131.2,2430,22
"7442",2020-12-20,5061,63.6,13170,76,119.6,1075,15
"7443",2020-12-20,5100,47.9,13950,76,116.2,977,19
"7444",2020-12-20,5120,59,11264,88,106.9,861,15
"7445",2020-12-20,5123,71.9,18554,73,139.4,865,18
"7446",2020-12-20,5124,51,15773,74,76.8,1503,20
"7447",2020-12-20,5135,66.1,11652,71,96.9,951,16
"7448",2020-12-20,5137,48.9,9625,62,78.4,704,12
"7449",2020-12-20,6005,57.1,13326,130,113.4,1128,16
"7450",2020-12-20,6020,56.2,9445,91,94.9,371,10
"7451",2020-12-20,6022,70.7,16987,59,138.1,1826,14
"7452",2020-12-20,6027,49.3,12620,79,89.9,737,9
"7453",2020-12-20,6029,67.2,13244,58,122.1,1345,13
"7454",2020-12-20,6033,44,9063,78,62.4,693,13
"7455",2020-12-20,6041,53.2,16015,69,119.5,649,14
"7456",2020-12-20,6050,42.4,10652,74,76.1,1771,22
"7457",2020-12-20,6055,42.2,10214,84,75.8,542,11
"7458",2020-12-20,6060,55.3,12295,57,110,584,14
"7459",2020-12-20,6061,57.6,21866,96,103.1,2166,19
"7460",2020-12-20,6067,54.6,8365,62,104.9,989,23
"7461",2020-12-20,6069,61.1,11634,64,102.1,1790,19
"7462",2020-12-20,6079,61.3,16083,70,107.7,747,9
"7463",2020-12-20,6084,53.9,14575,47,122.8,956,16
"7464",2020-12-20,6087,51.6,16835,37,110.7,1109,11
"7465",2020-12-20,6090,53.2,12932,73,85.2,1237,16
"7466",2020-12-20,6121,55.7,12785,53,83.8,1803,25
"7467",2020-12-20,6129,42.6,9693,43,75.5,352,7
"7468",2020-12-20,7018,48.2,14419,71,68.5,592,12
"7469",2020-12-20,7019,50.8,11552,86,81.8,555,8
"7470",2020-12-20,7022,54.5,14904,53,115.8,1231,12
"7471",2020-12-20,7023,46.9,10966,58,74.4,481,6
"7472",2020-12-20,7024,51,9370,52,92.4,766,7
"7473",2020-12-20,7027,59.8,11555,142,95.5,716,14
"7474",2020-12-20,7033,47.1,10719,82,84.9,1858,22
"7475",2020-12-20,7046,68.9,18101,136,135.3,1219,16
"7476",2020-12-21,2051,53.3,13649,47,114.1,1427,16
"7477",2020-12-21,2063,55.3,13180,60,102,1027,9
"7478",2020-12-21,3131,62,12489,75,110.9,1208,13
"7479",2020-12-21,4008,51.5,11114,75,99.1,920,12
"7480",2020-12-21,4044,54.9,11086,65,109.3,545,9
"7481",2020-12-21,4072,48.7,10812,47,79.7,890,14
"7482",2020-12-21,4080,56.1,12601,69,110.2,1011,10
"7483",2020-12-21,5028,24.9,6111,30,21.4,372,3
"7484",2020-12-21,5041,55.8,15633,96,90.9,1956,21
"7485",2020-12-21,5042,58.1,8958,155,100.6,1118,10
"7486",2020-12-21,5046,54.4,13505,31,79.6,3851,30
"7487",2020-12-21,5058,55.2,11348,47,108.1,593,9
"7488",2020-12-21,5059,53.9,14603,54,80.8,1849,27
"7489",2020-12-21,5061,56.6,12305,68,111.2,874,9
"7490",2020-12-21,5100,56.4,15792,67,96.1,752,11
"7491",2020-12-21,5120,61.8,14412,67,114.7,1177,9
"7492",2020-12-21,5123,70,17534,80,142.5,834,16
"7493",2020-12-21,5124,55.4,16693,53,74.5,1738,17
"7494",2020-12-21,5135,58.1,11632,55,86.8,689,9
"7495",2020-12-21,5137,42,8284,49,68.3,634,11
"7496",2020-12-21,6005,55.9,13839,86,102,717,9
"7497",2020-12-21,6020,66.1,13717,75,105.6,435,10
"7498",2020-12-21,6022,67.3,15718,61,130.1,1504,17
"7499",2020-12-21,6027,55.9,13859,77,91.9,758,11
"7500",2020-12-21,6029,62.9,14022,42,125.6,1152,13
"7501",2020-12-21,6033,49.4,10783,80,70.1,701,12
"7502",2020-12-21,6041,59.3,17237,66,106.6,418,8
"7503",2020-12-21,6050,48.9,12784,59,89.7,1008,7
"7504",2020-12-21,6055,51.3,13667,93,77.4,617,7
"7505",2020-12-21,6060,61.2,11970,47,116,513,15
"7506",2020-12-21,6061,55.6,18670,73,99.1,1536,19
"7507",2020-12-21,6067,55.7,11515,46,101.7,1024,14
"7508",2020-12-21,6069,59.9000000000001,11578,82,109.7,1257,9
"7509",2020-12-21,6079,56.3,14955,60,115,1086,12
"7510",2020-12-21,6084,47.5,11672,48,118.6,709,9
"7511",2020-12-21,6087,47.6,15165,36,91.7,622,7
"7512",2020-12-21,6090,50.5,11262,67,90.5,859,15
"7513",2020-12-21,6121,52.6,12902,44,78.2,1969,24
"7514",2020-12-21,6129,46.7,10937,39,73.2,298,5
"7515",2020-12-21,7018,44.2,14057,70,74.9,476,8
"7516",2020-12-21,7019,61,13355,71,98.8,545,9
"7517",2020-12-21,7022,60.9,17115,65,107.6,1257,18
"7518",2020-12-21,7023,48.2,12485,72,65.5,459,10
"7519",2020-12-21,7024,59.5,10846,53,77.3,708,5
"7520",2020-12-21,7027,66.7,12838,132,111.5,667,10
"7521",2020-12-21,7033,53.9,11933,69,84.6,1961,23
"7522",2020-12-21,7046,56.6,16105,124,98,793,13
"7523",2020-12-22,2051,41.8,8942,62,72.2,851,11
"7524",2020-12-22,2063,20.6,5237,31,39.9,388,11
"7525",2020-12-22,3119,25.9,3751,47,67.9,481,6
"7526",2020-12-22,3131,57,11964,70,102.4,817,14
"7527",2020-12-22,4008,61.1,11192,108,121,1088,16
"7528",2020-12-22,4044,61.4,10929,73,111.2,441,8
"7529",2020-12-22,4072,18,3858,31,33.6,459,5
"7530",2020-12-22,4080,52.9,12076,78,83.9,854,14
"7531",2020-12-22,5028,11.2,2869,10,16.5,162,2
"7532",2020-12-22,5035,30.3,4154,39,58.1,224,4
"7533",2020-12-22,5041,54.2,13938,105,100.6,1940,20
"7534",2020-12-22,5042,61.5,9025,170,89,835,7
"7535",2020-12-22,5046,44.6,9944,51,82.3,3899,35
"7536",2020-12-22,5058,29.4,5106,37,55.1,750,8
"7537",2020-12-22,5059,66.8,17757,75,133.8,2159,21
"7538",2020-12-22,5061,56.3,11523,81,110.6,949,13
"7539",2020-12-22,5096,1.2,143,3,22.4,121,4
"7540",2020-12-22,5100,50,12814,92,97.3,523,11
"7541",2020-12-22,5120,56.2,12844,58,104.2,951,11
"7542",2020-12-22,5123,24.4,3701,44,42.6,159,5
"7543",2020-12-22,5124,53,15039,63,82.1,1394,24
"7544",2020-12-22,5135,66.8,11372,79,96.5,769,10
"7545",2020-12-22,5137,45.7,8992,74,63.2,738,13
"7546",2020-12-22,6005,54.9,12149,107,98.1,818,11
"7547",2020-12-22,6020,62.3,13349,80,104.3,507,11
"7548",2020-12-22,6022,68.3,15448,63,132.1,1196,23
"7549",2020-12-22,6027,23.7,6663,34,32.4,317,5
"7550",2020-12-22,6029,64.7,12697,61,119,1240,14
"7551",2020-12-22,6033,36,6928,58,55.4,530,11
"7552",2020-12-22,6041,59.9,17144,71,111,515,9
"7553",2020-12-22,6043,19.1,2812,38,26.8,199,6
"7554",2020-12-22,6050,47.7,11526,69,86.5,1043,9
"7555",2020-12-22,6055,41.1,9771,85,73.3,659,13
"7556",2020-12-22,6060,24.6,5347,37,33.1,171,4
"7557",2020-12-22,6061,62.5,21555,96,107.8,1858,21
"7558",2020-12-22,6067,62.5,12672,67,106.6,1025,18
"7559",2020-12-22,6069,25.6,5031,38,26.5,816,14
"7560",2020-12-22,6079,32.2,7889,35,56.7,551,8
"7561",2020-12-22,6084,59.6,14657,52,130.7,948,15
"7562",2020-12-22,6087,49.3,15398,39,98.4,725,9
"7563",2020-12-22,6090,54.7,11096,109,88.8,1110,16
"7564",2020-12-22,6121,48.7,9114,53,78.9,1297,24
"7565",2020-12-22,6129,22.1,5188,24,24.2,109,3
"7566",2020-12-22,7018,52,14117,87,87.8,528,10
"7567",2020-12-22,7019,52.9,12608,71,93.3,409,7
"7568",2020-12-22,7022,59,15885,75,118.7,1296,18
"7569",2020-12-22,7023,13.7,4332,27,21.2,149,1
"7570",2020-12-22,7024,50.7,9765,58,72.9,622,9
"7571",2020-12-22,7025,27.6,4285,46,41.9,193,5
"7572",2020-12-22,7027,61.6,11524,145,78.4,639,12
"7573",2020-12-22,7033,52.1,11282,86,93.2,1727,26
"7574",2020-12-22,7045,32.5,5064,36,54.8,255,6
"7575",2020-12-22,7046,63.4,16743,122,112.5,1237,17
"7576",2020-12-22,7055,35.9,6120,68,72.7,508,13
"7577",2020-12-22,7057,29.2,4278,125,54,376,9
"7578",2020-12-22,7064,27.7,4316,54,32.3,122,4
"7579",2020-12-22,7068,19.9,3191,64,43.1,149,4
"7580",2020-12-22,7078,34.8,6123,77,48.3,296,10
"7581",2020-12-22,7095,29.9,5695,52,53.4,543,6
"7582",2020-12-23,2051,55.1,12729,55,91.8,1081,13
"7583",2020-12-23,3119,56,9091,67,87.2,720,8
"7584",2020-12-23,3131,53.9,11092,77,105.4,868,10
"7585",2020-12-23,4008,62.1,11461,108,114.8,955,14
"7586",2020-12-23,4044,59.6,11953,79,117,469,8
"7587",2020-12-23,4080,58,12386,83,104.1,1057,18
"7588",2020-12-23,5035,60.7,10814,77,133.5,570,12
"7589",2020-12-23,5041,50.8,14546,102,88.9,1497,10
"7590",2020-12-23,5042,67.6,10619,189,103.8,1476,23
"7591",2020-12-23,5046,45.3,11397,27,73.2,3171,23
"7592",2020-12-23,5059,54.4,15099,75,128,1843,18
"7593",2020-12-23,5061,59.8,14271,83,119.6,894,9
"7594",2020-12-23,5096,76.5,9805,100,99.4,694,13
"7595",2020-12-23,5100,52.7,14473,104,100.2,639,12
"7596",2020-12-23,5120,58.9,14134,76,114.1,1112,10
"7597",2020-12-23,5124,56.9,18370,78,78.3,1587,23
"7598",2020-12-23,5135,58.3,11560,70,76.5,751,8
"7599",2020-12-23,5137,43.9,7868,61,64.9,520,12
"7600",2020-12-23,6005,53.7,13278,100,101,940,9
"7601",2020-12-23,6020,62.7,14031,94,81.8,472,13
"7602",2020-12-23,6022,67.6,15874,68,124.5,1080,13
"7603",2020-12-23,6029,63.4,13647,48,109.6,1046,12
"7604",2020-12-23,6033,48.2,9578,83,60.9,488,10
"7605",2020-12-23,6041,54.4,17321,88,109.7,484,11
"7606",2020-12-23,6043,45.7,6856,54,55.8,333,7
"7607",2020-12-23,6050,44.4000000000001,12135,64,90.5,1198,9
"7608",2020-12-23,6055,51.5,12404,107,75.7,454,9
"7609",2020-12-23,6061,55.5,20055,79,94.5,1567,12
"7610",2020-12-23,6067,57.4,12819,60,129.5,1417,15
"7611",2020-12-23,6084,49,12929,45,104.5,728,10
"7612",2020-12-23,6087,53.9,17521,57,91.8,778,10
"7613",2020-12-23,6090,50.4,10702,82,90.1,1430,19
"7614",2020-12-23,6121,47.9,11221,62,82.9,1547,26
"7615",2020-12-23,7018,38.4,11072,61,53.5,296,6
"7616",2020-12-23,7019,52.9,12476,83,83.8,413,10
"7617",2020-12-23,7022,50.3,14955,67,90.6,1091,16
"7618",2020-12-23,7024,50.3,10017,56,76.4,728,7
"7619",2020-12-23,7025,52.8,9656,61,90.2,427,9
"7620",2020-12-23,7027,54.1,10251,121,88.5,502,7
"7621",2020-12-23,7033,51.6,11718,75,82,1634,20
"7622",2020-12-23,7045,51.4,9997,52,114.9,854,13
"7623",2020-12-23,7046,61.7,17764,140,113.4,1098,14
"7624",2020-12-23,7055,57.9,13188,76,120.8,872,9
"7625",2020-12-23,7057,50.4,11200,99,78.7,765,7
"7626",2020-12-23,7064,55.2000000000001,11010,101,89.4,466,8
"7627",2020-12-23,7068,55.7,10898,91,101.3,537,15
"7628",2020-12-23,7078,52.5,10896,86,99.9,471,17
"7629",2020-12-23,7095,42.1,10036,58,100.7,960,10
"7630",2020-12-24,2051,63.3,15850,55,103.6,1235,12
"7631",2020-12-24,3119,57.2,11165,48,116,1021,12
"7632",2020-12-24,3131,60.6,12524,76,113.4,1018,13
"7633",2020-12-24,4008,54.9,11584,99,109.8,802,10
"7634",2020-12-24,4044,61.8,12048,84,126.8,526,9
"7635",2020-12-24,4080,57.7,12452,82,96.7,908,17
"7636",2020-12-24,5035,61.3,11778,58,124.3,639,13
"7637",2020-12-24,5041,56.2,16736,89,104.3,1791,13
"7638",2020-12-24,5042,57.6000000000001,8985,175,99.7,1065,13
"7639",2020-12-24,5046,53.8,14029,40,91.5,3824,27
"7640",2020-12-24,5059,59,16010,77,114.5,1969,22
"7641",2020-12-24,5061,48.9,11262,61,108.8,816,10
"7642",2020-12-24,5096,54.1,8561,85,100.7,775,13
"7643",2020-12-24,5100,56.2,15595,96,94.8,537,8
"7644",2020-12-24,5120,48,12021,62,85.2,874,7
"7645",2020-12-24,5124,57.7,16423,79,71.1,1473,23
"7646",2020-12-24,5135,50,10431,55,82.1,677,7
"7647",2020-12-24,5137,45.1,9224,55,74.7,553,10
"7648",2020-12-24,6005,51.9,14057,96,100.4,916,12
"7649",2020-12-24,6020,53.8,12585,77,84.7,460,8
"7650",2020-12-24,6022,71.2,18050,78,130.8,1100,9
"7651",2020-12-24,6029,59.4,13487,58,103.8,1035,11
"7652",2020-12-24,6033,43.3,9252,81,61.8,696,9
"7653",2020-12-24,6041,63.7,19472,79,121.7,545,12
"7654",2020-12-24,6043,53.8,10883,63,97.3,777,9
"7655",2020-12-24,6050,49.8,12907,60,86.1,1181,13
"7656",2020-12-24,6055,44.8,11464,77,86.8,734,12
"7657",2020-12-24,6061,58.3,21895,75,94,1585,12
"7658",2020-12-24,6067,76.6,16745,64,122.3,1351,9
"7659",2020-12-24,6084,56.8,15172,52,114.1,696,9
"7660",2020-12-24,6087,51.7,17967,53,83.8,649,7
"7661",2020-12-24,6090,53.5,12463,95,95.4,1316,19
"7662",2020-12-24,6121,54.1,14085,62,85,1748,21
"7663",2020-12-24,7018,54.9,17455,92,85.8,674,11
"7664",2020-12-24,7019,56.5,13494,89,94,506,9
"7665",2020-12-24,7022,55,16944,63,104.3,1481,17
"7666",2020-12-24,7024,50.1,10553,66,77.6,704,5
"7667",2020-12-24,7025,46.8,10055,38,87.7,546,9
"7668",2020-12-24,7027,62.6,12539,142,94.1,567,9
"7669",2020-12-24,7033,47.6,10939,81,86.9,2037,25
"7670",2020-12-24,7045,57.6,11338,51,115.4,752,11
"7671",2020-12-24,7046,60.5,17862,152,116.6,917,8
"7672",2020-12-24,7055,58.7,14786,70,138.1,1062,9
"7673",2020-12-24,7057,36.4,10078,65,62.1,643,8
"7674",2020-12-24,7064,49.8,12332,57,87.5,835,7
"7675",2020-12-24,7068,55,13310,65,91,605,9
"7676",2020-12-24,7078,58.1,13256,87,119.8,608,11
"7677",2020-12-24,7095,55.9,14516,73,121.2,1921,19
"7678",2020-12-25,2051,51.6,13200,38,102.1,1215,12
"7679",2020-12-25,3119,63.2,13240,63,133.2,1240,10
"7680",2020-12-25,3131,61.3,14296,85,109.1,963,18
"7681",2020-12-25,4008,68.1,14841,98,129.4,1125,13
"7682",2020-12-25,4044,58.1,12529,82,120.7,532,9
"7683",2020-12-25,4080,55.7,13278,87,102.2,942,13
"7684",2020-12-25,5035,59.8,13372,61,125.8,778,9
"7685",2020-12-25,5041,58,19640,141,102.8,2225,18
"7686",2020-12-25,5042,56.7,9480,169,90.5,1162,17
"7687",2020-12-25,5046,49.8,13538,36,89.1,3979,25
"7688",2020-12-25,5059,58.1,16047,66,114.2,1832,12
"7689",2020-12-25,5061,54.6,13335,77,110.3,804,13
"7690",2020-12-25,5096,63.8,11287,77,123.3,857,12
"7691",2020-12-25,5100,53.2,16664,78,111.2,697,12
"7692",2020-12-25,5120,58.2,15503,65,109.2,1099,9
"7693",2020-12-25,5124,56.5,16078,78,76,1552,18
"7694",2020-12-25,5135,58.6,12634,57,83.1,772,9
"7695",2020-12-25,5137,41.4,9287,56,59.2,546,13
"7696",2020-12-25,6005,53.4,14225,110,98.3,836,6
"7697",2020-12-25,6020,69.4000000000001,16528,88,101.8,539,12
"7698",2020-12-25,6022,66,16355,66,127.1,1367,21
"7699",2020-12-25,6029,58.1,13175,62,112.3,1054,9
"7700",2020-12-25,6033,44.8,9441,84,72.1,675,11
"7701",2020-12-25,6041,53.1,17756,74,107.9,410,9
"7702",2020-12-25,6043,44.1,9833,42,54.1,447,7
"7703",2020-12-25,6050,43.1,12707,47,82.6,1188,9
"7704",2020-12-25,6055,51.2,14543,93,75.9,469,13
"7705",2020-12-25,6061,61.5,25267,80,111.6,1941,7
"7706",2020-12-25,6067,57.4,14429,56,121.9,1381,17
"7707",2020-12-25,6084,56,14798,64,121.2,715,10
"7708",2020-12-25,6087,48.8,18567,54,65.9,482,6
"7709",2020-12-25,6090,53.3,13074,89,89.4,1117,18
"7710",2020-12-25,6121,48.8,12424,59,83.7,1766,24
"7711",2020-12-25,7018,45.2,14185,88,74.2,503,10
"7712",2020-12-25,7019,53,12665,70,85.1,443,7
"7713",2020-12-25,7022,55.7,16937,77,106,1171,12
"7714",2020-12-25,7024,53.2,11519,56,88.5,1069,7
"7715",2020-12-25,7025,51.2,11233,34,106.7,533,5
"7716",2020-12-25,7027,62.2,13563,160,91.5,627,14
"7717",2020-12-25,7033,47,11854,82,84.5,1767,20
"7718",2020-12-25,7045,55.6,12404,52,112.3,792,13
"7719",2020-12-25,7046,57.4,17082,142,91.1,811,15
"7720",2020-12-25,7055,64.7,15732,64,144.5,1129,10
"7721",2020-12-25,7057,41.5,10978,51,57.2,857,7
"7722",2020-12-25,7064,65.3,16606,65,115.9,1016,11
"7723",2020-12-25,7068,54.7,14004,55,106.8,942,11
"7724",2020-12-25,7078,53.8,14308,59,108.9,671,12
"7725",2020-12-25,7095,55.1,16243,82,120.6,1915,15
"7726",2020-12-26,2051,50.5,13232,49,88.7,1417,18
"7727",2020-12-26,3119,62.4,12799,42,126.1,1159,15
"7728",2020-12-26,3131,54.6999999999999,11569,71,111.5,1107,14
"7729",2020-12-26,4008,51.5,11988,111,98.7,922,12
"7730",2020-12-26,4044,59.5,11211,63,117.5,402,10
"7731",2020-12-26,4080,53.2,12190,68,101.4,960,15
"7732",2020-12-26,5035,61.6,14011,57,137.1,731,10
"7733",2020-12-26,5041,50,14680,79,93.1,1549,9
"7734",2020-12-26,5042,67.6,10788,167,97,1247,19
"7735",2020-12-26,5046,42.5,10289,57,79.1,3267,36
"7736",2020-12-26,5059,59.6,15929,67,103.2,1917,15
"7737",2020-12-26,5061,60.7,13653,93,115.3,850,13
"7738",2020-12-26,5096,59.7,10260,82,113.8,874,10
"7739",2020-12-26,5100,49.6,15696,90,100,738,14
"7740",2020-12-26,5120,67.5,17406,78,123.5,1375,12
"7741",2020-12-26,5124,48,13961,56,69.4,1434,17
"7742",2020-12-26,5135,57.3,11980,88,84.2,747,11
"7743",2020-12-26,5137,38.1,7891,47,62.7,420,11
"7744",2020-12-26,6005,56,13792,102,107.1,941,9
"7745",2020-12-26,6020,55.8,13375,82,92.9,520,10
"7746",2020-12-26,6022,63.2,15238,77,134.3,1259,13
"7747",2020-12-26,6029,58.6,12655,55,108.9,1374,12
"7748",2020-12-26,6033,49.1,10385,78,64.8,741,14
"7749",2020-12-26,6041,59,18229,75,116.3,476,9
"7750",2020-12-26,6043,55.1,11705,36,88,741,6
"7751",2020-12-26,6050,44.4,11235,61,84,1438,10
"7752",2020-12-26,6055,45.3,10799,90,75.6,483,8
"7753",2020-12-26,6061,54.8,23015,73,107.5,2013,11
"7754",2020-12-26,6067,59,13253,50,125.4,1313,9
"7755",2020-12-26,6084,57.7,15041,67,120.9,853,9
"7756",2020-12-26,6087,54.4,17165,46,101.7,888,8
"7757",2020-12-26,6090,48.4,10902,68,76.1,1162,17
"7758",2020-12-26,6121,50.5,12779,71,87.9,2157,27
"7759",2020-12-26,7018,46.8,14193,74,88.7,474,8
"7760",2020-12-26,7019,54.3,12566,73,98.2,533,9
"7761",2020-12-26,7022,57.7,16289,52,119.1,1789,17
"7762",2020-12-26,7024,46.6,9456,46,67,620,8
"7763",2020-12-26,7025,53.9,9845,66,96.7,533,11
"7764",2020-12-26,7027,60.2,12358,117,87,576,7
"7765",2020-12-26,7033,51.9,12484,79,88.8,1949,21
"7766",2020-12-26,7045,52.8,11725,39,105.5,745,8
"7767",2020-12-26,7046,58.9,16547,113,117.8,989,11
"7768",2020-12-26,7055,60.7,14381,59,131.5,1127,14
"7769",2020-12-26,7057,53.1,13026,77,75.8,868,6
"7770",2020-12-26,7064,52.7,12163,56,73.1,739,9
"7771",2020-12-26,7068,56.9,15193,46,99.9,760,10
"7772",2020-12-26,7078,57.8,15076,76,119.8,818,13
"7773",2020-12-26,7095,54.7,14893,86,127.1,1475,12
"7774",2020-12-27,2051,51.6,11342,47,102.3,1220,13
"7775",2020-12-27,3119,48.9,10077,42,85,833,7
"7776",2020-12-27,3131,52.2,11715,89,98.9,975,15
"7777",2020-12-27,4008,59.3,13428,105,120.4,1092,11
"7778",2020-12-27,4044,60.7,12925,86,122.8,682,13
"7779",2020-12-27,4080,53.6,12145,55,95.7,946,19
"7780",2020-12-27,5035,62.6,16165,56,131.3,807,11
"7781",2020-12-27,5041,53.9,16835,92,99.7,1994,14
"7782",2020-12-27,5042,54.3,7888,142,100.1,921,9
"7783",2020-12-27,5046,51.5,11560,28,82.9,3259,27
"7784",2020-12-27,5059,57.3,14408,54,105.5,1727,13
"7785",2020-12-27,5061,61.5,13057,68,125.5,802,10
"7786",2020-12-27,5096,60.7,11397,90,130.4,916,12
"7787",2020-12-27,5100,58.2,18383,89,101.3,682,13
"7788",2020-12-27,5120,51.5,11808,54,97.3,1100,10
"7789",2020-12-27,5124,61.1,19578,84,94.7,2256,28
"7790",2020-12-27,5135,63.1,11810,62,97,808,7
"7791",2020-12-27,5137,46.2,8873,67,85.6,551,12
"7792",2020-12-27,6005,54.5,13099,109,100.9,726,12
"7793",2020-12-27,6020,58.5,13887,69,97.2,462,9
"7794",2020-12-27,6022,72.7,17042,63,141.5,1560,20
"7795",2020-12-27,6029,69.2,14159,64,138.4,1333,17
"7796",2020-12-27,6033,39.5,8666,65,59.2,684,14
"7797",2020-12-27,6041,54.2,17173,60,125.3,602,13
"7798",2020-12-27,6043,44.5,10435,44,67.7,565,7
"7799",2020-12-27,6050,42.9,10640,48,81.3,1126,8
"7800",2020-12-27,6055,42,10808,92,69.7,467,13
"7801",2020-12-27,6061,56.9,23282,65,101.9,2040,14
"7802",2020-12-27,6067,65.3,15462,53,101.1,1266,10
"7803",2020-12-27,6084,50.4,13099,48,112.4,675,10
"7804",2020-12-27,6087,51.5,16497,54,99.2,1195,13
"7805",2020-12-27,6090,52.2,11710,76,101.9,1554,12
"7806",2020-12-27,6121,51.4,12960,51,78.8,1953,28
"7807",2020-12-27,7018,44.9,13582,67,70.2,567,20
"7808",2020-12-27,7019,59.2,13253,96,91.5,526,10
"7809",2020-12-27,7022,57.1,16301,63,111.8,1508,21
"7810",2020-12-27,7024,49.9,10021,52,78.8,835,7
"7811",2020-12-27,7025,46.5,10575,40,91.9,590,7
"7812",2020-12-27,7027,56.4,11240,112,83.7,517,8
"7813",2020-12-27,7033,45.6,10446,68,81.7,1909,18
"7814",2020-12-27,7045,56.6,12790,40,102.5,858,8
"7815",2020-12-27,7046,61.4,16568,133,103.8,1018,12
"7816",2020-12-27,7055,66.8,16742,61,149.8,1392,14
"7817",2020-12-27,7057,49.8,13038,66,82.4,891,9
"7818",2020-12-27,7064,59.6,14655,49,122.6,1065,10
"7819",2020-12-27,7068,55,13865,40,88,1000,13
"7820",2020-12-27,7078,57.8,15599,48,112.5,941,8
"7821",2020-12-27,7095,47,11497,52,110.7,1330,9
"7822",2020-12-28,2051,58.5,12784,53,106,1213,11
"7823",2020-12-28,3119,65.9,13234,49,136.9,1155,11
"7824",2020-12-28,3131,65,13642,87,112.9,1169,14
"7825",2020-12-28,4008,63,14010,95,122.8,958,10
"7826",2020-12-28,4044,59.2,11206,74,120.7,487,9
"7827",2020-12-28,4080,59.5,12317,76,97.1,924,15
"7828",2020-12-28,5035,57.3,14392,62,118.6,652,12
"7829",2020-12-28,5041,50.3,14596,84,88,1710,10
"7830",2020-12-28,5042,64.3,9210,179,94.7,1930,28
"7831",2020-12-28,5046,49.6,11881,33,77.5,3256,26
"7832",2020-12-28,5059,62.4,16916,69,128.5,2208,19
"7833",2020-12-28,5061,58.2,11912,53,103.8,849,13
"7834",2020-12-28,5096,61.6,10079,65,99,805,12
"7835",2020-12-28,5100,47.9,15421,67,109.5,961,16
"7836",2020-12-28,5120,63.1,15916,80,114.7,1386,12
"7837",2020-12-28,5124,52.7,15883,55,72,1724,21
"7838",2020-12-28,5135,56.6,9680,54,84.7,742,8
"7839",2020-12-28,5137,45.6,8503,38,72,494,13
"7840",2020-12-28,6005,59.6,14817,110,106.5,923,9
"7841",2020-12-28,6020,63.9,15386,79,105.7,574,13
"7842",2020-12-28,6022,69.2,15446,49,123.3,1409,15
"7843",2020-12-28,6029,54.7,11314,52,101.3,927,10
"7844",2020-12-28,6033,47.9,10087,71,64.5,524,9
"7845",2020-12-28,6041,52.5,16746,72,105.2,448,11
"7846",2020-12-28,6043,51.2,11119,42,92.5,904,10
"7847",2020-12-28,6050,42.8,11156,59,68.7,958,7
"7848",2020-12-28,6055,51.7,13504,93,83.9,589,13
"7849",2020-12-28,6061,59.7,22342,64,107.2,1637,18
"7850",2020-12-28,6067,61,14479,73,110.5,1448,18
"7851",2020-12-28,6084,53.7,12804,40,116.2,825,10
"7852",2020-12-28,6087,52.1,16054,42,95.9,1333,15
"7853",2020-12-28,6090,49.1,11045,70,84.2,1365,21
"7854",2020-12-28,6121,49.8,12834,59,76.5,1736,18
"7855",2020-12-28,7018,46.6,12481,65,67.3,629,9
"7856",2020-12-28,7019,52.1,12383,84,81.7,543,7
"7857",2020-12-28,7022,53.5,14348,62,87.5,1152,14
"7858",2020-12-28,7024,52.1,10416,55,87,810,6
"7859",2020-12-28,7025,53.6,11425,32,98.2,708,7
"7860",2020-12-28,7027,66.4,13015,148,103.6,788,10
"7861",2020-12-28,7033,50.7,12058,95,91.1,2507,29
"7862",2020-12-28,7045,54.2,11213,39,107.5,870,9
"7863",2020-12-28,7046,67.2,18299,150,117.3,968,12
"7864",2020-12-28,7055,60.8,15049,59,132.2,1270,15
"7865",2020-12-28,7057,59.2,14712,68,81.1,899,9
"7866",2020-12-28,7064,66,16136,70,102.2,948,12
"7867",2020-12-28,7068,54.3,14655,47,94.3,878,14
"7868",2020-12-28,7078,49.3,13212,53,107.6,880,12
"7869",2020-12-28,7095,56.5,15179,78,107.7,1528,13
"7870",2020-12-29,2051,60.4,13777,46,89.4,1394,12
"7871",2020-12-29,3119,59.3,11681,55,117.3,875,10
"7872",2020-12-29,3131,40.9,8790,53,75.6,774,12
"7873",2020-12-29,4008,56.8,12263,95,109.1,1099,12
"7874",2020-12-29,4044,55.5,11671,76,111.8,490,7
"7875",2020-12-29,4080,46.9,10382,56,94.5,976,14
"7876",2020-12-29,5035,65.3,17223,46,138.5,518,14
"7877",2020-12-29,5041,55.8,17359,111,92.5,2036,12
"7878",2020-12-29,5042,61.6,9712,173,101.6,1287,20
"7879",2020-12-29,5046,48.5,11962,51,81.9,3674,28
"7880",2020-12-29,5059,59.7,15393,76,108.7,1706,15
"7881",2020-12-29,5061,57,12795,75,125.1,1001,13
"7882",2020-12-29,5096,61.7,10982,57,106.3,775,8
"7883",2020-12-29,5100,56.8,17461,92,104.1,780,12
"7884",2020-12-29,5120,62.4,15732,67,100.7,1204,12
"7885",2020-12-29,5124,50,14978,51,71.5,1560,21
"7886",2020-12-29,5135,53.8,10711,59,88.5,837,9
"7887",2020-12-29,5137,35.3,6418,38,57.7,300,8
"7888",2020-12-29,6005,49.3,12543,90,104.1,901,9
"7889",2020-12-29,6020,56.4,13824,83,90.8,440,12
"7890",2020-12-29,6022,60.6,14449,61,126,1710,20
"7891",2020-12-29,6029,72.9,15522,63,133.4,1203,12
"7892",2020-12-29,6033,39.8,8349,60,62,774,17
"7893",2020-12-29,6041,50.7,16332,78,97.4,405,9
"7894",2020-12-29,6043,44.3,10257,33,74.7,679,7
"7895",2020-12-29,6050,51.1,12659,60,92,1312,13
"7896",2020-12-29,6055,39.9,10395,73,65.9,392,5
"7897",2020-12-29,6061,48.9,19559,67,89.3,1610,7
"7898",2020-12-29,6067,59.3,12649,59,105.9,1205,12
"7899",2020-12-29,6084,54.2,14461,44,107.3,788,8
"7900",2020-12-29,6087,49.6,16367,41,88.2,945,9
"7901",2020-12-29,6090,52.8,12268,80,91.1,1535,13
"7902",2020-12-29,6121,46.9,11509,53,79.9,1973,22
"7903",2020-12-29,7018,41,11968,57,67.7,340,5
"7904",2020-12-29,7019,53.1,12323,79,99.9,546,7
"7905",2020-12-29,7022,59.4,15912,59,113.8,1324,18
"7906",2020-12-29,7024,49.4,9934,56,74,649,7
"7907",2020-12-29,7025,53.8,11801,41,101,557,8
"7908",2020-12-29,7027,57.5,11887,107,86.1,579,8
"7909",2020-12-29,7033,50.8,12504,84,82.5,1924,29
"7910",2020-12-29,7045,57.1,12935,53,110.9,907,8
"7911",2020-12-29,7046,57.1,15138,157,108.9,1081,13
"7912",2020-12-29,7055,61.9,15014,80,133.5,1128,10
"7913",2020-12-29,7057,49.9,13525,79,86.2,725,6
"7914",2020-12-29,7064,51.9,12769,62,98.4,821,9
"7915",2020-12-29,7068,56.6,15822,64,102.5,801,9
"7916",2020-12-29,7078,64.2,16852,65,115.4,753,12
"7917",2020-12-29,7095,57.9,16796,104,131.2,1735,15
"7918",2020-12-30,2051,53.5,10916,38,99,972,9
"7919",2020-12-30,3119,44.4,8237,41,96.6,990,7
"7920",2020-12-30,3131,67,13848,88,125.3,1026,14
"7921",2020-12-30,4008,64.6,12536,86,116.4,718,14
"7922",2020-12-30,4044,64.9,12496,73,115.8,548,9
"7923",2020-12-30,4080,65,13277,83,101.8,1035,10
"7924",2020-12-30,5035,62.3,16802,56,118.6,472,9
"7925",2020-12-30,5041,52.7,16261,99,100.8,1898,13
"7926",2020-12-30,5042,61,9721,148,96.4,1102,12
"7927",2020-12-30,5046,60.7,15421,33,92.1,4501,27
"7928",2020-12-30,5059,52.7,13441,52,97.9,1791,9
"7929",2020-12-30,5061,60.4,13072,70,111.6,841,11
"7930",2020-12-30,5096,59.3,11188,69,111.5,947,9
"7931",2020-12-30,5100,57.3,15081,80,99.2,622,11
"7932",2020-12-30,5120,59.2,17173,71,110.5,1370,12
"7933",2020-12-30,5124,58.3,16979,63,80.6,2012,24
"7934",2020-12-30,5135,55.1,10810,55,78.1,693,7
"7935",2020-12-30,5137,44.8,8206,59,69.8,439,11
"7936",2020-12-30,6005,54.6,12962,74,92,777,7
"7937",2020-12-30,6020,66.9,15672,91,88.6,370,10
"7938",2020-12-30,6022,68.5,17051,81,138.2,1211,12
"7939",2020-12-30,6029,67.1,14909,56,117.3,1168,9
"7940",2020-12-30,6033,46.7,9778,76,56.4,530,10
"7941",2020-12-30,6041,72.9,20745,93,119.2,562,11
"7942",2020-12-30,6043,52.1,11798,43,66.9,676,8
"7943",2020-12-30,6050,49.6,11855,58,75.8,1172,10
"7944",2020-12-30,6055,50.6,12914,82,81.3,566,10
"7945",2020-12-30,6061,67,25195,85,107.3,1696,8
"7946",2020-12-30,6067,64.8,14848,55,122.1,1427,17
"7947",2020-12-30,6084,55.2,14260,53,111.1,742,8
"7948",2020-12-30,6087,53.9,18194,59,101.5,939,11
"7949",2020-12-30,6090,48.3000000000001,11226,85,90.5,1179,12
"7950",2020-12-30,6121,55.9,13111,72,82.9,2210,22
"7951",2020-12-30,7018,54.7,13845,75,95,587,8
"7952",2020-12-30,7019,53.9,13034,63,83.3,522,8
"7953",2020-12-30,7022,61.7,17599,75,111.1,1596,18
"7954",2020-12-30,7024,52.3,10379,55,73.5,696,7
"7955",2020-12-30,7025,52.5,11949,45,93.3,619,5
"7956",2020-12-30,7027,60.9,12811,116,87.8,717,11
"7957",2020-12-30,7033,53.7,12799,90,88.3,2109,26
"7958",2020-12-30,7045,55,11792,48,116.6,782,11
"7959",2020-12-30,7046,62,16524,120,112.5,835,12
"7960",2020-12-30,7055,62.9,15703,90,133.8,1303,11
"7961",2020-12-30,7057,54.5,14117,83,85.7,665,8
"7962",2020-12-30,7064,61.8,14996,58,105.8,777,9
"7963",2020-12-30,7068,54.1,15415,38,99.2,996,9
"7964",2020-12-30,7078,55.3,15393,68,109.7,1069,11
"7965",2020-12-30,7095,53.3,14389,66,114,1881,14
"7966",2020-12-31,2051,53.2,12045,45,83.5,1201,10
"7967",2020-12-31,3119,67.7,12668,71,122.1,1064,10
"7968",2020-12-31,3131,52.5,11045,69,96.6,939,13
"7969",2020-12-31,4008,63,14232,107,129.2,1174,15
"7970",2020-12-31,4044,57.7,11905,83,121.8,468,11
"7971",2020-12-31,4080,51,11826,68,89.2,1071,17
"7972",2020-12-31,5035,65,16665,54,123,527,9
"7973",2020-12-31,5041,60.2,16254,126,99.7,2000,11
"7974",2020-12-31,5042,56.3,8374,155,96.1,1323,13
"7975",2020-12-31,5046,50.6,11007,32,76.7,3395,25
"7976",2020-12-31,5059,64.4,17528,87,122,2304,16
"7977",2020-12-31,5061,51.6,10801,53,98.2,759,14
"7978",2020-12-31,5096,63.8,11942,59,114.4,1064,12
"7979",2020-12-31,5100,51.4,14548,80,93,654,12
"7980",2020-12-31,5120,63.8,16181,74,106.9,1497,13
"7981",2020-12-31,5124,41.7,14223,66,63.8,1711,26
"7982",2020-12-31,5135,61.3,12111,75,86.5,941,11
"7983",2020-12-31,5137,42,8323,46,64.7,445,9
"7984",2020-12-31,6005,52.4,12677,92,120.3,998,10
"7985",2020-12-31,6020,63.7,14972,94,99.4,537,12
"7986",2020-12-31,6022,66,15268,73,129,1262,11
"7987",2020-12-31,6029,60.8,12913,44,115.6,1115,8
"7988",2020-12-31,6033,41.6,7861,59,59.8,550,12
"7989",2020-12-31,6041,61.2,19047,97,115.6,491,8
"7990",2020-12-31,6043,44.7,10388,35,80,827,13
"7991",2020-12-31,6050,43,10181,59,64.9,867,7
"7992",2020-12-31,6055,49.5,13004,94,84.1,567,10
"7993",2020-12-31,6061,58.7,19488,102,103,1581,13
"7994",2020-12-31,6067,64,13987,59,128,1430,11
"7995",2020-12-31,6084,45.5,11613,39,111.8,805,8
"7996",2020-12-31,6087,50.4,16404,52,86.4,696,9
"7997",2020-12-31,6090,50.5,11604,78,87.5,1341,11
"7998",2020-12-31,6121,50.9,12869,51,81.6,1826,21
"7999",2020-12-31,7018,41.7,11740,60,67,476,8
"8000",2020-12-31,7019,58.3,13924,107,92,525,10
"8001",2020-12-31,7022,52.6,15692,58,106.7,1288,11
"8002",2020-12-31,7024,53.6,11111,53,88.7,796,7
"8003",2020-12-31,7025,52.1,12533,49,101.5,672,7
"8004",2020-12-31,7027,64.7,12332,143,103.6,731,9
"8005",2020-12-31,7033,49.5,11721,86,83.8,2314,25
"8006",2020-12-31,7045,54.9,12469,47,115.6,904,9
"8007",2020-12-31,7046,62.9,12924,123,106.4,721,12
"8008",2020-12-31,7055,63.2,16336,83,129.2,1438,11
"8009",2020-12-31,7057,53.6,13632,80,80.7,477,8
"8010",2020-12-31,7064,53.5,12635,44,101.4,1001,11
"8011",2020-12-31,7068,36.7,9994,27,87.9,886,10
"8012",2020-12-31,7078,53.9,14606,86,108.9,812,18
"8013",2020-12-31,7095,49.7,13867,70,100.3,1259,12
"8014",2021-01-01,2051,59.9,13702,49,127.8,1462,17
"8015",2021-01-01,3119,52.3,10924,41,122.1,1181,11
"8016",2021-01-01,3131,60.5,13088,72,113,1119,11
"8017",2021-01-01,4008,52.9,12470,87,118,933,15
"8018",2021-01-01,4044,61.9,13081,87,116.4,553,9
"8019",2021-01-01,4080,51.6,11545,65,103,1365,15
"8020",2021-01-01,5035,59.3,16545,53,136.8,772,11
"8021",2021-01-01,5041,53.4,16924,111,99.3,2238,19
"8022",2021-01-01,5042,63.0000000000001,10071,167,99.6,1401,14
"8023",2021-01-01,5046,48.6,12547,60,79.1,3327,32
"8024",2021-01-01,5059,52.7,14824,69,104,2125,17
"8025",2021-01-01,5061,57.2,13846,89,128.2,1004,15
"8026",2021-01-01,5096,60.9,12260,83,116.4,850,7
"8027",2021-01-01,5100,48.9,15806,104,109.7,1105,14
"8028",2021-01-01,5120,43.9,11982,60,83.5,970,7
"8029",2021-01-01,5124,57.5,19172,65,86.8,2188,23
"8030",2021-01-01,5135,54.2,7545,85,87.4,717,14
"8031",2021-01-01,5137,37.1,7507,48,64.3,469,10
"8032",2021-01-01,6005,51.4,12801,85,88.9,968,8
"8033",2021-01-01,6020,60.8,15956,102,99.1,713,14
"8034",2021-01-01,6022,65.9,16730,75,140.3,1554,17
"8035",2021-01-01,6029,52.6,12128,52,122.4,1166,10
"8036",2021-01-01,6033,43.1,9639,84,69.7,685,11
"8037",2021-01-01,6041,49.8,15256,61,100.2,472,9
"8038",2021-01-01,6043,49,10889,47,75.1,835,8
"8039",2021-01-01,6050,46,11903,59,83,1151,8
"8040",2021-01-01,6055,41.1,11101,74,77.3,716,16
"8041",2021-01-01,6061,49.5,13864,130,86.2,890,5
"8042",2021-01-01,6067,56.3,12170,56,111.9,1327,14
"8043",2021-01-01,6084,52.4,13675,49,116.1,827,8
"8044",2021-01-01,6087,50.3,18204,51,107.1,933,10
"8045",2021-01-01,6090,49,10818,82,87.2,1262,19
"8046",2021-01-01,6121,46,12410,67,79.3,2375,22
"8047",2021-01-01,7018,52.5,14783,71,73,433,8
"8048",2021-01-01,7019,45.4,11546,67,83.5,447,5
"8049",2021-01-01,7022,50.9,15047,60,107.4,1246,12
"8050",2021-01-01,7024,43.3,9133,43,64.1,889,6
"8051",2021-01-01,7025,55.1,11988,43,108.3,629,9
"8052",2021-01-01,7027,59.7,12589,134,91.7,766,8
"8053",2021-01-01,7033,50.2,12564,74,83.4,2362,29
"8054",2021-01-01,7045,57.3,12208,53,123.4,1177,10
"8055",2021-01-01,7046,39.7,10078,123,74.8,520,16
"8056",2021-01-01,7055,56.3,15617,62,144.5,1932,14
"8057",2021-01-01,7057,45,11786,58,85.2,686,5
"8058",2021-01-01,7064,51.4,12505,49,93.3,920,10
"8059",2021-01-01,7068,57.4,15981,58,95.4,700,10
"8060",2021-01-01,7078,47.1,13503,50,102.8,796,10
"8061",2021-01-01,7095,48.6,14863,69,117,2103,14
"8062",2021-01-02,2051,59.1,12278,40,109.3,1054,10
"8063",2021-01-02,3119,48.4,11189,49,106.1,955,7
"8064",2021-01-02,3131,49.5,10492,59,91.9,813,12
"8065",2021-01-02,4008,56.2,13490,85,106.9,1053,11
"8066",2021-01-02,4044,53.3,10588,76,122.6,500,7
"8067",2021-01-02,4080,53.1,12660,74,93.3,1227,19
"8068",2021-01-02,5035,63.2,17266,61,142.7,902,12
"8069",2021-01-02,5041,49.4,15000,104,94.2,1760,7
"8070",2021-01-02,5042,49.9,7816,143,84.1,1553,22
"8071",2021-01-02,5046,46.2,11726,31,88.2,3395,26
"8072",2021-01-02,5059,46.8,13115,54,100.8,1547,10
"8073",2021-01-02,5061,52.1,12532,67,96,789,11
"8074",2021-01-02,5096,64.7,12197,68,108.2,934,9
"8075",2021-01-02,5100,55.1,16170,96,98.2,822,13
"8076",2021-01-02,5120,64.8,16019,73,117.9,1529,13
"8077",2021-01-02,5124,52.5000000000001,16383,58,70.3,1557,21
"8078",2021-01-02,5135,50,9179,51,70,585,8
"8079",2021-01-02,5137,43,8280,64,65.2,445,12
"8080",2021-01-02,6005,55,14603,94,105.5,1237,8
"8081",2021-01-02,6020,61,14616,88,90.1,539,12
"8082",2021-01-02,6022,64.6,15789,75,136.7,1447,13
"8083",2021-01-02,6029,69,14459,46,116.7,918,9
"8084",2021-01-02,6033,44.6,8360,60,63.7,616,11
"8085",2021-01-02,6041,63.2,17769,83,123.3,556,12
"8086",2021-01-02,6043,44.9,10534,43,75.2,639,5
"8087",2021-01-02,6050,40.5,10747,56,81,994,8
"8088",2021-01-02,6055,47.4,12316,99,76.4,471,9
"8089",2021-01-02,6061,52.5,19836,72,100.7,1482,7
"8090",2021-01-02,6067,59,12780,50,123,1274,9
"8091",2021-01-02,6084,46.5,13659,48,116.5,801,9
"8092",2021-01-02,6087,50,17151,46,99.2,818,9
"8093",2021-01-02,6090,51.5,10584,95,88.4,1185,14
"8094",2021-01-02,6121,43.7,11764,53,69.4,1955,19
"8095",2021-01-02,7018,40.6,11519,67,67.9,429,6
"8096",2021-01-02,7019,57.4,13963,83,82.8,551,6
"8097",2021-01-02,7022,58.5,17341,77,118.7,1779,15
"8098",2021-01-02,7024,50.8,10429,50,74.1,689,6
"8099",2021-01-02,7025,55.1,11866,41,105.3,666,8
"8100",2021-01-02,7027,54.3,11153,110,85.9,733,10
"8101",2021-01-02,7033,48.1,12393,75,80.9,2614,26
"8102",2021-01-02,7045,54.3,10171,51,104.8,915,9
"8103",2021-01-02,7046,54.6000000000001,14383,97,94.7,612,11
"8104",2021-01-02,7055,55.1,15130,74,113.9,1544,14
"8105",2021-01-02,7057,54.4,16112,63,78.1,849,7
"8106",2021-01-02,7064,57.8,14365,54,112.3,1000,13
"8107",2021-01-02,7068,52.3,14588,58,108.4,908,17
"8108",2021-01-02,7078,66.6,13361,81,119.3,938,12
"8109",2021-01-02,7095,48,13080,68,100.9,1402,10
"8110",2021-01-03,2051,65.5,12741,43,113,1221,12
"8111",2021-01-03,3119,46.2,8977,45,90.9,697,9
"8112",2021-01-03,3131,61.8,12330,71,105,1126,13
"8113",2021-01-03,4008,59,11895,107,116.8,1083,15
"8114",2021-01-03,4044,57.2,10693,77,104.2,427,8
"8115",2021-01-03,4080,54.4,11199,48,104,1381,20
"8116",2021-01-03,5035,64.5,15228,43,129.4,752,14
"8117",2021-01-03,5041,59.2,16353,99,107.3,1894,10
"8118",2021-01-03,5042,61.1,9204,153,103.6,1387,14
"8119",2021-01-03,5046,54.1,12240,32,83.7,3569,23
"8120",2021-01-03,5059,70.7,18887,62,119.3,2116,13
"8121",2021-01-03,5061,67.4,13830,68,120.5,1050,12
"8122",2021-01-03,5096,60.4,11781,75,109.7,1035,9
"8123",2021-01-03,5100,53.9,15833,72,108.7,740,13
"8124",2021-01-03,5120,61.7,14968,72,104.4,1322,10
"8125",2021-01-03,5124,51.3,15114,64,82,1944,32
"8126",2021-01-03,5135,60.9,10443,62,95.1,847,9
"8127",2021-01-03,5137,45.7,7787,49,75.2,513,12
"8128",2021-01-03,6005,53,13001,100,93.7,968,8
"8129",2021-01-03,6020,56.5,11908,61,87,469,9
"8130",2021-01-03,6022,68.4,15261,70,136.6,1827,19
"8131",2021-01-03,6029,58.4,12795,48,105,1187,9
"8132",2021-01-03,6033,39.8,7668,53,50.2,450,9
"8133",2021-01-03,6041,57.5,17796,72,109.3,612,7
"8134",2021-01-03,6043,51.9,11621,48,73.5,707,8
"8135",2021-01-03,6050,48.7,11360,56,75.4,837,7
"8136",2021-01-03,6055,53.5,12200,83,83.7,683,9
"8137",2021-01-03,6061,67.4,23544,123,123.4,1671,8
"8138",2021-01-03,6067,65.9,13078,50,118.8,1335,13
"8139",2021-01-03,6084,54.2,13122,33,103.3,635,7
"8140",2021-01-03,6087,52.9,16363,41,92.2,796,7
"8141",2021-01-03,6090,58.4,11573,96,95.3,1216,16
"8142",2021-01-03,6121,48,11240,43,73.2,1826,19
"8143",2021-01-03,7018,51,13092,66,83.6,585,10
"8144",2021-01-03,7019,52.9,10907,76,79.2,405,5
"8145",2021-01-03,7022,62.4,17249,61,107.2,1604,17
"8146",2021-01-03,7024,51.4,9961,40,73.2,707,7
"8147",2021-01-03,7025,55.9,12441,39,101.7,710,9
"8148",2021-01-03,7027,42.9,8278,96,73.8,850,11
"8149",2021-01-03,7033,46.8,11190,67,81.5,2444,25
"8150",2021-01-03,7045,57.9,11705,44,112,943,10
"8151",2021-01-03,7046,68,17810,141,116.2,893,14
"8152",2021-01-03,7055,66.5,15298,78,144.2,1604,13
"8153",2021-01-03,7057,56.7,14508,56,90.1,688,6
"8154",2021-01-03,7064,57.4,13828,56,96,983,13
"8155",2021-01-03,7068,55.3,14869,41,80.9,905,17
"8156",2021-01-03,7078,55.6,13364,56,109.3,1134,15
"8157",2021-01-03,7095,55.6,12344,51,121.4,1545,14
"8158",2021-01-04,2051,56.7,11874,37,94,1537,12
"8159",2021-01-04,3119,57.9,11840,53,116.2,1156,8
"8160",2021-01-04,3131,53.1,10769,61,92.4,768,6
"8161",2021-01-04,4008,52.2,7316,72,92.4,445,10
"8162",2021-01-04,4044,64.3,11586,65,119.4,563,8
"8163",2021-01-04,4080,54,11267,64,91,1060,15
"8164",2021-01-04,5035,58.5,14610,48,120.3,614,9
"8165",2021-01-04,5041,59.6000000000001,16611,109,99.2,1863,11
"8166",2021-01-04,5042,62.8,10034,154,89.8,1187,13
"8167",2021-01-04,5046,50.2,10508,40,86.1,3073,34
"8168",2021-01-04,5059,54.2,14627,51,103.3,2308,16
"8169",2021-01-04,5061,58.4,11771,50,116.1,903,12
"8170",2021-01-04,5096,62.7,10783,59,106.5,1009,13
"8171",2021-01-04,5100,50.9,14913,80,94.4,660,16
"8172",2021-01-04,5120,53.5,13277,56,99,1458,13
"8173",2021-01-04,5124,48.5,15467,78,87.2,2388,32
"8174",2021-01-04,5135,58.1,10770,67,90.1,782,10
"8175",2021-01-04,5137,39.2,7419,54,58.1,402,8
"8176",2021-01-04,6005,55.4,13105,78,109.8,805,10
"8177",2021-01-04,6020,69.2,16360,109,103.7,627,17
"8178",2021-01-04,6022,67.6,15101,65,137.6,1584,20
"8179",2021-01-04,6029,69.0000000000001,14498,64,132.5,1464,10
"8180",2021-01-04,6033,40.3,7526,52,52.8,563,9
"8181",2021-01-04,6041,51.5,15848,62,113.1,693,10
"8182",2021-01-04,6043,50,10375,35,75,774,8
"8183",2021-01-04,6050,41,10742,65,91.4,1198,10
"8184",2021-01-04,6055,42.9,11047,93,63.7,643,13
"8185",2021-01-04,6061,55.2,18593,77,86.1,1371,8
"8186",2021-01-04,6067,65.1,12675,45,123.1,1220,12
"8187",2021-01-04,6084,49.4,11575,32,114.3,1291,10
"8188",2021-01-04,6087,52.1,16602,40,106.4,858,8
"8189",2021-01-04,6090,45.5,9383,63,85.5,1516,15
"8190",2021-01-04,6121,55.9,14135,57,78.8,2129,23
"8191",2021-01-04,7018,50.5,12777,52,78.3,384,8
"8192",2021-01-04,7019,48.1,8209,70,91.9,352,7
"8193",2021-01-04,7022,54.5,15595,61,114.7,1580,14
"8194",2021-01-04,7024,45,8506,39,89.4,865,13
"8195",2021-01-04,7025,49.8,11216,40,97.2,654,9
"8196",2021-01-04,7027,60,11363,129,80.3,713,10
"8197",2021-01-04,7033,39.4,9788,61,63.4,2009,24
"8198",2021-01-04,7045,58.3,11203,40,123.8,922,12
"8199",2021-01-04,7046,58.2,15766,99,99.3,728,8
"8200",2021-01-04,7055,60.6,14190,66,125.2,1431,10
"8201",2021-01-04,7057,61.9,15617,67,101.2,727,7
"8202",2021-01-04,7064,62.3,14453,65,97.5,978,9
"8203",2021-01-04,7068,63.2,16632,56,109.6,1214,17
"8204",2021-01-04,7078,54.4,13951,61,124.4,1064,13
"8205",2021-01-04,7095,64,16895,78,129.5,1517,12
"8206",2021-01-05,2051,58.4,11953,39,132.2,1950,18
"8207",2021-01-05,3119,57.6,12123,45,116.5,1085,13
"8208",2021-01-05,3131,52,10210,62,106.5,926,17
"8209",2021-01-05,4008,58.6,11888,84,125.6,899,15
"8210",2021-01-05,4044,54.6,10881,68,121.2,570,9
"8211",2021-01-05,4080,56.4,12608,62,97.2,1151,17
"8212",2021-01-05,5035,66,14668,45,141.5,658,12
"8213",2021-01-05,5041,48.6,14556,91,98.5,1940,11
"8214",2021-01-05,5042,51.7,8924,122,88.5,1531,14
"8215",2021-01-05,5046,58.4,14533,24,96,4225,26
"8216",2021-01-05,5059,50.7,13298,57,109,1766,17
"8217",2021-01-05,5061,57.9,13562,82,115.3,938,12
"8218",2021-01-05,5096,58.0000000000001,11429,96,116.5,1180,12
"8219",2021-01-05,5100,52.9,15687,73,108,878,12
"8220",2021-01-05,5120,54.1,13802,56,88.1,1067,12
"8221",2021-01-05,5124,55.7,18280,72,97.3,2467,31
"8222",2021-01-05,5135,56.7,10644,59,89.3,840,8
"8223",2021-01-05,5137,42.4,8622,56,73.2,583,10
"8224",2021-01-05,6005,51.7,12736,81,98.7,1073,7
"8225",2021-01-05,6020,55.6,13087,89,79.3,355,8
"8226",2021-01-05,6022,59.8,13862,74,135,1445,16
"8227",2021-01-05,6029,63.9,13563,59,122.3,1273,12
"8228",2021-01-05,6033,43.6,9008,70,68,682,12
"8229",2021-01-05,6041,67.6,20760,79,118.8,669,9
"8230",2021-01-05,6043,44.1,9098,44,61.5,625,7
"8231",2021-01-05,6050,47.8,11401,58,76,937,7
"8232",2021-01-05,6055,51,12935,92,83.8,849,16
"8233",2021-01-05,6061,62.6,23466,84,108.8,1673,11
"8234",2021-01-05,6067,65.1,13032,51,119.1,1269,15
"8235",2021-01-05,6084,57.1,14725,44,119.4,783,10
"8236",2021-01-05,6087,48.9,15980,42,90.5,721,9
"8237",2021-01-05,6090,56.4,13071,91,100.6,1468,18
"8238",2021-01-05,6121,47.3,11776,51,80.8,2009,24
"8239",2021-01-05,7018,35.8,10399,52,66.8,453,9
"8240",2021-01-05,7019,50,9977,68,88.2,425,6
"8241",2021-01-05,7022,61.6999999999999,16824,79,116.7,1417,16
"8242",2021-01-05,7024,48.1,9619,59,75.9,838,10
"8243",2021-01-05,7025,54.7,13059,48,106.1,766,12
"8244",2021-01-05,7027,59.6,10826,121,90.7,722,11
"8245",2021-01-05,7033,44.9,10731,82,75,2220,28
"8246",2021-01-05,7045,53.3,10988,49,106.7,783,9
"8247",2021-01-05,7046,59.1,16486,136,112.7,997,14
"8248",2021-01-05,7055,66.4,16180,72,142.3,1576,15
"8249",2021-01-05,7057,51.3,14392,65,90.7,885,11
"8250",2021-01-05,7064,50.4,12242,44,103.2,970,9
"8251",2021-01-05,7068,46,12633,67,103.1,718,9
"8252",2021-01-05,7078,54.3,15141,90,115,1479,13
"8253",2021-01-05,7095,41,10685,51,103.4,1293,9
"8254",2021-01-06,2051,54.2,11874,47,97.4,989,13
"8255",2021-01-06,3119,54.1,11306,46,105.7,763,9
"8256",2021-01-06,3131,48.8,9104,42,86.4,653,8
"8257",2021-01-06,4008,58.7,12020,101,118.8,1083,15
"8258",2021-01-06,4044,62.4,12232,76,116,427,8
"8259",2021-01-06,4080,45.8,10706,52,94.4,997,13
"8260",2021-01-06,5035,60,14993,56,134.4,561,9
"8261",2021-01-06,5041,60.7,17645,142,104.1,1872,14
"8262",2021-01-06,5042,66.3,10937,175,98.1,1931,20
"8263",2021-01-06,5046,46.2,11029,43,81.2,3133,26
"8264",2021-01-06,5059,64,16796,77,118.1,2247,21
"8265",2021-01-06,5061,65.6,14743,84,121.8,984,15
"8266",2021-01-06,5096,64.3,11998,76,106,861,8
"8267",2021-01-06,5100,55.6,15734,103,90.6,530,11
"8268",2021-01-06,5120,54.7,13852,74,88.1,1096,7
"8269",2021-01-06,5124,57.7,19283,80,89.5,2067,28
"8270",2021-01-06,5135,49.3,9275,57,78.3,627,7
"8271",2021-01-06,5137,36.6,6523,48,48.6,263,6
"8272",2021-01-06,6005,51.6,12085,91,94.7,780,11
"8273",2021-01-06,6020,57.6,14379,90,83.3,360,9
"8274",2021-01-06,6022,64.2,15868,94,143.4,1188,12
"8275",2021-01-06,6029,51.1,11679,41,105.8,1044,8
"8276",2021-01-06,6033,40,8326,68,57.2,446,10
"8277",2021-01-06,6041,56.6,17779,80,101.1,457,9
"8278",2021-01-06,6043,50.4,11188,43,86.7,803,7
"8279",2021-01-06,6050,42.7,9662,58,81.5,1080,10
"8280",2021-01-06,6055,37.8,10179,86,66.6,542,11
"8281",2021-01-06,6061,50,17003,91,84.1,1143,6
"8282",2021-01-06,6067,59.8,12308,61,118.8,1104,16
"8283",2021-01-06,6084,54.3,13617,53,119.1,682,9
"8284",2021-01-06,6087,52.9,18167,54,108.7,894,7
"8285",2021-01-06,6090,51.4,12721,94,87.6,1297,13
"8286",2021-01-06,6121,43,10841,51,68.7,2022,20
"8287",2021-01-06,7018,47.5,12741,80,72.7,432,7
"8288",2021-01-06,7019,56.3,12707,100,105.9,645,10
"8289",2021-01-06,7022,50.1,14987,76,93.1,986,13
"8290",2021-01-06,7024,45.5,8842,53,75.1,571,7
"8291",2021-01-06,7025,52,13101,54,101.1,685,8
"8292",2021-01-06,7027,59.4,8764,123,81.4,493,8
"8293",2021-01-06,7033,47.3,11605,83,79.7,2048,23
"8294",2021-01-06,7045,53.7,12037,70,95.9,559,10
"8295",2021-01-06,7046,44.7,13304,106,84.4,1057,14
"8296",2021-01-06,7055,61.7,16207,92,122.4,1422,18
"8297",2021-01-06,7057,50.4,12845,66,81.7,471,5
"8298",2021-01-06,7064,64.1,15613,60,112.6,1559,11
"8299",2021-01-06,7068,49.9,14334,55,84.9,845,10
"8300",2021-01-06,7078,59,14203,83,101.9,729,14
"8301",2021-01-06,7095,62,16582,70,138.5,1951,15
"8302",2021-01-07,2051,71.4,14996,54,127.7,1663,9
"8303",2021-01-07,3119,51.9,10545,68,107.9,813,9
"8304",2021-01-07,3131,61.6,11617,62,103,772,8
"8305",2021-01-07,4008,62.4,12550,119,121.2,732,15
"8306",2021-01-07,4044,53.5,10633,75,105.9,504,14
"8307",2021-01-07,4080,56.1,12080,82,103.8,1305,24
"8308",2021-01-07,5035,66.1,15209,57,147.4,601,11
"8309",2021-01-07,5041,55,15962,104,83.8,1561,13
"8310",2021-01-07,5042,57.9,8872,154,94.6,1073,9
"8311",2021-01-07,5046,63.1,15662,38,93.2,4019,35
"8312",2021-01-07,5059,55.9,15234,69,110.4,2088,13
"8313",2021-01-07,5061,53.8,12009,79,108.6,825,10
"8314",2021-01-07,5096,61,11393,75,115.6,874,11
"8315",2021-01-07,5100,57.8,14953,109,99.1,628,14
"8316",2021-01-07,5120,66,16821,62,106.3,1398,13
"8317",2021-01-07,5124,55.5,16922,66,79.5,1855,22
"8318",2021-01-07,5135,65,12004,74,88.2,866,12
"8319",2021-01-07,5137,3.3,565,5,7.6,47,1
"8320",2021-01-07,6005,58.5000000000001,13809,106,103,1172,10
"8321",2021-01-07,6020,67.2,15720,99,95.4,380,11
"8322",2021-01-07,6022,70.4,16465,98,149.8,1352,12
"8323",2021-01-07,6029,72.2,16250,63,131.1,1113,10
"8324",2021-01-07,6041,51.1999999999999,15988,83,97.7,385,7
"8325",2021-01-07,6043,47.5,9544,32,67.1,661,6
"8326",2021-01-07,6050,44,10323,59,55.9,608,6
"8327",2021-01-07,6055,52,13786,88,81.3,563,13
"8328",2021-01-07,6061,63.5000000000001,22620,99,109.8,2281,22
"8329",2021-01-07,6067,59.1,12620,65,111.6,1115,16
"8330",2021-01-07,6084,54.2,13517,61,110,660,7
"8331",2021-01-07,6085,30.6,3346,53,26,123,4
"8332",2021-01-07,6087,52.7,16987,57,97.2,794,10
"8333",2021-01-07,6090,52.3,12018,75,100.5,1572,14
"8334",2021-01-07,6092,31.2,5417,62,39,283,8
"8335",2021-01-07,6121,3.3,957,4,3.2,166,1
"8336",2021-01-07,7018,54.5,13692,86,71.7,398,9
"8337",2021-01-07,7019,62.1,12182,95,97.3,736,12
"8338",2021-01-07,7022,62.9,18742,82,121.8,1260,14
"8339",2021-01-07,7024,2.5,514,2,0,0,0
"8340",2021-01-07,7025,52.9,12530,53,98.1,488,10
"8341",2021-01-07,7027,2.7,361,8,11.8,61,1
"8342",2021-01-07,7032,26.2,5476,46,55.9,352,9
"8343",2021-01-07,7033,44.3,10529,69,92.5,2034,28
"8344",2021-01-07,7045,59.6,11772,72,120.6,833,12
"8345",2021-01-07,7046,64.9,16936,128,108.2,1054,15
"8346",2021-01-07,7048,32,4185,57,51.1,259,6
"8347",2021-01-07,7055,66.3,16728,113,139.7,1492,15
"8348",2021-01-07,7057,60.1,16333,73,98.6,684,7
"8349",2021-01-07,7064,49.3,11984,64,90.2,729,12
"8350",2021-01-07,7068,56.1,14013,63,112.6,1033,14
"8351",2021-01-07,7078,63.6,15433,67,127.1,1338,14
"8352",2021-01-07,7095,47.5,12583,55,114.6,1330,11
"8353",2021-01-07,7110,30.5,4260,60,34.2,331,6
"8354",2021-01-08,2051,53,12483,34,100.9,1166,11
"8355",2021-01-08,3119,56.1,10742,52,122.1,1045,12
"8356",2021-01-08,3131,52.8,10031,49,106.8,764,11
"8357",2021-01-08,4008,57.3,12065,105,103.9,681,9
"8358",2021-01-08,4044,56.5,10628,70,115.2,424,7
"8359",2021-01-08,4080,60.5,13173,73,107.3,1357,18
"8360",2021-01-08,5035,66.2,15247,67,129.1,740,10
"8361",2021-01-08,5041,57.5,16358,99,108.1,1944,11
"8362",2021-01-08,5042,55.9,8859,158,97,1698,24
"8363",2021-01-08,5046,50,12662,41,92.8,3391,23
"8364",2021-01-08,5059,50,13602,79,104.4,1722,7
"8365",2021-01-08,5061,62.8,14881,85,116,953,10
"8366",2021-01-08,5096,60,11637,79,114,965,10
"8367",2021-01-08,5100,49.5,12538,89,91.5,514,9
"8368",2021-01-08,5120,49.7,12318,71,85.6,1033,10
"8369",2021-01-08,5124,54.1,16677,57,84.9,1800,18
"8370",2021-01-08,5135,55.8,10606,63,71.5,557,6
"8371",2021-01-08,6005,47.9,11461,73,89.4,893,8
"8372",2021-01-08,6020,59.4,13636,74,87.3,465,11
"8373",2021-01-08,6022,64.2,15303,78,141.6,1450,14
"8374",2021-01-08,6029,64.3,14352,53,120.1,1120,9
"8375",2021-01-08,6041,48.1,13943,72,108.3,495,8
"8376",2021-01-08,6043,48.3,10840,46,80.2,719,7
"8377",2021-01-08,6050,46.5,11245,51,91.5,1095,11
"8378",2021-01-08,6055,47.8,12157,87,84.4,761,15
"8379",2021-01-08,6061,49.1,18709,82,96.8,1962,11
"8380",2021-01-08,6067,68.8,15618,71,125.3,1349,13
"8381",2021-01-08,6084,49.8,12738,53,119,737,9
"8382",2021-01-08,6085,54.4,8328,72,115.1,809,15
"8383",2021-01-08,6087,42.5,14606,51,78.9,598,6
"8384",2021-01-08,6090,43.5,10382,62,77.3,977,11
"8385",2021-01-08,6092,58.1,13924,71,112.1,1245,15
"8386",2021-01-08,7018,45.6,12201,72,67.2,331,6
"8387",2021-01-08,7019,44.7,9089,49,72.5,457,7
"8388",2021-01-08,7022,59.2,16272,74,112.5,1197,16
"8389",2021-01-08,7025,50,12438,51,112.6,758,10
"8390",2021-01-08,7032,59.8,18003,101,123.8,927,10
"8391",2021-01-08,7033,100.4,10796,65,110,2326,31
"8392",2021-01-08,7045,48.9,8592,54,103.2,683,12
"8393",2021-01-08,7046,52.3,14787,136,112.4,1109,13
"8394",2021-01-08,7048,50.5,9445,68,100.3,573,10
"8395",2021-01-08,7055,60.8,15415,78,136.6,1424,14
"8396",2021-01-08,7057,58.9,16732,67,87.8,717,9
"8397",2021-01-08,7064,62.3,15388,79,100.2,886,7
"8398",2021-01-08,7068,58.5,16230,68,101.6,924,12
"8399",2021-01-08,7078,56.5,13615,82,111.7,1136,11
"8400",2021-01-08,7095,58,15808,72,133.7,1622,15
"8401",2021-01-08,7110,62.8,11200,80,128.1,1149,12
"8402",2021-01-09,2051,62.4,13523,46,139.3,1655,18
"8403",2021-01-09,3119,51,10496,52,97.8,910,11
"8404",2021-01-09,3131,55.6,9913,47,106.2,879,9
"8405",2021-01-09,4008,63.9,12442,100,126.6,816,12
"8406",2021-01-09,4044,62.6,11258,71,113.3,559,12
"8407",2021-01-09,4080,49.4,10458,59,95.9,1205,18
"8408",2021-01-09,5035,59.2,14339,39,133.3,892,11
"8409",2021-01-09,5041,63.6,17867,111,110,2110,14
"8410",2021-01-09,5042,66.7,9596,188,90.8,1561,25
"8411",2021-01-09,5046,56.3,11994,38,93.6,3597,27
"8412",2021-01-09,5059,63.9,17468,60,111.9,1760,11
"8413",2021-01-09,5061,52.8,11073,55,117,959,12
"8414",2021-01-09,5096,60.9,11365,64,111.7,1022,12
"8415",2021-01-09,5100,52.5,15260,69,115.4,710,11
"8416",2021-01-09,5120,57,14997,63,87.5,1036,11
"8417",2021-01-09,5124,51.1,15847,70,79.4,1973,24
"8418",2021-01-09,5135,59.6,10527,49,102.5,839,13
"8419",2021-01-09,6005,58.7,13382,106,102,903,12
"8420",2021-01-09,6020,58.4,13898,75,93.6,570,10
"8421",2021-01-09,6022,67.4,14997,70,116.8,1252,10
"8422",2021-01-09,6029,63.4,13476,56,115.5,1313,8
"8423",2021-01-09,6041,64.3,19003,66,110.3,458,8
"8424",2021-01-09,6043,47.2,10369,34,73.9,749,6
"8425",2021-01-09,6050,49.8,9708,53,75.8,968,10
"8426",2021-01-09,6055,38.4,9963,80,63,435,10
"8427",2021-01-09,6061,62.3,23270,88,101.8,1795,8
"8428",2021-01-09,6067,60.6,12727,37,113.5,1242,12
"8429",2021-01-09,6084,57.2,13896,51,120.3,853,10
"8430",2021-01-09,6085,56.1,10173,44,119.9,1124,15
"8431",2021-01-09,6087,52.3,16922,47,97.3000000000001,826,12
"8432",2021-01-09,6090,60.2,13028,91,104,1366,15
"8433",2021-01-09,6092,51.8,13297,52,111.4,1417,17
"8434",2021-01-09,7018,48.4,11819,61,70.2,396,5
"8435",2021-01-09,7019,63,12533,68,106.6,596,8
"8436",2021-01-09,7022,54.3,12687,72,95.3,1103,17
"8437",2021-01-09,7025,48.9,11753,40,91.6,539,7
"8438",2021-01-09,7032,54.5,16615,83,98.7,893,12
"8439",2021-01-09,7033,45.7,10654,65,115.1,2321,24
"8440",2021-01-09,7045,57.7,12075,46,120.4,695,8
"8441",2021-01-09,7046,64.5,17149,140,106.7,1150,14
"8442",2021-01-09,7048,48,8297,59,80.2,577,7
"8443",2021-01-09,7055,60.6,14574,77,144.4,1380,11
"8444",2021-01-09,7057,45.5,12224,47,73.6,484,6
"8445",2021-01-09,7064,54.5,12657,48,95.8,541,7
"8446",2021-01-09,7068,57.7,15244,52,101.1,980,9
"8447",2021-01-09,7078,56.2,14963,67,114.1,1373,9
"8448",2021-01-09,7095,55.1,14841,75,132.6,1650,13
"8449",2021-01-09,7110,56.9,10130,66,100.9,1167,13
"8450",2021-01-10,2051,46.6,10465,39,83.2,1106,9
"8451",2021-01-10,3119,65.5,12725,67,135,1287,14
"8452",2021-01-10,3131,50.5,9525,57,91.9,731,10
"8453",2021-01-10,4008,55.2,11624,90,103.3,674,12
"8454",2021-01-10,4044,57.9,11816,77,119,661,10
"8455",2021-01-10,4080,56.8,11463,78,98.3,1192,20
"8456",2021-01-10,5035,69.2,17029,58,142,841,13
"8457",2021-01-10,5041,58.1,16845,123,97.7,2011,9
"8458",2021-01-10,5042,56.8,7651,160,96.1,1693,27
"8459",2021-01-10,5046,49.9,11899,26,78.5,3240,23
"8460",2021-01-10,5059,48.9,13007,59,103.9,2019,14
"8461",2021-01-10,5061,65.9,13978,70,116.6,1073,14
"8462",2021-01-10,5096,57.6,11544,74,118.8,1213,12
"8463",2021-01-10,5100,49.2,13885,101,88.3,484,11
"8464",2021-01-10,5120,61,14025,82,109.3,1397,14
"8465",2021-01-10,5124,56.1,17200,61,84.9,2085,24
"8466",2021-01-10,5135,55.3,8011,80,91.4,595,9
"8467",2021-01-10,6005,51,12292,75,96.1,999,10
"8468",2021-01-10,6020,67.1,15927,86,109.8,646,13
"8469",2021-01-10,6022,65.3,14892,84,146.3,1379,24
"8470",2021-01-10,6029,63.9,12939,71,113.7,1103,12
"8471",2021-01-10,6041,57,17041,63,100.4,521,12
"8472",2021-01-10,6043,40.1,8712,35,60.2,498,5
"8473",2021-01-10,6050,48.1,9856,71,84.5,981,10
"8474",2021-01-10,6055,49.8,12563,102,80.9,709,11
"8475",2021-01-10,6061,57.3,22492,87,108.8,1691,11
"8476",2021-01-10,6067,63.5,14332,56,120.3,1372,16
"8477",2021-01-10,6084,51.6,12671,40,106.5,715,8
"8478",2021-01-10,6085,57.2,10431,49,99.2,1101,16
"8479",2021-01-10,6087,63.5,20358,58,106.1,946,9
"8480",2021-01-10,6090,53.3,9977,85,93,1377,12
"8481",2021-01-10,6092,49.1,12413,56,99,899,9
"8482",2021-01-10,7018,43.9,11154,59,66.8,357,7
"8483",2021-01-10,7019,49.9,10865,57,79.9,606,8
"8484",2021-01-10,7022,56.5,12621,76,117.1,1040,20
"8485",2021-01-10,7025,49,11809,39,90.3,632,8
"8486",2021-01-10,7032,53.4,14991,97,116.7,984,16
"8487",2021-01-10,7033,49.1,11908,67,107.2,3086,29
"8488",2021-01-10,7045,57.5,10893,46,120.6,779,11
"8489",2021-01-10,7046,58.6,15825,124,100.7,1227,15
"8490",2021-01-10,7048,54.3,8912,78,100.2,573,8
"8491",2021-01-10,7055,62.7,14569,86,130,1397,12
"8492",2021-01-10,7057,62.7,15192,59,98.4,822,7
"8493",2021-01-10,7064,64.3,15768,67,107.4,1788,11
"8494",2021-01-10,7068,54.2,13113,56,88.1,1090,8
"8495",2021-01-10,7078,57.1,12173,84,110.1,1260,11
"8496",2021-01-10,7095,58,12779,55,108.8,1173,12
"8497",2021-01-10,7110,62,10680,60,101,1498,11
"8498",2021-01-11,2051,61.5,13230,65,114.4,1458,11
"8499",2021-01-11,3119,59.6,11363,55,114.4,1176,10
"8500",2021-01-11,3131,58,11107,56,100.9,987,11
"8501",2021-01-11,4008,62.2,12539,84,124.5,977,14
"8502",2021-01-11,4044,59.7,11268,64,109.5,515,8
"8503",2021-01-11,4080,52.5,10476,62,95.3,997,13
"8504",2021-01-11,5035,65,15743,43,141.9,762,13
"8505",2021-01-11,5041,57.9,17086,104,108.1,1835,11
"8506",2021-01-11,5042,63.2,8472,166,107.1,1305,14
"8507",2021-01-11,5046,50.7,14072,128,59.4,3278,36
"8508",2021-01-11,5059,58.9,15802,67,115.5,2356,19
"8509",2021-01-11,5061,56.7,12941,75,113.3,1097,11
"8510",2021-01-11,5096,59.3,10865,75,105.4,1227,12
"8511",2021-01-11,5100,55.2,16736,91,101.6,782,9
"8512",2021-01-11,5120,53.5,12960,49,94,1239,12
"8513",2021-01-11,5124,53.7,16039,58,75.5,1771,22
"8514",2021-01-11,5135,49.5,8064,43,64.5,504,5
"8515",2021-01-11,6005,53.1,12602,85,97.8,781,8
"8516",2021-01-11,6020,55.1,12681,74,82.7,480,8
"8517",2021-01-11,6022,65.9,15537,74,134.3,1266,15
"8518",2021-01-11,6029,59.6,12409,49,126.6,1155,9
"8519",2021-01-11,6041,53,15514,54,104.2,431,11
"8520",2021-01-11,6043,55.3,12579,42,86.4,847,7
"8521",2021-01-11,6050,45,10508,50,77.7,1035,10
"8522",2021-01-11,6055,48.8,11943,84,66,503,9
"8523",2021-01-11,6061,56.5,21003,73,91,1492,9
"8524",2021-01-11,6067,66.5,15084,40,109.8,1427,11
"8525",2021-01-11,6084,55,12833,44,117.7,691,8
"8526",2021-01-11,6085,59.8,11954,48,97.3,1155,12
"8527",2021-01-11,6087,51.5,16176,51,104.7,1030,8
"8528",2021-01-11,6090,51.8,10405,82,84.7,1042,13
"8529",2021-01-11,6092,54.4,14351,43,117.2,1306,17
"8530",2021-01-11,7018,42.7,10732,44,65.4,360,8
"8531",2021-01-11,7019,53.5,11527,73,89,565,7
"8532",2021-01-11,7022,49.1,11865,62,102.4,1169,15
"8533",2021-01-11,7025,55.5,13488,55,101.3,667,9
"8534",2021-01-11,7032,57.2,17291,88,106.9,1001,17
"8535",2021-01-11,7033,47.6,11363,69,87.8,2331,27
"8536",2021-01-11,7045,58.3,11959,47,98.1,779,7
"8537",2021-01-11,7046,52.5,14269,107,95.5,1033,14
"8538",2021-01-11,7048,49.4,8725,57,92.6,717,9
"8539",2021-01-11,7055,60.4,14353,70,124.9,1272,11
"8540",2021-01-11,7057,62.1,14983,45,91.5,900,8
"8541",2021-01-11,7064,59.5,14175,64,106.4,1145,9
"8542",2021-01-11,7068,58.4,16217,47,104.9,936,9
"8543",2021-01-11,7078,66.9,16426,71,107.3,1678,12
"8544",2021-01-11,7095,42.5,11711,54,111.9,1323,10
"8545",2021-01-11,7110,57.2,11187,63,94.1,1398,9
"8546",2021-01-12,2051,64.1,14656,39,119.9,1263,12
"8547",2021-01-12,3119,53.4,11148,66,105.2,1100,9
"8548",2021-01-12,3131,53.5,10656,55,96.5,872,14
"8549",2021-01-12,4008,62,14214,103,118.9,962,10
"8550",2021-01-12,4044,59.1,12808,90,115.7,817,11
"8551",2021-01-12,4080,53.1,12095,68,97,1009,15
"8552",2021-01-12,5035,65.2,17219,69,142.6,775,14
"8553",2021-01-12,5041,59,19405,129,98.7,1794,15
"8554",2021-01-12,5042,54.3,9462,145,84.7,1711,27
"8555",2021-01-12,5046,53.3,11971,29,107.1,3976,27
"8556",2021-01-12,5059,54.5,14093,73,115.5,1860,10
"8557",2021-01-12,5061,59.8,13364,76,110.5,1015,14
"8558",2021-01-12,5096,62.1,12350,85,103.2,723,10
"8559",2021-01-12,5100,50.4,15103,90,103,1082,13
"8560",2021-01-12,5120,50.2,12045,72,84.8,1046,11
"8561",2021-01-12,5124,54,15469,51,86.6,2157,19
"8562",2021-01-12,5135,60.4,10897,68,89.2,771,8
"8563",2021-01-12,6005,47,12326,81,112.1,953,8
"8564",2021-01-12,6020,65.4,15684,75,94.1,480,10
"8565",2021-01-12,6022,71.7,16692,72,144.8,1274,11
"8566",2021-01-12,6029,69.1,15907,64,116.2,1072,9
"8567",2021-01-12,6041,54.5,14805,72,97.4,406,10
"8568",2021-01-12,6043,45.4,10394,30,77.7,980,8
"8569",2021-01-12,6050,46.8,11419,66,75.8,995,8
"8570",2021-01-12,6055,44.3,11768,75,83.9,793,18
"8571",2021-01-12,6061,61.6,24743,82,100.5,2237,16
"8572",2021-01-12,6067,64.4,13856,37,115,1374,12
"8573",2021-01-12,6084,52.7,14320,50,115.5,758,8
"8574",2021-01-12,6085,54.7,10517,37,99.6,896,11
"8575",2021-01-12,6087,50.6,15362,40,94.2,833,9
"8576",2021-01-12,6090,45.1,10147,80,91.5,1503,21
"8577",2021-01-12,6092,51.2,13249,50,95,971,11
"8578",2021-01-12,7018,42.5,11892,65,74.7,463,8
"8579",2021-01-12,7019,48.8,10653,53,82.8,472,6
"8580",2021-01-12,7022,60.8,15467,68,104.2,1126,14
"8581",2021-01-12,7025,53.9,14537,53,110.3,723,8
"8582",2021-01-12,7032,54.5,17625,84,109.6,1266,12
"8583",2021-01-12,7033,46.3,11849,75,90.3,2294,27
"8584",2021-01-12,7045,51.3,11063,41,113.2,940,10
"8585",2021-01-12,7046,62.4,16980,129,117,1231,17
"8586",2021-01-12,7048,53.6,10108,51,94.8,701,7
"8587",2021-01-12,7055,56.6,15720,80,132.1,1284,15
"8588",2021-01-12,7057,53,13717,64,94,769,8
"8589",2021-01-12,7064,58.2,14108,62,99.2,903,12
"8590",2021-01-12,7068,56.1,16370,56,103.9,1010,7
"8591",2021-01-12,7078,52,15269,69,105.8,1685,13
"8592",2021-01-12,7095,53.3,14546,69,122.2,1811,14
"8593",2021-01-12,7110,54.9,10536,62,99.7,1411,11
"8594",2021-01-13,2051,50.1,11002,51,112,1673,11
"8595",2021-01-13,3119,52.3,10206,62,111,913,10
"8596",2021-01-13,3131,63.4,13392,74,115.7,1197,15
"8597",2021-01-13,4008,54.5,11375,90,107.1,939,9
"8598",2021-01-13,4044,43.8,8128,51,89.3,321,6
"8599",2021-01-13,4080,56.8,13116,93,95.7,1021,19
"8600",2021-01-13,5035,59.5,15799,55,124,608,8
"8601",2021-01-13,5041,53.5,15993,121,94.8,1558,10
"8602",2021-01-13,5042,60.7,9050,194,109.3,1576,21
"8603",2021-01-13,5046,55.2,13714,27,86.8,3664,23
"8604",2021-01-13,5059,56.8,15700,70,123.4,1921,14
"8605",2021-01-13,5061,56.3,11970,72,111,1152,14
"8606",2021-01-13,5096,60.5,11074,97,115.4,911,15
"8607",2021-01-13,5100,53.2,13938,133,103.5,586,12
"8608",2021-01-13,5120,63.2,16822,83,108.3,1661,11
"8609",2021-01-13,5124,53.2000000000001,17187,92,83.5,2319,31
"8610",2021-01-13,5135,56,9748,85,88.5,818,11
"8611",2021-01-13,6005,50.3,12182,110,90.6,977,10
"8612",2021-01-13,6020,57.5,9988,85,90.4,315,13
"8613",2021-01-13,6022,61.8,15316,85,129.4,1746,15
"8614",2021-01-13,6029,61.2,13352,57,119.3,965,9
"8615",2021-01-13,6041,62.9,16995,89,112.4,466,9
"8616",2021-01-13,6043,46.4,11125,43,78,815,10
"8617",2021-01-13,6050,50.4,12205,80,89.1,1723,13
"8618",2021-01-13,6055,42.7,9986,92,65.3,482,12
"8619",2021-01-13,6061,58,22673,85,102.2,1789,10
"8620",2021-01-13,6067,53.9,9953,61,105.8,940,17
"8621",2021-01-13,6084,54.3,14278,49,115.9,729,9
"8622",2021-01-13,6085,63.4,12771,54,125.9,1141,13
"8623",2021-01-13,6087,54.5,18169,59,100.4,988,12
"8624",2021-01-13,6090,54,11997,103,97,1128,20
"8625",2021-01-13,6092,64.7,18358,74,118.6,1142,14
"8626",2021-01-13,7018,54.3,13341,69,75,482,10
"8627",2021-01-13,7019,52.3,10747,96,88.4,711,10
"8628",2021-01-13,7022,59.6,15778,58,103.8,1061,16
"8629",2021-01-13,7025,54.8,14603,66,102,671,12
"8630",2021-01-13,7032,53.3,17549,110,124.5,1176,16
"8631",2021-01-13,7033,48.7,11690,74,84.9,2095,21
"8632",2021-01-13,7045,59.5,13907,57,121.2,971,11
"8633",2021-01-13,7046,60.6,16950,136,102.4,1065,13
"8634",2021-01-13,7048,61.8,12713,73,109.2,991,17
"8635",2021-01-13,7055,68.2,15991,85,129.3,1467,18
"8636",2021-01-13,7057,48.2,12111,48,70.8,558,6
"8637",2021-01-13,7064,58,14211,74,108.2,1641,15
"8638",2021-01-13,7068,54,14268,77,98.6,1141,11
"8639",2021-01-13,7078,55,14237,91,107.4,1084,14
"8640",2021-01-13,7095,63.7,16208,100,124.6,1782,17
"8641",2021-01-13,7110,63.8,12289,76,96.4,1464,10
"8642",2021-01-14,2051,59,14215,43,100.4,1795,21
"8643",2021-01-14,3119,46.6,10121,56,95.5,938,11
"8644",2021-01-14,3131,58.1,12624,76,115.4,980,13
"8645",2021-01-14,4008,66.2,14329,105,120.6,947,14
"8646",2021-01-14,4044,66.4,14675,104,132.1,777,12
"8647",2021-01-14,4080,51,10765,62,94,975,17
"8648",2021-01-14,5035,61.3,16452,54,147.7,776,11
"8649",2021-01-14,5041,52.3,16434,103,92.9,1522,14
"8650",2021-01-14,5042,60.1,10110,178,99.4,1142,12
"8651",2021-01-14,5046,52.8,12873,26,100.3,3564,18
"8652",2021-01-14,5059,59.4,12580,75,99.9,1029,14
"8653",2021-01-14,5061,66.5,14744,82,126.5,1092,15
"8654",2021-01-14,5096,62.7,12167,81,120,911,11
"8655",2021-01-14,5100,51.8,14419,83,97.6,635,13
"8656",2021-01-14,5120,63.4,17390,62,108.1,1576,15
"8657",2021-01-14,5124,48.9,16037,61,60.4,1495,18
"8658",2021-01-14,5135,58,10070,63,82.6,702,9
"8659",2021-01-14,6005,54.3000000000001,15457,88,97.8,877,9
"8660",2021-01-14,6020,62.9,13083,73,95.9,478,14
"8661",2021-01-14,6022,67.4,15949,94,144.9,1814,16
"8662",2021-01-14,6029,63,14136,42,114.1,960,9
"8663",2021-01-14,6041,63.3,18139,91,116.3,501,9
"8664",2021-01-14,6043,47.3,11985,40,80,735,9
"8665",2021-01-14,6050,45.9,11255,62,78.6,1053,8
"8666",2021-01-14,6055,43.9,10713,76,74.5,630,12
"8667",2021-01-14,6061,70.3,22449,83,102.4,2227,13
"8668",2021-01-14,6067,67.9,14217,48,114.3,1171,14
"8669",2021-01-14,6084,52.6,13866,62,108.9,711,8
"8670",2021-01-14,6085,60,13662,51,101.4,987,11
"8671",2021-01-14,6087,60.5,18802,58,90,807,9
"8672",2021-01-14,6090,41.4,9923,70,78.5,1031,16
"8673",2021-01-14,6092,54.1,16261,64,102.3,1376,15
"8674",2021-01-14,7018,45.3,12222,71,65.9,379,7
"8675",2021-01-14,7019,59.6,12270,63,91.7,614,10
"8676",2021-01-14,7022,54.2,15129,64,104.8,1296,25
"8677",2021-01-14,7025,53.2,13896,56,95.2,635,7
"8678",2021-01-14,7032,61.1,20181,128,99.4,986,21
"8679",2021-01-14,7033,49.2,12612,82,86.3,2443,28
"8680",2021-01-14,7045,50.6,12101,63,101.7,919,12
"8681",2021-01-14,7046,57.1,16672,126,109,1121,13
"8682",2021-01-14,7048,53.6,11331,59,86.9,873,19
"8683",2021-01-14,7055,62.4,15795,94,132.4,1258,18
"8684",2021-01-14,7057,58.9,13894,46,88.1,563,7
"8685",2021-01-14,7064,53.3,13837,65,103.2,1813,14
"8686",2021-01-14,7068,55.3,15887,69,92.6,1370,11
"8687",2021-01-14,7078,53.6,13632,75,111.1,1043,21
"8688",2021-01-14,7095,48.6,13274,67,119.8,1400,10
"8689",2021-01-14,7110,58.7,12361,75,108.6,1317,11
"8690",2021-01-15,2051,59.9,13746,42,110.5,1743,12
"8691",2021-01-15,3119,57.8,12292,53,110.6,969,7
"8692",2021-01-15,3131,48.4,10393,57,90.5,834,12
"8693",2021-01-15,4008,54.6,13108,86,109.2,1205,12
"8694",2021-01-15,4044,58.8,11661,62,114.6,895,12
"8695",2021-01-15,4080,52,12825,79,101.2,1044,10
"8696",2021-01-15,5035,70.1,19719,57,131.6,792,11
"8697",2021-01-15,5041,55.9,17680,100,114.9,1940,12
"8698",2021-01-15,5042,57.0999999999999,8695,141,93.9,1601,20
"8699",2021-01-15,5046,56.8,14816,33,89.9,3572,21
"8700",2021-01-15,5059,47.8,12810,44,108.4,1466,9
"8701",2021-01-15,5061,59.2,13001,60,114.6,1029,12
"8702",2021-01-15,5096,58.5,10921,62,103.9,919,8
"8703",2021-01-15,5100,53.8,14142,112,93.1,676,19
"8704",2021-01-15,5120,58.7,15554,75,104.6,1366,14
"8705",2021-01-15,5124,60,19177,72,90.6,2213,25
"8706",2021-01-15,5135,56,10373,47,81,764,6
"8707",2021-01-15,6005,52.8,13681,86,106.7,835,10
"8708",2021-01-15,6020,52.6,12016,64,86.1,474,9
"8709",2021-01-15,6022,57.3,15384,88,120.8,1240,11
"8710",2021-01-15,6029,56.9,13275,49,105.4,933,10
"8711",2021-01-15,6041,53.9,14844,62,94.4,413,9
"8712",2021-01-15,6043,50.4,13035,43,74.2,734,6
"8713",2021-01-15,6050,41.4,10192,52,75.7,1137,8
"8714",2021-01-15,6055,46.8,11228,68,79,678,8
"8715",2021-01-15,6061,53.6,19278,55,94.5,1431,8
"8716",2021-01-15,6067,59.3,12900,38,124.3,1356,14
"8717",2021-01-15,6084,54.9,14452,38,116.4,733,7
"8718",2021-01-15,6085,67.8,15396,37,135.5,1654,19
"8719",2021-01-15,6087,45,15812,49,78.6,747,10
"8720",2021-01-15,6090,55.1,12339,91,92.5,891,19
"8721",2021-01-15,6092,55,16508,57,111.9,1371,13
"8722",2021-01-15,7018,46.2,12291,52,73.8,490,9
"8723",2021-01-15,7019,50.1,10471,48,91.3,655,10
"8724",2021-01-15,7022,60.6,16474,65,126.5,1645,15
"8725",2021-01-15,7025,54.9,14985,53,118.7,687,9
"8726",2021-01-15,7032,52.7,17963,91,105.9,1006,13
"8727",2021-01-15,7033,49.4,12460,81,85.4,2487,27
"8728",2021-01-15,7045,57.8,14117,57,104,672,7
"8729",2021-01-15,7046,59.8,16024,124,106.1,954,15
"8730",2021-01-15,7048,55.4,11899,52,98.7,696,8
"8731",2021-01-15,7055,58.4,13787,64,121.5,1191,17
"8732",2021-01-15,7057,51.4,11469,38,94.7,571,5
"8733",2021-01-15,7064,62,15375,53,104,1125,9
"8734",2021-01-15,7068,52.9,15621,50,107.6,1315,16
"8735",2021-01-15,7078,52.5,14350,72,103.6,664,11
"8736",2021-01-15,7095,54.9,13382,64,111.9,1375,11
"8737",2021-01-15,7110,56,11275,61,95.4,1233,9
"8738",2021-01-16,2051,46.9,10583,41,118.9,1180,14
"8739",2021-01-16,3119,57.4,10971,55,116.9,921,5
"8740",2021-01-16,3131,57.3,11710,62,102.5,953,12
"8741",2021-01-16,4008,59.8,12968,101,120.2,876,10
"8742",2021-01-16,4044,56.8,10253,68,110.6,595,8
"8743",2021-01-16,4080,55.4,12740,83,99.4,950,16
"8744",2021-01-16,5035,64.8,16645,57,139.7,806,8
"8745",2021-01-16,5041,64.9,18066,110,102.8,1785,11
"8746",2021-01-16,5042,59.5,9045,153,91,1498,20
"8747",2021-01-16,5046,52.5,12803,30,80.7,3334,16
"8748",2021-01-16,5059,55.7,15199,60,137.6,2006,11
"8749",2021-01-16,5061,58.5,12540,64,114.9,1030,12
"8750",2021-01-16,5096,57.3,10822,73,106.4,884,12
"8751",2021-01-16,5100,49,14327,88,97.4,598,17
"8752",2021-01-16,5120,52.9,12772,57,82,1039,10
"8753",2021-01-16,5124,48.9,14482,60,68.7,1610,19
"8754",2021-01-16,5135,55,9716,47,80.4,690,6
"8755",2021-01-16,6005,50.3,12454,74,96,833,8
"8756",2021-01-16,6020,67.9,14396,77,93.3,463,12
"8757",2021-01-16,6022,69,17154,88,141.9,1969,26
"8758",2021-01-16,6029,96.8,14234,48,121.5,1156,10
"8759",2021-01-16,6041,57.3,16926,71,110.3,434,9
"8760",2021-01-16,6043,47.3,10945,48,82.4,694,6
"8761",2021-01-16,6050,43.5,11436,57,75.1,1036,7
"8762",2021-01-16,6055,44.2,10788,68,78.8,561,11
"8763",2021-01-16,6061,60.4,20174,71,86.2,1295,6
"8764",2021-01-16,6067,67,14402,47,128,1423,10
"8765",2021-01-16,6084,55.3,14249,46,115.5,1175,8
"8766",2021-01-16,6085,53.4,11896,47,95,1073,15
"8767",2021-01-16,6087,60.6,18999,65,105.5,889,9
"8768",2021-01-16,6090,51.9,9402,84,96,1213,14
"8769",2021-01-16,6092,52.9,14358,47,110.6,1292,16
"8770",2021-01-16,7018,46.4,11581,49,63.5,489,8
"8771",2021-01-16,7019,55.7,11458,54,85.6,454,6
"8772",2021-01-16,7022,50.5,14137,58,94.3,1139,13
"8773",2021-01-16,7025,52.7,12350,56,101.6,838,7
"8774",2021-01-16,7032,51.5,16123,90,103.7,1020,9
"8775",2021-01-16,7033,47.9,11794,67,86.5,2551,21
"8776",2021-01-16,7045,58.8,12659,71,121.5,833,8
"8777",2021-01-16,7046,53.9,14538,138,86.8,1012,16
"8778",2021-01-16,7048,50.7,10565,60,109.4,1000,11
"8779",2021-01-16,7055,55.4,12168,62,125.9,1038,13
"8780",2021-01-16,7057,62.6,13341,40,84.6,467,7
"8781",2021-01-16,7064,59.7,13943,52,105.3,1380,11
"8782",2021-01-16,7068,56.8,15613,64,80.2,946,9
"8783",2021-01-16,7078,57.7,13048,60,111.2,832,12
"8784",2021-01-16,7095,48.6,11809,53,111.1,1445,9
"8785",2021-01-16,7110,67.1,10073,64,82.7,1354,11
"8786",2021-01-17,2051,62.2,13458,44,109.1,960,8
"8787",2021-01-17,3119,44.2,8014,42,75.5,788,7
"8788",2021-01-17,3131,52.6,11131,63,97.9,1025,10
"8789",2021-01-17,4008,59.6,12506,88,114.8,669,10
"8790",2021-01-17,4044,56.5,10663,71,99.5,645,16
"8791",2021-01-17,4080,46.7,9956,72,86.9,985,13
"8792",2021-01-17,5035,62.3,16147,68,141.8,761,12
"8793",2021-01-17,5041,51.8,15077,83,93.9,1803,10
"8794",2021-01-17,5042,52,8383,133,82.9,1456,12
"8795",2021-01-17,5046,45.5,12029,22,90.5,3480,19
"8796",2021-01-17,5059,52.4,13169,65,109.3,1859,14
"8797",2021-01-17,5061,56,11554,58,118.5,878,10
"8798",2021-01-17,5096,59.3,10569,72,96.5,747,9
"8799",2021-01-17,5100,47.6,13948,122,105.1,601,15
"8800",2021-01-17,5120,63.1,16021,82,111.5,1455,11
"8801",2021-01-17,5124,52.5,15449,58,91.4,1860,26
"8802",2021-01-17,5135,62.1,11456,66,109.9,980,11
"8803",2021-01-17,6005,53.8,12670,85,92.8,732,8
"8804",2021-01-17,6020,57.5,12317,67,91.3,422,9
"8805",2021-01-17,6022,63.5,14427,75,142.6,1304,17
"8806",2021-01-17,6029,58.7,13426,57,131.1,1148,9
"8807",2021-01-17,6041,55.8,15277,75,117.4,504,11
"8808",2021-01-17,6043,45.8,9409,42,67.9,489,4
"8809",2021-01-17,6050,43.8,10868,64,78,1075,10
"8810",2021-01-17,6055,46.4,11523,92,78,530,14
"8811",2021-01-17,6061,67.7,23223,76,111,1822,7
"8812",2021-01-17,6067,62.6,13434,52,125.3,1513,18
"8813",2021-01-17,6084,49,11449,34,109.1,614,9
"8814",2021-01-17,6085,34.8,7801,188,102.2,1268,16
"8815",2021-01-17,6087,45.3,13228,36,93.5,689,11
"8816",2021-01-17,6090,46.5,9590,73,85.6,906,15
"8817",2021-01-17,6092,59.3,16048,61,101.4,1156,17
"8818",2021-01-17,7018,45.3,10976,47,65.9,421,10
"8819",2021-01-17,7019,52.2,11492,58,87.3,500,7
"8820",2021-01-17,7022,56.4,14879,53,124.6,1483,14
"8821",2021-01-17,7025,51.4,12644,61,109.2,729,8
"8822",2021-01-17,7032,59.3,18014,115,111.1,1020,13
"8823",2021-01-17,7033,45.7,11477,68,86.2,2409,28
"8824",2021-01-17,7045,52.3,11172,68,105.2,1012,12
"8825",2021-01-17,7046,62.2,16171,152,103.1,938,10
"8826",2021-01-17,7048,53.5,10628,57,101,902,9
"8827",2021-01-17,7055,67.8,14940,90,132.6,1329,16
"8828",2021-01-17,7057,48.9,12189,47,93,691,9
"8829",2021-01-17,7064,53.5,13151,70,98.8,1367,13
"8830",2021-01-17,7068,58.9,15189,61,111.9,1032,12
"8831",2021-01-17,7078,64.9,15102,79,123.8,1531,20
"8832",2021-01-17,7095,54.2,12550,60,118.4,1316,11
"8833",2021-01-17,7110,63.9,12196,70,115.4,1554,10
"8834",2021-01-18,2051,48.9,10499,27,99.5,1099,8
"8835",2021-01-18,3119,66.8,12076,53,135.7,1245,13
"8836",2021-01-18,3131,59.6,12557,65,106.7,1138,10
"8837",2021-01-18,4008,57.5,12276,88,112.1,707,9
"8838",2021-01-18,4044,56.4,10292,62,108.7,656,8
"8839",2021-01-18,4080,58.6,12479,71,102.4,1034,12
"8840",2021-01-18,5035,60.8,16598,49,115.7,626,7
"8841",2021-01-18,5041,56,15544,94,90.7,1807,13
"8842",2021-01-18,5042,65.3,9424,177,99,1476,16
"8843",2021-01-18,5046,64.8,14091,24,89.1,3272,19
"8844",2021-01-18,5059,54.6,14570,59,92.8,1463,12
"8845",2021-01-18,5061,59,12405,57,112.4,978,13
"8846",2021-01-18,5096,61.7,11327,70,117.1,981,11
"8847",2021-01-18,5100,54.3,15590,93,102.9,673,18
"8848",2021-01-18,5120,34.8,9254,44,54.8,912,9
"8849",2021-01-18,5124,50.6,15622,52,76.3,2039,21
"8850",2021-01-18,5135,52.8,9672,45,70.5,700,8
"8851",2021-01-18,6005,55,13221,95,105.4,860,9
"8852",2021-01-18,6020,57.8,12483,74,96.1,454,10
"8853",2021-01-18,6022,55.9,13857,65,123.9,1227,15
"8854",2021-01-18,6029,35,8698,27,59,804,10
"8855",2021-01-18,6041,57.7,15407,69,103.2,440,9
"8856",2021-01-18,6043,47.4,9640,33,81.3,828,7
"8857",2021-01-18,6050,37.6,8921,42,60.3,646,7
"8858",2021-01-18,6055,47.8,11015,82,77.6,692,9
"8859",2021-01-18,6061,55.6,18466,56,89.5,2029,12
"8860",2021-01-18,6067,58.8,11351,34,97.3,1014,12
"8861",2021-01-18,6084,51.7,12615,34,114.9,779,10
"8862",2021-01-18,6085,79.5,13960,33,111.9,1206,14
"8863",2021-01-18,6087,52.1,15571,42,86.2,805,7
"8864",2021-01-18,6090,51.4,10072,81,91,1145,13
"8865",2021-01-18,6092,49.3,15134,69,98.1,1049,11
"8866",2021-01-18,7018,44.5,10637,63,58.8,346,6
"8867",2021-01-18,7019,53.6,11629,62,79.9,409,5
"8868",2021-01-18,7022,58.7,13950,42,105.6,1097,15
"8869",2021-01-18,7025,57.4,13520,52,96.7,619,9
"8870",2021-01-18,7032,63.8,19114,115,111.5,1049,18
"8871",2021-01-18,7033,51.4,11522,75,89.5,2243,22
"8872",2021-01-18,7045,52.7,11487,47,104.7,671,8
"8873",2021-01-18,7046,57.9,14468,112,114.5,885,7
"8874",2021-01-18,7048,61.3,11803,66,114.2,892,13
"8875",2021-01-18,7055,65.4,14856,72,134,1247,19
"8876",2021-01-18,7057,45.3,9518,26,68.4,438,7
"8877",2021-01-18,7064,65.5,15021,59,109.6,1391,8
"8878",2021-01-18,7068,50.8,15583,87,90.8,963,15
"8879",2021-01-18,7078,60.9,15969,73,111.8,947,16
"8880",2021-01-18,7095,57.7,12405,50,130.2,1446,16
"8881",2021-01-18,7110,56.8,10338,55,101.1,1388,11
"8882",2021-01-19,2051,58,12024,51,118.5,1116,7
"8883",2021-01-19,3119,56.6,10571,39,107.8,1113,11
"8884",2021-01-19,3131,43.6,8655,54,84.4,707,7
"8885",2021-01-19,4008,61,12803,120,120.7,884,12
"8886",2021-01-19,4044,60.7,10853,54,112.3,555,9
"8887",2021-01-19,4080,47.9,9479,88,75.8,877,17
"8888",2021-01-19,5035,63.2,16300,53,153.6,886,11
"8889",2021-01-19,5041,58.3,16950,104,105.8,1714,9
"8890",2021-01-19,5042,56.2,8143,145,92.1,1234,16
"8891",2021-01-19,5046,51.1,11620,41,93.3,3589,22
"8892",2021-01-19,5059,65.8,15713,57,134.8,2148,18
"8893",2021-01-19,5061,54.5,11174,64,109.3,740,12
"8894",2021-01-19,5096,58.7,10586,83,100,650,9
"8895",2021-01-19,5100,42,10560,70,96.4,660,11
"8896",2021-01-19,5120,65.3,17841,68,113.7,1370,16
"8897",2021-01-19,5124,19,5987,22,36.5,983,9
"8898",2021-01-19,5135,56.1,9311,51,82,659,7
"8899",2021-01-19,6005,55,12393,81,107.3,878,9
"8900",2021-01-19,6020,61.5,13629,60,88.3,466,9
"8901",2021-01-19,6022,63.9,15308,77,140.3,1064,16
"8902",2021-01-19,6029,57.4,12511,53,126.3,1533,11
"8903",2021-01-19,6041,62.5,17067,84,116.1,558,11
"8904",2021-01-19,6043,48.7,10559,46,69.4,772,6
"8905",2021-01-19,6050,46.9,10593,45,89,1129,8
"8906",2021-01-19,6055,48.9,10591,71,75.3,710,11
"8907",2021-01-19,6061,57.1,19566,78,95,1423,11
"8908",2021-01-19,6067,72.9,15119,73,126.5,1346,11
"8909",2021-01-19,6084,63.2,15604,53,126.1,856,9
"8910",2021-01-19,6085,56.9,11601,32,126.4,1265,11
"8911",2021-01-19,6087,64.2,16135,57,104.1,771,5
"8912",2021-01-19,6090,47.3,8964,91,90.5999999999999,999,19
"8913",2021-01-19,6092,59.4,16855,65,117.4,1180,13
"8914",2021-01-19,7018,48,11686,61,70.3,406,6
"8915",2021-01-19,7019,51,11636,59,77.8,465,7
"8916",2021-01-19,7022,60.8,13117,72,117.6,1477,18
"8917",2021-01-19,7025,52.2,13944,49,104.6,747,9
"8918",2021-01-19,7032,57.1,17900,110,122,1064,16
"8919",2021-01-19,7033,50.2,11442,66,88.1,2598,32
"8920",2021-01-19,7045,60.9,13004,65,125.3,958,10
"8921",2021-01-19,7046,66.6,16109,139,105.7,800,13
"8922",2021-01-19,7048,60.3,10813,65,108.4,862,15
"8923",2021-01-19,7055,62.2,15464,93,123.9,1173,14
"8924",2021-01-19,7057,64.4,14393,45,107.8,763,8
"8925",2021-01-19,7064,61.1,13444,57,109.6,1335,11
"8926",2021-01-19,7068,60.4,16822,67,115.6,1091,9
"8927",2021-01-19,7078,53.8,12008,66,113.5,989,18
"8928",2021-01-19,7095,49,10734,45,119.6,1479,13
"8929",2021-01-19,7110,57.4,10030,55,93.2,1006,8
"8930",2021-01-20,2051,62.2,11977,42,103.9,1224,9
"8931",2021-01-20,3119,41.3,5596,50,75.8,517,11
"8932",2021-01-20,3131,64,10452,82,102.9,929,15
"8933",2021-01-20,4008,58.9,11160,105,106.9,844,10
"8934",2021-01-20,4044,59.4,10964,82,115.4,570,11
"8935",2021-01-20,4080,54.5,10610,79,98,1075,15
"8936",2021-01-20,5035,70.4,17584,59,128.9,782,13
"8937",2021-01-20,5041,56.6,15386,108,100.3,1838,12
"8938",2021-01-20,5042,60.2999999999999,8644,176,90.9,1215,13
"8939",2021-01-20,5046,54.8,12267,43,81.5,3214,20
"8940",2021-01-20,5059,57.7,14532,61,106.3,1812,14
"8941",2021-01-20,5061,64.2,13015,67,118.6,1120,12
"8942",2021-01-20,5096,59.2,9071,58,88.3,572,7
"8943",2021-01-20,5100,58.1,13401,128,102.3,519,13
"8944",2021-01-20,5120,62.9,15747,91,97.6,1068,8
"8945",2021-01-20,5124,56.7,13598,46,101.4,1494,16
"8946",2021-01-20,5135,14.6,2600,14,17.3,129,2
"8947",2021-01-20,6005,54.1,11436,97,95.8,683,8
"8948",2021-01-20,6020,64.4,13728,85,97.3,491,9
"8949",2021-01-20,6022,69.9,15422,90,133.9,1065,16
"8950",2021-01-20,6029,67.5,13135,71,97.1,1051,12
"8951",2021-01-20,6041,61.3,16194,89,107.1,499,9
"8952",2021-01-20,6043,42.1,8618,40,64.4,600,6
"8953",2021-01-20,6050,46.3,10354,62,69.1,1053,10
"8954",2021-01-20,6055,40.1,9146,65,60.1,418,10
"8955",2021-01-20,6061,59.1,18622,89,106.6,1430,12
"8956",2021-01-20,6067,70.4,14463,64,119.6,1289,17
"8957",2021-01-20,6084,55.4,12910,64,108.8,676,7
"8958",2021-01-20,6085,61.5,12154,56,114.8,1006,10
"8959",2021-01-20,6087,55.7,16421,63,100.2,773,9
"8960",2021-01-20,6090,54.2,10961,83,89.5,1045,15
"8961",2021-01-20,6092,59.6,15185,74,105.5,1215,16
"8962",2021-01-20,7018,42.5,10370,66,61.7,497,6
"8963",2021-01-20,7019,19.4,4642,33,20.7,112,3
"8964",2021-01-20,7022,53.9,12478,56,91.7,1008,11
"8965",2021-01-20,7025,66.3,16252,53,111.1,727,10
"8966",2021-01-20,7032,62.1,18857,122,111.7,1417,17
"8967",2021-01-20,7033,47.3,10136,84,82.2,2060,23
"8968",2021-01-20,7045,56.5,11321,71,97.1,766,9
"8969",2021-01-20,7046,53,11648,119,90.5,613,9
"8970",2021-01-20,7048,54.9,10499,55,93.4,964,10
"8971",2021-01-20,7055,61.2,13583,84,135.5,1288,15
"8972",2021-01-20,7057,54.3,10301,51,72.7,409,6
"8973",2021-01-20,7064,61.5,13895,61,108.7,1401,10
"8974",2021-01-20,7068,60.7,15774,63,106.2,944,6
"8975",2021-01-20,7078,61.7,14648,67,119.2,1051,13
"8976",2021-01-20,7095,59,12714,57,122.3,1130,13
"8977",2021-01-20,7110,61.1,11788,68,115.6,1242,6
"8978",2021-01-21,2051,59.2,12916,42,105.4,1302,12
"8979",2021-01-21,3119,35.9,6390,34,58,472,8
"8980",2021-01-21,3131,15.9,3031,17,44.3,402,6
"8981",2021-01-21,4008,62.3000000000001,13343,111,121,1102,15
"8982",2021-01-21,4044,47.5,9441,61,97.8,391,8
"8983",2021-01-21,4080,53.9,11086,95,99.6,1140,20
"8984",2021-01-21,5035,64.3,17104,69,147.8,873,13
"8985",2021-01-21,5041,62.7,17531,131,111,2274,18
"8986",2021-01-21,5042,64.5,10514,170,90.7,1495,19
"8987",2021-01-21,5046,55.9,13153,27,88.2,3465,21
"8988",2021-01-21,5059,63.5,15941,95,112.4,1695,10
"8989",2021-01-21,5061,63.1,14141,75,121.7,949,13
"8990",2021-01-21,5096,58.2,8042,83,93.3,482,7
"8991",2021-01-21,5100,51.7,13037,126,95.8,497,13
"8992",2021-01-21,5120,54.1,13742,64,95.3,1262,12
"8993",2021-01-21,5124,52,17145,90,75.1,1594,23
"8994",2021-01-21,6005,51.2,11730,136,91.7,1020,9
"8995",2021-01-21,6020,62.1,14979,104,100.5,537,11
"8996",2021-01-21,6022,59.1,14342,106,132.9,1350,11
"8997",2021-01-21,6029,60.2,12832,61,119.6,1112,10
"8998",2021-01-21,6041,57.3,16065,90,113.2,657,10
"8999",2021-01-21,6043,54.8,11873,48,87.5,803,8
"9000",2021-01-21,6050,49.2,10375,85,92.2,951,11
"9001",2021-01-21,6055,50.2,11522,103,87.6,662,14
"9002",2021-01-21,6061,53.4,17526,83,94.2,1151,8
"9003",2021-01-21,6067,55.1,11330,51,91.7,1148,12
"9004",2021-01-21,6084,56.3,14707,96,121.9,848,15
"9005",2021-01-21,6085,50.2,10190,75,95.8,862,11
"9006",2021-01-21,6086,13.8,2999,18,21.5,127,5
"9007",2021-01-21,6087,43.5,14025,51,84.1,735,10
"9008",2021-01-21,6090,49.1,9114,113,86.4,1056,18
"9009",2021-01-21,6092,53.1,14641,61,107.2,1217,16
"9010",2021-01-21,7018,40.2,11564,61,60.9,354,6
"9011",2021-01-21,7022,52.6,10323,87,82,697,18
"9012",2021-01-21,7025,43.6,11835,51,101,579,7
"9013",2021-01-21,7032,51.8,18933,128,102.6,963,17
"9014",2021-01-21,7033,50,11377,81,93.7,2242,30
"9015",2021-01-21,7045,57.4,12679,66,114.5,690,10
"9016",2021-01-21,7046,72.4,16807,157,126.7,1139,14
"9017",2021-01-21,7048,49.2,10006,67,95.2,608,8
"9018",2021-01-21,7055,23.5,6838,20,60.2,548,5
"9019",2021-01-21,7057,56.2,11576,49,91,505,8
"9020",2021-01-21,7064,56.1,13386,58,101.1,1025,9
"9021",2021-01-21,7068,51.9,15122,76,87.1,932,12
"9022",2021-01-21,7078,61.8,15562,75,108.9,862,20
"9023",2021-01-21,7095,39.4,10124,66,121.1,1456,12
"9024",2021-01-21,7109,31.7,3265,133,42,130,9
"9025",2021-01-21,7110,49,9343,52,79.3,1008,11
"9026",2021-01-21,7114,35,7492,75,65.9,482,13
"9027",2021-01-21,7116,31.5,7037,51,42.5,226,12
"9028",2021-01-21,7136,23.8,4617,63,41,164,6
"9029",2021-01-22,2051,54.8,11494,39,117.7,2312,22
"9030",2021-01-22,4008,59,11770,110,113.8,818,14
"9031",2021-01-22,4044,48.9,9943,65,104,637,16
"9032",2021-01-22,4080,56.4,11667,79,100,1177,19
"9033",2021-01-22,5035,60.1,15294,56,121.2,759,12
"9034",2021-01-22,5041,55.5,16390,113,93,1599,11
"9035",2021-01-22,5042,61.5,10570,156,89.1,1052,17
"9036",2021-01-22,5046,56.7,14520,45,93.4,4163,24
"9037",2021-01-22,5059,53.5,14137,50,117.9,2156,17
"9038",2021-01-22,5061,53.5,12806,76,105.9,957,13
"9039",2021-01-22,5096,61.5,7564,86,111.5,549,8
"9040",2021-01-22,5100,58.2000000000001,13532,123,107.1,552,14
"9041",2021-01-22,5120,60.3,16369,65,95.5,1370,20
"9042",2021-01-22,5124,52.9,16171,63,77.2,1633,23
"9043",2021-01-22,6005,57,13093,108,104.8,1168,14
"9044",2021-01-22,6020,61.9,14407,85,86.2,488,11
"9045",2021-01-22,6022,63.6,15814,83,123.5,1142,17
"9046",2021-01-22,6029,66.7,14587,50,117.1,1473,17
"9047",2021-01-22,6041,59.3,16714,78,104.2,436,9
"9048",2021-01-22,6043,44.6,11019,47,72.5,749,8
"9049",2021-01-22,6050,42,10218,62,78.4,1402,14
"9050",2021-01-22,6055,47.2,10638,100,75,485,16
"9051",2021-01-22,6061,56.8,20571,92,94.9,1910,12
"9052",2021-01-22,6067,61.9,13602,48,124.1,1241,19
"9053",2021-01-22,6084,51.9,13632,58,107.1,731,9
"9054",2021-01-22,6085,66.2,13872,55,128.7,1213,17
"9055",2021-01-22,6086,56.5,16437,85,95.7,718,14
"9056",2021-01-22,6087,57.4,16616,56,108.5,901,12
"9057",2021-01-22,6090,45.1,9188,73,80.9,946,13
"9058",2021-01-22,6092,51.4,15369,77,100.1,1131,13
"9059",2021-01-22,7018,47.3,11744,58,54,328,7
"9060",2021-01-22,7022,59.8,14360,69,125.9,1401,27
"9061",2021-01-22,7025,57.7,15191,53,109.2,592,11
"9062",2021-01-22,7032,54.8,17847,104,103.5,1246,27
"9063",2021-01-22,7033,47.9,11345,81,78.9,1952,24
"9064",2021-01-22,7045,53.1,11028,74,99.1,628,8
"9065",2021-01-22,7046,63.2,16248,162,110.6,1035,14
"9066",2021-01-22,7048,55.3,11092,73,93.9,735,13
"9067",2021-01-22,7057,52.3,9720,34,82.2,648,11
"9068",2021-01-22,7064,64.1,15763,66,105.5,1090,14
"9069",2021-01-22,7068,57,16008,61,98.9,831,12
"9070",2021-01-22,7078,57.4,15813,69,105.6,773,13
"9071",2021-01-22,7095,59.8,14462,87,129.3,1085,12
"9072",2021-01-22,7109,54.7,8871,161,86.1,297,9
"9073",2021-01-22,7110,56.3,11492,58,100.2,1305,9
"9074",2021-01-22,7114,49.6,11795,82,76.1,710,11
"9075",2021-01-22,7116,50.8,12378,61,87.4,584,24
"9076",2021-01-22,7136,58.4,14385,77,97.3,518,13
"9077",2021-01-23,2051,56,11867,42,102.1,1133,14
"9078",2021-01-23,4008,53.1,11533,85,100.5,723,11
"9079",2021-01-23,4044,57.3,11459,69,107.1,440,10
"9080",2021-01-23,4080,50.6,10651,70,106.6,1111,18
"9081",2021-01-23,5035,66.1,18555,48,134,926,14
"9082",2021-01-23,5041,57.1,16200,122,88.5,1459,8
"9083",2021-01-23,5042,58.3,9320,173,92.1,1916,24
"9084",2021-01-23,5046,52.9,13043,23,82.1,3351,19
"9085",2021-01-23,5059,49.5,13717,50,99.6,1664,18
"9086",2021-01-23,5061,45.7,10353,46,96,751,13
"9087",2021-01-23,5096,52.1,9317,55,97.7,861,10
"9088",2021-01-23,5100,44.7,11143,74,76.2,433,10
"9089",2021-01-23,5120,52.5,13370,61,88.3,910,10
"9090",2021-01-23,5124,49.3,14477,62,70.3,1162,20
"9091",2021-01-23,6005,52.5,10090,80,84.3,733,6
"9092",2021-01-23,6020,59.4,13905,70,82.9,404,11
"9093",2021-01-23,6022,65.4,16450,83,126.5,1125,17
"9094",2021-01-23,6029,57.3,14044,45,102.3,1418,11
"9095",2021-01-23,6041,54.3,16038,70,100.9,460,9
"9096",2021-01-23,6043,46.1,10742,39,75.7,608,5
"9097",2021-01-23,6050,40.2,9769,51,67.1,1058,9
"9098",2021-01-23,6055,44,12250,93,65.4,547,13
"9099",2021-01-23,6061,50.9,18966,96,87.4,1218,9
"9100",2021-01-23,6067,67.3,15096,50,124.1,1210,13
"9101",2021-01-23,6084,56.1,14941,49,117.9,752,10
"9102",2021-01-23,6085,57.4,12788,51,114,988,12
"9103",2021-01-23,6086,47.3,15404,68,88.7,603,11
"9104",2021-01-23,6087,50.5,16011,56,89.5,692,13
"9105",2021-01-23,6090,50.8,10841,97,92.2,1109,17
"9106",2021-01-23,6092,48.5,16054,69,97.9,1095,12
"9107",2021-01-23,7018,39.4,11212,58,55.8,319,9
"9108",2021-01-23,7022,46.8,11645,52,94.4,1093,13
"9109",2021-01-23,7025,41.7,11647,42,79.6,421,8
"9110",2021-01-23,7032,55.8,19849,125,113.9,1077,15
"9111",2021-01-23,7033,41.3,10298,68,82,1717,25
"9112",2021-01-23,7045,54.3,12206,57,107.6,796,11
"9113",2021-01-23,7046,53.9,14177,117,97.5,1042,15
"9114",2021-01-23,7048,49.3,11130,51,102.2,697,8
"9115",2021-01-23,7057,53.6,12807,38,85,535,8
"9116",2021-01-23,7064,59,16345,62,105.5,1027,10
"9117",2021-01-23,7068,56,16576,73,116.7,1217,12
"9118",2021-01-23,7078,52.4,13097,67,111.8,815,13
"9119",2021-01-23,7095,52.1,13929,65,126.1,1603,14
"9120",2021-01-23,7109,43.9,9707,101,77.7,373,12
"9121",2021-01-23,7110,58.1,12506,60,102.8,1369,17
"9122",2021-01-23,7114,54.7,14966,65,111.1,998,12
"9123",2021-01-23,7116,45.8,13076,49,76.3,461,15
"9124",2021-01-23,7136,57,16022,57,117.7,747,12
"9125",2021-01-24,2051,56.8,12223,40,106.5,1144,16
"9126",2021-01-24,4008,62.7,12910,101,106.1,1069,17
"9127",2021-01-24,4044,51.4,10680,56,81.8,933,18
"9128",2021-01-24,4080,47.1,10380,75,76.6,842,16
"9129",2021-01-24,5035,67.5,17510,58,128.5,898,14
"9130",2021-01-24,5041,55.1,16620,119,96.2,1578,9
"9131",2021-01-24,5042,49.3,8322,134,75.5,1283,17
"9132",2021-01-24,5046,54.1,13519,29,84,3578,25
"9133",2021-01-24,5059,58.3,16704,60,111,1925,16
"9134",2021-01-24,5061,57.4,12950,75,102.3,1062,13
"9135",2021-01-24,5096,54.3,9343,58,100.9,844,8
"9136",2021-01-24,5100,58.3,16029,100,106.1,637,13
"9137",2021-01-24,5120,56.2,14604,71,94,1082,10
"9138",2021-01-24,5124,57.3,18141,72,78.9,2328,20
"9139",2021-01-24,6005,57.3,13347,92,103.9,910,9
"9140",2021-01-24,6020,55,13985,76,92.4,637,15
"9141",2021-01-24,6022,70.7,14749,80,126,1215,21
"9142",2021-01-24,6029,66.1,15167,64,108.2,1226,12
"9143",2021-01-24,6041,57.1,16630,81,106.2,552,8
"9144",2021-01-24,6043,44.7,11177,48,76.7,761,7
"9145",2021-01-24,6050,46.7,11257,73,74.9,1083,14
"9146",2021-01-24,6055,41.2,10536,84,70.3,560,10
"9147",2021-01-24,6061,59.6,22417,71,96.9,1473,6
"9148",2021-01-24,6067,49,11582,48,89.9,906,9
"9149",2021-01-24,6084,47.4,13191,36,87.9,689,9
"9150",2021-01-24,6085,67.3,15547,50,124,1358,18
"9151",2021-01-24,6086,54.6,16867,45,97.1,707,9
"9152",2021-01-24,6087,53.1,17195,53,88,645,9
"9153",2021-01-24,6090,45.8,9298,79,74.9,856,20
"9154",2021-01-24,6092,62.9,19575,62,106.4,1335,13
"9155",2021-01-24,7018,49.1,13249,63,61.6,382,9
"9156",2021-01-24,7022,59.2,15168,76,97.5,1001,14
"9157",2021-01-24,7025,59,15639,53,107.1,678,10
"9158",2021-01-24,7032,63.7,19712,89,100.8,1069,12
"9159",2021-01-24,7033,49.7,12563,76,81.6,2443,29
"9160",2021-01-24,7045,61.4,13194,61,115.4,792,11
"9161",2021-01-24,7046,59.1,15509,129,95.9,815,17
"9162",2021-01-24,7048,62.8,13302,65,100.2,782,13
"9163",2021-01-24,7057,50.4,11934,25,81.8,575,6
"9164",2021-01-24,7064,56.2,14262,53,108.2,1138,11
"9165",2021-01-24,7068,47,14510,64,78.4,1122,7
"9166",2021-01-24,7078,54.3,13771,60,102,902,12
"9167",2021-01-24,7095,49.6,13093,65,105.8,1356,17
"9168",2021-01-24,7109,59.3,10048,158,96.5,385,10
"9169",2021-01-24,7110,60.7,12177,63,88.3,1184,11
"9170",2021-01-24,7114,47.4,14972,60,90.8,887,14
"9171",2021-01-24,7116,47.9,13273,50,95.6,734,25
"9172",2021-01-24,7136,54.1,15264,72,93.8,785,12
"9173",2021-01-25,2051,43.5,9985,34,90.6,1250,15
"9174",2021-01-25,4008,60.9,12617,110,119.2,869,16
"9175",2021-01-25,4044,56.7,10457,58,108.3,666,15
"9176",2021-01-25,4080,57.3,12588,58,94.8,918,12
"9177",2021-01-25,5035,58.6,14814,43,117.8,814,11
"9178",2021-01-25,5041,52.5,15528,106,94.1,1624,10
"9179",2021-01-25,5042,63.9,9645,169,100.9,1675,23
"9180",2021-01-25,5046,49.6,12241,29,77.9,3111,28
"9181",2021-01-25,5059,56.5,15187,60,108.8,2069,15
"9182",2021-01-25,5061,59.7,13556,56,115.3,955,13
"9183",2021-01-25,5096,57.2,9610,65,90.6,777,8
"9184",2021-01-25,5100,49.3,14147,71,80.5,650,17
"9185",2021-01-25,5120,55.8,15043,75,88.8,1310,12
"9186",2021-01-25,5124,48.5,14966,67,68.4,1653,26
"9187",2021-01-25,6005,51,12390,85,100,1193,11
"9188",2021-01-25,6020,63.9,15080,75,73.2,486,10
"9189",2021-01-25,6022,59.5,14125,66,129,1264,28
"9190",2021-01-25,6029,57.9,12821,58,105.3,955,10
"9191",2021-01-25,6041,59.8,18060,70,107,533,12
"9192",2021-01-25,6043,46,10297,37,65.3,562,7
"9193",2021-01-25,6050,45.3,10551,63,71.7,1181,13
"9194",2021-01-25,6055,39.9,9717,77,55.6,408,14
"9195",2021-01-25,6061,57.7,20457,94,89.7,1711,11
"9196",2021-01-25,6067,65.6,14582,48,114.8,1396,15
"9197",2021-01-25,6084,55.5,15551,53,103.9,764,16
"9198",2021-01-25,6085,59.4,13242,41,116,1254,16
"9199",2021-01-25,6086,46,14748,42,78.8,607,8
"9200",2021-01-25,6087,51.4,15857,35,97,967,10
"9201",2021-01-25,6090,54.6,11492,88,89.8,1167,17
"9202",2021-01-25,6092,53.6,15806,46,106.3,1170,20
"9203",2021-01-25,7018,40.4,10274,51,60.1,456,8
"9204",2021-01-25,7022,52.7,13074,47,89,907,10
"9205",2021-01-25,7025,47.5,13275,45,83.3,664,9
"9206",2021-01-25,7032,53.7,19033,106,92.7,1114,11
"9207",2021-01-25,7033,45.8,10691,67,82.9,2419,27
"9208",2021-01-25,7045,49.3,11101,54,98.9,1025,15
"9209",2021-01-25,7046,51,14044,117,92.8,797,18
"9210",2021-01-25,7048,45.8,10639,59,57.7,545,11
"9211",2021-01-25,7057,58.1,13697,38,85.2,683,9
"9212",2021-01-25,7064,55,13879,60,93.3,706,11
"9213",2021-01-25,7068,55.9,15959,53,102.6,1166,12
"9214",2021-01-25,7078,54.9,15938,65,105.3,1028,13
"9215",2021-01-25,7095,54.9,13681,63,117.6,1965,19
"9216",2021-01-25,7109,46.1,8673,112,82.8,359,8
"9217",2021-01-25,7110,52,9391,39,90.3,966,10
"9218",2021-01-25,7114,53,16817,74,103.8,1235,17
"9219",2021-01-25,7116,49.9,14462,47,80.3,571,23
"9220",2021-01-25,7136,56.7,15272,52,99.4,644,11
"9221",2021-01-26,2051,65.2,12935,31,97.7,1858,14
"9222",2021-01-26,4008,55.8,11727,98,96.8,565,11
"9223",2021-01-26,4044,56.4,10687,60,119.1,532,10
"9224",2021-01-26,4080,53.2,11739,68,92.2,1237,20
"9225",2021-01-26,5035,67.9,17067,45,134.4,804,10
"9226",2021-01-26,5041,56.5,15933,103,83.3,1907,16
"9227",2021-01-26,5042,61.9,9988,146,80.6,1085,13
"9228",2021-01-26,5046,56.8,13452,27,77.5,2978,23
"9229",2021-01-26,5059,49.3,13376,52,101.8,1524,11
"9230",2021-01-26,5061,47.3,10277,45,93.4,593,9
"9231",2021-01-26,5096,60.1,10268,60,97.8,1072,11
"9232",2021-01-26,5100,54.1,14150,97,93.8,581,11
"9233",2021-01-26,5120,57,14826,65,95.2,1272,17
"9234",2021-01-26,5124,57.1,17388,70,73.4,1723,20
"9235",2021-01-26,6005,58.2,13524,108,97.1,863,10
"9236",2021-01-26,6020,67.6,14259,72,83.6,547,10
"9237",2021-01-26,6022,63.1,14830,65,124.6,1343,16
"9238",2021-01-26,6029,73.7,15139,54,120.4,1157,10
"9239",2021-01-26,6041,59.3,17844,78,102.4,525,9
"9240",2021-01-26,6043,50.2,10989,38,67.1,984,9
"9241",2021-01-26,6050,45.4,10535,52,81.3,1090,9
"9242",2021-01-26,6055,49,12271,84,82.3,564,9
"9243",2021-01-26,6061,52.7,19033,63,86,1446,6
"9244",2021-01-26,6067,68.9,15659,49,125.1,1404,13
"9245",2021-01-26,6084,56.8,14647,45,113.9,886,10
"9246",2021-01-26,6085,60.1,12964,34,105.5,1044,14
"9247",2021-01-26,6086,52.2,16534,55,99.4,756,10
"9248",2021-01-26,6087,47.5,13757,33,76.6,572,6
"9249",2021-01-26,6090,50.7,11070,78,82.3,972,15
"9250",2021-01-26,6092,54.9,16027,59,110.2,1191,14
"9251",2021-01-26,7018,38.2,9421,54,55.4,266,6
"9252",2021-01-26,7022,58.2,15085,46,110.1,1151,13
"9253",2021-01-26,7025,48.3,12610,37,92.7,641,9
"9254",2021-01-26,7032,59,20394,101,112.1,1367,21
"9255",2021-01-26,7033,45.8,10915,64,75.8,2066,23
"9256",2021-01-26,7045,59.9,13407,63,122.1,1146,13
"9257",2021-01-26,7046,60.7,15711,144,103.6,978,17
"9258",2021-01-26,7048,67.6,13296,55,100.4,719,9
"9259",2021-01-26,7057,45.1,10400,29,68.2,485,3
"9260",2021-01-26,7064,58,14862,46,95.3,1276,9
"9261",2021-01-26,7068,62.9,18078,54,100.6,909,10
"9262",2021-01-26,7078,64.2,16977,61,100.7,893,9
"9263",2021-01-26,7095,42.4,10668,50,104.6,1151,10
"9264",2021-01-26,7109,55,10319,115,94.4,452,8
"9265",2021-01-26,7110,58.2,11293,45,88.5,1328,14
"9266",2021-01-26,7114,50.2,15858,58,98.9,878,7
"9267",2021-01-26,7116,54.6,14497,48,89.1,573,14
"9268",2021-01-26,7136,54.7,14980,45,96.9,700,13
"9269",2021-01-27,2051,47.2,10023,41,89,1131,13
"9270",2021-01-27,4008,59.5,12560,113,110.8,877,12
"9271",2021-01-27,4044,56.1,10895,68,100.5,448,8
"9272",2021-01-27,4080,56.1,12723,80,88,1042,19
"9273",2021-01-27,5035,60,16100,57,115.4,686,9
"9274",2021-01-27,5041,54.5,15044,92,87.1,1413,9
"9275",2021-01-27,5042,55.7,9284,155,95.9,1585,21
"9276",2021-01-27,5046,50.7,12949,23,82.3,3188,23
"9277",2021-01-27,5059,65,18129,79,110.7,1889,11
"9278",2021-01-27,5061,60.4,14253,58,109.8,912,12
"9279",2021-01-27,5096,60.9,11052,79,110.8,921,9
"9280",2021-01-27,5100,51.6,14885,92,91.7,577,10
"9281",2021-01-27,5120,50.9,13959,60,79,939,8
"9282",2021-01-27,5124,55.4,17631,70,82.6,1892,21
"9283",2021-01-27,6005,48.8,12114,105,89.7,912,10
"9284",2021-01-27,6020,61,14724,75,94.3,588,8
"9285",2021-01-27,6022,59.9,15585,84,123.3,1230,19
"9286",2021-01-27,6029,55.3,13113,63,98.4,1374,10
"9287",2021-01-27,6041,59.1,16935,90,107.9,505,8
"9288",2021-01-27,6043,49.1,11738,38,83.8,885,7
"9289",2021-01-27,6050,37,10197,57,61.5,948,9
"9290",2021-01-27,6055,44.8,11957,84,73.6,544,13
"9291",2021-01-27,6061,57.7,21437,84,89.1,1737,8
"9292",2021-01-27,6067,56.1,12196,57,98.4,1067,12
"9293",2021-01-27,6084,45,11772,50,95.8,680,8
"9294",2021-01-27,6085,59.1,13287,55,116,1062,10
"9295",2021-01-27,6086,40.9,12867,50,89.7,693,11
"9296",2021-01-27,6087,53.8,15383,51,95.7,753,13
"9297",2021-01-27,6090,53.3,10800,102,87.4,1051,11
"9298",2021-01-27,6092,48.8,13913,46,87.1,824,12
"9299",2021-01-27,7018,49.8,13815,75,66,445,10
"9300",2021-01-27,7022,56.9,16031,72,102.2,1268,12
"9301",2021-01-27,7025,54.4,15102,70,93.2,630,8
"9302",2021-01-27,7032,53.4,19802,126,98.5,1267,13
"9303",2021-01-27,7033,44.8,11090,66,84.1,2327,24
"9304",2021-01-27,7045,51.1,13265,85,89.5,546,6
"9305",2021-01-27,7046,60.3,16998,157,111.8,1329,16
"9306",2021-01-27,7048,57.6,12774,71,107,798,9
"9307",2021-01-27,7057,58.2,14682,63,101.4,672,9
"9308",2021-01-27,7064,61.1,15685,68,104.2,973,12
"9309",2021-01-27,7068,49.9,15309,65,89.9,996,8
"9310",2021-01-27,7078,55.3,14942,90,103.1,1008,10
"9311",2021-01-27,7095,59.2,15213,53,121.1,1682,11
"9312",2021-01-27,7109,53.9,10793,138,90,408,9
"9313",2021-01-27,7110,56.1,11854,61,97.3,1068,12
"9314",2021-01-27,7114,44.7,15141,61,72.6,948,10
"9315",2021-01-27,7116,46.7,14836,51,85,544,14
"9316",2021-01-27,7136,59.8,18092,75,103.5,632,9
"9317",2021-01-28,2051,49.6,10008,36,62.8,1244,8
"9318",2021-01-28,4008,56.9,12575,106,114.1,1125,14
"9319",2021-01-28,4044,54.2,10921,64,102.9,575,10
"9320",2021-01-28,4080,49.5,10934,72,86.8,777,16
"9321",2021-01-28,5035,65.2,18588,62,121,461,7
"9322",2021-01-28,5041,60.6,17649,124,107.4,1801,12
"9323",2021-01-28,5042,58.0999999999999,10306,160,87.6,1278,16
"9324",2021-01-28,5046,48.9,12957,25,82.2,3162,28
"9325",2021-01-28,5059,52,15082,56,98.5,1603,9
"9326",2021-01-28,5061,62,15793,104,127.3,1009,15
"9327",2021-01-28,5096,65.1,12313,78,109.5,854,7
"9328",2021-01-28,5100,53.8,15591,117,85.2,603,8
"9329",2021-01-28,5120,45.2,12977,62,84.3,1106,13
"9330",2021-01-28,5124,53.7,17762,76,75.5,2153,22
"9331",2021-01-28,6005,52.4,12937,92,93.9,726,6
"9332",2021-01-28,6020,58.4,15517,86,79.4,550,8
"9333",2021-01-28,6022,61.5,15833,96,129.9,1249,14
"9334",2021-01-28,6029,69.2,15423,70,108.6,999,10
"9335",2021-01-28,6041,58.8,18119,79,98.1,504,9
"9336",2021-01-28,6043,47.1,11662,43,76,695,7
"9337",2021-01-28,6050,49.7,12696,76,87.8,1268,12
"9338",2021-01-28,6055,38.9,10859,83,60.5,493,12
"9339",2021-01-28,6061,59.9,20473,63,90.7,1384,8
"9340",2021-01-28,6067,72.4,17726,56,135.6,1539,15
"9341",2021-01-28,6084,63.5,17517,64,120.3,829,8
"9342",2021-01-28,6085,61.7,15052,39,116.3,953,13
"9343",2021-01-28,6086,57.7,18061,54,100.7,666,10
"9344",2021-01-28,6087,50.1,15475,36,81.8,683,8
"9345",2021-01-28,6090,43.3,10401,94,70.7,1063,14
"9346",2021-01-28,6092,60.2,17683,78,124,1232,25
"9347",2021-01-28,7018,41.8,10712,54,50.8,334,7
"9348",2021-01-28,7022,54.2,15677,72,101,1064,11
"9349",2021-01-28,7025,45.1,13655,51,95.1,635,10
"9350",2021-01-28,7032,55.8,18694,130,118.2,1209,11
"9351",2021-01-28,7033,49.8,12823,85,82.2,2283,29
"9352",2021-01-28,7045,56.7,14386,73,117.1,615,10
"9353",2021-01-28,7046,61.6,18898,132,100.7,1068,16
"9354",2021-01-28,7048,56.3,12752,68,95.5,956,12
"9355",2021-01-28,7057,53.8,12204,40,59.3,457,3
"9356",2021-01-28,7064,61.5000000000001,17064,73,106.7,1327,11
"9357",2021-01-28,7068,65.2,17947,62,108.5,1104,10
"9358",2021-01-28,7078,55.7,14775,71,114.3,867,13
"9359",2021-01-28,7095,52,13885,89,111.5,1315,11
"9360",2021-01-28,7109,53.1,10835,137,93.4,473,12
"9361",2021-01-28,7110,54.1,12597,52,112.1,1656,19
"9362",2021-01-28,7114,52.3,18846,82,100.7,1069,12
"9363",2021-01-28,7116,49,14477,51,93.1,540,15
"9364",2021-01-28,7136,55.1,15836,57,95.1,689,9
"9365",2021-01-29,2051,61.2,13990,52,107.2,1322,11
"9366",2021-01-29,4008,60.3,11754,109,104.1,766,10
"9367",2021-01-29,4044,61,11330,59,110.7,658,10
"9368",2021-01-29,4080,49.1,10912,64,90.6,815,11
"9369",2021-01-29,5035,68.1,18032,45,143.7,945,13
"9370",2021-01-29,5041,60.4,17754,131,94.7,1667,7
"9371",2021-01-29,5042,60.5,10327,156,82,1349,18
"9372",2021-01-29,5046,59.2,14464,26,85.9,3221,28
"9373",2021-01-29,5059,59.2,17100,66,113.9,2148,17
"9374",2021-01-29,5061,56.6,12388,83,111.5,799,9
"9375",2021-01-29,5096,60.9,10939,60,93.7,687,7
"9376",2021-01-29,5100,53.3,14143,92,98.8,506,9
"9377",2021-01-29,5120,63.8,16726,71,98.5,1355,14
"9378",2021-01-29,5124,54.7,17247,70,71.6,1743,22
"9379",2021-01-29,6005,50.9,12199,87,101.8,739,7
"9380",2021-01-29,6020,61.7,15393,75,97.8,500,10
"9381",2021-01-29,6022,68.6,16823,83,134.8,1355,18
"9382",2021-01-29,6029,71.1,15520,64,125.7,1233,10
"9383",2021-01-29,6041,58.2,17133,87,109,533,9
"9384",2021-01-29,6043,41.1,9340,38,62.7,529,5
"9385",2021-01-29,6050,47.3,11050,61,79.1,1020,11
"9386",2021-01-29,6055,48.1,11811,97,79.1,493,13
"9387",2021-01-29,6061,61.6,20426,62,95.3,1671,11
"9388",2021-01-29,6067,61.3,14133,44,115.3,1226,10
"9389",2021-01-29,6084,49.9,12730,34,115.8,839,9
"9390",2021-01-29,6085,60.9,14176,36,110.6,1298,19
"9391",2021-01-29,6086,47.2,14165,45,83.4,583,5
"9392",2021-01-29,6087,56.7,15839,27,96.8,655,8
"9393",2021-01-29,6090,52,10753,74,90,1259,23
"9394",2021-01-29,6092,54.6,15560,53,103.4,994,9
"9395",2021-01-29,7018,42,10292,61,70.1,412,9
"9396",2021-01-29,7022,61.1,15925,67,116.4,1424,18
"9397",2021-01-29,7025,56.9,14457,52,93.9,609,8
"9398",2021-01-29,7032,58.7,18918,122,98.8,941,11
"9399",2021-01-29,7033,43.4,10430,73,74.5,1967,21
"9400",2021-01-29,7045,50.1,11910,56,95.9,1025,9
"9401",2021-01-29,7046,56.4,16123,138,105.2,1054,16
"9402",2021-01-29,7048,52.2,11655,58,98.7,799,10
"9403",2021-01-29,7057,52.7,12454,34,94.2,583,5
"9404",2021-01-29,7064,62.2,15922,47,93.4,656,7
"9405",2021-01-29,7068,50.7,14286,56,89.8,930,11
"9406",2021-01-29,7078,60.3,14806,82,107.7,762,10
"9407",2021-01-29,7095,56.5,14454,68,122.6,1641,11
"9408",2021-01-29,7109,47.6,8860,114,77.5,355,10
"9409",2021-01-29,7110,49.3,9994,40,80.3,1206,8
"9410",2021-01-29,7114,50.3,17019,80,101.8,1256,12
"9411",2021-01-29,7116,45.5,12778,44,81.7,447,11
"9412",2021-01-29,7136,60.1,15720,54,120.5,1024,13
"9413",2021-01-30,2051,50.5,11827,47,99.2,1773,13
"9414",2021-01-30,4008,49.6,11265,91,100.8,1076,10
"9415",2021-01-30,4044,52.6,11373,71,113.9,562,11
"9416",2021-01-30,4080,45,10051,77,92.6,1025,18
"9417",2021-01-30,5035,61.2,18133,57,139.1,853,10
"9418",2021-01-30,5041,52.9,16696,124,97.5,1816,9
"9419",2021-01-30,5042,58.5,9551,168,89.1,1009,10
"9420",2021-01-30,5046,45.9,10888,36,66.5,2527,24
"9421",2021-01-30,5059,53.7,15554,74,98.7,1866,13
"9422",2021-01-30,5061,51.6,12132,91,105.3,801,10
"9423",2021-01-30,5096,54.1,10067,74,99.3,780,6
"9424",2021-01-30,5100,47.8,12876,135,93,596,10
"9425",2021-01-30,5120,47.4,12024,58,78.9,1094,11
"9426",2021-01-30,5124,44.1,14280,71,70.4,1602,17
"9427",2021-01-30,6005,59.3,15438,141,106.9,868,8
"9428",2021-01-30,6020,59.4,15240,90,82.3,589,8
"9429",2021-01-30,6022,53.9,13326,65,114.1,1295,13
"9430",2021-01-30,6029,62,13493,69,116.6,1270,10
"9431",2021-01-30,6041,51.1,16581,98,94.7,452,7
"9432",2021-01-30,6043,49.1,11637,47,86,879,10
"9433",2021-01-30,6050,42.2,10987,76,67.5,1329,10
"9434",2021-01-30,6055,38.2,9267,89,65.5,377,8
"9435",2021-01-30,6061,61.1,21121,90,85.8,1499,9
"9436",2021-01-30,6067,61.3,14286,51,108.9,1562,16
"9437",2021-01-30,6084,53.1,15071,45,105.5,680,9
"9438",2021-01-30,6085,51.9,12469,56,100.8,1020,9
"9439",2021-01-30,6086,52,15798,57,94.8,699,10
"9440",2021-01-30,6087,49.8,15121,31,87.5,676,6
"9441",2021-01-30,6090,49.8,10335,89,86.8,1766,18
"9442",2021-01-30,6092,54.8,16625,69,102.1,1196,14
"9443",2021-01-30,7018,42.7,11614,57,61.2,395,7
"9444",2021-01-30,7022,53.4,14762,73,102.4,1105,11
"9445",2021-01-30,7025,48.3,13754,58,89.3,570,7
"9446",2021-01-30,7032,53.2,20397,135,110.2,1346,18
"9447",2021-01-30,7033,47.3,12241,96,85.6,2244,29
"9448",2021-01-30,7045,51.7,12971,61,100.1,739,10
"9449",2021-01-30,7046,52.2,13527,123,97.1,731,17
"9450",2021-01-30,7048,58.3,12026,65,100.1,679,8
"9451",2021-01-30,7057,57.5,14362,54,81.1,546,4
"9452",2021-01-30,7064,50,13043,53,101.4,1661,12
"9453",2021-01-30,7068,66.4,18853,66,106.2,1014,9
"9454",2021-01-30,7078,55.5,14166,65,120,870,12
"9455",2021-01-30,7095,48.1,10544,64,103.3,1029,9
"9456",2021-01-30,7109,54.3,10020,119,96.6,391,9
"9457",2021-01-30,7110,62.7,12898,46,113.7,1662,15
"9458",2021-01-30,7114,53.5,15418,72,109.2,1008,9
"9459",2021-01-30,7116,47.9,14412,43,93.7,647,16
"9460",2021-01-30,7136,54.5,15235,59,93.7,599,8
"9461",2021-01-31,2051,52.7,10589,57,90.7,1117,15
"9462",2021-01-31,4008,66.8,14253,101,122.9,1114,13
"9463",2021-01-31,4044,53.6,9390,47,103.6,474,8
"9464",2021-01-31,4080,49.5,10559,54,70.9,588,9
"9465",2021-01-31,5035,62.3,17015,56,128.7,967,11
"9466",2021-01-31,5041,57.2,16661,98,102.2,2254,15
"9467",2021-01-31,5042,54.9000000000001,8445,147,84.7,1660,15
"9468",2021-01-31,5046,51.9,10057,38,81.9,2612,40
"9469",2021-01-31,5059,51.7,12079,47,84.2,1309,11
"9470",2021-01-31,5061,51.7,11171,49,106.6,756,11
"9471",2021-01-31,5096,50,8695,50,88.8,572,7
"9472",2021-01-31,5100,52.7,14611,90,108.7,550,11
"9473",2021-01-31,5120,59.1,14737,60,108.9,1675,10
"9474",2021-01-31,5124,51.8,15869,87,79.8,2074,24
"9475",2021-01-31,6005,45.7,9954,67,88.4,796,10
"9476",2021-01-31,6020,58.2000000000001,13649,72,96.8,560,9
"9477",2021-01-31,6022,65.6,16103,81,151.5,1844,26
"9478",2021-01-31,6029,54.5,12199,54,114.5,1146,9
"9479",2021-01-31,6041,58.1,16274,74,109.7,521,11
"9480",2021-01-31,6043,45,9795,40,76.4,796,8
"9481",2021-01-31,6050,42.3,10337,66,73.1,958,11
"9482",2021-01-31,6055,48.3,11097,82,77.3,492,12
"9483",2021-01-31,6061,50,15676,63,98.7,1682,11
"9484",2021-01-31,6067,67.5,15828,57,115.8,1851,11
"9485",2021-01-31,6084,44.4,10680,33,105.2,619,6
"9486",2021-01-31,6085,53.3,12582,51,108.8,1098,16
"9487",2021-01-31,6086,42.5,13448,50,88.5,641,10
"9488",2021-01-31,6087,52,14864,31,101.9,782,8
"9489",2021-01-31,6090,50.1,9379,86,76.9,1229,17
"9490",2021-01-31,6092,52.5,15173,55,110.3,1087,12
"9491",2021-01-31,7018,47.4,12125,63,66,501,10
"9492",2021-01-31,7022,59.6,15159,65,119.1,1519,24
"9493",2021-01-31,7025,51.7,13904,39,101.2,559,9
"9494",2021-01-31,7032,51.1,16762,89,105.4,1012,14
"9495",2021-01-31,7033,50.3,11458,77,81,2312,25
"9496",2021-01-31,7045,57.5,13253,55,108.7,728,10
"9497",2021-01-31,7046,59,15760,109,100.5,924,9
"9498",2021-01-31,7048,58.2,12327,54,110.3,1037,10
"9499",2021-01-31,7057,46.5,10947,30,84.2,539,6
"9500",2021-01-31,7064,65.2,15331,59,111.1,1552,11
"9501",2021-01-31,7068,50.8,13683,55,99.5,638,11
"9502",2021-01-31,7078,52.8,13973,44,94.3,996,10
"9503",2021-01-31,7095,48.5,10227,57,116.4,1067,12
"9504",2021-01-31,7109,58.9,11469,98,102.5,471,13
"9505",2021-01-31,7110,56.9,11185,58,94.2,1472,17
"9506",2021-01-31,7114,48.8,15299,58,102.8,1250,11
"9507",2021-01-31,7116,51.9,14434,59,88.3,606,17
"9508",2021-01-31,7136,53.5,15457,58,101.2,773,12
"9509",2021-02-01,2051,53.3,11155,49,107.4,1483,12
"9510",2021-02-01,4008,57.4,11791,94,110.1,1044,13
"9511",2021-02-01,4044,56.6,10075,68,115.8,404,9
"9512",2021-02-01,4080,56,12738,88,106.9,833,17
"9513",2021-02-01,5035,59.9,16672,64,128,815,11
"9514",2021-02-01,5041,53.4,16642,106,98.5,1811,10
"9515",2021-02-01,5042,50.1,7834,159,76.5,1137,12
"9516",2021-02-01,5046,37.8,9217,28,67.5,2351,21
"9517",2021-02-01,5059,50.9,10812,60,105.7,1165,13
"9518",2021-02-01,5061,60.6,14320,92,137.3,896,11
"9519",2021-02-01,5096,61.8,10995,72,111.2,828,9
"9520",2021-02-01,5100,47.4,13676,101,104.8,785,14
"9521",2021-02-01,5120,51.1,13829,70,87.9,1354,9
"9522",2021-02-01,5124,51.1,15789,65,77.1,2147,21
"9523",2021-02-01,6005,54.4,12955,99,104,867,9
"9524",2021-02-01,6020,67,15393,107,92,569,13
"9525",2021-02-01,6022,64.3,14950,88,117.7,1202,9
"9526",2021-02-01,6029,65,15552,73,116.9,1468,12
"9527",2021-02-01,6041,56,16928,100,105,425,8
"9528",2021-02-01,6043,40.1,9926,49,57.3,578,4
"9529",2021-02-01,6050,36.7,9301,55,70.1,943,7
"9530",2021-02-01,6055,37.4,9676,78,66.1,602,12
"9531",2021-02-01,6061,58,19090,69,100.4,1505,11
"9532",2021-02-01,6067,56.2,13004,61,107.1,1299,14
"9533",2021-02-01,6084,53.4,14181,54,124.6,757,12
"9534",2021-02-01,6085,55.9,13123,45,116.8,1197,9
"9535",2021-02-01,6086,51.4,15785,53,99.2,702,9
"9536",2021-02-01,6087,52,15542,49,101.2,773,8
"9537",2021-02-01,6090,46.2,8705,81,76.6,1037,13
"9538",2021-02-01,6092,54.9,16767,81,121.9,1402,16
"9539",2021-02-01,7018,36.7,9376,62,48.2,309,6
"9540",2021-02-01,7022,50.9,14014,61,97.4,902,9
"9541",2021-02-01,7025,52.8,15540,52,109.2,684,11
"9542",2021-02-01,7032,55.6,18531,122,113.3,1204,13
"9543",2021-02-01,7033,46.5,11482,79,80.9,2311,19
"9544",2021-02-01,7045,53.9,13749,75,108.9,939,10
"9545",2021-02-01,7046,60.8,16704,132,98.8,836,9
"9546",2021-02-01,7048,51.9,12340,66,103.5,821,10
"9547",2021-02-01,7057,44.9,11725,37,79.4,590,6
"9548",2021-02-01,7064,61.4,16282,54,105.7,1191,10
"9549",2021-02-01,7068,58,17023,67,99.4,876,9
"9550",2021-02-01,7078,58.9,16948,86,129.8,891,12
"9551",2021-02-01,7095,52.6,12332,51,113.9,1558,17
"9552",2021-02-01,7109,45.8,9569,117,90.3,433,10
"9553",2021-02-01,7110,48.7,11608,49,94.7,1245,8
"9554",2021-02-01,7114,61.7,15948,87,93,1057,9
"9555",2021-02-01,7116,50.7,13770,48,98.8,611,16
"9556",2021-02-01,7136,55.4,16542,65,111.5,739,7
"9557",2021-02-02,2051,45.6,9780,40,98.6,1312,8
"9558",2021-02-02,4008,57.4,12331,110,107.5,787,12
"9559",2021-02-02,4044,49.8,9604,52,106.4,644,8
"9560",2021-02-02,4080,48.4,11132,53,91.4,961,17
"9561",2021-02-02,5035,58.8,17319,57,123.4,714,10
"9562",2021-02-02,5041,52.5,16555,103,102,1603,8
"9563",2021-02-02,5042,59.1,9008,181,102.6,1147,11
"9564",2021-02-02,5046,61.8,13916,37,96.1,3383,29
"9565",2021-02-02,5059,58.7,14870,53,107.4,1518,11
"9566",2021-02-02,5061,37.4,8957,49,78.5,484,8
"9567",2021-02-02,5096,52.5,9844,59,90.6,719,8
"9568",2021-02-02,5100,49.4,13151,107,91.4,554,10
"9569",2021-02-02,5120,46.9,10380,48,84.5,1113,10
"9570",2021-02-02,5124,43.5,14772,73,65.2,1660,20
"9571",2021-02-02,6005,48.1,12013,87,89.6,705,7
"9572",2021-02-02,6020,59.5,14854,87,98.6,641,10
"9573",2021-02-02,6022,58.9,14759,87,137.9,1237,11
"9574",2021-02-02,6029,59.7,14096,65,121.3,1362,12
"9575",2021-02-02,6041,51.4,16878,93,109.9,538,13
"9576",2021-02-02,6050,48.7,11984,63,86.2,1290,8
"9577",2021-02-02,6055,47.2,12258,109,81.9,727,12
"9578",2021-02-02,6061,56.5,20278,62,90.6,1391,9
"9579",2021-02-02,6067,65.5,16378,71,122.8,1716,14
"9580",2021-02-02,6084,53.9,14501,60,122.8,864,8
"9581",2021-02-02,6085,55.7,14480,49,125.1,1430,15
"9582",2021-02-02,6086,50,15191,52,89.2,620,8
"9583",2021-02-02,6087,45.5,15139,35,88.3,641,9
"9584",2021-02-02,6090,44.3,9527,87,67.8,959,14
"9585",2021-02-02,6092,57.5,16865,77,112.2,1212,14
"9586",2021-02-02,7018,41.2,11300,58,63.6,432,10
"9587",2021-02-02,7022,56.9,16711,79,106.5,1156,17
"9588",2021-02-02,7025,46.1,12936,41,92.2,603,6
"9589",2021-02-02,7032,62.9,21234,137,119.4,915,12
"9590",2021-02-02,7033,50.4,12988,81,85.8,2628,17
"9591",2021-02-02,7045,54.4,12537,60,97.8,882,13
"9592",2021-02-02,7046,48.9,13053,95,89.1,634,8
"9593",2021-02-02,7048,50.3,10878,58,101.9,778,8
"9594",2021-02-02,7057,58.8,14048,49,83.4,525,5
"9595",2021-02-02,7064,49.9,12781,54,99.8,999,14
"9596",2021-02-02,7068,58.2,16954,63,95.3,850,9
"9597",2021-02-02,7078,60.7,17763,71,112.6,1115,9
"9598",2021-02-02,7095,55.3,14306,73,129,1161,11
"9599",2021-02-02,7109,51.4,10467,106,117,516,11
"9600",2021-02-02,7110,57.1,14301,68,105,1531,13
"9601",2021-02-02,7114,45.9,15654,65,87.6,1178,12
"9602",2021-02-02,7116,45.8,14086,51,101.9,725,24
"9603",2021-02-02,7136,52.8,16043,56,101.6,769,12
"9604",2021-02-03,2051,55.4,11612,53,95.2,1183,10
"9605",2021-02-03,4008,63.1,13501,111,133.8,1073,14
"9606",2021-02-03,4044,46.6,10503,52,93.9,544,7
"9607",2021-02-03,4080,45.8,10337,89,89,774,12
"9608",2021-02-03,5035,63.7,19486,72,145,878,11
"9609",2021-02-03,5041,57.9,17442,111,102.1,1658,9
"9610",2021-02-03,5042,59.7,11091,166,95.9,1170,14
"9611",2021-02-03,5046,50.4,12526,42,88.1,2734,30
"9612",2021-02-03,5059,58.6,14507,64,118.9,1850,12
"9613",2021-02-03,5061,61.1,14856,94,125,906,12
"9614",2021-02-03,5096,64.3,11327,72,109.6,858,8
"9615",2021-02-03,5100,53.8,13723,114,104.5,714,11
"9616",2021-02-03,5120,47.9,11787,44,83.9,1259,15
"9617",2021-02-03,5124,35.3,8055,62,57.4,1171,19
"9618",2021-02-03,6005,55.1,12461,82,110.6,780,9
"9619",2021-02-03,6020,57.8,13626,91,97.7,498,9
"9620",2021-02-03,6022,58.5,15334,76,126.3,1237,11
"9621",2021-02-03,6029,59,14653,72,115.4,1140,10
"9622",2021-02-03,6041,58.6,16645,110,124.5,541,8
"9623",2021-02-03,6050,29.4,6192,34,51,522,8
"9624",2021-02-03,6055,38.7,8920,110,59.4,348,11
"9625",2021-02-03,6061,50.1,17397,123,88.1,1335,8
"9626",2021-02-03,6067,64.9,16241,64,113.5,1161,13
"9627",2021-02-03,6084,58.9,14879,66,126,785,10
"9628",2021-02-03,6085,61.1,14352,71,113.7,1033,9
"9629",2021-02-03,6086,52.4,16029,66,106,645,9
"9630",2021-02-03,6087,55.8,17328,51,109.4,845,13
"9631",2021-02-03,6090,49.7,11000,79,82.8,1069,16
"9632",2021-02-03,6092,63.6,16077,70,122.9,1227,16
"9633",2021-02-03,7018,44.2,10619,57,67.1,341,7
"9634",2021-02-03,7022,53.9,14099,82,103.4,1158,15
"9635",2021-02-03,7025,44.4,12899,56,96.9,507,6
"9636",2021-02-03,7032,53.6,13199,84,101.4,702,9
"9637",2021-02-03,7033,49.9,11668,91,84.3,2233,22
"9638",2021-02-03,7045,52.6,13524,75,109.8,673,8
"9639",2021-02-03,7046,60.9,15708,147,120,827,10
"9640",2021-02-03,7048,60.4,11374,69,114.1,729,15
"9641",2021-02-03,7057,47.7,9305,53,83.6,438,6
"9642",2021-02-03,7064,54.9,14365,70,106.4,790,8
"9643",2021-02-03,7068,56.7,14859,61,112.2,1055,12
"9644",2021-02-03,7078,53.1,15255,87,97.6,940,12
"9645",2021-02-03,7095,49.1,12561,93,106,1293,12
"9646",2021-02-03,7109,53.8,11478,94,87.2,335,6
"9647",2021-02-03,7110,51.4,11671,76,84.7,929,10
"9648",2021-02-03,7114,58.5,17330,94,121.6,1076,7
"9649",2021-02-03,7116,52.8,14341,45,82.7,483,14
"9650",2021-02-03,7136,55,14759,63,103.1,526,7
"9651",2021-02-04,2051,53.9,12895,81,95.5,1821,17
"9652",2021-02-04,3139,21.8,4216,48,34.7,762,18
"9653",2021-02-04,4008,53.8,11398,97,93.7,888,14
"9654",2021-02-04,4044,50.6,11732,70,113.1,466,8
"9655",2021-02-04,4080,43.8,10951,103,113.6,976,15
"9656",2021-02-04,4105,27.2,3398,97,37.5,160,6
"9657",2021-02-04,5035,52,15691,72,118.8,580,8
"9658",2021-02-04,5041,45.1,14364,88,96.6,1387,11
"9659",2021-02-04,5042,52.2,9885,153,82.2,1061,15
"9660",2021-02-04,5046,18.4,5525,14,30.6,1169,10
"9661",2021-02-04,5059,47.6,12494,72,95.2,1377,13
"9662",2021-02-04,5061,56.1,12582,84,121.8,926,12
"9663",2021-02-04,5096,53.5,10027,64,99.3,745,8
"9664",2021-02-04,5100,39.3,11563,88,88.8,562,12
"9665",2021-02-04,5120,35,10406,51,69.3,925,15
"9666",2021-02-04,5124,7,2315,10,9.59999999999999,166,2
"9667",2021-02-04,6005,44,12580,98,83.2,645,9
"9668",2021-02-04,6020,22.7,5596,36,41.1,233,5
"9669",2021-02-04,6022,64.6,15556,110,146.4,1441,17
"9670",2021-02-04,6029,50.2,12058,64,101.4,1299,14
"9671",2021-02-04,6041,56.6,16222,117,102.5,436,9
"9672",2021-02-04,6050,5.9,1307,7,6,119,1
"9673",2021-02-04,6055,20.1,5458,43,36.2,176,5
"9674",2021-02-04,6061,49.8,18910,119,82.1,1368,12
"9675",2021-02-04,6064,10.9,1721,57,22.5,93,14
"9676",2021-02-04,6067,60.2,14444,85,118.6,1551,14
"9677",2021-02-04,6068,13.8,2001,114,15.7,231,18
"9678",2021-02-04,6069,0,6,1,0,0,0
"9679",2021-02-04,6084,46.8,12580,80,88.5,578,9
"9680",2021-02-04,6085,57.1,15170,65,115.7,1377,15
"9681",2021-02-04,6086,41.1,12696,59,76.9,520,9
"9682",2021-02-04,6087,40.2,13578,52,80.1,730,9
"9683",2021-02-04,6090,40.5,9158,86,76,770,13
"9684",2021-02-04,6092,36,11132,73,85.6,1041,12
"9685",2021-02-04,6096,16.1,2839,45,9,46,3
"9686",2021-02-04,7018,13.9,4018,22,24.7,153,2
"9687",2021-02-04,7022,20.3,5837,35,46.4,513,7
"9688",2021-02-04,7025,50.1,14452,55,103.5,523,7
"9689",2021-02-04,7032,13,4376,26,36.9,412,9
"9690",2021-02-04,7033,15.9,4453,29,31.4,828,6
"9691",2021-02-04,7045,46.6,12951,74,103.5,663,9
"9692",2021-02-04,7046,62,16340,150,104.3,864,15
"9693",2021-02-04,7048,42.6,8731,49,80.9,824,16
"9694",2021-02-04,7057,53.2,11833,65,82.3,464,4
"9695",2021-02-04,7059,12.8,1779,48,5.6,48,4
"9696",2021-02-04,7060,17.3,4163,36,20.9,82,3
"9697",2021-02-04,7064,55.5,15522,83,94,1558,8
"9698",2021-02-04,7068,44.5,12244,62,74.4,488,8
"9699",2021-02-04,7078,56,16958,86,139.1,1110,14
"9700",2021-02-04,7095,71.7999999999999,12852,92,132.6,1439,13
"9701",2021-02-04,7109,46.4,10397,109,87.5,326,10
"9702",2021-02-04,7110,48.6,11560,65,86.6,995,10
"9703",2021-02-04,7114,38.9,13352,76,97.6,1076,8
"9704",2021-02-04,7115,14.6,2147,94,38.7,124,8
"9705",2021-02-04,7116,51.4,14313,52,104.2,775,15
"9706",2021-02-04,7119,20.7,4671,50,45.3,481,11
"9707",2021-02-04,7136,47.9,14599,68,103.9,669,9
"9708",2021-02-04,7156,17.4,2581,46,23.1,236,5
"9709",2021-02-05,2051,45.1,10350,61,98.6,1213,16
"9710",2021-02-05,3139,26.7,5507,61,94.7,1456,20
"9711",2021-02-05,4008,31.8,7477,87,81.1,642,10
"9712",2021-02-05,4044,52.7,10734,58,109.7,527,7
"9713",2021-02-05,4080,50.4,11877,74,57.9,616,11
"9714",2021-02-05,4105,37.9,7822,67,73.1,483,15
"9715",2021-02-05,5035,49,13261,67,133.2,869,8
"9716",2021-02-05,5041,61.3,20123,131,103.7,1660,10
"9717",2021-02-05,5042,41.9,8917,126,97.2,1035,12
"9718",2021-02-05,5059,47.6,10731,57,95.2,1552,12
"9719",2021-02-05,5061,36.1,9100,66,67.8,513,8
"9720",2021-02-05,5096,35.1,6565,60,95.8,807,8
"9721",2021-02-05,5100,37.5,9570,89,53.8,374,9
"9722",2021-02-05,5120,36.9,11353,48,47.1,786,8
"9723",2021-02-05,6005,44.7,14677,102,89.8,653,7
"9724",2021-02-05,6022,53.5,13855,76,130.9,1175,14
"9725",2021-02-05,6029,49.3,12056,45,66.6,708,8
"9726",2021-02-05,6041,49,15442,108,82.5,498,8
"9727",2021-02-05,6061,42.9,18127,88,90.6,1110,11
"9728",2021-02-05,6064,27.7,6044,74,75.1,371,15
"9729",2021-02-05,6067,65.6,15602,84,105.6,1737,19
"9730",2021-02-05,6068,35.9,7804,127,99.8,1078,18
"9731",2021-02-05,6084,47.4,12338,57,86.3,993,7
"9732",2021-02-05,6085,48.3,11298,64,87.3,855,15
"9733",2021-02-05,6086,28,8371,60,39.1,262,9
"9734",2021-02-05,6087,52.5,16316,51,63.6,734,17
"9735",2021-02-05,6090,38.3,9011,83,85.6,766,17
"9736",2021-02-05,6092,66.8,19588,106,120.8,1185,20
"9737",2021-02-05,6096,58.9,12384,114,58.7,344,9
"9738",2021-02-05,7025,33.7,10013,57,81.3,455,7
"9739",2021-02-05,7045,40.3,10304,74,100.5,727,12
"9740",2021-02-05,7046,42,12147,110,106,816,12
"9741",2021-02-05,7048,51.1,11089,67,108.9,1184,13
"9742",2021-02-05,7057,32.2,6321,55,28.4,167,6
"9743",2021-02-05,7059,26.1,5273,71,49.6,563,8
"9744",2021-02-05,7060,31.2,9731,101,74.8,559,10
"9745",2021-02-05,7064,58.5,15117,78,82.7,654,10
"9746",2021-02-05,7068,53.8,15063,68,102.1,894,17
"9747",2021-02-05,7078,46.5,14894,103,88.2,700,14
"9748",2021-02-05,7095,36.8,9414,64,119,1214,12
"9749",2021-02-05,7109,37.7,8757,86,60.8,238,5
"9750",2021-02-05,7110,53.5,11302,81,96.2,1094,8
"9751",2021-02-05,7114,34,12048,81,99.8,1107,8
"9752",2021-02-05,7115,37.9,9131,80,78.8,565,13
"9753",2021-02-05,7116,28.5,8340,35,61.9,443,11
"9754",2021-02-05,7119,27,6310,38,38.3,402,5
"9755",2021-02-05,7136,28.6,9782,58,83.8,601,11
"9756",2021-02-05,7156,30.2,6143,77,22.2,286,11
"9757",2021-02-06,2051,51.9,12846,74,96.5,1575,14
"9758",2021-02-06,3139,29.5,6629,32,95.4,1616,22
"9759",2021-02-06,4008,31.2,8000,65,90.3,880,11
"9760",2021-02-06,4044,51.9,9994,51,84.3,540,9
"9761",2021-02-06,4080,44.6,10539,83,82.2,717,14
"9762",2021-02-06,4105,33.3,7129,58,62.7,403,9
"9763",2021-02-06,5035,57.9,17292,63,126.3,871,11
"9764",2021-02-06,5041,49.3,13915,93,80.4,1590,9
"9765",2021-02-06,5042,70.8,8742,137,61.6,811,10
"9766",2021-02-06,5059,43.5,10417,44,110.6,1872,17
"9767",2021-02-06,5061,47.9,10907,73,72.8,544,10
"9768",2021-02-06,5096,36.7,7110,72,89.2,743,8
"9769",2021-02-06,5100,34.1,8879,62,85.8,579,11
"9770",2021-02-06,5120,42.4,11839,64,68.1,888,12
"9771",2021-02-06,6005,38.4,9888,76,28.4,361,9
"9772",2021-02-06,6022,64.3,10437,61,93.2,889,11
"9773",2021-02-06,6029,51.3,10766,53,103.7,910,10
"9774",2021-02-06,6041,40,13244,94,83.6,412,7
"9775",2021-02-06,6061,52.8,19303,101,94.4,1737,17
"9776",2021-02-06,6064,13,2813,37,66.5,390,8
"9777",2021-02-06,6067,44.8,10370,51,86.4,891,11
"9778",2021-02-06,6068,32.7,8183,110,89.7,1438,20
"9779",2021-02-06,6084,42.9,11179,65,103.5,728,9
"9780",2021-02-06,6085,36,9501,39,69.4,1161,15
"9781",2021-02-06,6086,20.9,6396,30,87.1,525,8
"9782",2021-02-06,6087,51,13745,37,91.8,932,10
"9783",2021-02-06,6090,40.8,9742,73,77.7,822,13
"9784",2021-02-06,6092,53.4,14985,80,96.1,1027,10
"9785",2021-02-06,6096,49.3,12326,58,26.3,227,5
"9786",2021-02-06,7025,43.2,11277,48,89.3,473,7
"9787",2021-02-06,7045,37.5,9378,51,106.9,813,10
"9788",2021-02-06,7046,57.9,15739,141,98.5,941,10
"9789",2021-02-06,7048,36.4,8239,64,100.1,904,9
"9790",2021-02-06,7057,39.4,8578,45,47.4,245,3
"9791",2021-02-06,7059,25.5,4994,44,22.4,242,9
"9792",2021-02-06,7060,34.8,11168,75,57.4,599,10
"9793",2021-02-06,7064,55.4,13929,65,115.4,1054,10
"9794",2021-02-06,7068,41.1,9620,45,96.8,746,11
"9795",2021-02-06,7078,52.3,15175,71,106.4,1605,13
"9796",2021-02-06,7095,33.7,9573,72,110.8,1372,10
"9797",2021-02-06,7109,32,6989,70,81.9,361,9
"9798",2021-02-06,7110,44.8,9936,52,87.2,1247,9
"9799",2021-02-06,7114,27.1,9098,47,102,1086,9
"9800",2021-02-06,7115,32.4,8371,62,70.6,461,11
"9801",2021-02-06,7116,24,7336,47,60.6,387,7
"9802",2021-02-06,7119,38.8,9394,48,46.7,748,10
"9803",2021-02-06,7136,31.8,8643,35,88.1,711,10
"9804",2021-02-06,7156,28.1,5708,61,19.6,273,9
"9805",2021-02-07,2051,55.3,11233,57,83.1,1016,13
"9806",2021-02-07,3139,48.9,9610,55,106.4,1919,15
"9807",2021-02-07,4008,56.7,9779,88,97.4,776,17
"9808",2021-02-07,4044,42.8,6906,46,65.3,515,5
"9809",2021-02-07,4080,57.8,10966,89,76.7,640,15
"9810",2021-02-07,4105,54.6,10118,60,83.1,534,13
"9811",2021-02-07,5035,68.7,17959,69,117,665,10
"9812",2021-02-07,5041,56.1,17074,113,68.7,1755,17
"9813",2021-02-07,5042,52.3,8278,138,83.1,1035,14
"9814",2021-02-07,5059,57.3,11809,78,102.6,1709,11
"9815",2021-02-07,5061,63.8,11528,74,86.6,626,9
"9816",2021-02-07,5096,58.3,10551,72,71.8,607,6
"9817",2021-02-07,5100,48.1,10649,98,62.3,437,12
"9818",2021-02-07,5120,43.9,11777,63,71.1,786,10
"9819",2021-02-07,6005,52.6,11561,87,82.8,676,10
"9820",2021-02-07,6022,62.3,12886,99,114,1019,13
"9821",2021-02-07,6029,62.8,12800,54,98.6,766,7
"9822",2021-02-07,6041,60.9,16487,100,102.9,597,12
"9823",2021-02-07,6061,54.5,17909,96,91.5,1186,12
"9824",2021-02-07,6064,42.4,8447,75,86.2,533,12
"9825",2021-02-07,6067,68.2,14517,65,123.5,1384,12
"9826",2021-02-07,6068,58.2,12546,84,102.9,1373,18
"9827",2021-02-07,6084,49.8,12143,70,102.7,698,7
"9828",2021-02-07,6085,63.6,13953,101,85.9,847,13
"9829",2021-02-07,6086,42.4,10494,48,71.7,439,7
"9830",2021-02-07,6087,57.1,13633,58,87.1,871,13
"9831",2021-02-07,6090,47.7,9116,86,67.6,705,12
"9832",2021-02-07,6092,66,15532,94,104.7,1335,13
"9833",2021-02-07,6096,52.3,12912,70,68.8,265,4
"9834",2021-02-07,7025,51.2,12531,68,97.9,644,9
"9835",2021-02-07,7045,52,12359,72,93.6,595,10
"9836",2021-02-07,7046,52.3,13673,143,73.3,960,12
"9837",2021-02-07,7048,57.9,11388,76,85.7,978,18
"9838",2021-02-07,7057,37.6,7901,45,42.4,253,6
"9839",2021-02-07,7059,37.1,6423,46,68,590,9
"9840",2021-02-07,7060,38.3,9895,78,86.2,642,7
"9841",2021-02-07,7064,65,14173,78,81,750,8
"9842",2021-02-07,7068,59.4,12415,74,85.6,721,9
"9843",2021-02-07,7078,65.9,16160,100,86.2,943,14
"9844",2021-02-07,7095,50.1,10978,80,95.4,1167,11
"9845",2021-02-07,7109,55.7,11024,105,68.4,273,8
"9846",2021-02-07,7110,58.8,11262,81,88.2,1403,16
"9847",2021-02-07,7114,41.9,11962,82,90.9,1066,11
"9848",2021-02-07,7115,43.8,10035,50,73.8,567,9
"9849",2021-02-07,7116,44.1,10330,60,56,394,12
"9850",2021-02-07,7119,43.6,9219,59,80.2,733,13
"9851",2021-02-07,7136,67.9,13787,82,112.9,745,11
"9852",2021-02-07,7156,53.5,9528,43,78.5,1047,15
"9853",2021-02-08,2051,46.7,12479,59,98.7,1387,15
"9854",2021-02-08,3139,50.1,11648,51,101.1,2274,23
"9855",2021-02-08,4008,61.5,14008,120,115,952,13
"9856",2021-02-08,4044,59,11383,65,119,572,9
"9857",2021-02-08,4080,52.9,10239,79,108.2,966,17
"9858",2021-02-08,4105,69.8,11289,57,127.8,705,15
"9859",2021-02-08,5035,56.6,14928,49,118.6,761,11
"9860",2021-02-08,5041,46.8,13334,107,74.7,2010,16
"9861",2021-02-08,5042,48.8,8628,134,73.8,1122,10
"9862",2021-02-08,5059,52.4,10830,53,100.9,1813,11
"9863",2021-02-08,5061,57.8,10755,65,112.2,705,10
"9864",2021-02-08,5096,57.5,9819,63,108.8,801,8
"9865",2021-02-08,5100,54.8,12395,116,108.8,700,16
"9866",2021-02-08,5120,46.9,12462,50,78.3,1107,16
"9867",2021-02-08,6005,56.1,14082,93,101.7,841,11
"9868",2021-02-08,6022,55.6,12257,59,120,1264,15
"9869",2021-02-08,6029,68.2,15337,70,114.8,1101,14
"9870",2021-02-08,6041,55.2,16442,81,104.2,501,7
"9871",2021-02-08,6061,63.9,20106,73,79.2,1142,10
"9872",2021-02-08,6064,57.8,14033,71,109.2,756,7
"9873",2021-02-08,6067,61.9,14981,68,124.1,1630,14
"9874",2021-02-08,6068,56.9,15241,84,103.7,1568,18
"9875",2021-02-08,6084,58,14043,67,115.4,805,12
"9876",2021-02-08,6085,56.4,14437,116,100.2,1244,11
"9877",2021-02-08,6086,56.7,15493,55,97.1,576,13
"9878",2021-02-08,6087,52.1,15251,35,94.9,751,11
"9879",2021-02-08,6090,48,10945,68,82.1,1238,15
"9880",2021-02-08,6092,57.7,12172,81,101.4,1187,12
"9881",2021-02-08,6096,60,16087,82,130.4,681,10
"9882",2021-02-08,7025,48.2,13430,49,95.1,525,7
"9883",2021-02-08,7045,53,12407,69,96.5,810,13
"9884",2021-02-08,7046,69.9,18291,155,126.6,1450,19
"9885",2021-02-08,7048,52.7,11955,51,88.3,945,8
"9886",2021-02-08,7057,65.2,14581,67,97.5,1022,9
"9887",2021-02-08,7059,55.1,10480,64,87.4,707,8
"9888",2021-02-08,7060,50.6,15859,77,89.5,677,9
"9889",2021-02-08,7064,55.3,13943,64,95.1,976,15
"9890",2021-02-08,7068,58.5,13758,65,92.8,839,10
"9891",2021-02-08,7078,53.9,13993,87,109.5,1003,8
"9892",2021-02-08,7095,55,14687,96,129.6,1688,23
"9893",2021-02-08,7109,53.1,11762,76,86.9,444,7
"9894",2021-02-08,7110,59.8,12455,64,89.9,1275,17
"9895",2021-02-08,7114,58.6,19606,109,109.2,1179,12
"9896",2021-02-08,7115,51.6,12288,59,95.7,599,8
"9897",2021-02-08,7116,55.1,15386,58,83.9,594,16
"9898",2021-02-08,7119,57.2,14131,54,106.5,1145,12
"9899",2021-02-08,7136,52.7,14610,57,97.9,696,10
"9900",2021-02-08,7156,51.1,11160,72,87,1121,17
"9901",2021-02-09,2051,71.9,15652,61,111.7,1766,18
"9902",2021-02-09,3139,49.3,12150,64,91,1876,15
"9903",2021-02-09,4008,63.8,13503,97,104.1,774,9
"9904",2021-02-09,4044,60.8,10417,54,106.4,611,9
"9905",2021-02-09,4080,50.2,9413,69,73.4,862,19
"9906",2021-02-09,4105,64.3,12609,57,112.6,744,15
"9907",2021-02-09,5035,69.7,17540,57,121.3,852,10
"9908",2021-02-09,5041,48.1,14072,100,72.3,1511,7
"9909",2021-02-09,5042,55.5,9272,117,81.9,1258,15
"9910",2021-02-09,5059,55.6,12700,61,83.8,1581,15
"9911",2021-02-09,5061,58.5,9564,52,101,652,8
"9912",2021-02-09,5096,67.1,11693,60,95.5,850,7
"9913",2021-02-09,5100,47.2,10843,74,84.9,575,11
"9914",2021-02-09,5120,61.8,17001,91,90.7,1189,11
"9915",2021-02-09,6005,57.2,12771,94,85.9,738,10
"9916",2021-02-09,6022,50.8,10329,57,99.9,1073,13
"9917",2021-02-09,6029,69.8999999999999,15676,86,118.9,1538,13
"9918",2021-02-09,6041,60.1,17773,79,101.3,511,7
"9919",2021-02-09,6061,69.1,22417,86,104.1,1680,13
"9920",2021-02-09,6064,56.9,12101,67,102.1,648,6
"9921",2021-02-09,6067,69.8,14476,74,112.9,1386,17
"9922",2021-02-09,6068,55,15409,78,83.8,1385,13
"9923",2021-02-09,6084,52.9,11829,57,100.1,708,12
"9924",2021-02-09,6085,55.2,12048,63,86.3,899,12
"9925",2021-02-09,6086,47,13659,59,77.2,525,9
"9926",2021-02-09,6087,59.3,15636,43,88.6,691,10
"9927",2021-02-09,6090,52.6,11526,85,65.7,742,12
"9928",2021-02-09,6092,54.1,12138,73,90.3,938,14
"9929",2021-02-09,6096,57.3,14198,49,108.1,623,5
"9930",2021-02-09,7025,60.3,15423,52,102.1,591,8
"9931",2021-02-09,7045,59.7,13803,75,96.1,873,10
"9932",2021-02-09,7046,58.8,16035,149,90.5,1117,17
"9933",2021-02-09,7048,58.9,11428,60,92.7,766,9
"9934",2021-02-09,7057,55.4,11821,58,74.3,513,5
"9935",2021-02-09,7059,53.9,9016,50,90.6,799,10
"9936",2021-02-09,7060,55.3,16651,100,100.1,867,8
"9937",2021-02-09,7064,59.5,14478,69,100.6,812,10
"9938",2021-02-09,7068,66.1,15093,63,91,995,13
"9939",2021-02-09,7078,65.6,16379,98,119.8,1183,16
"9940",2021-02-09,7095,62.2,13542,66,116.5,1387,19
"9941",2021-02-09,7109,58.5,11982,71,99.9,417,11
"9942",2021-02-09,7110,57.7,10327,56,75.3,805,6
"9943",2021-02-09,7114,54.5,19343,91,89.4,1117,9
"9944",2021-02-09,7115,56,13881,65,94.4,592,9
"9945",2021-02-09,7116,54.8,14341,48,77.3,506,14
"9946",2021-02-09,7119,64,15839,54,109.9,1186,11
"9947",2021-02-09,7136,64.1,15563,60,99.5,885,14
"9948",2021-02-09,7156,55.9,12525,65,84.7,1555,15
"9949",2021-02-10,2051,47.7,12829,47,95.2,1230,10
"9950",2021-02-10,3139,47.4,14177,57,106.5,2271,15
"9951",2021-02-10,4008,50.7,11016,83,102.7,881,14
"9952",2021-02-10,4044,47.4,9209,50,107.2,552,7
"9953",2021-02-10,4080,49.5,11309,64,104.4,999,14
"9954",2021-02-10,4105,62.1,12323,49,125.3,749,17
"9955",2021-02-10,5035,59.1,16974,58,132.9,952,10
"9956",2021-02-10,5041,55.1,18006,97,107.1,2268,13
"9957",2021-02-10,5042,56.6,9872,135,75.3,756,8
"9958",2021-02-10,5059,60.5,14234,53,112.8,2301,19
"9959",2021-02-10,5061,62.3,12527,60,116.1,884,10
"9960",2021-02-10,5096,54.6,9978,66,112.4,882,9
"9961",2021-02-10,5100,47.2,12641,95,98.5,619,11
"9962",2021-02-10,5120,47.4,13501,64,85.4,1256,12
"9963",2021-02-10,6005,48.6,12009,87,97,762,9
"9964",2021-02-10,6022,64.9,15273,63,112.2,1109,12
"9965",2021-02-10,6029,51.1,12331,55,92.9,968,9
"9966",2021-02-10,6041,53.4,17792,91,114.5,624,7
"9967",2021-02-10,6061,48.7,15046,63,98.1,1238,9
"9968",2021-02-10,6064,51.6,14510,45,88.7,788,7
"9969",2021-02-10,6067,57.7,15076,53,121.2,1467,15
"9970",2021-02-10,6068,59.5,17890,53,129.4,1929,15
"9971",2021-02-10,6084,55.3,13861,51,108.2,933,10
"9972",2021-02-10,6085,60.6,15028,51,124.5,1329,22
"9973",2021-02-10,6086,50.4,15028,64,107.4,714,10
"9974",2021-02-10,6087,42.9,13970,28,90.2,903,6
"9975",2021-02-10,6090,46,9892,62,87.5,1077,12
"9976",2021-02-10,6092,60.2,15416,72,116.4,1245,15
"9977",2021-02-10,6096,59.7,18761,81,141.3,1040,8
"9978",2021-02-10,7025,48.4,13975,44,96.7,560,5
"9979",2021-02-10,7045,51.2,12367,58,84.9,566,6
"9980",2021-02-10,7046,57.1,16454,130,97.6,914,14
"9981",2021-02-10,7048,52.4,11840,56,95.8,814,8
"9982",2021-02-10,7057,49.5,11327,38,80,592,4
"9983",2021-02-10,7059,45.4,9535,47,92.3,805,10
"9984",2021-02-10,7060,43.1,15543,58,90.4,872,7
"9985",2021-02-10,7064,72.3,18593,71,113.1,1652,10
"9986",2021-02-10,7068,52,14519,54,92.3,1036,8
"9987",2021-02-10,7078,52.9,14594,80,111,1142,10
"9988",2021-02-10,7095,48.5,12699,65,114.8,1960,15
"9989",2021-02-10,7109,50.8,11838,68,101.4,549,12
"9990",2021-02-10,7110,52,11703,56,86.2,1287,9
"9991",2021-02-10,7114,51.5,19208,82,107.9,1118,13
"9992",2021-02-10,7115,51,12930,58,105.7,847,8
"9993",2021-02-10,7116,55.4,16545,51,102.9,759,19
"9994",2021-02-10,7119,50.4,14253,35,104.8,1188,15
"9995",2021-02-10,7136,52.2,14722,51,103.6,1203,12
"9996",2021-02-10,7156,54.8,13686,60,99.3,1906,18
"9997",2021-02-11,2051,37.8,12089,69,87.9,1177,9
"9998",2021-02-11,3139,38.2,13021,65,108.6,2466,16
"9999",2021-02-11,4008,42.2,11152,84,77.6,483,8
"10000",2021-02-11,4044,44.4,9964,60,73.7,413,10
"10001",2021-02-11,4080,42.7,11994,92,63.6,788,16
"10002",2021-02-11,4105,46.3,10314,66,81.1,683,21
"10003",2021-02-11,5035,46.2,15153,67,127.2,782,10
"10004",2021-02-11,5041,38.2,12846,87,79,1680,13
"10005",2021-02-11,5042,45.9,9218,129,79.6,919,11
"10006",2021-02-11,5059,43.8,13129,60,103.1,2167,15
"10007",2021-02-11,5061,32.1,7333,49,43.8,326,6
"10008",2021-02-11,5096,39.9,8852,60,44.1,544,5
"10009",2021-02-11,5100,31.3,9541,84,63.2,529,17
"10010",2021-02-11,5120,44,12507,65,78.2,1040,11
"10011",2021-02-11,6005,40.7,12345,69,69.1,612,8
"10012",2021-02-11,6022,43.9,11920,71,87.3,800,15
"10013",2021-02-11,6029,58.4,15955,78,95.9,1038,9
"10014",2021-02-11,6041,36.6,12881,70,64.5,350,8
"10015",2021-02-11,6061,40.2,18244,86,91.6,1449,11
"10016",2021-02-11,6064,39.3,11377,57,103.5,968,10
"10017",2021-02-11,6067,57.9,16533,78,116.1,1529,15
"10018",2021-02-11,6068,51.5,19164,59,94.3,1437,8
"10019",2021-02-11,6084,32.3,8618,43,66.6,552,7
"10020",2021-02-11,6085,49.2,14285,52,86.6,893,12
"10021",2021-02-11,6086,31.3,10256,54,57.2,387,6
"10022",2021-02-11,6087,33.2,11037,43,66.4,660,8
"10023",2021-02-11,6090,43,11428,67,78.7,928,19
"10024",2021-02-11,6092,48.8,15338,80,99.8,1465,13
"10025",2021-02-11,6096,40.1,14031,45,78.8,962,8
"10026",2021-02-11,7025,26.9,8709,37,75.1,416,7
"10027",2021-02-11,7045,36,9682,75,68.8,604,10
"10028",2021-02-11,7046,40.5,13184,136,112.3,1232,21
"10029",2021-02-11,7048,39.1,10290,51,84.4,1096,21
"10030",2021-02-11,7057,35.8,9033,33,67,425,5
"10031",2021-02-11,7059,42.8,11531,68,88.7,878,13
"10032",2021-02-11,7060,40.1,16691,97,81.8,947,10
"10033",2021-02-11,7064,45.9,13489,67,100.8,1087,9
"10034",2021-02-11,7068,35.1,8998,45,87.8,847,11
"10035",2021-02-11,7078,48.4,13469,70,101.2,1046,13
"10036",2021-02-11,7095,35.6,10641,68,97.3,1666,11
"10037",2021-02-11,7109,32.5,8593,80,49.4,255,7
"10038",2021-02-11,7110,43.8,11538,74,91.9,1027,14
"10039",2021-02-11,7114,40.3,16561,77,85.4,1046,11
"10040",2021-02-11,7115,33.5,11074,59,93.9,588,11
"10041",2021-02-11,7116,24.4,9304,43,35,223,6
"10042",2021-02-11,7119,34.2,10947,52,70.5,963,16
"10043",2021-02-11,7136,27.9,10507,67,99.1,902,15
"10044",2021-02-11,7156,36.5,10665,46,65,1368,22
"10045",2021-02-12,2051,36.8,9852,56,52.5,977,15
"10046",2021-02-12,3139,47.3,14021,83,80.3,2294,26
"10047",2021-02-12,4008,40.7,9177,87,52.9,366,8
"10048",2021-02-12,4044,49.1,10442,71,99.6,543,12
"10049",2021-02-12,4080,42.7,11189,93,73.3,837,16
"10050",2021-02-12,4105,45.2,10139,59,67.7,551,10
"10051",2021-02-12,5035,45.1,12766,53,107.6,557,9
"10052",2021-02-12,5041,36.9,11971,85,72.3,1475,7
"10053",2021-02-12,5042,46.3000000000001,8547,149,50.9,707,11
"10054",2021-02-12,5059,44,12167,84,95.6,2005,16
"10055",2021-02-12,5061,48.5,10562,80,57.6,463,10
"10056",2021-02-12,5096,41,9023,77,40.2,382,5
"10057",2021-02-12,5100,35.2,9848,89,76.3,548,14
"10058",2021-02-12,5120,36.2,9671,65,30.4,449,9
"10059",2021-02-12,6005,33.3,9836,90,42.6,343,9
"10060",2021-02-12,6022,44.1,11109,76,93.7,1339,13
"10061",2021-02-12,6029,55.7,13384,78,103.7,845,14
"10062",2021-02-12,6041,40.5,12211,68,83.8,482,7
"10063",2021-02-12,6061,45.9,16412,73,63.8,869,9
"10064",2021-02-12,6064,30.2,9259,61,102,1204,14
"10065",2021-02-12,6067,45.7,12178,62,100.6,1802,18
"10066",2021-02-12,6068,39,13228,66,90.9,1760,16
"10067",2021-02-12,6084,48.9,13485,83,111.6,1084,9
"10068",2021-02-12,6085,36.4,10462,64,47.1,645,13
"10069",2021-02-12,6086,40.7,12030,71,59,366,8
"10070",2021-02-12,6087,46.2,15367,72,109.1,1067,15
"10071",2021-02-12,6090,42,11347,95,68.9,916,15
"10072",2021-02-12,6092,47.6,13844,105,108.4,1509,20
"10073",2021-02-12,6096,50.8,17806,103,88.8,525,6
"10074",2021-02-12,7025,47.2,13823,66,92.8,540,8
"10075",2021-02-12,7045,29.3,7326,59,60,584,11
"10076",2021-02-12,7046,42.1,13143,107,84.7,1085,15
"10077",2021-02-12,7048,43.5,11506,59,69.7,586,8
"10078",2021-02-12,7057,29.1,6553,46,22.3,87,1
"10079",2021-02-12,7059,42,11486,68,45.2,565,8
"10080",2021-02-12,7060,40.6,15501,108,74.7,872,11
"10081",2021-02-12,7064,49.7,13238,56,56,1075,6
"10082",2021-02-12,7068,48.3,12256,70,82.5,811,15
"10083",2021-02-12,7078,47.8,13190,76,105.6,1611,14
"10084",2021-02-12,7095,39.9,9316,79,111.3,1611,16
"10085",2021-02-12,7109,42.7,9876,126,35.1,185,6
"10086",2021-02-12,7110,48,10943,75,84.6,1310,9
"10087",2021-02-12,7114,34.8,13184,102,87.7,1012,9
"10088",2021-02-12,7115,43.9,12404,91,97.8,860,13
"10089",2021-02-12,7116,39.1,12857,84,68.2,548,18
"10090",2021-02-12,7119,44.2,12601,66,74.4,866,7
"10091",2021-02-12,7136,36.6,11642,88,56.2,533,9
"10092",2021-02-12,7156,49.7,12679,94,57.9,1195,14
"10093",2021-02-13,2051,63.7,12550,57,96.9,1173,11
"10094",2021-02-13,3139,67.9,13095,77,108.2,2618,22
"10095",2021-02-13,4008,79.1,12389,118,112.2,948,14
"10096",2021-02-13,4044,59.5,9418,58,95.3,693,10
"10097",2021-02-13,4080,62.2,9882,77,71.1,731,13
"10098",2021-02-13,4105,78.8,14940,73,122.1,845,10
"10099",2021-02-13,5035,72.8,12502,80,109.1,527,10
"10100",2021-02-13,5041,67.5,17666,90,90.6,1832,10
"10101",2021-02-13,5042,70.7,10976,170,83,1306,12
"10102",2021-02-13,5059,68.7,14360,57,92.2,2003,16
"10103",2021-02-13,5061,68.9,10780,50,94,635,7
"10104",2021-02-13,5096,68.9,10515,66,87.1,637,6
"10105",2021-02-13,5100,66.4,12625,82,85,601,11
"10106",2021-02-13,5120,63.8,16241,78,81.4,1202,12
"10107",2021-02-13,6005,52.1,10727,72,79,498,5
"10108",2021-02-13,6022,80.3,14173,72,94.1,1044,14
"10109",2021-02-13,6029,74.5,14970,95,110.7,1368,9
"10110",2021-02-13,6041,61.8,16765,99,76.8,516,8
"10111",2021-02-13,6061,69.8,20821,93,82.3,1266,6
"10112",2021-02-13,6064,68.1,16726,74,88.5,901,9
"10113",2021-02-13,6067,82.3,17453,81,98.6,1043,16
"10114",2021-02-13,6068,71.9,18331,66,91.4,1396,12
"10115",2021-02-13,6084,57,13098,47,81.2,730,7
"10116",2021-02-13,6085,35,8307,47,43.9,1247,16
"10117",2021-02-13,6086,58.1,14057,54,82,548,7
"10118",2021-02-13,6087,68.1,15024,51,76.9,661,6
"10119",2021-02-13,6090,60.1,11296,87,68.8,843,13
"10120",2021-02-13,6092,68.5,16562,93,81.9,916,10
"10121",2021-02-13,6096,62.4,16963,98,92.4,636,4
"10122",2021-02-13,7025,61.2,13868,54,84.2,684,8
"10123",2021-02-13,7045,74.1,16345,87,105.2,872,16
"10124",2021-02-13,7046,69,15379,121,84.1,797,10
"10125",2021-02-13,7048,70.1,10703,56,77.8,605,5
"10126",2021-02-13,7057,67.2,12678,39,80.1,589,7
"10127",2021-02-13,7059,55.3,13639,54,84.6,1015,9
"10128",2021-02-13,7060,61.1,18212,96,73.7,884,11
"10129",2021-02-13,7064,80.4,14819,60,89,1357,11
"10130",2021-02-13,7068,81.6,17300,77,80.4,810,11
"10131",2021-02-13,7078,68.8,14923,90,90.8,1070,11
"10132",2021-02-13,7095,78.2,15525,69,128.2,1808,18
"10133",2021-02-13,7109,65.8,13198,119,81,386,6
"10134",2021-02-13,7110,83.3,12973,57,87.6,1199,10
"10135",2021-02-13,7114,64.1,18866,85,76.7,1177,14
"10136",2021-02-13,7115,68.8,15489,79,92.6,992,12
"10137",2021-02-13,7116,60.5,15550,52,69.4,484,14
"10138",2021-02-13,7119,63.2,11687,49,89.6,780,8
"10139",2021-02-13,7136,80.9,18355,72,85,746,11
"10140",2021-02-13,7156,68.6,15050,81,82.7,1330,15
"10141",2021-02-14,2051,67.9,14243,51,88.6,1291,10
"10142",2021-02-14,3139,54.7,13333,69,80.7,1994,13
"10143",2021-02-14,4008,56.7,11659,89,87.6,807,9
"10144",2021-02-14,4044,66.3,11996,68,96.3,672,8
"10145",2021-02-14,4080,56.3,11006,80,80.6,1007,20
"10146",2021-02-14,4105,71.2,13883,72,102.5,798,11
"10147",2021-02-14,5035,57.2,11852,77,78.2,377,6
"10148",2021-02-14,5041,60.8,14707,93,77,1575,6
"10149",2021-02-14,5042,58.4,9532,149,81.4,1389,12
"10150",2021-02-14,5059,56,11750,50,78.4,1488,13
"10151",2021-02-14,5061,61.8,11227,43,101.8,754,7
"10152",2021-02-14,5096,63.1,8934,63,80.6,618,5
"10153",2021-02-14,5100,49.2,11252,77,67.6,457,8
"10154",2021-02-14,5120,63.5,15125,70,78.7,1193,11
"10155",2021-02-14,6005,66.4,13111,93,91.2,598,10
"10156",2021-02-14,6022,70.9,15588,82,104.7,1502,15
"10157",2021-02-14,6029,72,14842,79,97.1,1214,10
"10158",2021-02-14,6041,62.2,18082,85,96.5,583,9
"10159",2021-02-14,6061,61.7,20496,85,89.7,1648,12
"10160",2021-02-14,6064,62.6,15863,60,100.9,1054,6
"10161",2021-02-14,6067,64.6000000000001,16794,96,83.9,1208,13
"10162",2021-02-14,6068,60.9,16255,59,98.3,1562,11
"10163",2021-02-14,6084,70.8,14597,76,82.5,630,8
"10164",2021-02-14,6085,0,0,0,4.09999999999999,338,6
"10165",2021-02-14,6086,56.5,15822,53,78.3,576,8
"10166",2021-02-14,6087,52.8,13951,44,71.9,853,6
"10167",2021-02-14,6090,50.7,10595,72,58,778,11
"10168",2021-02-14,6092,60.2,15376,86,91.6,1290,11
"10169",2021-02-14,6096,63,16560,69,97.7,733,4
"10170",2021-02-14,7025,59.3,15295,76,81.6,554,8
"10171",2021-02-14,7045,51.5,11674,54,75.6,628,6
"10172",2021-02-14,7046,66.5,17832,165,91.7,1030,9
"10173",2021-02-14,7048,55.7,11517,57,86.1,991,14
"10174",2021-02-14,7057,63.8,13188,46,66.8,502,4
"10175",2021-02-14,7059,69.2,15745,67,79.5,870,10
"10176",2021-02-14,7060,36.9,12244,66,62.4,804,6
"10177",2021-02-14,7064,59.7,14001,59,70.7,912,8
"10178",2021-02-14,7068,58,14185,67,84.3,999,16
"10179",2021-02-14,7078,59.4,14350,88,92.5,1129,8
"10180",2021-02-14,7095,55.3,12482,63,91.7,1553,10
"10181",2021-02-14,7109,57.9,12263,105,49.2,295,5
"10182",2021-02-14,7110,57.4,11969,48,66.6,747,6
"10183",2021-02-14,7114,57.6,20364,96,87.2,1335,6
"10184",2021-02-14,7115,50.2,14703,68,93.6,738,7
"10185",2021-02-14,7116,57.2,15195,53,72.1,691,14
"10186",2021-02-14,7119,53.1,12451,45,91.6,891,12
"10187",2021-02-14,7136,64.9,17007,70,100.6,1039,11
"10188",2021-02-14,7156,58,12588,71,83.5,1205,14
"10189",2021-02-15,2051,52.5,10901,56,78.7,1353,8
"10190",2021-02-15,3139,56.8,13167,60,89.2,1762,13
"10191",2021-02-15,4008,68.5,12510,97,96.9,823,13
"10192",2021-02-15,4044,53.7,9314,63,89.4,498,8
"10193",2021-02-15,4080,56.8,10843,67,73.1,569,7
"10194",2021-02-15,4105,71.9,12950,64,111.9,670,10
"10195",2021-02-15,5035,65,14774,61,107.7,569,11
"10196",2021-02-15,5041,56.6,15856,89,64.4,1405,13
"10197",2021-02-15,5042,58.3999999999999,9037,137,66.4,842,7
"10198",2021-02-15,5059,53.3,12763,58,79.2,1446,11
"10199",2021-02-15,5061,50.9,9208,40,74.7,503,5
"10200",2021-02-15,5096,50.7,6523,33,81.7,532,7
"10201",2021-02-15,5100,56.2,13974,81,74,580,11
"10202",2021-02-15,5120,59.4,14129,63,76.9,1219,10
"10203",2021-02-15,6005,57.9,12001,82,84.3,588,6
"10204",2021-02-15,6022,104.8,15250,83,98.5,977,13
"10205",2021-02-15,6029,66.2,14406,69,82,1092,11
"10206",2021-02-15,6041,58.5,17160,84,78.4,596,10
"10207",2021-02-15,6061,99,21121,80,59.3,979,5
"10208",2021-02-15,6064,54,14086,54,84.2,1234,10
"10209",2021-02-15,6067,76.4,14853,69,105.7,1128,19
"10210",2021-02-15,6068,67.9,17259,72,91.6,1499,17
"10211",2021-02-15,6084,60.6,14019,53,94.6,729,8
"10212",2021-02-15,6086,49,13519,51,69.6,467,9
"10213",2021-02-15,6087,56,12859,34,70.2,617,7
"10214",2021-02-15,6090,51.8,11945,67,68.6,1198,14
"10215",2021-02-15,6092,67.1,16509,88,85.4,1454,13
"10216",2021-02-15,6096,54.8,9810,59,113.3,580,8
"10217",2021-02-15,7025,61.7,16138,66,79.3,720,7
"10218",2021-02-15,7045,65.3,14466,62,88.5,750,10
"10219",2021-02-15,7046,62.3,16051,146,78.4,795,9
"10220",2021-02-15,7048,64,13137,55,72.2,755,7
"10221",2021-02-15,7057,62.5,12282,37,66.6,498,5
"10222",2021-02-15,7059,57,12653,48,79.2,946,10
"10223",2021-02-15,7060,54.2,17074,66,74.3,1045,8
"10224",2021-02-15,7064,65.9,15592,72,91.2,1131,7
"10225",2021-02-15,7068,70.8,17276,68,85.6,845,11
"10226",2021-02-15,7078,60.7,16596,81,89.3,928,10
"10227",2021-02-15,7095,53.7,11450,57,90.4,1277,18
"10228",2021-02-15,7109,57.1,12802,102,91.5,431,11
"10229",2021-02-15,7110,59.2,12667,54,80.3,1032,8
"10230",2021-02-15,7114,57.4,17572,87,84.3,1079,7
"10231",2021-02-15,7115,57.2,14512,56,89.6,541,6
"10232",2021-02-15,7116,52.7,13535,40,68.4,473,12
"10233",2021-02-15,7119,63.2,14231,54,90.7,1226,18
"10234",2021-02-15,7136,87.3,16282,63,80.5,642,10
"10235",2021-02-15,7156,53.2,11642,56,76.2,992,12
"10236",2021-02-16,2051,70.6,11659,56,70.1,1138,10
"10237",2021-02-16,3139,71.7,15696,65,101.2,1961,14
"10238",2021-02-16,4008,72.1,13182,114,94.9,749,9
"10239",2021-02-16,4044,66.4,9875,61,77.3,402,7
"10240",2021-02-16,4080,57.3,9560,70,79.6,661,10
"10241",2021-02-16,4105,72.9,12346,61,91.6,529,13
"10242",2021-02-16,5035,74.1,14351,79,110.5,628,10
"10243",2021-02-16,5041,64.9,17348,121,83.9,1455,6
"10244",2021-02-16,5042,64.3999999999999,10175,155,53.7,1001,16
"10245",2021-02-16,5059,76.1,16246,60,100.8,1517,12
"10246",2021-02-16,5061,67.2,11366,57,103.7,810,9
"10247",2021-02-16,5096,71.3,9743,58,94,661,5
"10248",2021-02-16,5100,55.6,13237,91,69,375,8
"10249",2021-02-16,5120,8.2,2936,19,6.7,192,1
"10250",2021-02-16,6005,61.6,11241,87,80.8,674,6
"10251",2021-02-16,6022,79.1,15732,76,97.7,950,8
"10252",2021-02-16,6029,74.7,14734,88,95.3,1073,11
"10253",2021-02-16,6041,55.8,15067,98,78,463,7
"10254",2021-02-16,6061,65.7,18813,67,70.1,1288,10
"10255",2021-02-16,6064,63.9,16029,77,87.8,1741,11
"10256",2021-02-16,6067,72.5,15048,67,85.7,1281,14
"10257",2021-02-16,6068,58.9,14177,69,80.5,1679,14
"10258",2021-02-16,6084,53.8,12365,64,79.2,598,9
"10259",2021-02-16,6086,59,13329,42,64.2,409,5
"10260",2021-02-16,6087,62.6,15601,48,79.8,789,8
"10261",2021-02-16,6090,53.2,9459,63,58.7,797,7
"10262",2021-02-16,6092,65.7,15951,76,88.1,1237,12
"10263",2021-02-16,6096,62.5,13961,61,82.4,566,5
"10264",2021-02-16,7025,56.8,13575,56,74.8,559,6
"10265",2021-02-16,7045,67.4,13995,77,88.1,696,9
"10266",2021-02-16,7046,67.7,17284,148,75.2,885,8
"10267",2021-02-16,7048,58.1,10680,61,71,669,8
"10268",2021-02-16,7057,61.8,9850,52,71.1,563,7
"10269",2021-02-16,7059,71.1,14737,61,84.4,923,9
"10270",2021-02-16,7060,61.2,21029,101,78.4,1024,9
"10271",2021-02-16,7064,69.8,14638,58,90.8,991,9
"10272",2021-02-16,7068,68.5,12826,54,69.4,649,6
"10273",2021-02-16,7078,71.6,15370,112,96.9,963,12
"10274",2021-02-16,7095,70.5,14892,72,117,1488,12
"10275",2021-02-16,7109,67.1,13041,105,77,305,9
"10276",2021-02-16,7110,60.4,11661,70,80.1,1056,10
"10277",2021-02-16,7114,63.3,20175,111,86.3,1028,12
"10278",2021-02-16,7115,62.3,16068,74,90.3,765,7
"10279",2021-02-16,7116,50.2,12598,43,56.7,467,10
"10280",2021-02-16,7119,67.6,14163,67,88.4,1113,10
"10281",2021-02-16,7136,64.6,15248,77,78.1,705,6
"10282",2021-02-16,7156,67.3,13014,61,72.2,886,11
"10283",2021-02-17,2051,67.8,12348,56,92.6,1662,15
"10284",2021-02-17,3139,57.4,12596,57,78.8,2552,26
"10285",2021-02-17,4008,65.2999999999999,12006,96,79.9,1061,11
"10286",2021-02-17,4044,58.5,10000,63,90.3,345,9
"10287",2021-02-17,4080,52.1,8238,63,64.8,620,12
"10288",2021-02-17,4105,74.2,12856,56,97.2,658,12
"10289",2021-02-17,5035,71.4,14123,58,94,442,6
"10290",2021-02-17,5041,66.5,16251,107,79,1621,8
"10291",2021-02-17,5042,58,9338,128,60.7,744,10
"10292",2021-02-17,5059,49,10951,52,66,1068,6
"10293",2021-02-17,5061,75.4,13569,73,99.5,789,14
"10294",2021-02-17,5096,67.1,9450,54,75.5,584,8
"10295",2021-02-17,5100,57.8,13082,113,79,529,12
"10296",2021-02-17,6005,57.6,10341,81,62.9,483,7
"10297",2021-02-17,6022,66.6,12571,66,105,1213,16
"10298",2021-02-17,6029,68.1,13296,65,93.1,996,9
"10299",2021-02-17,6041,63,16127,93,80.2,426,7
"10300",2021-02-17,6061,66.9,20336,90,84.8,1424,10
"10301",2021-02-17,6064,61.4,15019,53,75.8,1439,19
"10302",2021-02-17,6067,68.2,13597,59,73.1,837,12
"10303",2021-02-17,6068,70.8,17022,75,99.6,1875,18
"10304",2021-02-17,6084,56.3,11462,47,79.1,552,7
"10305",2021-02-17,6085,1.7,463,8,4.79999999999999,211,9
"10306",2021-02-17,6086,47.1,12401,47,66.8,427,7
"10307",2021-02-17,6087,49.1,13104,49,66.1,672,10
"10308",2021-02-17,6090,63.4,10803,86,75,909,11
"10309",2021-02-17,6092,66.7,16083,76,85.7,1271,13
"10310",2021-02-17,6096,66.9,14305,62,95.4,580,4
"10311",2021-02-17,7025,71.3,17059,62,78.3,552,5
"10312",2021-02-17,7045,60,11302,79,71.7,589,6
"10313",2021-02-17,7046,75.1,17667,135,74.3,749,10
"10314",2021-02-17,7048,71.2,13346,82,86.2,827,11
"10315",2021-02-17,7057,54.7,9030,46,64.1,570,4
"10316",2021-02-17,7059,71.2,14743,45,90.4,986,8
"10317",2021-02-17,7060,45.7,14560,52,71.8,869,9
"10318",2021-02-17,7064,65.6,13346,48,68.8,797,7
"10319",2021-02-17,7068,61.4,12203,64,81.2,762,11
"10320",2021-02-17,7078,61.3,13642,68,84.7,1093,8
"10321",2021-02-17,7095,55,11134,59,91.9,1269,11
"10322",2021-02-17,7109,59.1,11210,85,77.4,327,8
"10323",2021-02-17,7110,72,12133,60,70.1,877,9
"10324",2021-02-17,7114,52.6,16698,90,58.8,759,4
"10325",2021-02-17,7115,61.3,14427,60,85.3,603,9
"10326",2021-02-17,7116,60.5,16087,56,80,704,21
"10327",2021-02-17,7119,56.3,12229,48,74.4,468,7
"10328",2021-02-17,7136,67.9,16809,66,85.8,817,10
"10329",2021-02-17,7156,69.4,13100,59,84.8,1136,11
"10330",2021-02-18,2051,53,10234,38,53.7,943,11
"10331",2021-02-18,3139,56.7,13524,50,76.4,1875,15
"10332",2021-02-18,4008,68.5,12078,106,78.6,650,10
"10333",2021-02-18,4044,64,11283,58,83.9,386,7
"10334",2021-02-18,4080,58.6,10959,66,64.6,649,14
"10335",2021-02-18,4105,64.2,11539,55,101.2,630,10
"10336",2021-02-18,5035,58.6,11751,50,95.6,549,9
"10337",2021-02-18,5041,20.8,5614,42,16.3,331,1
"10338",2021-02-18,5042,54.1,7751,121,55.2,1107,15
"10339",2021-02-18,5059,33,7919,34,45.6,775,7
"10340",2021-02-18,5061,48.3,8863,63,66.9,519,6
"10341",2021-02-18,5096,56.6,8255,47,65.2,453,4
"10342",2021-02-18,5100,44.7,10494,73,61.3,390,8
"10343",2021-02-18,5120,43.6,8044,31,45.4,526,6
"10344",2021-02-18,6005,23.6,4550,28,28,188,3
"10345",2021-02-18,6022,70.5,13474,81,82.8,927,9
"10346",2021-02-18,6029,80.6,15368,82,95.2,1061,10
"10347",2021-02-18,6041,54.7,13128,89,64.6,313,7
"10348",2021-02-18,6061,53.4,17639,71,57.5,919,7
"10349",2021-02-18,6062,34.5,5151,43,25.9,138,2
"10350",2021-02-18,6064,52.1,13246,50,79.4,1084,11
"10351",2021-02-18,6067,78.8,15838,68,87.9,1142,13
"10352",2021-02-18,6068,58.4,15116,81,76,1348,13
"10353",2021-02-18,6084,52.7,10398,28,66.2,523,6
"10354",2021-02-18,6086,67.6,17352,66,73.2,423,6
"10355",2021-02-18,6087,65.3,17092,51,77.2,669,5
"10356",2021-02-18,6090,48.8,8421,62,52.3,778,12
"10357",2021-02-18,6092,62.2,15902,81,80,901,12
"10358",2021-02-18,6096,69.6,17204,90,95.8,686,5
"10359",2021-02-18,7025,48.4,11700,47,62.9,332,5
"10360",2021-02-18,7045,63.8,12883,76,79.2,510,6
"10361",2021-02-18,7046,65.1,14670,124,80.8,868,12
"10362",2021-02-18,7048,59.6,10913,74,67.3,684,10
"10363",2021-02-18,7057,16.3,3570,9,0,0,0
"10364",2021-02-18,7059,54.9,12155,50,64.6,877,11
"10365",2021-02-18,7060,53.5,17275,75,62.1,932,10
"10366",2021-02-18,7064,66.7,14005,66,89.3,1722,10
"10367",2021-02-18,7068,70.6,15156,52,64.9,620,12
"10368",2021-02-18,7078,61.2,13477,72,78.5,816,14
"10369",2021-02-18,7095,64.2,12451,75,83.1,1376,11
"10370",2021-02-18,7109,63.6,12030,101,72.7,268,7
"10371",2021-02-18,7110,64,12226,56,70.6,1284,9
"10372",2021-02-18,7114,59.9,18432,112,83.6,989,10
"10373",2021-02-18,7115,57.6,14506,60,83.2,616,5
"10374",2021-02-18,7116,52.4,13367,45,61.3,438,12
"10375",2021-02-18,7119,58.6,13181,53,80.9,674,7
"10376",2021-02-18,7135,36.6,4808,34,36.8,284,8
"10377",2021-02-18,7136,60.6,16588,63,73.4,751,9
"10378",2021-02-18,7147,35.4,8643,41,45.8,304,4
"10379",2021-02-18,7153,45.4,6680,50,39.9,292,6
"10380",2021-02-18,7156,58.9,11714,56,68.5,820,10
"10381",2021-02-18,7163,40.6,5016,113,36.6,323,14
"10382",2021-02-19,2051,62.3,11313,46,76.8,1002,11
"10383",2021-02-19,3139,61.8,14167,49,75.2,2056,18
"10384",2021-02-19,4008,58.9,10693,86,86.7,1076,15
"10385",2021-02-19,4044,51.4,7599,44,60.3,386,7
"10386",2021-02-19,4080,50.7,9204,55,70.4,752,11
"10387",2021-02-19,4105,74.2,14525,58,89.2,471,8
"10388",2021-02-19,5035,79.7,16230,52,94.5,484,7
"10389",2021-02-19,5042,68.6,9831,155,61.3,752,7
"10390",2021-02-19,5061,71.1,13284,67,89.8,641,7
"10391",2021-02-19,5096,63.5,9978,39,73,642,10
"10392",2021-02-19,5100,57.2,12893,87,69.1,429,9
"10393",2021-02-19,5120,60,11714,53,61.1,912,12
"10394",2021-02-19,6022,72.8,13803,57,91.9,985,8
"10395",2021-02-19,6029,68,13020,82,82.7,1030,11
"10396",2021-02-19,6041,62.9,15895,67,85.3,404,7
"10397",2021-02-19,6061,71.2,22156,78,78.2,1495,13
"10398",2021-02-19,6062,72.3,12564,73,106.1,958,13
"10399",2021-02-19,6064,60.7,16728,63,75.2,1207,13
"10400",2021-02-19,6067,61.5,13411,52,80.2,932,10
"10401",2021-02-19,6068,67.9,17859,85,98.2,1724,18
"10402",2021-02-19,6084,69.3,15104,57,95.4,751,10
"10403",2021-02-19,6086,50.6,13292,39,69.4,443,6
"10404",2021-02-19,6087,56.4,15520,42,65.7,760,6
"10405",2021-02-19,6090,52.9,9973,62,69.8,944,13
"10406",2021-02-19,6092,61.7,14002,53,77.3,714,10
"10407",2021-02-19,6096,63.4,14397,55,87.4,632,4
"10408",2021-02-19,7025,62.4,15275,61,74.4,500,7
"10409",2021-02-19,7045,54.8,10724,47,82.3,726,8
"10410",2021-02-19,7046,60.2000000000001,14730,123,60.5,700,6
"10411",2021-02-19,7048,62.8,11665,61,72.7,783,5
"10412",2021-02-19,7059,65.9,14854,50,88,1015,9
"10413",2021-02-19,7060,61.1,18966,79,81.3,1204,12
"10414",2021-02-19,7064,68.3,13528,71,75.2,1093,6
"10415",2021-02-19,7068,60.1,12329,40,76,1047,13
"10416",2021-02-19,7078,63.7,15249,62,86.2,1187,8
"10417",2021-02-19,7095,55,11907,60,89.6,1116,7
"10418",2021-02-19,7109,51.4,10105,77,72.2,344,9
"10419",2021-02-19,7110,64.4,11221,54,78.5,1203,8
"10420",2021-02-19,7114,56.6,18307,85,74.3,839,9
"10421",2021-02-19,7115,54.1,12748,57,67.5,506,8
"10422",2021-02-19,7116,50.3,12298,47,76.9,563,14
"10423",2021-02-19,7119,55.2,13077,64,76.6,767,8
"10424",2021-02-19,7135,59.8,9780,59,86.8,810,8
"10425",2021-02-19,7136,59.1,16076,64,74.4,606,10
"10426",2021-02-19,7147,58.1,14210,56,86,942,10
"10427",2021-02-19,7153,59.6,12976,50,87.8,586,7
"10428",2021-02-19,7156,62.9,12471,61,84.7,1179,13
"10429",2021-02-19,7163,55.1,8483,87,70.2,622,12
"10430",2021-02-20,2051,54.7,11515,38,93.9,1335,8
"10431",2021-02-20,3139,65.4,16263,53,88.5,1694,13
"10432",2021-02-20,4008,68.3,11866,103,86.4,754,8
"10433",2021-02-20,4044,65.9,11377,64,102,496,10
"10434",2021-02-20,4080,57.4,11276,78,68.6,802,13
"10435",2021-02-20,4105,62.4,12599,50,111.3,653,8
"10436",2021-02-20,5035,59.6,13069,57,106.4,604,7
"10437",2021-02-20,5042,54,7316,127,56.6,635,6
"10438",2021-02-20,5061,61.5,13129,54,89.6,639,6
"10439",2021-02-20,5096,65.4,10386,56,73,549,6
"10440",2021-02-20,5100,46.2,12552,75,67.7,415,7
"10441",2021-02-20,5120,66.9,15768,83,77.2,1251,8
"10442",2021-02-20,6022,65.6,14699,72,97.4,819,5
"10443",2021-02-20,6029,68.7,13642,82,99,939,7
"10444",2021-02-20,6041,57.9,14446,64,82.4,382,7
"10445",2021-02-20,6061,57.8,16365,60,71.3,1069,7
"10446",2021-02-20,6062,70.2,16304,65,90.8,1026,12
"10447",2021-02-20,6064,63.5,18237,43,100.9,1551,14
"10448",2021-02-20,6067,82,16875,51,96,1272,12
"10449",2021-02-20,6068,62.4,16810,68,81,1065,9
"10450",2021-02-20,6084,55.8,13945,48,87.6,598,9
"10451",2021-02-20,6086,58,16420,45,90.2,567,8
"10452",2021-02-20,6087,60.8,15685,34,86,690,7
"10453",2021-02-20,6090,50.9,10021,89,52.7,795,9
"10454",2021-02-20,6092,59.2,15318,76,89,809,7
"10455",2021-02-20,6096,64,14131,53,111.7,899,6
"10456",2021-02-20,7025,59.1,15491,64,88.5,561,6
"10457",2021-02-20,7045,61.6,13024,65,77.5,582,8
"10458",2021-02-20,7046,63.1,15871,115,73.8,741,5
"10459",2021-02-20,7048,59.1,11695,62,67.7,751,7
"10460",2021-02-20,7059,72.2,16905,52,87.8,976,9
"10461",2021-02-20,7060,46.5,16672,72,65.9,754,8
"10462",2021-02-20,7064,64.2,14572,39,77.4,1028,6
"10463",2021-02-20,7068,67.5,14790,59,73.1,728,5
"10464",2021-02-20,7078,60.2,13696,58,89.2,848,7
"10465",2021-02-20,7095,61.6,13895,71,103.8,1214,13
"10466",2021-02-20,7109,58.9,11883,91,74.5,417,8
"10467",2021-02-20,7110,56.1,10559,48,56.2,753,5
"10468",2021-02-20,7114,52.5,17178,81,87.2,996,10
"10469",2021-02-20,7115,60.1,14301,60,93.4,552,9
"10470",2021-02-20,7116,54,14955,42,61.2,581,10
"10471",2021-02-20,7119,67.3,16617,61,98.1,827,7
"10472",2021-02-20,7135,51.7,9739,56,86.9,801,8
"10473",2021-02-20,7136,61.6,16566,72,94.2,722,7
"10474",2021-02-20,7147,52.4,14922,62,94.4,1160,9
"10475",2021-02-20,7153,53.3,12545,37,82,709,6
"10476",2021-02-20,7156,70.6,13099,71,82.1,1239,12
"10477",2021-02-20,7163,60.6,11445,74,83,860,9
"10478",2021-02-21,2051,49.1,9198,36,58.1,631,8
"10479",2021-02-21,3139,53.2,13054,46,88.9,2029,17
"10480",2021-02-21,4008,63,11770,109,104.8,959,11
"10481",2021-02-21,4044,52.5,9414,48,82.1,433,6
"10482",2021-02-21,4080,47.5,9096,52,59.4,601,12
"10483",2021-02-21,4105,63,12640,42,107.2,663,8
"10484",2021-02-21,5035,69.5,16289,46,96.5,487,8
"10485",2021-02-21,5042,61.0999999999999,9695,145,80.1,961,8
"10486",2021-02-21,5061,61.6,13365,69,96.7,746,9
"10487",2021-02-21,5096,56.9,9753,43,86,812,5
"10488",2021-02-21,5100,56.1,15183,98,80.1,611,10
"10489",2021-02-21,5120,49.6,12761,73,69.8,949,6
"10490",2021-02-21,6022,64.2,13703,57,94.6,1048,9
"10491",2021-02-21,6029,72.5,14411,77,114.9,1280,10
"10492",2021-02-21,6041,60.1,15456,71,75.9,428,7
"10493",2021-02-21,6061,70.6,23307,72,89.2,1816,10
"10494",2021-02-21,6062,68.2,16587,55,108.2,1335,15
"10495",2021-02-21,6064,52.7,14307,46,75.2,1032,11
"10496",2021-02-21,6067,56.5,14291,59,78.7,1075,10
"10497",2021-02-21,6068,72.8,19093,82,103.6,1641,13
"10498",2021-02-21,6084,58,14791,42,82,500,6
"10499",2021-02-21,6086,53.3,15005,48,73.5,460,6
"10500",2021-02-21,6087,49,13584,28,67.6,580,4
"10501",2021-02-21,6090,38.7,7438,63,62.3,831,10
"10502",2021-02-21,6092,64.5,17712,72,102.3,1258,9
"10503",2021-02-21,6096,67.7,16282,43,101.1,624,6
"10504",2021-02-21,7025,59.6,16738,61,84.1,654,7
"10505",2021-02-21,7045,64.4,13927,69,92,755,7
"10506",2021-02-21,7046,60.3,15288,115,86.6,945,8
"10507",2021-02-21,7048,61.5,11797,72,81.9,726,6
"10508",2021-02-21,7059,45.9,11104,37,77.4,930,7
"10509",2021-02-21,7060,49.3,17175,60,79,857,8
"10510",2021-02-21,7064,60.2,13739,52,75.9,1068,5
"10511",2021-02-21,7068,66.3,16710,51,99.3,1813,9
"10512",2021-02-21,7078,54.7,12114,57,85.3,1055,9
"10513",2021-02-21,7095,64.7,13618,48,118.5,1579,13
"10514",2021-02-21,7109,51.2,11260,85,76.8,357,9
"10515",2021-02-21,7110,56.5,10864,41,89.1,1268,6
"10516",2021-02-21,7114,61.8,18635,75,94.5,1090,11
"10517",2021-02-21,7115,57.3,15647,50,85.1,556,7
"10518",2021-02-21,7116,60.8,16231,52,83.6,694,17
"10519",2021-02-21,7119,54.8,12815,47,87,880,6
"10520",2021-02-21,7135,55.8,11071,53,89.7,1009,11
"10521",2021-02-21,7136,64.3,16372,53,89.9,863,8
"10522",2021-02-21,7147,62.1,17278,68,89.2,1000,6
"10523",2021-02-21,7153,59.5,15459,38,95.4,1087,8
"10524",2021-02-21,7156,59.5,12011,57,71.9,1013,9
"10525",2021-02-21,7163,58.2,12596,86,82.8,1232,13
"10526",2021-02-22,2051,63.9,12553,72,107.9,1762,17
"10527",2021-02-22,3139,65.7,15319,59,96.4,2160,12
"10528",2021-02-22,4008,61.2,10997,94,94.3,873,13
"10529",2021-02-22,4044,56.3,9825,54,91.3,485,8
"10530",2021-02-22,4080,64,11378,86,83.1,897,18
"10531",2021-02-22,4105,74,15816,62,117.6,684,11
"10532",2021-02-22,5035,68.1,16124,64,109,573,9
"10533",2021-02-22,5042,56.9,8480,135,55.9,609,8
"10534",2021-02-22,5061,61,11728,65,91.8,623,7
"10535",2021-02-22,5096,63.8,11139,55,80.1,768,7
"10536",2021-02-22,5100,53.3,13366,89,69.8,376,8
"10537",2021-02-22,5120,68.2,15492,90,87.8,1131,11
"10538",2021-02-22,6022,65.5,14235,77,101.3,880,13
"10539",2021-02-22,6029,75.1,14759,71,100.8,1039,9
"10540",2021-02-22,6041,61.8,15072,57,87,418,9
"10541",2021-02-22,6061,58.4,17804,72,98.6,2062,10
"10542",2021-02-22,6062,71.1,18024,75,117.4,1139,11
"10543",2021-02-22,6064,56.8,16753,62,95.1,1460,13
"10544",2021-02-22,6067,73.4,17170,83,107.1,1506,16
"10545",2021-02-22,6068,53.5,14258,49,61.5,881,5
"10546",2021-02-22,6084,51.4,13197,52,72.7,535,8
"10547",2021-02-22,6086,51.7,14059,43,71.5,448,6
"10548",2021-02-22,6087,57.2,15013,43,90.5,730,6
"10549",2021-02-22,6090,46.1,8743,72,66.2,798,11
"10550",2021-02-22,6092,71.5,17096,56,96,1312,12
"10551",2021-02-22,6096,59.3,14431,60,88,568,9
"10552",2021-02-22,7025,62.7,16926,71,80.4,468,6
"10553",2021-02-22,7045,57.2,11922,63,109.6,947,11
"10554",2021-02-22,7046,64.9,16031,110,91.9,855,9
"10555",2021-02-22,7048,68.9,13318,68,87.4,709,11
"10556",2021-02-22,7059,75.6,18255,56,95.3,1008,12
"10557",2021-02-22,7060,55.1,19007,91,95.4,1138,9
"10558",2021-02-22,7064,77.1,16813,58,84,952,7
"10559",2021-02-22,7068,62,14417,60,81.7,805,8
"10560",2021-02-22,7078,61.7,15024,67,97.9,1083,9
"10561",2021-02-22,7095,55.5,10935,52,100.3,1204,10
"10562",2021-02-22,7109,60.3,13895,84,95.8,444,9
"10563",2021-02-22,7110,60.6,11934,50,85.4,1239,11
"10564",2021-02-22,7114,65.8,20318,82,89,1171,13
"10565",2021-02-22,7115,59.6,16191,68,93,689,7
"10566",2021-02-22,7116,47.2,13835,52,65.7,485,11
"10567",2021-02-22,7119,59.2,14685,48,79.5,666,8
"10568",2021-02-22,7135,61.2,12133,64,89.4,1030,13
"10569",2021-02-22,7136,57.7,16021,66,77.8,748,11
"10570",2021-02-22,7147,62.7,17474,60,108.8,1279,9
"10571",2021-02-22,7153,55.6,13565,40,100.9,1244,9
"10572",2021-02-22,7156,52.9,10943,54,83.9,1147,13
"10573",2021-02-22,7163,58.5,13533,66,91.2,1142,8
"10574",2021-02-23,2051,54.4,10490,41,56.5,688,9
"10575",2021-02-23,3139,59,13070,46,80.1,1891,14
"10576",2021-02-23,4008,50.7,9722,83,74.1,661,8
"10577",2021-02-23,4044,61.9,9798,54,86.1,326,5
"10578",2021-02-23,4080,54.8,10055,67,73.8,749,8
"10579",2021-02-23,4105,65.6,13628,60,119.3,761,12
"10580",2021-02-23,5035,62.1,13895,52,95.6,518,8
"10581",2021-02-23,5042,60.4,9340,150,73.5,931,9
"10582",2021-02-23,5061,65.4,12445,60,91.9,681,12
"10583",2021-02-23,5096,64.6,9677,42,79.1,579,7
"10584",2021-02-23,5100,53.3,13571,89,73.1,496,9
"10585",2021-02-23,5120,53.3,11603,58,58.1,829,7
"10586",2021-02-23,6022,67.2,13692,79,103.6,809,9
"10587",2021-02-23,6029,62,11787,62,89.9,772,6
"10588",2021-02-23,6041,56.8,14720,59,82.5,421,7
"10589",2021-02-23,6061,72.2,21093,75,86.1,1592,8
"10590",2021-02-23,6062,64.5,13737,51,96.3,991,11
"10591",2021-02-23,6064,59.5,16296,43,90.2,2036,17
"10592",2021-02-23,6067,62.6,15695,45,80.9,1022,9
"10593",2021-02-23,6068,66,17150,98,106.7,1408,15
"10594",2021-02-23,6084,63.4,14650,50,97.2,599,10
"10595",2021-02-23,6086,54.9,15204,39,86.8,586,9
"10596",2021-02-23,6087,50.2,11776,26,63.3,523,7
"10597",2021-02-23,6090,50.3,9780,68,65.2,930,17
"10598",2021-02-23,6092,56.8,14966,56,89.8,1032,8
"10599",2021-02-23,6096,70.9,16811,52,108.4,935,7
"10600",2021-02-23,7025,58.2,15768,63,95.7,499,9
"10601",2021-02-23,7045,61.9,13907,53,81.4,651,10
"10602",2021-02-23,7046,62.3,14963,88,74.1,763,8
"10603",2021-02-23,7048,63.7,12266,47,72.2,934,8
"10604",2021-02-23,7059,60.1,14575,52,89.3,994,11
"10605",2021-02-23,7060,58.3,19332,69,86.7,902,11
"10606",2021-02-23,7064,51.3,10912,37,64.7,785,5
"10607",2021-02-23,7068,72.6,18057,60,93,1269,11
"10608",2021-02-23,7078,58.9,13114,72,78.3,881,9
"10609",2021-02-23,7095,44.8,8711,44,74.5,983,9
"10610",2021-02-23,7109,55.5,11784,81,83.4,380,9
"10611",2021-02-23,7110,66.9,12267,38,85.1,1203,10
"10612",2021-02-23,7114,54.4,17481,76,77.8,972,12
"10613",2021-02-23,7115,59.1,15070,57,85.6,556,5
"10614",2021-02-23,7116,56.2,14786,46,79.2,881,14
"10615",2021-02-23,7119,61.3,13444,45,88.5,696,8
"10616",2021-02-23,7135,59.5,11257,52,80.9,1054,10
"10617",2021-02-23,7136,62.6,15496,71,88.2,977,8
"10618",2021-02-23,7147,52.2,13801,38,92.3,1003,7
"10619",2021-02-23,7153,57.4,12129,39,86.2,801,6
"10620",2021-02-23,7156,62.9,11432,59,73.6,1367,11
"10621",2021-02-23,7163,63.5,13220,66,75.3,987,9
"10622",2021-02-24,2051,61.7,11871,36,92.2,1574,13
"10623",2021-02-24,3139,57.1,11515,38,83.5,1625,13
"10624",2021-02-24,4008,74,12710,130,105,1018,11
"10625",2021-02-24,4044,45.4,7540,44,72.2,459,9
"10626",2021-02-24,4080,60.4,11298,60,79.7,1008,17
"10627",2021-02-24,4105,74.5,13468,50,112.4,709,9
"10628",2021-02-24,5035,76.9,16283,56,128.2,658,12
"10629",2021-02-24,5042,54.9,7576,130,71.2,1181,16
"10630",2021-02-24,5061,54.5,9789,58,87.6,682,11
"10631",2021-02-24,5096,69.4,10794,38,89,777,7
"10632",2021-02-24,5100,47.6,10895,83,72.6,455,14
"10633",2021-02-24,5120,71.8,15263,64,85.6,1116,10
"10634",2021-02-24,6022,73.2,14584,61,119.4,1189,13
"10635",2021-02-24,6029,76.8,14994,68,101.5,1139,10
"10636",2021-02-24,6041,62.8,16485,67,93.9,449,7
"10637",2021-02-24,6061,59.8,17602,53,75.6,1201,5
"10638",2021-02-24,6062,68.8,14810,59,109.6,1100,12
"10639",2021-02-24,6064,60.2,16453,58,109.5,1629,14
"10640",2021-02-24,6067,83.1,17144,45,107.4,1324,14
"10641",2021-02-24,6068,67.4,17731,98,93.2,1237,12
"10642",2021-02-24,6084,63.5,14602,43,86.2,630,10
"10643",2021-02-24,6086,53.5,14150,45,74.2,474,7
"10644",2021-02-24,6087,59.5,15260,40,86.7,694,7
"10645",2021-02-24,6090,59.6,9753,89,82.3,1097,21
"10646",2021-02-24,6092,65.1,16534,80,95.6,1164,17
"10647",2021-02-24,6096,61.7,14557,53,102,725,6
"10648",2021-02-24,7025,57.6,14180,55,83.8,577,6
"10649",2021-02-24,7045,63.3,12808,52,106.4,738,13
"10650",2021-02-24,7046,64.5,14536,104,81.7,854,9
"10651",2021-02-24,7048,66.6,11903,61,85.4,975,8
"10652",2021-02-24,7059,66.5,14432,54,92.7,937,9
"10653",2021-02-24,7060,49.5,16756,74,70.3,676,6
"10654",2021-02-24,7064,74.7,15435,59,109,834,10
"10655",2021-02-24,7068,56.6,12997,51,75.4,836,10
"10656",2021-02-24,7078,67.9,13723,92,97.2,1151,11
"10657",2021-02-24,7095,60,12900,62,112.4,1733,14
"10658",2021-02-24,7109,63.2,12629,91,89.3,441,7
"10659",2021-02-24,7110,69.8,12302,51,85.7,1354,8
"10660",2021-02-24,7114,54.2,18068,82,82.8,1091,9
"10661",2021-02-24,7115,52.6,13719,62,86.8,588,7
"10662",2021-02-24,7116,53.4,14785,57,80.6,915,15
"10663",2021-02-24,7119,61.5,13592,48,90.2,977,10
"10664",2021-02-24,7135,56.6,10197,55,94.9,893,11
"10665",2021-02-24,7136,61.6,16480,71,95.1,933,10
"10666",2021-02-24,7147,59.3,15802,42,94.4,1072,9
"10667",2021-02-24,7153,64.8,13966,56,97.6,999,5
"10668",2021-02-24,7156,62.8,11189,57,81.3,1138,12
"10669",2021-02-24,7163,59.6,12476,77,84.6,973,8
"10670",2021-02-25,2051,68.2,13376,67,83.7,1399,14
"10671",2021-02-25,3139,59.9,10270,54,66.8,1132,12
"10672",2021-02-25,4008,60.3,11969,92,93.4,714,8
"10673",2021-02-25,4044,70.6,11375,67,110.1,380,7
"10674",2021-02-25,4080,53.8,10089,57,79.3,848,10
"10675",2021-02-25,4105,74,13953,47,126.5,768,13
"10676",2021-02-25,5035,70.3,16243,54,114.7,671,8
"10677",2021-02-25,5042,57.4,7918,157,49.8,773,10
"10678",2021-02-25,5061,63.1,12023,75,94.7,697,11
"10679",2021-02-25,5096,56.7,9302,49,67.3,602,8
"10680",2021-02-25,5100,50.3,12303,75,79.2,399,9
"10681",2021-02-25,5120,54.6,12156,45,66.4,800,8
"10682",2021-02-25,6022,67.5,13160,71,105,1140,9
"10683",2021-02-25,6029,66.8,14589,67,95.8,1079,9
"10684",2021-02-25,6041,67,16588,71,86.1,422,8
"10685",2021-02-25,6061,71.4,23499,70,84.8,1679,9
"10686",2021-02-25,6062,73.3,16528,63,115.3,1095,13
"10687",2021-02-25,6064,57.3,15707,57,75.6,928,6
"10688",2021-02-25,6067,68.3,14589,49,83.2,1170,12
"10689",2021-02-25,6068,55.1,15785,66,81.6,1153,9
"10690",2021-02-25,6084,55.4,13600,35,89.9,700,7
"10691",2021-02-25,6086,61.3,15610,52,88.3,580,8
"10692",2021-02-25,6087,62.3,15381,30,83.7,561,5
"10693",2021-02-25,6090,53.6,10143,96,56.8,649,12
"10694",2021-02-25,6092,56.2,14235,55,80,1293,9
"10695",2021-02-25,6096,62.9,15416,52,98.6,658,5
"10696",2021-02-25,7025,65.5,17189,61,89.7,582,7
"10697",2021-02-25,7045,62.1,13926,71,90.1,781,9
"10698",2021-02-25,7046,70.2,13573,140,71.7,725,8
"10699",2021-02-25,7048,51.7,9883,45,74.1,769,9
"10700",2021-02-25,7059,59.3,14018,47,85.8,998,9
"10701",2021-02-25,7060,53.7,19757,93,91.3,869,8
"10702",2021-02-25,7064,67.3,14840,65,75.6,910,8
"10703",2021-02-25,7068,72.1,16565,64,84.7,941,13
"10704",2021-02-25,7078,60.1,13279,66,89.4,1106,10
"10705",2021-02-25,7095,46.1,9665,46,101.1,1189,7
"10706",2021-02-25,7109,62.3,12461,83,85.4,421,10
"10707",2021-02-25,7110,57.9,10637,55,79.8,1050,7
"10708",2021-02-25,7114,62.3,20311,98,97.9,1163,9
"10709",2021-02-25,7115,61.4,17858,74,95.4,582,7
"10710",2021-02-25,7116,57,16597,72,73.4,609,14
"10711",2021-02-25,7119,58.6,13784,49,100.7,889,7
"10712",2021-02-25,7135,64.6,12346,63,75,818,10
"10713",2021-02-25,7136,80.6,17118,65,97.9,899,13
"10714",2021-02-25,7147,65.1,18699,58,108.8,1201,8
"10715",2021-02-25,7153,71,16929,53,114.4,1319,10
"10716",2021-02-25,7156,73.1,13903,71,93.2,1406,12
"10717",2021-02-25,7163,69.4,16104,73,96.7,1186,11
"10718",2021-02-26,2051,54.8,11318,57,79.5,1360,16
"10719",2021-02-26,3139,51.8,10019,32,86,1815,12
"10720",2021-02-26,4008,87.7,14297,132,104,950,9
"10721",2021-02-26,4044,64.1,10801,65,89.1,467,8
"10722",2021-02-26,4080,48.7,9586,65,73.1,697,7
"10723",2021-02-26,4105,62.3,13655,57,116.5,838,10
"10724",2021-02-26,5035,66.3,14940,48,106,575,8
"10725",2021-02-26,5042,59.3,8375,138,74.3,641,7
"10726",2021-02-26,5061,57.9,11365,71,81.9,580,8
"10727",2021-02-26,5096,67.7,11845,56,92.2,749,6
"10728",2021-02-26,5100,77.3,13075,81,76.3,439,13
"10729",2021-02-26,5120,58.8,12791,47,79.4,1113,11
"10730",2021-02-26,6022,69.9,14491,64,107,1080,11
"10731",2021-02-26,6029,74.4,15181,65,102.7,1211,7
"10732",2021-02-26,6041,68.4,14628,74,75.5,332,6
"10733",2021-02-26,6061,64.1,21295,62,86.8,2024,10
"10734",2021-02-26,6062,67.1,15843,54,109.3,942,10
"10735",2021-02-26,6064,62.7,17880,49,116.5,1515,10
"10736",2021-02-26,6067,63.8,14931,60,103,1602,15
"10737",2021-02-26,6068,69.4,19268,89,100.1,1338,11
"10738",2021-02-26,6084,52.3,12427,29,75.2,448,6
"10739",2021-02-26,6086,50.1,13517,38,78,468,6
"10740",2021-02-26,6087,48.7,12359,30,76.9,668,7
"10741",2021-02-26,6090,46.2,9226,75,70.6,948,12
"10742",2021-02-26,6092,67.7,18193,68,104.5,1400,15
"10743",2021-02-26,6096,70.3,20120,65,119,1037,5
"10744",2021-02-26,7025,59.5,16375,84,84.2,513,6
"10745",2021-02-26,7045,55.4,13927,74,91.7,682,9
"10746",2021-02-26,7046,60.4,12512,105,72.9,720,11
"10747",2021-02-26,7048,70.5,14263,70,96.7,1025,8
"10748",2021-02-26,7059,67.9,14712,62,93.2,1199,13
"10749",2021-02-26,7060,59,20107,70,86.2,935,10
"10750",2021-02-26,7064,63.6,14783,84,90.1,926,7
"10751",2021-02-26,7068,66.3,17795,50,106.7,1429,11
"10752",2021-02-26,7078,60.9,14817,85,81.7,1283,12
"10753",2021-02-26,7095,62.5,14017,71,96.2,1281,7
"10754",2021-02-26,7109,56.6,12440,95,80.7,421,7
"10755",2021-02-26,7110,64,12000,51,72.3,1139,8
"10756",2021-02-26,7114,65.6,22662,125,105.1,1225,9
"10757",2021-02-26,7115,60.3,17515,72,90.2,674,6
"10758",2021-02-26,7116,48.1,13984,37,74.1,680,12
"10759",2021-02-26,7119,58.8,14591,45,83.9,772,7
"10760",2021-02-26,7135,59.2,12127,52,84.5,889,11
"10761",2021-02-26,7136,59.2,15436,63,88.1,686,11
"10762",2021-02-26,7147,51.2,16286,55,81.7,971,10
"10763",2021-02-26,7153,63.5,15370,55,107.2,1129,9
"10764",2021-02-26,7156,55.3,11521,63,81.4,1268,11
"10765",2021-02-26,7163,61.8,15360,62,87.1,890,5
"10766",2021-02-27,2051,68.7,13296,71,85.8,1362,12
"10767",2021-02-27,3139,55.1,9458,30,78.9,1449,11
"10768",2021-02-27,4008,50.6,8163,60,75.5,545,7
"10769",2021-02-27,4044,56.7,9515,75,91.5,471,10
"10770",2021-02-27,4080,59.1,10173,59,87.9,900,13
"10771",2021-02-27,4105,79.6,13770,46,116.1,734,10
"10772",2021-02-27,5035,70.2,14960,48,96.6,578,7
"10773",2021-02-27,5042,56,7486,120,51.4,470,10
"10774",2021-02-27,5061,70.2,12527,76,118.6,846,11
"10775",2021-02-27,5096,63.7,9041,52,82.2,584,4
"10776",2021-02-27,5100,58.9,12485,82,94.8,575,11
"10777",2021-02-27,5120,62.5,15167,95,76,903,11
"10778",2021-02-27,6022,72.4,15104,80,116.7,1048,12
"10779",2021-02-27,6029,66,12266,59,90.2,872,10
"10780",2021-02-27,6041,58.7,14608,67,90.6,368,6
"10781",2021-02-27,6061,70.7,22536,100,95.4,1447,10
"10782",2021-02-27,6062,75,17043,68,107.1,1196,13
"10783",2021-02-27,6064,64.1,18172,82,106.3,2091,13
"10784",2021-02-27,6067,76.8,15604,48,104.1,1348,16
"10785",2021-02-27,6068,66.8,17608,66,98.5,1287,8
"10786",2021-02-27,6084,67.9,16651,78,109.2,727,10
"10787",2021-02-27,6086,61.2,16761,61,84.4,498,8
"10788",2021-02-27,6087,54.7,13213,41,75.6,651,9
"10789",2021-02-27,6090,45.4,8173,62,59.1,809,13
"10790",2021-02-27,6092,50.9,13822,76,83.9,1083,10
"10791",2021-02-27,6096,69.2,14494,69,111.9,885,5
"10792",2021-02-27,7025,62.7,15202,64,97.3,561,8
"10793",2021-02-27,7045,66,14678,66,92.6,861,10
"10794",2021-02-27,7046,64.3,14178,103,92.9,1049,11
"10795",2021-02-27,7048,61.4,11401,52,84.9,953,6
"10796",2021-02-27,7059,58.4,12605,64,85.2,1086,9
"10797",2021-02-27,7060,49.5,17419,104,75.7,859,12
"10798",2021-02-27,7064,74.8,15925,54,90.3,1422,8
"10799",2021-02-27,7068,58.5,14587,35,76,799,7
"10800",2021-02-27,7078,61.6,14018,109,89.7,743,12
"10801",2021-02-27,7095,55,10593,51,94.9,1645,20
"10802",2021-02-27,7109,57.8,12292,79,92.3,466,10
"10803",2021-02-27,7110,61.7,11528,44,95.5,1640,15
"10804",2021-02-27,7114,56.9,18468,83,83.1,955,6
"10805",2021-02-27,7115,57.0000000000001,14819,73,97.9,634,10
"10806",2021-02-27,7116,55.3,15080,52,83,766,14
"10807",2021-02-27,7119,59.5,14945,65,104.2,933,9
"10808",2021-02-27,7135,65.1,12859,68,92.3,1380,12
"10809",2021-02-27,7136,67.2,17555,62,103.1,880,13
"10810",2021-02-27,7147,64.8,18353,56,120.2,1534,10
"10811",2021-02-27,7153,69.6,16319,59,102.4,1100,11
"10812",2021-02-27,7156,58.9,12164,69,91.3,1804,15
"10813",2021-02-27,7163,62.3,13783,51,94.1,1228,10
"10814",2021-02-28,2051,60.1,12137,66,83.7,1100,14
"10815",2021-02-28,3139,68.5,14419,58,110.5,2169,12
"10816",2021-02-28,4008,78.6,13492,118,108.9,901,12
"10817",2021-02-28,4044,51.5,7847,52,69.7,396,6
"10818",2021-02-28,4080,56.9,9845,55,75.2,720,9
"10819",2021-02-28,4105,67.8,12458,52,114.1,636,10
"10820",2021-02-28,5035,78.6,17033,71,128.8,520,11
"10821",2021-02-28,5042,60.4,8887,136,70.8,647,8
"10822",2021-02-28,5061,66.5,12653,60,101.2,725,10
"10823",2021-02-28,5096,63.1,11712,57,81.7,869,9
"10824",2021-02-28,5100,53.5,13789,105,68.9,430,10
"10825",2021-02-28,5120,58.6,13608,60,73.3,917,7
"10826",2021-02-28,6022,62.3,15064,97,90,830,9
"10827",2021-02-28,6029,81.4,17450,75,121.9,1260,8
"10828",2021-02-28,6041,58.9,13356,64,71.2,326,7
"10829",2021-02-28,6061,75.2,21808,79,92,2354,12
"10830",2021-02-28,6062,76.4,18381,88,115.9,1162,12
"10831",2021-02-28,6064,58.3,17324,49,94.9,1267,9
"10832",2021-02-28,6067,72.3,17430,77,95.3,1128,11
"10833",2021-02-28,6068,56.8,14878,91,87.1,940,6
"10834",2021-02-28,6084,57.5,14692,62,95.8,673,7
"10835",2021-02-28,6086,56.9,15378,49,83.8,569,7
"10836",2021-02-28,6087,63.1,17762,43,86.6,659,5
"10837",2021-02-28,6090,48.2,10621,89,67.4,727,12
"10838",2021-02-28,6092,58.4,16645,85,91.8,972,11
"10839",2021-02-28,6096,64.1,15328,59,132.2,1036,9
"10840",2021-02-28,7025,66,16169,80,96.9,582,6
"10841",2021-02-28,7045,51.7,11098,54,92.2,827,9
"10842",2021-02-28,7046,56.1,13364,96,81.1,779,12
"10843",2021-02-28,7048,76,14354,63,89,840,8
"10844",2021-02-28,7059,67.9,16073,77,88.2,1003,11
"10845",2021-02-28,7060,50.1,16685,85,88.4,767,8
"10846",2021-02-28,7064,71,16711,93,93.4,1017,8
"10847",2021-02-28,7068,68.1,18916,78,102.7,1481,11
"10848",2021-02-28,7078,67.6,14499,66,100.5,846,14
"10849",2021-02-28,7095,54.3,12646,74,103.9,2362,12
"10850",2021-02-28,7109,64.9,14945,110,103.8,666,12
"10851",2021-02-28,7110,62.5,12334,53,78.3,1255,7
"10852",2021-02-28,7114,57.2,19471,87,93.6,1173,8
"10853",2021-02-28,7115,61.2,18572,90,96.3,497,7
"10854",2021-02-28,7116,61.9,14816,67,73.9,656,13
"10855",2021-02-28,7119,58.3,13851,55,87.5,902,11
"10856",2021-02-28,7135,62.4,13302,66,90.5,892,8
"10857",2021-02-28,7136,54,14590,62,83.1,713,9
"10858",2021-02-28,7147,61.8,18063,62,94.9,1159,6
"10859",2021-02-28,7153,62.8,15323,51,97.7,1206,9
"10860",2021-02-28,7156,65.8,13877,57,84.7,1375,12
"10861",2021-02-28,7163,57.2,13789,62,80.1,1154,8
"10862",2021-03-01,2051,50.4,9834,52,69.6,762,6
"10863",2021-03-01,3139,61.3,12543,36,90.8,1929,13
"10864",2021-03-01,4008,59.7,11100,80,92.5,923,9
"10865",2021-03-01,4044,62.6,9723,55,103,480,7
"10866",2021-03-01,4080,58.8,11654,64,82.3,809,10
"10867",2021-03-01,4105,76.6,14874,63,143.9,915,14
"10868",2021-03-01,5035,62.5,14062,57,103.5,466,8
"10869",2021-03-01,5042,58.1,7963,113,71.7,768,6
"10870",2021-03-01,5061,64.1,13206,63,101.7,882,10
"10871",2021-03-01,5096,67.7,10254,37,88.8,841,7
"10872",2021-03-01,5100,55.8,13594,97,80.2,618,12
"10873",2021-03-01,5120,57.9,12589,51,84.2,965,7
"10874",2021-03-01,6022,67,13966,69,127.8,1181,17
"10875",2021-03-01,6029,64.2,13171,45,98.4,753,7
"10876",2021-03-01,6041,65,15897,73,91.1,424,8
"10877",2021-03-01,6061,59.9,17433,56,75.9,1074,4
"10878",2021-03-01,6062,74.2,17513,51,127.8,1322,18
"10879",2021-03-01,6064,57.7,17266,47,118.1,2675,23
"10880",2021-03-01,6067,73.7,16589,61,108.3,1571,14
"10881",2021-03-01,6068,71.6,18778,73,106.4,1347,9
"10882",2021-03-01,6084,58.6,14633,62,82.7,656,8
"10883",2021-03-01,6086,53.7,12631,48,87.7,575,8
"10884",2021-03-01,6087,58.8,15328,37,86.4,706,7
"10885",2021-03-01,6090,52.8,10563,75,75.2,910,11
"10886",2021-03-01,6092,63.2,16682,53,95.2,1110,17
"10887",2021-03-01,6096,64.1,16189,36,121,1034,6
"10888",2021-03-01,7025,62.4,16190,54,101,543,7
"10889",2021-03-01,7045,72.5,12959,53,108,1084,13
"10890",2021-03-01,7046,73.1,16331,115,96.3,1036,8
"10891",2021-03-01,7048,50.3,10888,52,83.2,1099,12
"10892",2021-03-01,7059,61.4,13239,46,94.4,1300,10
"10893",2021-03-01,7060,54.2,17845,61,86.9,863,9
"10894",2021-03-01,7064,63.3,13823,71,92.3,1307,11
"10895",2021-03-01,7068,70.7,16078,51,83.3,930,5
"10896",2021-03-01,7078,61,12961,55,102.4,891,9
"10897",2021-03-01,7095,54.7,12375,58,106.5,1740,20
"10898",2021-03-01,7109,63.3,14970,79,88.1,429,9
"10899",2021-03-01,7110,65.1,11767,49,88.8,1231,10
"10900",2021-03-01,7114,58.9,18271,95,84.8,1013,8
"10901",2021-03-01,7115,51.8,14092,54,96.8,778,10
"10902",2021-03-01,7116,59,18483,65,86.3,1093,18
"10903",2021-03-01,7119,61.5,15500,43,99.2,1085,8
"10904",2021-03-01,7135,53.3,11217,58,95.9,1198,13
"10905",2021-03-01,7136,70,18557,66,115.1,1221,17
"10906",2021-03-01,7147,57.3,15583,56,104.6,1441,11
"10907",2021-03-01,7153,50.1,11303,38,103.6,1223,11
"10908",2021-03-01,7156,58.5,11861,45,105.5,1716,11
"10909",2021-03-01,7163,68.7,16666,55,104.2,1605,13
"10910",2021-03-02,2051,61.2,11162,61,95.8,1445,15
"10911",2021-03-02,3139,65.8,13249,39,91.5,1890,12
"10912",2021-03-02,4008,63.9,10089,96,108.3,1147,14
"10913",2021-03-02,4044,57.7,8391,35,91,385,5
"10914",2021-03-02,4080,46.9,8107,56,67.5,614,7
"10915",2021-03-02,4105,63.5,10674,48,73.1,420,10
"10916",2021-03-02,5035,68,14649,56,115.8,635,13
"10917",2021-03-02,5042,53.6999999999999,6239,126,47.8,632,9
"10918",2021-03-02,5061,59.5,10163,64,92.9,723,14
"10919",2021-03-02,5096,59.8,8332,43,83.5,825,8
"10920",2021-03-02,5100,45.9,8541,72,80,456,8
"10921",2021-03-02,5120,57.7,12109,50,65.1,1041,10
"10922",2021-03-02,6022,65,13590,74,107.5,1200,16
"10923",2021-03-02,6029,80.3,11853,68,95.9,906,9
"10924",2021-03-02,6041,56,13815,57,91.7,384,7
"10925",2021-03-02,6061,59.3,17360,65,95.2,1547,7
"10926",2021-03-02,6062,66.9,14380,51,99.7,1022,11
"10927",2021-03-02,6064,58.5,16051,53,93.4,2229,15
"10928",2021-03-02,6067,71.1,12720,37,94.5,1096,13
"10929",2021-03-02,6068,58.6,13393,62,90.4,1415,12
"10930",2021-03-02,6084,54.4,11828,30,87.4,575,9
"10931",2021-03-02,6086,61.3,15009,63,87.6,544,9
"10932",2021-03-02,6087,62.6,14227,37,88.2,735,9
"10933",2021-03-02,6090,48.7,8048,51,65.7,596,8
"10934",2021-03-02,6092,62.1,15239,57,101.7,923,9
"10935",2021-03-02,6096,67.9,14469,56,110.4,1326,7
"10936",2021-03-02,7025,62.9,15039,58,90.3,548,6
"10937",2021-03-02,7045,60.2,10553,43,91.6,756,10
"10938",2021-03-02,7046,64.5000000000001,15084,96,89.6,837,12
"10939",2021-03-02,7048,65.1,11748,67,79.3,839,9
"10940",2021-03-02,7059,59.7,12206,53,78.8,976,10
"10941",2021-03-02,7060,47.2,14970,64,76.9,726,10
"10942",2021-03-02,7064,71.2,14637,52,92.6,1385,11
"10943",2021-03-02,7068,64.7,14566,45,110.9,1002,9
"10944",2021-03-02,7078,68,12244,55,102.8,1095,13
"10945",2021-03-02,7095,55.5,10677,53,98.4,1367,15
"10946",2021-03-02,7109,52.8,10705,63,61.9,280,8
"10947",2021-03-02,7110,58.9,9519,40,88.5,1184,9
"10948",2021-03-02,7114,58.7,17616,79,93.7,1008,10
"10949",2021-03-02,7115,59.8,14036,55,75.1,447,7
"10950",2021-03-02,7116,49.8,12404,53,70.2,849,18
"10951",2021-03-02,7119,51.4,10895,49,91.5,959,8
"10952",2021-03-02,7135,117.9,12151,63,72.2,697,12
"10953",2021-03-02,7136,46.1,11596,42,80.8,904,14
"10954",2021-03-02,7147,53.8,14166,61,103.4,1232,8
"10955",2021-03-02,7153,65.8,13887,61,96.3,1110,9
"10956",2021-03-02,7156,53.5,9662,59,59.9,1018,10
"10957",2021-03-02,7163,61.4,13605,71,89.8,1270,9
"10958",2021-03-03,2051,21.4,4457,17,36.6,569,9
"10959",2021-03-03,3139,57.4,11561,43,90.3,1824,16
"10960",2021-03-03,4008,53,8633,87,81.4,855,9
"10961",2021-03-03,4044,60.3,9814,63,98.3,639,8
"10962",2021-03-03,4080,56.8,10061,68,89.8,958,17
"10963",2021-03-03,4105,72.2,12955,62,118.8,759,11
"10964",2021-03-03,5035,65,14111,65,107.5,514,12
"10965",2021-03-03,5042,6.8,1150,16,0.900000000000006,25,1
"10966",2021-03-03,5061,6.00000000000001,1444,13,2.1,49,2
"10967",2021-03-03,5096,54.9,7900,66,79.4,620,9
"10968",2021-03-03,5100,39.5,7598,88,45.4,232,8
"10969",2021-03-03,5118,38.5,6555,53,60.2,943,18
"10970",2021-03-03,5120,64.4,13422,65,79.8,965,8
"10971",2021-03-03,6022,61.6,12856,53,104.5,949,11
"10972",2021-03-03,6029,51.8,9597,60,97.2,809,9
"10973",2021-03-03,6041,56.5,12813,58,64.8,351,8
"10974",2021-03-03,6045,40.5,5568,65,76.7,495,11
"10975",2021-03-03,6061,48.3,12321,88,72.7,1024,11
"10976",2021-03-03,6062,69.6,15077,59,67.8,719,11
"10977",2021-03-03,6064,51.4,12542,49,96.7,1214,12
"10978",2021-03-03,6067,54.5,8799,44,72.6,782,18
"10979",2021-03-03,6068,68.3,17026,90,109.1,1510,15
"10980",2021-03-03,6084,37.6,8677,46,71.3,616,9
"10981",2021-03-03,6086,44.4,11967,52,49.8,279,6
"10982",2021-03-03,6087,42.5,11654,29,65.6,569,6
"10983",2021-03-03,6090,38.8,7522,41,45.7,476,11
"10984",2021-03-03,6092,49.5,12022,49,59.5,742,11
"10985",2021-03-03,6096,51.4,11710,60,71,675,12
"10986",2021-03-03,7025,57.2,12456,51,88.4,388,6
"10987",2021-03-03,7045,54.5,10197,48,92.9,805,10
"10988",2021-03-03,7046,35.5,6659,99,25.8,247,8
"10989",2021-03-03,7048,54,9980,48,84.1,769,6
"10990",2021-03-03,7059,61.1,12658,63,75.1,799,11
"10991",2021-03-03,7060,48.1,14750,82,69.4,802,11
"10992",2021-03-03,7064,64.4,12628,41,93.1,1187,11
"10993",2021-03-03,7068,50.2,12096,43,81.5,1001,12
"10994",2021-03-03,7078,47.9,9049,66,92.9,809,8
"10995",2021-03-03,7095,13.8,2692,13,49.9,624,6
"10996",2021-03-03,7109,53.1,9679,97,77,327,8
"10997",2021-03-03,7110,57.3,10632,52,78.6,1159,10
"10998",2021-03-03,7114,52.1,16916,67,98,1144,8
"10999",2021-03-03,7115,45.5,11342,65,71.9,427,10
"11000",2021-03-03,7116,44,10599,57,65,586,12
"11001",2021-03-03,7119,55.6,12970,50,72.8,818,9
"11002",2021-03-03,7128,29,3932,34,55.1,648,9
"11003",2021-03-03,7135,59.3,11634,85,101.1,1180,12
"11004",2021-03-03,7136,44,10323,55,70.9,766,21
"11005",2021-03-03,7138,25.8,3366,30,26.5,120,4
"11006",2021-03-03,7147,56.6,14915,62,83.1,1159,8
"11007",2021-03-03,7153,59.1,13022,51,78.4,1183,13
"11008",2021-03-03,7156,18.4,3304,12,33.7,576,4
"11009",2021-03-03,7163,33.4,5334,73,38.4,363,7
"11010",2021-03-03,8083,30.1,4460,65,40.2,263,6
"11011",2021-03-04,3139,60.6,11939,41,98.1,1956,18
"11012",2021-03-04,4008,70.4,11174,87,117,849,10
"11013",2021-03-04,4044,55.4,8251,51,96.9,422,7
"11014",2021-03-04,4080,55.7,8658,82,83.1,1037,16
"11015",2021-03-04,4105,67.2,11883,49,123.5,622,13
"11016",2021-03-04,5035,70.3,15054,47,130.8,686,13
"11017",2021-03-04,5096,63.1,9100,50,84.3,605,6
"11018",2021-03-04,5100,62.7,13555,86,94.3,469,10
"11019",2021-03-04,5118,64.2,11546,61,108.6,1440,14
"11020",2021-03-04,5120,53.9,12346,58,77.1,1066,11
"11021",2021-03-04,6022,69,14431,65,127.6,1131,11
"11022",2021-03-04,6029,80,15024,70,123.3,1213,11
"11023",2021-03-04,6041,61.8,14261,70,91.3,410,8
"11024",2021-03-04,6045,76,12384,68,113.6,1465,12
"11025",2021-03-04,6061,67.1,18254,67,124.8,1791,10
"11026",2021-03-04,6062,68.4,15865,60,120.2,1037,12
"11027",2021-03-04,6064,60.9,15947,49,108.4,1922,16
"11028",2021-03-04,6067,69.3,11727,40,106,1085,15
"11029",2021-03-04,6068,67.2,17240,59,100.4,1309,15
"11030",2021-03-04,6084,64.6,16028,58,114.7,719,8
"11031",2021-03-04,6086,49.7,12684,44,78.5,474,5
"11032",2021-03-04,6087,59.2,14211,35,94.1,960,12
"11033",2021-03-04,6090,47.4,8824,44,76,683,10
"11034",2021-03-04,6092,65.4,16626,50,98.3,1088,11
"11035",2021-03-04,6096,69,15109,45,127.2,873,6
"11036",2021-03-04,7025,60.6,15249,61,95,527,6
"11037",2021-03-04,7045,64.4,12804,59,116,1141,12
"11038",2021-03-04,7046,69.3,13455,86,104.4,704,10
"11039",2021-03-04,7048,68.4,13371,67,99.8,814,8
"11040",2021-03-04,7059,70.3,14281,50,101.8,1114,15
"11041",2021-03-04,7060,54,16375,65,78.3,708,11
"11042",2021-03-04,7064,76,14607,50,95.4,1553,7
"11043",2021-03-04,7068,62.5,14956,40,94.9,1090,8
"11044",2021-03-04,7078,76.9,12856,77,111.7,1178,16
"11045",2021-03-04,7109,57.6,11777,62,105.1,480,11
"11046",2021-03-04,7110,58.7,10339,50,91.9,1562,13
"11047",2021-03-04,7114,56.9,18050,72,98.1,1174,9
"11048",2021-03-04,7115,62.4,13998,79,103.3,590,10
"11049",2021-03-04,7116,60.1,14466,46,81.2,924,14
"11050",2021-03-04,7119,52.9,11176,37,102.9,866,8
"11051",2021-03-04,7128,52,8300,52,91.8,1018,7
"11052",2021-03-04,7135,68.5,12054,76,93.4,992,9
"11053",2021-03-04,7136,64.9,15844,68,109.7,932,11
"11054",2021-03-04,7138,64.4,10096,93,92.6,494,11
"11055",2021-03-04,7147,57.8,15686,47,110.8,1529,7
"11056",2021-03-04,7153,65.9,15214,42,117.4,1490,9
"11057",2021-03-04,7163,61,11484,55,96.8,962,10
"11058",2021-03-04,8083,66.4,10972,85,85.2,866,10
"11059",2021-03-05,3139,61.6,12429,51,101.3,2197,12
"11060",2021-03-05,4008,64.9,11892,114,97.1,703,11
"11061",2021-03-05,4044,59.6,9859,58,92.5,396,7
"11062",2021-03-05,4080,61.3,10045,84,85.2,971,15
"11063",2021-03-05,4105,70.5,12480,49,130.7,659,11
"11064",2021-03-05,5035,68.5,14530,55,111.8,505,10
"11065",2021-03-05,5096,64,9271,66,76.5,586,7
"11066",2021-03-05,5100,56.8,12702,92,78.8,449,8
"11067",2021-03-05,5118,66.6,12921,52,91.7,959,7
"11068",2021-03-05,5120,61.4,12410,55,84.4,876,11
"11069",2021-03-05,6022,79.9,16243,81,107.9,1023,9
"11070",2021-03-05,6029,74.2,13594,57,102.3,953,9
"11071",2021-03-05,6041,68.9,16434,72,95.5,377,8
"11072",2021-03-05,6045,78.2,14643,51,113.8,1498,13
"11073",2021-03-05,6061,63.1,18645,64,77.6,1264,7
"11074",2021-03-05,6062,73.6,16686,72,113.6,995,14
"11075",2021-03-05,6064,59.7,14552,48,107,1674,15
"11076",2021-03-05,6067,70.4,13619,52,100.7,1272,16
"11077",2021-03-05,6068,34.1,9610,36,61.2,779,7
"11078",2021-03-05,6084,61.8,12987,55,94.6,565,11
"11079",2021-03-05,6086,65.1,17188,63,88.8,539,8
"11080",2021-03-05,6087,58.2,14053,42,87.6,686,8
"11081",2021-03-05,6090,49.9,7883,60,62.1,594,7
"11082",2021-03-05,6092,57.3,13639,49,91.9,1015,15
"11083",2021-03-05,6096,76.3,16695,50,128.4,888,9
"11084",2021-03-05,7025,69.8,17175,83,109.6,649,10
"11085",2021-03-05,7045,58.8,10882,54,82.8,857,10
"11086",2021-03-05,7046,73.1,15022,105,99.2,860,10
"11087",2021-03-05,7048,59.1,10047,55,73.7,628,6
"11088",2021-03-05,7059,59.6,9905,48,73.1,619,10
"11089",2021-03-05,7060,55,18633,107,90.6,974,10
"11090",2021-03-05,7064,59.2,11692,43,83.6,1292,10
"11091",2021-03-05,7068,76.4,16994,61,87.7,705,11
"11092",2021-03-05,7078,59,11164,67,98.6,749,10
"11093",2021-03-05,7109,62.8,12224,109,85.5,439,10
"11094",2021-03-05,7110,63.6,10088,61,76.7,887,8
"11095",2021-03-05,7114,61.8,20480,77,90.7,1033,8
"11096",2021-03-05,7115,62.8,15395,83,101.1,496,9
"11097",2021-03-05,7116,51.7,13700,53,74.7,1429,20
"11098",2021-03-05,7119,63.6,14097,46,84.3,720,8
"11099",2021-03-05,7128,67.4,11675,73,95,1264,8
"11100",2021-03-05,7135,58.8,12324,51,84.5,895,9
"11101",2021-03-05,7136,63.1,15893,65,93.1,688,10
"11102",2021-03-05,7138,64.5,11510,92,92.6,441,7
"11103",2021-03-05,7147,66.2,16994,64,101.7,1037,7
"11104",2021-03-05,7153,74,15787,58,113.3,1262,7
"11105",2021-03-05,7163,65.1,13322,60,86.6,796,4
"11106",2021-03-05,8083,56.9,10811,63,80,838,10
"11107",2021-03-06,3139,72.9,13866,58,89.2,1590,15
"11108",2021-03-06,4008,52.1,9023,75,59.4,540,9
"11109",2021-03-06,4044,57.9,9434,58,82.1,575,9
"11110",2021-03-06,4080,58.1,9459,66,76.2,720,16
"11111",2021-03-06,4105,75.8,14598,72,94.3,540,11
"11112",2021-03-06,5035,68.4,13344,60,102.7,530,9
"11113",2021-03-06,5096,72,9512,50,89,690,7
"11114",2021-03-06,5100,49.9,10993,52,58.5,384,6
"11115",2021-03-06,5118,61.9,12397,51,93.1,1310,13
"11116",2021-03-06,5120,60.3,12076,56,69,764,7
"11117",2021-03-06,6022,66.7,13200,67,134.1,1352,16
"11118",2021-03-06,6029,67.1,11548,65,82.8,836,7
"11119",2021-03-06,6041,59.2,14190,88,83.7,430,7
"11120",2021-03-06,6045,75.6,13957,60,113,1361,13
"11121",2021-03-06,6061,66.5,21041,72,102.5,1951,6
"11122",2021-03-06,6062,20.2,4323,14,28.5,288,2
"11123",2021-03-06,6064,63.3,16703,58,109.5,1243,8
"11124",2021-03-06,6067,75.8,13473,42,89.9,1136,10
"11125",2021-03-06,6068,60.5,10988,32,77,794,6
"11126",2021-03-06,6084,59.1,12327,43,60.4,432,6
"11127",2021-03-06,6086,56,14562,56,82.6,517,7
"11128",2021-03-06,6087,53.9,11798,27,77,672,10
"11129",2021-03-06,6090,49.2,8134,74,68.7,629,9
"11130",2021-03-06,6092,74.5,17038,72,106,1072,12
"11131",2021-03-06,6096,66.8,14319,59,85.6,785,11
"11132",2021-03-06,7025,52,11829,64,80.1,482,7
"11133",2021-03-06,7045,61.9,12545,93,99.4,910,10
"11134",2021-03-06,7046,61.4,12063,81,83.2,683,9
"11135",2021-03-06,7048,63,10833,58,84.4,621,5
"11136",2021-03-06,7059,69,11585,58,95.1,1030,11
"11137",2021-03-06,7060,52.7,17414,101,68.2,756,12
"11138",2021-03-06,7064,73.7,14825,72,74.4,680,4
"11139",2021-03-06,7068,60.7,14176,58,88,960,6
"11140",2021-03-06,7078,62.5,13021,71,84.6,984,11
"11141",2021-03-06,7109,58.7,11319,109,73.4,344,11
"11142",2021-03-06,7110,64.2,10996,54,81.2,1143,6
"11143",2021-03-06,7114,55.9,18208,82,84.2,997,9
"11144",2021-03-06,7115,58.6,13035,63,85.1,439,8
"11145",2021-03-06,7116,54.1,12624,55,65.9,850,9
"11146",2021-03-06,7119,70.8,14842,55,91.7,793,10
"11147",2021-03-06,7128,48.8,8494,65,67.2,859,14
"11148",2021-03-06,7135,66.8,11931,56,85.3,950,6
"11149",2021-03-06,7136,62.1,14277,69,100.3,818,8
"11150",2021-03-06,7138,59,11243,101,100.3,831,12
"11151",2021-03-06,7147,51.5,13408,63,98.4,1295,9
"11152",2021-03-06,7153,59.3,13683,49,98,1790,10
"11153",2021-03-06,7163,70.8,14848,67,91.5,1297,7
"11154",2021-03-06,8083,50.6,8656,59,66.8,806,8
"11155",2021-03-07,3139,60.5,13246,51,92.4,2017,13
"11156",2021-03-07,4008,59.5,11001,92,79.3,963,12
"11157",2021-03-07,4044,65.5,11551,90,89.1,630,9
"11158",2021-03-07,4080,60.5,11044,73,81.5,970,14
"11159",2021-03-07,4105,67.6,13379,53,110,622,10
"11160",2021-03-07,5035,62.9,14202,67,89.7,578,11
"11161",2021-03-07,5096,58.5,9393,59,89.9,927,9
"11162",2021-03-07,5100,51.9,12282,86,88.6,523,11
"11163",2021-03-07,5118,63.1,13666,49,96.6,1563,10
"11164",2021-03-07,5120,66.4,12990,62,80.6,988,13
"11165",2021-03-07,6022,60.5,12754,74,97.9,818,7
"11166",2021-03-07,6029,67.9,13143,71,100.5,882,11
"11167",2021-03-07,6041,59.4,14147,77,58.6,265,5
"11168",2021-03-07,6045,55.3,11098,57,102.6,1018,9
"11169",2021-03-07,6061,64.1,20284,78,87,1728,7
"11170",2021-03-07,6062,47.6,12362,36,84.6,748,9
"11171",2021-03-07,6064,57.2,16199,64,78,1002,10
"11172",2021-03-07,6067,60,13008,52,93.6,1176,11
"11173",2021-03-07,6068,61.5,16183,56,102.8,1431,12
"11174",2021-03-07,6084,53.3,12394,44,91.6,701,9
"11175",2021-03-07,6086,43.2,11731,58,66.5,473,7
"11176",2021-03-07,6087,53.7,13918,44,78,592,7
"11177",2021-03-07,6090,40.5,6852,70,44.2,370,10
"11178",2021-03-07,6092,50.1,13712,58,62.6,560,9
"11179",2021-03-07,6096,66.6,16667,57,103.1,791,6
"11180",2021-03-07,7025,53.7,14364,58,60.4,417,5
"11181",2021-03-07,7045,62.7,13695,64,92.6,595,9
"11182",2021-03-07,7046,60.2,13521,90,84.7,806,9
"11183",2021-03-07,7048,62.7,12501,65,91.8,1325,14
"11184",2021-03-07,7059,63.4,13392,57,70.7,842,10
"11185",2021-03-07,7060,52,18509,95,83,892,9
"11186",2021-03-07,7064,67.4,14056,65,80.1,1666,8
"11187",2021-03-07,7068,51.1,13049,50,88.1,854,5
"11188",2021-03-07,7078,62.9,13152,89,103,1295,13
"11189",2021-03-07,7109,50,11103,83,80.1,329,8
"11190",2021-03-07,7110,58.9,11018,53,86.8,1097,7
"11191",2021-03-07,7114,52.6,16871,85,100.1,1179,10
"11192",2021-03-07,7115,52,13365,63,77.9,638,8
"11193",2021-03-07,7116,53.6,15858,68,68.1,997,14
"11194",2021-03-07,7119,46.4,11218,46,75.7,1020,10
"11195",2021-03-07,7128,49.8,9654,55,80.2,1240,9
"11196",2021-03-07,7135,61.9,12840,68,88.5,997,15
"11197",2021-03-07,7136,52.3,13354,49,80.8,813,9
"11198",2021-03-07,7138,56.9,14321,118,91.5,729,12
"11199",2021-03-07,7147,61.5,17140,75,82.6,1272,8
"11200",2021-03-07,7153,56.5,13739,60,89.5,935,8
"11201",2021-03-07,7163,57.1,12299,62,90.1,1131,8
"11202",2021-03-07,8083,55.2,11718,67,60.9,806,6
"11203",2021-03-08,3139,59.8,12824,51,92.8,1902,17
"11204",2021-03-08,4008,72.3,12876,106,102.4,948,12
"11205",2021-03-08,4044,60.4,10501,65,104.6,565,9
"11206",2021-03-08,4080,57.1,9995,88,81.2,797,12
"11207",2021-03-08,4105,71.3,13885,53,113.2,571,11
"11208",2021-03-08,5035,65.9,14678,49,122.3,625,8
"11209",2021-03-08,5096,57.3,8993,50,80.3,568,5
"11210",2021-03-08,5100,65.9,15292,85,84.6,539,9
"11211",2021-03-08,5118,56.5,12685,44,82,1156,8
"11212",2021-03-08,5120,65.9,12936,63,74.7,831,9
"11213",2021-03-08,6022,86.4,17162,86,131.2,1114,12
"11214",2021-03-08,6029,66.8,13137,62,98.3,1025,9
"11215",2021-03-08,6041,60.4,12944,53,88.4,416,8
"11216",2021-03-08,6045,86.7,15673,69,124,1214,10
"11217",2021-03-08,6061,61.1,17629,51,77.9,1316,5
"11218",2021-03-08,6062,75.9,17940,63,126.4,951,16
"11219",2021-03-08,6064,61.8,16196,52,98.2,1302,11
"11220",2021-03-08,6067,82.2,15459,55,102.1,1431,16
"11221",2021-03-08,6068,76.2,18534,77,108.5,1179,10
"11222",2021-03-08,6084,50.9,12149,44,72.5,392,6
"11223",2021-03-08,6086,63.9,15816,61,76.5,511,10
"11224",2021-03-08,6087,57.1,14495,52,84.6,816,10
"11225",2021-03-08,6090,47.1,8387,67,78.3,867,16
"11226",2021-03-08,6092,62.7,16317,65,95,944,13
"11227",2021-03-08,6096,74.1,15613,55,107.9,546,6
"11228",2021-03-08,7025,67.1,17550,71,94.7,550,8
"11229",2021-03-08,7045,59,10923,58,86.8,615,10
"11230",2021-03-08,7046,63.5,13621,99,82,678,8
"11231",2021-03-08,7048,69,13641,67,86.2,838,13
"11232",2021-03-08,7059,68.4,13660,64,98.1,1102,11
"11233",2021-03-08,7060,58.2,19232,92,77.6,972,10
"11234",2021-03-08,7064,76.2,15939,61,95.7,1255,12
"11235",2021-03-08,7068,62.1,15983,61,82.7,719,9
"11236",2021-03-08,7078,70.2,12063,82,104,957,10
"11237",2021-03-08,7109,60.9,12596,86,92.2,386,9
"11238",2021-03-08,7110,54.7,10146,54,76.9,1096,11
"11239",2021-03-08,7114,55.9,18152,91,70.3,855,8
"11240",2021-03-08,7115,57.9,15988,73,106.5,622,9
"11241",2021-03-08,7116,48.6,12292,42,61,808,16
"11242",2021-03-08,7119,63,14348,50,97.9,1045,13
"11243",2021-03-08,7128,58.4,10789,74,87.1,1345,7
"11244",2021-03-08,7135,64.8,13645,50,90.4,825,11
"11245",2021-03-08,7136,54.8,14617,54,96.9,811,11
"11246",2021-03-08,7138,65.6,14327,100,102.8,1006,11
"11247",2021-03-08,7147,62,16884,68,103.5,1142,8
"11248",2021-03-08,7153,56.1,13681,42,94.7,998,7
"11249",2021-03-08,7163,63,14681,67,85.7,977,5
"11250",2021-03-08,8083,62,12612,71,82.5,893,10
"11251",2021-03-09,3139,67.5,14082,47,96.4,1902,15
"11252",2021-03-09,4008,67.9,12535,91,94.2,686,8
"11253",2021-03-09,4044,48.4,8458,54,73.6,368,8
"11254",2021-03-09,4080,53,9560,74,77.9,784,13
"11255",2021-03-09,4105,74.6,15060,50,122.4,716,16
"11256",2021-03-09,5035,72.1,15326,61,107.3,662,9
"11257",2021-03-09,5096,68,10666,52,83.3,626,6
"11258",2021-03-09,5100,48.1,11051,67,84.3,564,9
"11259",2021-03-09,5118,78.6,18681,66,127.6,1947,14
"11260",2021-03-09,5120,61.7,12720,59,88.7,1088,11
"11261",2021-03-09,6022,65.4,13962,78,116,1291,14
"11262",2021-03-09,6029,74.5,13507,61,116.8,1240,12
"11263",2021-03-09,6041,64.5,14720,64,91.1,410,7
"11264",2021-03-09,6045,67.4,12501,53,128.7,1119,10
"11265",2021-03-09,6061,73.7,22180,73,106.9,3152,14
"11266",2021-03-09,6062,70,14759,64,105.3,897,14
"11267",2021-03-09,6064,59.6,15857,48,99.2,1136,6
"11268",2021-03-09,6067,64.6,13072,44,101.1,1454,12
"11269",2021-03-09,6068,62.4,16101,60,96.4,1152,7
"11270",2021-03-09,6084,70.9000000000001,15115,41,111.5,746,10
"11271",2021-03-09,6086,60.8,14847,60,106.1,652,7
"11272",2021-03-09,6087,62.2,16228,45,79.6,643,7
"11273",2021-03-09,6090,53.9,10002,63,63.4,665,10
"11274",2021-03-09,6092,66.4,17963,74,101.6,1167,14
"11275",2021-03-09,6096,55.9,13289,48,107.9,620,5
"11276",2021-03-09,7025,57.1,14505,62,89.2,472,7
"11277",2021-03-09,7045,59,11894,57,87.3,550,8
"11278",2021-03-09,7046,71.6,15396,98,88.4,719,7
"11279",2021-03-09,7048,57,11578,50,69.9,888,6
"11280",2021-03-09,7059,66.5,13308,58,95.2,967,9
"11281",2021-03-09,7060,48.5,15924,70,74.9,783,9
"11282",2021-03-09,7064,61.8,12190,44,89.5,1098,7
"11283",2021-03-09,7068,78.7,19128,87,104.8,1123,11
"11284",2021-03-09,7078,58.9,10850,63,93.7,1012,12
"11285",2021-03-09,7109,63.9,12991,79,100.5,428,10
"11286",2021-03-09,7110,65.3,11245,53,82.9,1204,7
"11287",2021-03-09,7114,62.4,17800,80,104.8,1037,9
"11288",2021-03-09,7115,62.7,15396,65,94.6,664,10
"11289",2021-03-09,7116,63.5,17292,59,96,1331,15
"11290",2021-03-09,7119,57.9,14437,48,95.5,827,8
"11291",2021-03-09,7128,57.8,11338,48,98.2,1087,8
"11292",2021-03-09,7135,55.3,11244,48,85.2,975,8
"11293",2021-03-09,7136,68.2,15671,65,99.1,718,16
"11294",2021-03-09,7138,61.6999999999999,14521,94,109,837,14
"11295",2021-03-09,7147,62.6,16868,56,110.4,1207,7
"11296",2021-03-09,7153,78.4,18538,62,131.6,1439,14
"11297",2021-03-09,7163,70.7,16233,68,106.8,1670,10
"11298",2021-03-09,8083,47.3,10868,55,75.3,866,9
"11299",2021-03-10,3139,60.8,12442,33,93.2,1739,13
"11300",2021-03-10,4008,57.2,11439,75,90.3,712,9
"11301",2021-03-10,4044,60.3,10104,62,102.3,715,13
"11302",2021-03-10,4080,57.9,9891,68,73.6,757,17
"11303",2021-03-10,4105,68.6,13691,42,111,576,10
"11304",2021-03-10,5035,63,14067,49,103.9,429,10
"11305",2021-03-10,5096,60.7,9250,52,79.6,679,5
"11306",2021-03-10,5100,60.4,12293,84,84.4,463,12
"11307",2021-03-10,5118,60,13561,55,89.1,1494,10
"11308",2021-03-10,5120,58.5,10840,56,62.7,737,9
"11309",2021-03-10,6022,65.3,13604,68,97.5,957,15
"11310",2021-03-10,6029,65.7,12305,49,92,1055,11
"11311",2021-03-10,6041,65.2,15269,70,100.5,415,9
"11312",2021-03-10,6045,68.9,13236,52,105.7,1179,12
"11313",2021-03-10,6061,63.5,20757,65,85.6,1705,7
"11314",2021-03-10,6062,71.2,12559,66,107.7,647,11
"11315",2021-03-10,6064,56.7,14749,47,105,1261,10
"11316",2021-03-10,6067,76,13114,39,94.9,1303,15
"11317",2021-03-10,6068,70.3,16473,74,100.1,1377,13
"11318",2021-03-10,6084,54.6,11266,37,78.4,492,8
"11319",2021-03-10,6086,52.9,13086,44,63.8,391,5
"11320",2021-03-10,6087,56.9,14692,31,87.7,716,9
"11321",2021-03-10,6090,48.9,8403,72,66.4,776,12
"11322",2021-03-10,6092,66.5,16626,61,97.7,1148,18
"11323",2021-03-10,6096,78.2,18733,65,120.8,805,5
"11324",2021-03-10,7025,68,17434,52,107.6,564,9
"11325",2021-03-10,7045,64.2,12388,53,98.6,659,8
"11326",2021-03-10,7046,63.1,12930,101,79.1,695,7
"11327",2021-03-10,7048,66.6,13281,77,95.2,795,8
"11328",2021-03-10,7059,63.8,13438,57,90.1,975,12
"11329",2021-03-10,7060,57.4,20478,85,84.2,855,11
"11330",2021-03-10,7064,76,15485,50,91.5,1089,7
"11331",2021-03-10,7068,59.6,14196,48,90.4,859,8
"11332",2021-03-10,7078,71,12596,58,112.1,979,13
"11333",2021-03-10,7109,55.4,9929,78,85,409,7
"11334",2021-03-10,7110,67.2,10632,51,78.7,1253,10
"11335",2021-03-10,7114,49.7,13628,64,78.7,808,9
"11336",2021-03-10,7115,56.6,14097,68,84.2,464,6
"11337",2021-03-10,7116,58.9,14666,43,74.9,869,17
"11338",2021-03-10,7119,69,15944,48,104,988,8
"11339",2021-03-10,7128,56.3,10018,65,88.4,834,6
"11340",2021-03-10,7135,67.1,13154,50,101,832,11
"11341",2021-03-10,7136,58,14014,44,84.4,598,7
"11342",2021-03-10,7138,61.5,14763,93,99.7,990,11
"11343",2021-03-10,7147,64,15093,49,102.9,1080,8
"11344",2021-03-10,7153,68,15139,37,103.6,895,8
"11345",2021-03-10,7163,64,13204,56,74.9,1021,8
"11346",2021-03-10,8083,67.6,13828,67,88.1,953,11
"11347",2021-03-11,3139,70.3,14411,51,110.1,2121,17
"11348",2021-03-11,4008,69.5,11421,80,103.1,668,10
"11349",2021-03-11,4044,64.5,11110,79,94.3,611,9
"11350",2021-03-11,4080,52.7,9848,77,75.6,870,17
"11351",2021-03-11,4105,72.3,14561,62,110.2,649,10
"11352",2021-03-11,5035,67.7,14835,53,133.7,685,12
"11353",2021-03-11,5096,65.4,10496,48,92.3,855,9
"11354",2021-03-11,5100,48.4,10711,65,73.5,410,10
"11355",2021-03-11,5118,56.8,13011,46,94.9,1133,7
"11356",2021-03-11,5120,65.5,13426,66,86.7,1031,11
"11357",2021-03-11,6022,73,14185,57,114.1,1446,16
"11358",2021-03-11,6029,74.8,14077,70,104.8,1141,11
"11359",2021-03-11,6041,56.3,13686,74,98,501,9
"11360",2021-03-11,6045,92.2,16108,59,130.7,1177,11
"11361",2021-03-11,6061,66.1,19883,60,91.1,1568,5
"11362",2021-03-11,6062,72.4,15716,65,121.6,838,21
"11363",2021-03-11,6064,65,17090,63,94.9,808,10
"11364",2021-03-11,6067,71.6,12760,51,97.5,1461,14
"11365",2021-03-11,6068,71.7,17659,84,111.4,1660,12
"11366",2021-03-11,6084,64.8,13653,42,101.5,588,8
"11367",2021-03-11,6086,61.7,17082,58,109.1,655,9
"11368",2021-03-11,6087,54.8,13429,36,86.1,861,11
"11369",2021-03-11,6090,48,7788,71,64.8,613,13
"11370",2021-03-11,6092,52.6,13449,57,92,1029,13
"11371",2021-03-11,6096,54.5,13294,53,100,766,10
"11372",2021-03-11,7025,159.1,13233,57,94.1,619,11
"11373",2021-03-11,7045,65.7,13490,67,104.1,718,12
"11374",2021-03-11,7046,76.7,15117,127,100.5,836,9
"11375",2021-03-11,7048,70.1,13449,74,89.1,690,11
"11376",2021-03-11,7059,68.2,13533,59,104.8,1145,13
"11377",2021-03-11,7060,53.1,17536,80,87,804,11
"11378",2021-03-11,7064,70.4,13417,64,90.1,796,10
"11379",2021-03-11,7068,68.5,16517,46,89.4,1159,6
"11380",2021-03-11,7078,65.4,12974,61,104.2,997,13
"11381",2021-03-11,7109,62,11758,86,96.7,435,9
"11382",2021-03-11,7110,53.2,8800,49,76.6,1334,9
"11383",2021-03-11,7114,66.7,19534,77,109,1126,11
"11384",2021-03-11,7115,59.4,13326,65,95.1,641,11
"11385",2021-03-11,7116,59.5,14158,52,80.7,1278,19
"11386",2021-03-11,7119,98.7,11314,35,90.6,680,7
"11387",2021-03-11,7128,63.2,11722,66,92.7,963,8
"11388",2021-03-11,7135,56.8,11332,52,85.4,920,9
"11389",2021-03-11,7136,67.7,16003,68,101.5,878,12
"11390",2021-03-11,7138,70.9000000000001,14186,106,105.6,1089,18
"11391",2021-03-11,7147,63.7,15246,51,114.6,1281,8
"11392",2021-03-11,7153,59.6,12947,44,101.9,1025,8
"11393",2021-03-11,7163,76,13933,60,97.7,1498,13
"11394",2021-03-11,8083,59.3,12479,73,84.9,1103,18
"11395",2021-03-12,3139,59.7,12637,27,93.1,1641,18
"11396",2021-03-12,4008,67.2,11255,96,102.3,633,8
"11397",2021-03-12,4044,58.1,10611,56,99,407,10
"11398",2021-03-12,4080,60,9003,82,78.7,666,11
"11399",2021-03-12,4105,78.3,15508,57,129.8,694,13
"11400",2021-03-12,5035,72.8,15630,65,116.8,608,9
"11401",2021-03-12,5096,65.5,10274,66,96,741,7
"11402",2021-03-12,5100,49.6,11101,80,81.2,481,10
"11403",2021-03-12,5118,73.7,16612,75,109.2,1903,11
"11404",2021-03-12,5120,52.8,9634,46,74.5,824,9
"11405",2021-03-12,6022,69.5,13285,71,127.4,1214,11
"11406",2021-03-12,6029,78.3,15383,59,114.7,1522,10
"11407",2021-03-12,6041,66.1,15101,70,99.2,429,7
"11408",2021-03-12,6045,72.1,15047,52,128.4,1462,15
"11409",2021-03-12,6061,63.8,19583,75,72.6,1798,5
"11410",2021-03-12,6062,78.8,17602,53,138.4,1213,17
"11411",2021-03-12,6064,64.6,16571,62,104.8,1329,10
"11412",2021-03-12,6067,68.3,13329,45,100.9,1240,13
"11413",2021-03-12,6068,69,16392,76,100.3,1143,9
"11414",2021-03-12,6084,53.5,11647,35,94.7,516,7
"11415",2021-03-12,6086,49.8,12245,47,73,424,6
"11416",2021-03-12,6087,57.9,15115,46,103.7,1042,13
"11417",2021-03-12,6090,45.8,7483,59,66.2,597,9
"11418",2021-03-12,6092,69.6,16791,58,119.3,966,12
"11419",2021-03-12,6096,66.5,15433,57,108.4,774,6
"11420",2021-03-12,7025,60.6,16009,69,87.8,519,7
"11421",2021-03-12,7045,60.3,12340,58,81.1,442,6
"11422",2021-03-12,7046,63.9,13832,100,87.2,756,10
"11423",2021-03-12,7048,61.4,12526,51,94.9,788,8
"11424",2021-03-12,7059,70,14481,66,100.5,1114,10
"11425",2021-03-12,7060,53.4,18301,63,92,851,11
"11426",2021-03-12,7064,70.8,15064,54,99.7,1059,12
"11427",2021-03-12,7068,65.7,15918,49,100.4,981,8
"11428",2021-03-12,7078,64.2,11849,55,102,1170,13
"11429",2021-03-12,7109,58.3,11189,83,91.4,364,7
"11430",2021-03-12,7110,62,11119,61,85.7,1382,11
"11431",2021-03-12,7114,56.8,17601,90,90.5,1069,8
"11432",2021-03-12,7115,64.9,16474,80,96,529,6
"11433",2021-03-12,7116,56.8,14524,36,86.4,1276,21
"11434",2021-03-12,7119,63.2,15271,59,96.5,789,8
"11435",2021-03-12,7128,52.6,9728,56,97.1,960,7
"11436",2021-03-12,7135,66.5,13529,63,96,914,7
"11437",2021-03-12,7136,60.7,15153,50,97.4,918,9
"11438",2021-03-12,7138,59.1,14159,104,100.8,1176,17
"11439",2021-03-12,7147,62,14010,64,99.9,1005,8
"11440",2021-03-12,7153,59.3,12412,47,115,1007,8
"11441",2021-03-12,7163,61.5,13553,67,77.7,1101,9
"11442",2021-03-12,8083,50.1,10322,65,72.2,906,10
"11443",2021-03-13,3139,47.1,11594,39,109.9,1563,14
"11444",2021-03-13,4008,45.9,8986,88,97.5,673,8
"11445",2021-03-13,4044,40.9,8517,88,79.4,296,9
"11446",2021-03-13,4080,51.6,9960,89,105.6,839,14
"11447",2021-03-13,4105,57.1,12391,66,116.1,694,11
"11448",2021-03-13,5035,62,16035,69,102.6,638,9
"11449",2021-03-13,5096,51.1,9038,69,77.6,690,7
"11450",2021-03-13,5100,45.7,12626,100,86.3,496,10
"11451",2021-03-13,5118,49.3,14487,63,113.8,1669,24
"11452",2021-03-13,5120,47.8999999999999,10501,82,79.3,937,9
"11453",2021-03-13,6022,62.2,14304,90,126.4,1223,12
"11454",2021-03-13,6029,61.5,14456,67,114.1,1018,8
"11455",2021-03-13,6041,47.9,13212,84,99.6,437,8
"11456",2021-03-13,6045,57.2,13538,63,101.5,1210,12
"11457",2021-03-13,6061,59.8,19728,92,102.6,1964,7
"11458",2021-03-13,6062,65.3,16751,95,119.4,971,17
"11459",2021-03-13,6064,43.3,13353,63,69.2,729,6
"11460",2021-03-13,6067,53.1,11659,63,113.1,1215,14
"11461",2021-03-13,6068,51.2,15103,72,110.5,1500,12
"11462",2021-03-13,6084,53.3,14328,63,91.9,670,7
"11463",2021-03-13,6086,51.8,14822,69,98.5,635,9
"11464",2021-03-13,6087,56.3,17905,60,59.1,588,12
"11465",2021-03-13,6090,41.1,7873,76,50.6,456,9
"11466",2021-03-13,6092,48.1,13155,77,94.8,864,14
"11467",2021-03-13,6096,58.9,15730,71,118.1,777,9
"11468",2021-03-13,7025,55.1,14805,62,102.1,680,8
"11469",2021-03-13,7045,46.1,9943,77,72.6,600,10
"11470",2021-03-13,7046,46.2,11454,110,71.4,628,7
"11471",2021-03-13,7048,48.2,10639,71,80,824,6
"11472",2021-03-13,7059,57.4,13476,70,94.5,1064,11
"11473",2021-03-13,7060,42.6,17243,104,68,653,7
"11474",2021-03-13,7064,59.2,14788,72,106.6,1062,10
"11475",2021-03-13,7068,57.7,14528,66,99,1038,10
"11476",2021-03-13,7078,44.9,10618,80,104.9,1322,17
"11477",2021-03-13,7109,53.3,11788,94,97.4,437,10
"11478",2021-03-13,7110,63.9,12635,76,99.1,1421,9
"11479",2021-03-13,7114,50.7,16317,91,116.7,1388,10
"11480",2021-03-13,7115,50.9,15233,92,84.7,325,7
"11481",2021-03-13,7116,47,14824,61,91.2,781,15
"11482",2021-03-13,7119,50.8,13547,53,78.1,796,8
"11483",2021-03-13,7128,51.5,10952,71,109.9,1149,7
"11484",2021-03-13,7135,47,12359,69,102.8,922,10
"11485",2021-03-13,7136,50.1,12838,59,97,850,11
"11486",2021-03-13,7138,55.4,16056,112,93.2,886,13
"11487",2021-03-13,7147,50.6,13977,71,111.9,1216,11
"11488",2021-03-13,7153,66.8,16740,55,82.7,859,8
"11489",2021-03-13,7163,56.8,13650,84,72,761,5
"11490",2021-03-13,8083,45.9,11610,71,78.9,814,5
"11491",2021-03-14,3139,56.3,14284,40,108,1850,14
"11492",2021-03-14,4008,61.2,11997,102,117.5,793,11
"11493",2021-03-14,4044,54.8,10271,70,103.8,411,7
"11494",2021-03-14,4080,56.7,11134,83,83.1,739,11
"11495",2021-03-14,4105,69.2,15913,54,147.3,888,16
"11496",2021-03-14,5035,65.4,18074,54,125.6,655,11
"11497",2021-03-14,5096,57.5,10636,62,93.8,711,9
"11498",2021-03-14,5100,49.2,11882,103,79.8,451,10
"11499",2021-03-14,5118,55.2,16175,55,108.9,1543,10
"11500",2021-03-14,5120,55,12101,65,88.4,1079,9
"11501",2021-03-14,6022,57.1,13521,68,123.1,1134,19
"11502",2021-03-14,6029,59.9,13173,63,128.3,1226,12
"11503",2021-03-14,6041,56.6,15608,77,107.5,557,8
"11504",2021-03-14,6045,67.8,15361,65,128.1,1369,13
"11505",2021-03-14,6061,56.4,20710,76,98.2,1476,8
"11506",2021-03-14,6062,63.5,16875,78,131.2,1114,15
"11507",2021-03-14,6064,58.9,17643,70,127.3,1298,13
"11508",2021-03-14,6067,63.5,14502,69,113.4,1432,15
"11509",2021-03-14,6068,51.5,13863,52,85.9,1109,9
"11510",2021-03-14,6084,52.2,13106,47,116.6,732,12
"11511",2021-03-14,6086,49.2,13182,47,87.8,542,7
"11512",2021-03-14,6087,48.6,14860,47,84.4,877,9
"11513",2021-03-14,6090,44.7,7900,69,67.5,570,12
"11514",2021-03-14,6092,58.7,14355,67,109.7,1030,16
"11515",2021-03-14,6096,61.3,16316,51,146.3,1039,7
"11516",2021-03-14,7025,54.8,15753,58,90.5,527,6
"11517",2021-03-14,7045,52.5,12078,56,106.4,866,12
"11518",2021-03-14,7046,68.8,16431,125,111.8,980,14
"11519",2021-03-14,7048,60.2,13636,65,110.5,934,8
"11520",2021-03-14,7059,58.4,13560,60,111.1,1377,13
"11521",2021-03-14,7060,45.4,20124,101,95.8,1024,11
"11522",2021-03-14,7064,56.3,13378,57,103.3,1201,7
"11523",2021-03-14,7068,59.5,15549,61,101.2,816,7
"11524",2021-03-14,7078,62.6,14166,86,119.1,1140,16
"11525",2021-03-14,7109,44.9,10993,66,100.9,455,8
"11526",2021-03-14,7110,51.1,11540,61,86.7,1068,9
"11527",2021-03-14,7114,53,16687,74,72.2,802,8
"11528",2021-03-14,7115,50.4,15884,76,87.3,436,10
"11529",2021-03-14,7116,37.8,11830,34,74.5,910,13
"11530",2021-03-14,7119,45.1,12496,56,106.6,1094,10
"11531",2021-03-14,7128,52.6,11218,85,106.3,937,8
"11532",2021-03-14,7135,60.1,14501,62,103.5,876,10
"11533",2021-03-14,7136,53.5,15224,58,110,1249,12
"11534",2021-03-14,7138,54.3000000000001,15361,111,100.7,1196,19
"11535",2021-03-14,7147,62.9,17324,57,130.8,1340,10
"11536",2021-03-14,7153,58.7,15894,53,124,1468,10
"11537",2021-03-14,7163,60.2,13777,82,98.7,1122,8
"11538",2021-03-14,8083,53.1,12239,78,94,891,6
"11539",2021-03-15,3139,53.1,15616,34,104.1,1925,14
"11540",2021-03-15,4008,54.3,11707,103,123.7,851,11
"11541",2021-03-15,4044,48.2,9732,70,104.3,705,9
"11542",2021-03-15,4080,46.2,9657,69,75,888,12
"11543",2021-03-15,4105,60.1,15625,48,129.7,789,10
"11544",2021-03-15,5035,69.9,15452,50,132.2,840,9
"11545",2021-03-15,5096,48.7,10140,57,77,554,9
"11546",2021-03-15,5100,47.7,13094,81,82.9,461,8
"11547",2021-03-15,5118,47.9,14915,58,94.9,1446,11
"11548",2021-03-15,5120,61,13976,61,100.6,1185,10
"11549",2021-03-15,6022,58,14486,75,122.5,911,10
"11550",2021-03-15,6029,59.3,13950,61,111.7,1233,8
"11551",2021-03-15,6041,63.8,13641,63,96.6,401,8
"11552",2021-03-15,6045,72.6,15267,55,140.8,1403,13
"11553",2021-03-15,6061,72.9,23067,62,119.9,1681,6
"11554",2021-03-15,6062,60.5,16216,61,128.8,1062,11
"11555",2021-03-15,6064,43.5,14730,50,97.7,945,10
"11556",2021-03-15,6067,61.5,14434,70,111.8,1385,16
"11557",2021-03-15,6068,65.6,17028,78,127.8,1555,12
"11558",2021-03-15,6084,47.2,13504,42,98.7,731,7
"11559",2021-03-15,6086,44.2,14454,49,98,612,9
"11560",2021-03-15,6087,52.5,17090,58,107.1,840,8
"11561",2021-03-15,6090,41,7800,73,82.8,788,13
"11562",2021-03-15,6092,49.9,15191,49,107.9,1106,18
"11563",2021-03-15,6096,56.2,15424,62,139.7,977,7
"11564",2021-03-15,7025,50.3,15597,62,115.2,550,8
"11565",2021-03-15,7045,49.5,12572,60,99.8,645,12
"11566",2021-03-15,7046,51.4,13020,101,80,642,7
"11567",2021-03-15,7048,50.9,13010,46,101.1,925,9
"11568",2021-03-15,7059,52.2,14117,65,108.4,1151,12
"11569",2021-03-15,7060,47,17767,83,92.8,734,8
"11570",2021-03-15,7064,56.1,12832,50,92.1,637,6
"11571",2021-03-15,7068,49.8,14032,55,87.9,850,8
"11572",2021-03-15,7078,53.8,12413,60,116.4,890,10
"11573",2021-03-15,7109,52.7,13241,80,101.3,453,6
"11574",2021-03-15,7110,50.2,9301,43,77.2,921,8
"11575",2021-03-15,7114,56.4,18210,85,113.1,1127,10
"11576",2021-03-15,7115,46.9,14019,71,99.6,503,6
"11577",2021-03-15,7116,49.1,14301,53,87,682,11
"11578",2021-03-15,7119,52.9,15123,53,124.3,845,9
"11579",2021-03-15,7128,54.2,11719,78,106.7,1456,9
"11580",2021-03-15,7135,47.9,13130,62,95.9,949,9
"11581",2021-03-15,7136,46.7,14291,58,102.8,891,11
"11582",2021-03-15,7138,56.2,15060,89,122,1006,18
"11583",2021-03-15,7147,52.4,16417,59,114.9,1258,9
"11584",2021-03-15,7153,54.3,16287,48,112.4,1174,8
"11585",2021-03-15,7163,58.2000000000001,15066,68,118.7,1307,13
"11586",2021-03-15,8083,53,15511,74,107.7,721,10
"11587",2021-03-16,3139,43.3,9798,46,88.6,1387,15
"11588",2021-03-16,4008,44.6,8648,95,105.3,465,12
"11589",2021-03-16,4044,30.6,5503,42,74.8,377,7
"11590",2021-03-16,4080,50.2,10083,84,100.5,925,20
"11591",2021-03-16,4105,55.9,11752,64,122.2,511,12
"11592",2021-03-16,5035,60.3,15317,42,120.3,639,8
"11593",2021-03-16,5096,52.5,9410,70,97.2,664,8
"11594",2021-03-16,5100,38.5,9367,61,86.4,441,7
"11595",2021-03-16,5118,53.7,13870,76,114.1,1018,13
"11596",2021-03-16,5120,45.8,10796,51,92.8,1038,13
"11597",2021-03-16,6022,41.3,9659,73,104.4,938,14
"11598",2021-03-16,6029,40.6,9054,46,103.5,804,10
"11599",2021-03-16,6041,52.8,12708,74,100.1,412,8
"11600",2021-03-16,6045,61.1,11955,68,124.4,1184,11
"11601",2021-03-16,6061,48.3,17841,55,92.9,1193,5
"11602",2021-03-16,6062,64.5,17510,109,145,1090,15
"11603",2021-03-16,6064,55.6,16454,72,119.8,926,10
"11604",2021-03-16,6067,57.9,13218,87,100.6,1051,12
"11605",2021-03-16,6068,39.9,10229,83,94.9,1074,17
"11606",2021-03-16,6084,50.2,13589,53,113.2,758,9
"11607",2021-03-16,6086,52.7,15063,63,99,582,8
"11608",2021-03-16,6087,43,13493,55,96.9,698,9
"11609",2021-03-16,6090,30.8,5454,59,60.6,524,11
"11610",2021-03-16,6092,58.9,16635,95,130.9,1276,14
"11611",2021-03-16,6096,52.7,12139,64,106.2,523,5
"11612",2021-03-16,7025,45,12538,71,110.6,594,9
"11613",2021-03-16,7045,52.4,10122,70,112.5,729,11
"11614",2021-03-16,7046,44.8,12641,88,94.1,774,12
"11615",2021-03-16,7048,50.3,11010,56,81.5,679,13
"11616",2021-03-16,7059,46.8,10382,60,108.6,1137,11
"11617",2021-03-16,7060,50.1,21093,92,98.6,986,17
"11618",2021-03-16,7064,46.5,11378,40,104.7,698,7
"11619",2021-03-16,7068,53.5,14589,63,114,931,13
"11620",2021-03-16,7078,46.1,10922,62,125.7,911,16
"11621",2021-03-16,7109,47.4,10713,95,107.3,419,8
"11622",2021-03-16,7110,32.6,7052,48,89.2,963,12
"11623",2021-03-16,7114,52.4,16614,89,99.6,918,12
"11624",2021-03-16,7115,41.5,11564,79,113.3,524,8
"11625",2021-03-16,7116,48.5,12226,58,78.8,677,16
"11626",2021-03-16,7119,44.8,11966,59,74.1,466,6
"11627",2021-03-16,7128,43.8,8934,61,98,871,7
"11628",2021-03-16,7135,49.4,12251,62,90.4,661,11
"11629",2021-03-16,7136,61,15036,73,111.1,977,13
"11630",2021-03-16,7138,48.1,13175,85,128.2,1012,18
"11631",2021-03-16,7147,50.8,15479,53,119.5,832,9
"11632",2021-03-16,7153,50.7,12309,57,109.8,948,10
"11633",2021-03-16,7163,47.9,12153,67,103.5,1233,11
"11634",2021-03-16,8083,44.7,10391,77,83.6,600,7
"11635",2021-03-17,3139,22.9,6526,13,53.4,962,6
"11636",2021-03-17,4008,46,9196,99,122,672,11
"11637",2021-03-17,4026,24.4,681,48,31.5,142,5
"11638",2021-03-17,4044,53.2,9666,69,110.5,492,7
"11639",2021-03-17,4057,27.3,4639,45,19.6,88,7
"11640",2021-03-17,4080,42.6,7052,80,88.2,878,19
"11641",2021-03-17,4105,16.9,4094,14,40.7,246,4
"11642",2021-03-17,5035,50.9,12380,50,124.1,702,8
"11643",2021-03-17,5064,25.8,4468,46,73.6,464,9
"11644",2021-03-17,5096,57.3,10593,56,94.5,738,8
"11645",2021-03-17,5100,47.4,10432,115,88.5,485,8
"11646",2021-03-17,5118,54.1,14734,49,118,1562,9
"11647",2021-03-17,5120,56.8,14365,78,99.9,1355,14
"11648",2021-03-17,6022,31.2,7857,32,74.1,462,5
"11649",2021-03-17,6025,37.1,6949,47,90.7,1231,15
"11650",2021-03-17,6029,62.1,13438,60,127.6,1033,9
"11651",2021-03-17,6041,59.6,15606,85,123.2,546,12
"11652",2021-03-17,6045,72.6,14595,63,127.5,1131,13
"11653",2021-03-17,6061,55.7,19342,61,102.6,1364,7
"11654",2021-03-17,6062,61.7,15794,81,132.4,1055,13
"11655",2021-03-17,6064,56,16056,66,122,1193,14
"11656",2021-03-17,6067,56.4,12823,75,123.2,1226,18
"11657",2021-03-17,6068,53.1,15871,111,106.9,1315,14
"11658",2021-03-17,6084,46.7,12308,64,108.4,596,9
"11659",2021-03-17,6086,42.2,13419,46,88.6,498,7
"11660",2021-03-17,6087,52.3,15541,40,96.9,798,7
"11661",2021-03-17,6090,42.6,6963,82,74.1,670,12
"11662",2021-03-17,6092,47.1,12171,62,85.6,778,10
"11663",2021-03-17,6096,64.3,16553,59,167.4,1043,8
"11664",2021-03-17,6125,38.1,7750,39,71.8,405,4
"11665",2021-03-17,7025,52.9,15318,75,105.7,536,6
"11666",2021-03-17,7045,54.9,11787,64,108,640,11
"11667",2021-03-17,7046,54.4,13632,121,99.9,734,7
"11668",2021-03-17,7048,49.6,10325,49,106.6,830,7
"11669",2021-03-17,7059,31.7,7751,31,56.6,648,6
"11670",2021-03-17,7060,47.8,17663,95,94.9,806,8
"11671",2021-03-17,7064,44.7,9211,31,92.3,641,6
"11672",2021-03-17,7068,53.3,14316,51,109.7,1185,10
"11673",2021-03-17,7078,51.4,11740,72,122.8,988,11
"11674",2021-03-17,7109,42,9364,69,102.3,421,10
"11675",2021-03-17,7110,61.3,12376,63,107.8,1432,8
"11676",2021-03-17,7114,53.7,17589,79,104,1177,13
"11677",2021-03-17,7115,57.3,15877,82,109.1,523,12
"11678",2021-03-17,7116,51.7,15338,54,111,849,16
"11679",2021-03-17,7119,56.7,16128,68,117.9,1096,12
"11680",2021-03-17,7128,43.5,8721,69,99.4,874,7
"11681",2021-03-17,7135,17.6,4346,13,29.5,278,3
"11682",2021-03-17,7136,50.9,15281,76,105.4,1022,14
"11683",2021-03-17,7138,46.6,12704,97,108.3,975,14
"11684",2021-03-17,7147,56.7,16560,55,129.4,965,7
"11685",2021-03-17,7153,66.4,16710,61,144.5,1469,14
"11686",2021-03-17,7163,54.5,13453,93,108.6,1165,11
"11687",2021-03-17,8083,51.7,12402,77,105.6,1033,10
"11688",2021-03-18,4008,58,13588,101,107.9,652,9
"11689",2021-03-18,4026,47.2,8352,93,90.4,453,8
"11690",2021-03-18,4044,43,7859,66,88.4,369,8
"11691",2021-03-18,4057,44.5,9539,55,115.5,438,9
"11692",2021-03-18,4080,52,10942,86,94.4,837,13
"11693",2021-03-18,5035,62.9,16484,59,145.7,487,10
"11694",2021-03-18,5064,50.4,10618,72,108.1,699,15
"11695",2021-03-18,5096,44.2,9427,53,88.5,676,12
"11696",2021-03-18,5100,49.6,11674,76,103.7,479,10
"11697",2021-03-18,5118,48.8,14807,54,115.4,1230,8
"11698",2021-03-18,5120,49.4,11888,53,102.6,1235,16
"11699",2021-03-18,6025,54.8,13571,80,121.1,1342,14
"11700",2021-03-18,6029,57.9,13440,63,105.9,916,9
"11701",2021-03-18,6041,55.2,15965,102,113.2,552,13
"11702",2021-03-18,6045,65.3,14757,67,134.4,1558,11
"11703",2021-03-18,6061,61.8,22595,96,119.2,2662,10
"11704",2021-03-18,6062,55.9,17424,87,136.2,1265,19
"11705",2021-03-18,6064,51.4,16145,63,103.7,1173,12
"11706",2021-03-18,6067,57,14178,81,110.3,1114,15
"11707",2021-03-18,6068,53.1,16465,73,118.6,1497,14
"11708",2021-03-18,6084,58.3,15907,69,114.9,823,9
"11709",2021-03-18,6086,50.1,17171,56,113,647,8
"11710",2021-03-18,6087,46.8,16607,62,90.9,679,7
"11711",2021-03-18,6090,37.8,7416,94,73.7,878,13
"11712",2021-03-18,6092,53.6,14843,78,117.7,1322,16
"11713",2021-03-18,6096,54.5,15837,51,107.8,925,5
"11714",2021-03-18,6125,45.8,11445,33,77.6,407,5
"11715",2021-03-18,7025,46.7,14943,68,108.8,689,8
"11716",2021-03-18,7045,43.5,9581,58,95.9,851,14
"11717",2021-03-18,7046,53.9,14390,118,103,825,13
"11718",2021-03-18,7048,56.3,13129,63,105.3,907,8
"11719",2021-03-18,7060,40.6,18125,96,83.9,853,10
"11720",2021-03-18,7064,59.7,13473,46,97.1,535,8
"11721",2021-03-18,7068,47.7,13938,56,98.2,877,10
"11722",2021-03-18,7078,64.3,15238,92,128,961,13
"11723",2021-03-18,7109,52.8,12630,103,103.1,541,10
"11724",2021-03-18,7110,47.8,10668,49,92.1,1310,13
"11725",2021-03-18,7114,56.8,19559,86,108.4,1266,9
"11726",2021-03-18,7115,49.6,15839,90,106.1,571,8
"11727",2021-03-18,7116,48.6,14718,54,80.7,694,10
"11728",2021-03-18,7119,54,15503,70,115.7,1017,12
"11729",2021-03-18,7128,45.5,10711,82,104.4,1183,9
"11730",2021-03-18,7136,58.7,16779,74,114.3,876,14
"11731",2021-03-18,7138,58.3,16686,122,123.2,895,14
"11732",2021-03-18,7147,57.6,16756,68,119.1,973,9
"11733",2021-03-18,7153,52.2,14410,50,108.9,927,7
"11734",2021-03-18,7163,57,15090,115,106.8,1226,11
"11735",2021-03-18,8083,46.3,12153,73,91.6,922,10
"11736",2021-03-19,4008,47.1,12397,108,90.1,815,12
"11737",2021-03-19,4026,61.8,14424,69,107,803,12
"11738",2021-03-19,4044,47.3,10406,81,84.7,418,8
"11739",2021-03-19,4057,54.9,14216,57,140.2,1091,18
"11740",2021-03-19,4080,47.1,10844,104,99.1,958,15
"11741",2021-03-19,5035,48.4,14803,61,114,485,9
"11742",2021-03-19,5064,49.5,12063,66,120.8,834,14
"11743",2021-03-19,5096,54.3,12301,79,95.2,835,11
"11744",2021-03-19,5100,36,9089,79,55.4,303,8
"11745",2021-03-19,5118,49.3,17888,76,101.1,1268,8
"11746",2021-03-19,5120,82.0000000000001,10442,51,76.8,908,9
"11747",2021-03-19,6025,55.8,12769,88,135,1685,12
"11748",2021-03-19,6029,61.9,16133,82,114.2,1082,12
"11749",2021-03-19,6041,49.9,16380,117,103.9,637,14
"11750",2021-03-19,6045,47.2,13778,69,113.7,1636,16
"11751",2021-03-19,6061,122.7,18586,89,73.2,1163,3
"11752",2021-03-19,6062,45.1,15887,94,111.7,1012,18
"11753",2021-03-19,6064,47.8,16927,73,105.6,719,9
"11754",2021-03-19,6067,57.9,14894,82,110.8,1060,14
"11755",2021-03-19,6068,62.4,18621,89,114.3,1403,14
"11756",2021-03-19,6084,43.9,12834,73,89.5,599,11
"11757",2021-03-19,6086,33.5,12194,63,79.5,554,9
"11758",2021-03-19,6087,38.9,13879,37,83.4,794,6
"11759",2021-03-19,6090,43.7,7981,102,75.2,732,18
"11760",2021-03-19,6092,48,14779,81,107.7,1045,12
"11761",2021-03-19,6096,52.8,15406,68,105.4,668,9
"11762",2021-03-19,6125,64,12724,38,122.9,787,10
"11763",2021-03-19,7025,39.9,12274,68,65.4,428,4
"11764",2021-03-19,7045,54.2,12870,72,107,897,13
"11765",2021-03-19,7046,81.2,14544,133,67.7,539,11
"11766",2021-03-19,7048,41.9,10433,52,76.6,870,10
"11767",2021-03-19,7060,49.6,23124,157,89.2,1013,14
"11768",2021-03-19,7064,41.6,11844,51,76.5,550,7
"11769",2021-03-19,7068,61.8,19210,82,111.1,1305,10
"11770",2021-03-19,7078,49.1,13191,116,91,1018,13
"11771",2021-03-19,7109,49.1000000000001,12685,128,106.3,565,12
"11772",2021-03-19,7110,42.3,11102,60,76.8,946,7
"11773",2021-03-19,7114,48,18828,100,111.4,1140,9
"11774",2021-03-19,7115,44.3,15258,106,93.2,636,10
"11775",2021-03-19,7116,43.1,13721,52,76.1,604,11
"11776",2021-03-19,7119,41.8,13847,62,89.6,1204,14
"11777",2021-03-19,7128,46.8,13697,95,90.7,1029,8
"11778",2021-03-19,7136,46.5,15978,63,95.8,1040,20
"11779",2021-03-19,7138,47.5,16598,138,109,1052,13
"11780",2021-03-19,7147,55.3,16468,70,95.6,793,6
"11781",2021-03-19,7153,41.5,15767,83,103.2,950,6
"11782",2021-03-19,7163,46,13705,107,93,1091,9
"11783",2021-03-19,8083,51.2,14918,94,92.7,931,11
"11784",2021-03-20,4008,35.3,9747,81,77,560,9
"11785",2021-03-20,4026,51.7,13543,46,110.4,868,8
"11786",2021-03-20,4044,39.5,9201,73,66.6,317,7
"11787",2021-03-20,4057,46.4,13059,61,130.1,902,19
"11788",2021-03-20,4080,41.8,12034,87,66.1,579,12
"11789",2021-03-20,5035,54.2,17582,75,77.1,508,7
"11790",2021-03-20,5064,47.6,12303,57,79.2,471,6
"11791",2021-03-20,5096,39.8,9804,58,71.5,655,8
"11792",2021-03-20,5100,38.3,11183,75,60.8,340,8
"11793",2021-03-20,5118,49.5,18638,72,117.3,1464,9
"11794",2021-03-20,5120,50,13033,55,86.9,1020,13
"11795",2021-03-20,6025,57.9,16483,85,137.2,1810,14
"11796",2021-03-20,6029,50.8,14581,67,111.3,1456,11
"11797",2021-03-20,6041,41,12733,74,60.9,246,4
"11798",2021-03-20,6045,65.4,15798,74,100.8,1123,19
"11799",2021-03-20,6061,92.1,17137,60,69.5,1099,4
"11800",2021-03-20,6062,56.1,18003,89,85,953,13
"11801",2021-03-20,6064,47.8,18411,89,101.9,1336,15
"11802",2021-03-20,6067,47.1,13694,68,91.5,946,13
"11803",2021-03-20,6068,54.1,20321,106,102.6,1251,12
"11804",2021-03-20,6084,46.5,15373,86,74.8,515,8
"11805",2021-03-20,6086,38.5,13612,50,75.8,557,10
"11806",2021-03-20,6087,43.1,15564,45,63.3,606,11
"11807",2021-03-20,6090,33.8,8212,73,40.5,444,8
"11808",2021-03-20,6092,53.3,19165,102,101.9,1086,15
"11809",2021-03-20,6096,49.5,15350,66,82.4,663,7
"11810",2021-03-20,6125,118.4,16203,59,108.5,380,6
"11811",2021-03-20,7025,38,13800,65,91.1,651,7
"11812",2021-03-20,7045,39.1,10398,68,65,403,7
"11813",2021-03-20,7046,43.8,14239,115,93.9,729,11
"11814",2021-03-20,7048,52.1,13199,63,88.8,1002,13
"11815",2021-03-20,7060,36,18442,107,70.6,833,13
"11816",2021-03-20,7064,44,12442,46,50.5,713,7
"11817",2021-03-20,7068,46.7,13464,49,87,732,8
"11818",2021-03-20,7078,48.4,12197,78,75.9,606,11
"11819",2021-03-20,7109,38.8,11683,80,46.5,207,6
"11820",2021-03-20,7110,47,12792,59,70.5,1067,8
"11821",2021-03-20,7114,41,15476,93,98.3,1043,13
"11822",2021-03-20,7115,34.1,14140,101,73,405,7
"11823",2021-03-20,7116,38,12541,50,66,447,8
"11824",2021-03-20,7119,46.1,16033,90,97.5,1158,15
"11825",2021-03-20,7128,37.6,9828,79,71.8,932,8
"11826",2021-03-20,7136,42,14118,56,101.6,790,10
"11827",2021-03-20,7138,42.9,17175,143,79.1,1418,16
"11828",2021-03-20,7147,49.6,16898,67,58.4,548,6
"11829",2021-03-20,7153,43.7,17149,60,69,656,6
"11830",2021-03-20,7163,52.6,16316,111,94.6,1237,19
"11831",2021-03-20,8083,45.7,14237,49,84.4,865,9
"11832",2021-03-21,4008,59,16112,100,104.3,683,11
"11833",2021-03-21,4026,51,15029,38,100.4,729,5
"11834",2021-03-21,4044,46,10644,62,84.9,438,10
"11835",2021-03-21,4057,59,16234,53,137.3,898,13
"11836",2021-03-21,4080,47.7000000000001,11276,88,83.1,761,13
"11837",2021-03-21,5035,50.7,17171,62,119.2,567,8
"11838",2021-03-21,5064,53.7,14392,59,115.6,856,11
"11839",2021-03-21,5096,46.2,12379,55,76.1,614,5
"11840",2021-03-21,5100,43.5,13250,68,83.3,527,11
"11841",2021-03-21,5118,43.8,16151,44,89.7,1315,6
"11842",2021-03-21,5120,34,9920,41,60.3,704,8
"11843",2021-03-21,6025,53.9,17400,69,133.9,1618,8
"11844",2021-03-21,6029,61.1,15014,68,97.6,882,8
"11845",2021-03-21,6041,54.1,17637,94,106.9,451,8
"11846",2021-03-21,6045,62.8,18203,59,119.4,1780,11
"11847",2021-03-21,6061,105.7,20731,63,88.8,1691,7
"11848",2021-03-21,6062,55.9,18957,91,110.4,1104,13
"11849",2021-03-21,6064,43,17235,71,91.3,1670,10
"11850",2021-03-21,6067,53.7,15226,63,93.1,1036,12
"11851",2021-03-21,6068,63.7,20687,90,112,1597,10
"11852",2021-03-21,6084,46.5,15880,62,102.1,765,9
"11853",2021-03-21,6086,42.5,15712,45,79.6,520,6
"11854",2021-03-21,6087,37.9,15166,47,62.5,496,4
"11855",2021-03-21,6090,41.5,9173,89,61,655,12
"11856",2021-03-21,6092,51.6,17983,86,95.2,1087,11
"11857",2021-03-21,6096,54.2,17814,65,122.5,952,10
"11858",2021-03-21,6125,60.8,19109,51,115.6,729,6
"11859",2021-03-21,7025,53.3,18209,51,90.4,598,8
"11860",2021-03-21,7045,47.3,13185,74,89,613,8
"11861",2021-03-21,7046,50.8,15676,105,80,707,7
"11862",2021-03-21,7048,51.3,14811,62,81.4,939,9
"11863",2021-03-21,7060,41.4,20013,97,76,861,9
"11864",2021-03-21,7064,50.2,13052,36,82,709,5
"11865",2021-03-21,7068,48.1999999999999,14706,66,64.6,513,4
"11866",2021-03-21,7078,51,14624,75,108.5,953,10
"11867",2021-03-21,7109,105.8,16759,112,100,547,12
"11868",2021-03-21,7110,49.7,13374,64,68.3,1034,8
"11869",2021-03-21,7114,48.2,19236,87,98.6,990,7
"11870",2021-03-21,7115,49.1,20114,120,95,374,7
"11871",2021-03-21,7116,45.3,15180,49,81.5,652,11
"11872",2021-03-21,7119,47.1,16188,71,90.1,720,7
"11873",2021-03-21,7128,54.1,14527,100,97,1223,7
"11874",2021-03-21,7136,51.1,17703,65,104.1,754,11
"11875",2021-03-21,7138,52.2,20234,126,103.8,1000,11
"11876",2021-03-21,7147,43,16855,53,106.4,1104,10
"11877",2021-03-21,7153,54.6,17305,62,103.7,848,7
"11878",2021-03-21,7163,54,18765,114,85.2,1169,10
"11879",2021-03-21,8083,40.9,13059,50,83.2,825,8
"11880",2021-03-22,4008,42.6,12059,86,88.9,594,11
"11881",2021-03-22,4026,56,17254,75,112.5,1164,9
"11882",2021-03-22,4044,38.1,8868,71,63.3,425,7
"11883",2021-03-22,4057,44.8,13937,52,133.9,745,13
"11884",2021-03-22,4080,41.6,10652,79,62.2,532,12
"11885",2021-03-22,5035,51,16967,61,115,597,7
"11886",2021-03-22,5064,106.2,13485,69,107.9,674,13
"11887",2021-03-22,5096,41.3,11611,89,74,800,9
"11888",2021-03-22,5100,33.8,11344,82,74.9,393,8
"11889",2021-03-22,5118,50.4,18885,80,105.1,1500,8
"11890",2021-03-22,5120,52.5,14269,70,81.9,944,13
"11891",2021-03-22,6025,53.4,16674,69,106,1277,10
"11892",2021-03-22,6029,51.2,13757,57,84.6,941,9
"11893",2021-03-22,6041,45.3,15001,86,73.4,302,6
"11894",2021-03-22,6045,51.6,15597,88,99,1659,11
"11895",2021-03-22,6061,44.7,19871,72,83.6,1159,6
"11896",2021-03-22,6062,39.7,15146,103,79,708,10
"11897",2021-03-22,6064,47.6,18432,90,107.2,1395,11
"11898",2021-03-22,6067,52.6,15517,75,92,953,16
"11899",2021-03-22,6068,47.8,18268,88,87.1,969,10
"11900",2021-03-22,6084,43,14487,64,82.9,624,8
"11901",2021-03-22,6086,29.9,10891,52,69.1,530,7
"11902",2021-03-22,6087,43.2,15854,58,87.4,742,7
"11903",2021-03-22,6090,28.3,6475,68,41.8,420,10
"11904",2021-03-22,6092,49.3,18770,99,81.6,1005,12
"11905",2021-03-22,6096,58.8,18442,71,120.8,664,6
"11906",2021-03-22,6125,45.5,15968,56,90.9,559,5
"11907",2021-03-22,7025,41.9,16178,72,66.4,357,4
"11908",2021-03-22,7045,42,12226,74,87.9,680,10
"11909",2021-03-22,7046,44.1,14523,112,71.8,857,10
"11910",2021-03-22,7048,41.1,12143,68,63.8,473,5
"11911",2021-03-22,7060,37.6,19515,87,74.6,1195,13
"11912",2021-03-22,7064,62.5,17816,55,109.7,877,10
"11913",2021-03-22,7068,40.7,12499,51,82.9,965,5
"11914",2021-03-22,7078,40.5,11931,58,96.7,753,9
"11915",2021-03-22,7109,43.1,13816,87,101.3,627,10
"11916",2021-03-22,7110,46.3,13015,62,82.7,1055,6
"11917",2021-03-22,7114,42.2,14702,82,90.9,808,8
"11918",2021-03-22,7115,40.7,15724,117,86,508,6
"11919",2021-03-22,7116,44.1,16934,57,64.2,483,9
"11920",2021-03-22,7119,48.1,17594,86,64.9,890,9
"11921",2021-03-22,7128,38.3,9607,81,61.6,851,6
"11922",2021-03-22,7136,38.1,13221,58,69.7,505,10
"11923",2021-03-22,7138,44,16826,105,70.5,825,15
"11924",2021-03-22,7147,51,18454,74,83.1,849,7
"11925",2021-03-22,7153,48.4,16771,66,91.2,865,7
"11926",2021-03-22,7163,39.6,12065,84,83.8,1007,17
"11927",2021-03-22,8083,38.4,12752,63,77.8,822,10
"11928",2021-03-23,4008,40.6,11790,105,73.6,772,15
"11929",2021-03-23,4026,54.1,16752,68,111.3,942,11
"11930",2021-03-23,4044,40.1,10606,93,71,265,6
"11931",2021-03-23,4057,50.4,14942,54,125.4,709,9
"11932",2021-03-23,4080,44.3,12661,80,76.3,690,13
"11933",2021-03-23,5035,45.9,14620,56,109.3,570,8
"11934",2021-03-23,5064,48.3,12777,56,82.5,587,10
"11935",2021-03-23,5096,35.2,9972,71,39,529,8
"11936",2021-03-23,5100,30.2,10024,61,59.3,375,6
"11937",2021-03-23,5118,40.4,14215,57,96.7,1307,10
"11938",2021-03-23,5120,43.1,12225,69,71.3,760,10
"11939",2021-03-23,6025,54.9,16266,52,123.1,1725,9
"11940",2021-03-23,6029,58.8,15976,66,86.2,872,14
"11941",2021-03-23,6041,43.3,14828,97,67.3,280,5
"11942",2021-03-23,6045,47.5,15389,76,86.5,1372,9
"11943",2021-03-23,6061,41.9,18622,85,58.7,1183,7
"11944",2021-03-23,6062,51.3,19068,102,68.9,668,9
"11945",2021-03-23,6064,41.4,16830,89,98.6,1286,12
"11946",2021-03-23,6067,46.4,14246,73,95.1,1084,14
"11947",2021-03-23,6068,47.8,17291,99,96.2,1325,13
"11948",2021-03-23,6084,38.7,12896,70,80.2,618,10
"11949",2021-03-23,6086,41.9,16314,68,64.8,451,7
"11950",2021-03-23,6087,43.2,16075,47,78.4,727,7
"11951",2021-03-23,6090,40.1,9709,87,61.2,533,10
"11952",2021-03-23,6092,45.2,16190,79,103.4,974,13
"11953",2021-03-23,6096,44.8,14490,57,99.1,689,5
"11954",2021-03-23,6125,45.1,15481,55,84.9,546,4
"11955",2021-03-23,7025,41,13861,70,65.5,419,6
"11956",2021-03-23,7045,32.7,8440,68,54.5,428,11
"11957",2021-03-23,7046,44.3,14576,120,84.9,1060,11
"11958",2021-03-23,7048,38.8,11554,52,77.2,807,9
"11959",2021-03-23,7060,36.1,18067,103,65.2,834,7
"11960",2021-03-23,7064,39.4,11286,33,76,622,6
"11961",2021-03-23,7068,43.2,15192,72,91.8,883,6
"11962",2021-03-23,7078,47.4,12874,64,94.9,648,11
"11963",2021-03-23,7109,40.4,12101,83,78.8,372,7
"11964",2021-03-23,7110,40.4,11094,56,64.7,936,6
"11965",2021-03-23,7114,40.5,16664,79,77.9,772,7
"11966",2021-03-23,7115,45.2,17907,103,100.4,634,12
"11967",2021-03-23,7116,24.4,8591,43,53.7,412,7
"11968",2021-03-23,7119,40.3,13472,64,91.5,790,7
"11969",2021-03-23,7128,35.8,10155,83,73.3,1269,8
"11970",2021-03-23,7136,47.6,17331,59,104.1,870,12
"11971",2021-03-23,7138,43.5,17052,126,107.8,1117,14
"11972",2021-03-23,7147,46.7,15250,69,84.2,907,10
"11973",2021-03-23,7153,40.8,15265,59,51.4,606,8
"11974",2021-03-23,7163,50.1,15909,95,99.4,1393,11
"11975",2021-03-23,8083,45.7,14615,81,84.3,796,9
"11976",2021-03-24,4008,52,13063,98,98.7,593,10
"11977",2021-03-24,4026,52.7,16652,58,105.3,942,5
"11978",2021-03-24,4044,46.9,10167,64,93.8,398,7
"11979",2021-03-24,4057,55.2,16818,55,143.8,1161,16
"11980",2021-03-24,4080,39.6,10437,70,76.5,835,16
"11981",2021-03-24,5035,46.3,15543,47,103.7,417,7
"11982",2021-03-24,5064,46.4,12540,60,90.5,587,6
"11983",2021-03-24,5096,49.7,11680,67,87.6,614,7
"11984",2021-03-24,5100,34.7,11415,72,78.4,410,8
"11985",2021-03-24,5118,50.5,17512,57,96.9,1463,8
"11986",2021-03-24,5120,43.8,13465,64,74.8,1015,11
"11987",2021-03-24,6025,53.9,14612,63,125.1,1319,7
"11988",2021-03-24,6029,59,16202,64,103.3,1095,8
"11989",2021-03-24,6041,48.8,16880,93,107.6,499,9
"11990",2021-03-24,6045,57.7,16027,67,106.2,1508,11
"11991",2021-03-24,6061,51.4,22595,66,91.2,1448,10
"11992",2021-03-24,6062,52.2,17701,83,105.5,954,13
"11993",2021-03-24,6064,41.1,16579,72,81.2,1167,10
"11994",2021-03-24,6067,55.8,14863,56,87.8,1021,12
"11995",2021-03-24,6068,50.1,18992,81,89.5,1233,11
"11996",2021-03-24,6084,43.4,15041,69,96.7,712,10
"11997",2021-03-24,6086,40.4,14391,61,71,528,7
"11998",2021-03-24,6087,38.4,14245,55,67.9,634,7
"11999",2021-03-24,6090,38.9,8280,88,64.7,528,10
"12000",2021-03-24,6092,41.5,14815,64,87.6,928,14
"12001",2021-03-24,6096,59,19500,57,150.6,1100,9
"12002",2021-03-24,6125,52.3,16813,42,107,904,5
"12003",2021-03-24,7025,47.9,17454,84,102,677,9
"12004",2021-03-24,7045,41.1,11364,59,81.5,777,7
"12005",2021-03-24,7046,58.3,17386,137,99.7,928,12
"12006",2021-03-24,7048,54.7,13900,59,91,797,7
"12007",2021-03-24,7060,39.2,19525,81,76.6,838,9
"12008",2021-03-24,7064,52,13906,43,75.9,493,5
"12009",2021-03-24,7068,46.4,15156,52,73.2,602,8
"12010",2021-03-24,7078,50.5,12878,65,92.3,1030,13
"12011",2021-03-24,7109,47.1,14322,70,93.4,526,10
"12012",2021-03-24,7110,47.2,12382,56,74.8,1213,9
"12013",2021-03-24,7114,47.6,19546,90,98.1,1140,7
"12014",2021-03-24,7115,40.4,14883,97,75.6,403,6
"12015",2021-03-24,7116,40.8,14683,48,74.9,581,11
"12016",2021-03-24,7119,52.5,16591,66,105.1,1057,10
"12017",2021-03-24,7128,53.4,14311,92,87.7,1235,6
"12018",2021-03-24,7136,47.6,17355,64,101.3,713,10
"12019",2021-03-24,7138,51.3,19976,110,111,1216,17
"12020",2021-03-24,7147,49.1,16662,53,106.8,1207,12
"12021",2021-03-24,7153,58.6,19583,56,128.5,1343,9
"12022",2021-03-24,7163,41.6,12380,81,71.9,879,10
"12023",2021-03-24,8083,44.4,14351,83,85.5,743,6
"12024",2021-03-25,4008,49.7,14113,103,109.8,800,9
"12025",2021-03-25,4026,59.9,17953,48,102.8,837,5
"12026",2021-03-25,4044,37.5,8457,63,83.2,302,5
"12027",2021-03-25,4057,52,16601,52,129.9,1091,14
"12028",2021-03-25,4080,49.7,12197,95,85.1,850,11
"12029",2021-03-25,5035,52.9,17048,53,125.8,828,11
"12030",2021-03-25,5064,54.1,14251,66,112.8,675,10
"12031",2021-03-25,5096,43.8,11021,77,72.2,737,7
"12032",2021-03-25,5100,47.5,15355,99,76.2,493,8
"12033",2021-03-25,5118,53.1,18956,63,103.7,1807,11
"12034",2021-03-25,5120,42.6,11549,60,79.3,863,8
"12035",2021-03-25,6025,55.2,15158,58,122,1642,7
"12036",2021-03-25,6029,48,12790,46,102.4,1103,7
"12037",2021-03-25,6041,51.9,17231,99,105,480,8
"12038",2021-03-25,6045,50.5,14702,62,108.3,1248,11
"12039",2021-03-25,6061,52.2,21324,63,93.7,1796,8
"12040",2021-03-25,6062,53.7000000000001,16920,97,109.8,1020,13
"12041",2021-03-25,6064,43.7,16632,84,74.7,1074,9
"12042",2021-03-25,6067,53.9,16432,80,115.8,1368,15
"12043",2021-03-25,6068,56.1,20577,77,104.4,1427,11
"12044",2021-03-25,6084,48.6,15382,50,106.9,670,10
"12045",2021-03-25,6086,38.9,16000,52,93.2,709,8
"12046",2021-03-25,6087,49.7,19169,67,103.6,804,10
"12047",2021-03-25,6090,34.8,7220,91,60.8,588,9
"12048",2021-03-25,6092,44,15739,71,89.7,1055,9
"12049",2021-03-25,6096,52.3,16493,64,109.2,759,7
"12050",2021-03-25,6125,45.4,16988,49,107,610,6
"12051",2021-03-25,7025,49.1,16791,57,98.3,660,8
"12052",2021-03-25,7045,50.3,13128,64,100.6,808,11
"12053",2021-03-25,7046,44.6,14086,94,83.2,862,10
"12054",2021-03-25,7048,40.5,9745,44,86.2,595,6
"12055",2021-03-25,7060,39.4,18656,83,80.2,904,9
"12056",2021-03-25,7064,52.2,15068,44,95.6,716,8
"12057",2021-03-25,7068,50,14908,48,91.6,1077,7
"12058",2021-03-25,7078,47.4,12082,55,111.6,764,14
"12059",2021-03-25,7109,46.6,13619,87,96.5,599,13
"12060",2021-03-25,7110,48.8,13512,56,81.9,1066,8
"12061",2021-03-25,7114,46,19054,75,94.6,982,8
"12062",2021-03-25,7115,50.8,17742,92,98.8,583,8
"12063",2021-03-25,7116,47.2,15330,38,86.1,604,10
"12064",2021-03-25,7119,42.2,13890,62,87.5,978,11
"12065",2021-03-25,7128,41.2,10541,73,106,1177,7
"12066",2021-03-25,7136,51.6,18109,69,109.9,821,12
"12067",2021-03-25,7138,46.6,17488,93,104.4,1114,13
"12068",2021-03-25,7147,47.6,16993,51,101.2,874,7
"12069",2021-03-25,7153,52.2,19138,69,109.8,1514,7
"12070",2021-03-25,7163,51.6,17080,116,95.8,1598,20
"12071",2021-03-25,8083,44.9,13853,63,79.4,925,12
"12072",2021-03-26,4008,50,15199,109,102.8,1125,10
"12073",2021-03-26,4026,46.1,15831,41,101.7,852,6
"12074",2021-03-26,4044,46.9,12001,90,99,366,8
"12075",2021-03-26,4057,60.1,17018,63,145.2,929,14
"12076",2021-03-26,4080,43.8,10985,88,85.3,860,14
"12077",2021-03-26,5035,43.3,14431,64,96.5,651,9
"12078",2021-03-26,5064,51,15306,62,105.6,741,9
"12079",2021-03-26,5096,44,11420,83,74.2,595,6
"12080",2021-03-26,5100,30.9,11222,66,67.4,412,7
"12081",2021-03-26,5118,38.8,15357,50,84,1009,5
"12082",2021-03-26,5120,33.3,10774,62,64.7,750,7
"12083",2021-03-26,6025,58.9,18727,51,121.1,1882,19
"12084",2021-03-26,6029,54.2,13610,55,94.1,1015,9
"12085",2021-03-26,6041,48.3,17994,109,102,492,7
"12086",2021-03-26,6045,66.7,20278,88,136,1871,16
"12087",2021-03-26,6061,57.9,24085,91,89.8,1487,6
"12088",2021-03-26,6062,46.4,15988,83,103.2,1099,11
"12089",2021-03-26,6064,52.7,22369,113,109.8,1764,12
"12090",2021-03-26,6067,49.3,16025,91,92.9,1070,16
"12091",2021-03-26,6068,44.1,18310,74,86.5,1251,13
"12092",2021-03-26,6084,48.2,16573,74,97.6,555,7
"12093",2021-03-26,6086,47.9,18177,50,97.3,662,7
"12094",2021-03-26,6087,37.5,13735,51,73.5,581,6
"12095",2021-03-26,6090,29.4,7522,72,47.3,399,7
"12096",2021-03-26,6092,54.5,19872,103,109.8,1155,11
"12097",2021-03-26,6096,48.8,16879,68,124.2,778,8
"12098",2021-03-26,6125,46.5,17951,60,85.8,588,4
"12099",2021-03-26,7025,47.6,16325,80,87.8,556,6
"12100",2021-03-26,7045,41.6,11898,63,83.5,645,10
"12101",2021-03-26,7046,42.4,13202,108,77.8,852,11
"12102",2021-03-26,7048,52.1,14079,59,87.9,1203,7
"12103",2021-03-26,7060,41.4,21330,104,91,918,11
"12104",2021-03-26,7064,45,13338,55,94.8,638,7
"12105",2021-03-26,7068,48.2,16906,60,97.3,1094,9
"12106",2021-03-26,7078,51.4,13371,77,91.2,788,10
"12107",2021-03-26,7109,39.2,12575,69,78.7,465,10
"12108",2021-03-26,7110,36.6,10244,61,71.2,969,7
"12109",2021-03-26,7114,50.9,23005,100,109.6,1144,12
"12110",2021-03-26,7115,36,12958,73,75.2,392,5
"12111",2021-03-26,7116,37.7,13180,50,75.8,578,12
"12112",2021-03-26,7119,50.5,19216,88,93.3,1022,10
"12113",2021-03-26,7128,50.4,14530,79,85.7,1159,7
"12114",2021-03-26,7136,47.1,16017,57,98.2,726,10
"12115",2021-03-26,7138,47.7,17427,114,94.5,1074,10
"12116",2021-03-26,7147,49.6,17013,60,102.1,1071,7
"12117",2021-03-26,7153,46.6,17844,58,100.8,1244,8
"12118",2021-03-26,7163,48.2,15533,109,80,1000,9
"12119",2021-03-26,8083,41.2,14274,73,80.7,814,8
"12120",2021-03-27,4008,52.8,12769,98,107.9,840,11
"12121",2021-03-27,4026,55.4,15618,60,111.1,816,7
"12122",2021-03-27,4044,55.4,10489,62,102.7,627,8
"12123",2021-03-27,4057,60.1,17103,52,133.4,935,14
"12124",2021-03-27,4080,49.4,10926,79,74.4,742,10
"12125",2021-03-27,5035,61.4,16039,54,120.6,720,8
"12126",2021-03-27,5064,55.6,14228,67,105.7,760,12
"12127",2021-03-27,5096,50.1,12726,65,82.8,594,5
"12128",2021-03-27,5100,48,14821,91,87.3,563,8
"12129",2021-03-27,5118,58.4,17534,61,122.2,1620,8
"12130",2021-03-27,5120,53.4,15245,61,88.6,1006,10
"12131",2021-03-27,6025,58.7,20119,71,136,2461,16
"12132",2021-03-27,6029,63.7,15002,78,103.5,1008,6
"12133",2021-03-27,6041,60.2,17427,102,110.9,551,10
"12134",2021-03-27,6045,66.9,16939,74,100.5,1702,12
"12135",2021-03-27,6061,53,22579,76,82,1194,5
"12136",2021-03-27,6062,63.6,17479,74,118.3,1434,10
"12137",2021-03-27,6064,50.8,17976,89,95,1018,9
"12138",2021-03-27,6067,68.4,17318,82,112.9,1628,17
"12139",2021-03-27,6068,58,19873,82,96.4,1148,12
"12140",2021-03-27,6084,54.2,15062,64,104.2,907,9
"12141",2021-03-27,6086,49.6,16123,68,85,701,9
"12142",2021-03-27,6087,50.6,17589,57,86.7,673,8
"12143",2021-03-27,6090,44.3,7967,74,56.2,475,10
"12144",2021-03-27,6092,53.5,17342,71,109.2,1751,22
"12145",2021-03-27,6096,48.5,14803,55,97.6,757,7
"12146",2021-03-27,6125,53.9,18765,52,107.2,793,7
"12147",2021-03-27,7025,47.8,15433,61,91.5,719,6
"12148",2021-03-27,7045,50.6,13941,74,88.4,827,9
"12149",2021-03-27,7046,59.8,18248,132,89.4,783,9
"12150",2021-03-27,7048,56.8,13119,65,84.6,922,7
"12151",2021-03-27,7060,50,20877,102,84.5,861,9
"12152",2021-03-27,7064,65.9,16782,57,91.8,673,7
"12153",2021-03-27,7068,63.6,16245,60,89.6,960,9
"12154",2021-03-27,7078,62.7,14000,74,108.5,654,10
"12155",2021-03-27,7109,54.9,13674,82,105.2,617,8
"12156",2021-03-27,7110,54.3,13198,67,82.1,955,7
"12157",2021-03-27,7114,51.9,21235,91,96.7,1087,9
"12158",2021-03-27,7115,49.5,18178,107,83.4,466,7
"12159",2021-03-27,7116,56.1,18614,53,97.1,723,18
"12160",2021-03-27,7119,44.6,13774,67,98.4,990,7
"12161",2021-03-27,7128,57.2,14128,87,100.5,1545,9
"12162",2021-03-27,7136,56,17455,75,107,824,11
"12163",2021-03-27,7138,53.4,17288,123,110.4,1156,15
"12164",2021-03-27,7147,53.4,18349,61,106.7,1100,8
"12165",2021-03-27,7153,63,20705,64,123.4,1639,11
"12166",2021-03-27,7163,54.6,15904,104,88.4,1118,10
"12167",2021-03-27,8083,52.9,16300,72,95.9,1301,8
"12168",2021-03-28,4008,49.4,14776,131,94.2,815,9
"12169",2021-03-28,4026,65.1,18930,80,115.6,1005,8
"12170",2021-03-28,4044,45.8,9109,63,84.3,291,5
"12171",2021-03-28,4057,51.6,14971,73,136,1115,15
"12172",2021-03-28,4080,49.5,10656,93,87.2,690,9
"12173",2021-03-28,5035,58.1,16341,66,120.8,760,11
"12174",2021-03-28,5064,58.8,13977,69,110.1,782,15
"12175",2021-03-28,5096,50.6,12431,85,80.4,698,10
"12176",2021-03-28,5100,46.2,13508,86,81.9,472,10
"12177",2021-03-28,5118,53.3,17985,61,105.3,2123,16
"12178",2021-03-28,5120,42.3,11113,60,68.4,769,7
"12179",2021-03-28,6025,60.1,17821,83,123.6,2085,20
"12180",2021-03-28,6029,65.3,17916,87,124.8,1635,10
"12181",2021-03-28,6041,52.1,16278,92,105.7,410,8
"12182",2021-03-28,6045,53,12884,83,94.3,1337,10
"12183",2021-03-28,6061,53.3,20198,78,97.9,1677,7
"12184",2021-03-28,6062,52.6,16081,101,110.2,1140,14
"12185",2021-03-28,6064,46.4,16927,93,100.5,2110,14
"12186",2021-03-28,6067,52.8,14608,87,88.6,975,9
"12187",2021-03-28,6068,57.1,21892,113,110.4,1498,17
"12188",2021-03-28,6084,48.5,13750,61,103.8,661,11
"12189",2021-03-28,6086,45,16108,65,88,650,8
"12190",2021-03-28,6087,43.7,13973,37,86.6,585,6
"12191",2021-03-28,6090,40.5,7878,89,68.6,634,13
"12192",2021-03-28,6092,47.8,16529,79,89.6,1109,15
"12193",2021-03-28,6096,57.9,19077,64,125.8,1011,7
"12194",2021-03-28,6125,55.1,19073,63,109.7,1036,6
"12195",2021-03-28,7025,50.1,16623,62,98.8,629,6
"12196",2021-03-28,7045,48.4,12480,88,87,655,10
"12197",2021-03-28,7046,54.9,16433,132,85.3,870,13
"12198",2021-03-28,7048,49,13878,68,90.4,1145,9
"12199",2021-03-28,7060,38.1,16201,109,70.6,710,8
"12200",2021-03-28,7064,51.4,14200,78,85.7,689,5
"12201",2021-03-28,7068,54.2,14338,71,83.9,764,7
"12202",2021-03-28,7078,55.2,14647,93,111.2,708,12
"12203",2021-03-28,7109,44,12052,97,101,608,10
"12204",2021-03-28,7110,53.3,12372,49,86.5,1116,7
"12205",2021-03-28,7114,52.3,20992,108,101.7,1080,11
"12206",2021-03-28,7115,49.4,18109,108,87.6,512,9
"12207",2021-03-28,7116,40.4,14017,70,71.8,598,13
"12208",2021-03-28,7119,51.3,17963,83,91.8,1487,12
"12209",2021-03-28,7128,52.4,12556,69,100,1278,9
"12210",2021-03-28,7136,58.5,16878,61,100.7,794,14
"12211",2021-03-28,7138,59.2,20054,144,114.1,819,15
"12212",2021-03-28,7147,52.9,15523,59,110,974,9
"12213",2021-03-28,7153,48.5,17477,70,94.9,1221,12
"12214",2021-03-28,7163,48.6,15238,109,84,1491,18
"12215",2021-03-28,8083,44.8,13766,76,77.7,790,12
"12216",2021-03-29,4008,52.1,14763,100,102.5,663,7
"12217",2021-03-29,4026,53.8,16461,44,105.5,940,8
"12218",2021-03-29,4044,36.9,8035,56,83,442,8
"12219",2021-03-29,4057,53.5,15815,45,141.2,1005,19
"12220",2021-03-29,4080,45.3,9859,57,70.1,652,8
"12221",2021-03-29,5035,47.4,14081,50,107.8,506,8
"12222",2021-03-29,5064,46.7,12909,53,102.1,747,10
"12223",2021-03-29,5096,42.1,9219,49,74.9,724,8
"12224",2021-03-29,5100,38,12627,70,77.5,529,9
"12225",2021-03-29,5118,50.8,18872,64,102.1,1575,6
"12226",2021-03-29,5120,51.2,14226,62,92.8,1225,10
"12227",2021-03-29,6025,56.4,18308,66,126.5,2095,22
"12228",2021-03-29,6029,50.4,11154,51,92,891,8
"12229",2021-03-29,6041,46.2,15089,72,97.8,396,8
"12230",2021-03-29,6045,69.6,15962,68,131.5,1329,16
"12231",2021-03-29,6061,52.5,21513,77,89.6,2153,5
"12232",2021-03-29,6062,53,16889,73,117.1,1258,18
"12233",2021-03-29,6064,45.6,17847,83,94.2,1492,16
"12234",2021-03-29,6067,52.1,14974,73,100.9,1092,14
"12235",2021-03-29,6068,51.2,19287,54,98.8,1276,14
"12236",2021-03-29,6084,44.5,12997,49,99.3,696,8
"12237",2021-03-29,6086,44.3,16256,57,76.6,516,8
"12238",2021-03-29,6087,41.7,12929,33,78.6,550,5
"12239",2021-03-29,6090,38.2,8689,78,70.2,563,8
"12240",2021-03-29,6092,40.8,14347,35,90.5,1085,12
"12241",2021-03-29,6096,51.6,16023,51,127.5,886,9
"12242",2021-03-29,6125,44.3,15463,44,97.6,851,6
"12243",2021-03-29,7025,43.3,14908,67,80.2,404,5
"12244",2021-03-29,7045,43.3,11610,75,92.8,779,10
"12245",2021-03-29,7046,44.4,14321,119,87.2,938,7
"12246",2021-03-29,7048,47.9,11138,68,84.4,699,5
"12247",2021-03-29,7060,45.8,21305,96,102.5,1234,14
"12248",2021-03-29,7064,47.5,12420,42,91.9,726,7
"12249",2021-03-29,7068,47.7,12241,35,84.1,797,9
"12250",2021-03-29,7078,45.8,11282,60,99.5,825,10
"12251",2021-03-29,7109,45.6,13313,73,83.9,400,6
"12252",2021-03-29,7110,39.6,9308,27,67.8,737,4
"12253",2021-03-29,7114,52.8,20438,89,106.5,1189,9
"12254",2021-03-29,7115,47.5,17359,95,100.1,768,12
"12255",2021-03-29,7116,40.9,14187,49,70.7,487,12
"12256",2021-03-29,7119,49.3,16741,69,98.6,985,10
"12257",2021-03-29,7128,50.1,11782,58,89.7,1170,9
"12258",2021-03-29,7136,49.7,16207,52,107.8,833,11
"12259",2021-03-29,7138,48.4,17675,112,108.8,1144,20
"12260",2021-03-29,7147,52.4,16555,53,106.5,852,7
"12261",2021-03-29,7153,54.2,18320,55,123.3,1781,13
"12262",2021-03-29,7163,53.8,17569,108,85.6,1308,18
"12263",2021-03-29,8083,44.6,13884,74,84.2,958,11
"12264",2021-03-30,4008,49.2,13701,107,101.3,856,10
"12265",2021-03-30,4026,58.1,16966,58,117.7,1030,7
"12266",2021-03-30,4044,49,10514,65,91.1,380,6
"12267",2021-03-30,4057,58.2,17045,49,121,779,14
"12268",2021-03-30,4080,39.6,9261,57,83.1,690,8
"12269",2021-03-30,5035,55,16331,48,112.9,441,7
"12270",2021-03-30,5064,59.2,15627,53,113.6,909,9
"12271",2021-03-30,5096,45,9529,72,85.2,675,10
"12272",2021-03-30,5100,45.9,14759,77,85.2,543,12
"12273",2021-03-30,5118,51.9,16589,46,114.5,1403,8
"12274",2021-03-30,5120,44,11157,48,78.4,987,9
"12275",2021-03-30,6025,58,16807,53,142.3,2603,29
"12276",2021-03-30,6029,61.8,15165,61,113.2,1546,9
"12277",2021-03-30,6041,53.7,16917,91,112,480,9
"12278",2021-03-30,6045,55.2,15265,54,109.8,1749,11
"12279",2021-03-30,6061,49.2,19024,62,89.1,1573,7
"12280",2021-03-30,6062,51.6,16337,71,108.5,1370,17
"12281",2021-03-30,6064,50.7,17644,78,114.4,1184,10
"12282",2021-03-30,6067,55.2,15880,72,111.7,1199,13
"12283",2021-03-30,6068,46.8,17206,61,94.9,1224,13
"12284",2021-03-30,6084,50.2,14896,57,106.1,658,8
"12285",2021-03-30,6086,38,13160,37,87.1,517,6
"12286",2021-03-30,6087,48.9,15419,39,85.9,561,5
"12287",2021-03-30,6090,43.6,8890,80,69,642,11
"12288",2021-03-30,6092,56.1,18821,72,115.5,1473,16
"12289",2021-03-30,6096,59.7,18355,59,121.1,844,7
"12290",2021-03-30,6125,52.1,16542,44,94,1516,6
"12291",2021-03-30,7025,42,14243,67,90.9,610,9
"12292",2021-03-30,7045,48.2,13144,64,98,640,8
"12293",2021-03-30,7046,58.6,18005,139,106.4,1220,11
"12294",2021-03-30,7048,49,11605,54,80.7,694,7
"12295",2021-03-30,7060,45.6,18581,75,82.8,869,9
"12296",2021-03-30,7064,51.8,12446,38,79.8,878,9
"12297",2021-03-30,7068,49.8,15210,46,69.9,688,5
"12298",2021-03-30,7078,57.6,14232,83,105.4,665,11
"12299",2021-03-30,7109,52.7,15508,75,96.7,618,10
"12300",2021-03-30,7110,50.6,12383,48,75.9,1157,8
"12301",2021-03-30,7114,53,23038,87,101.5,1304,11
"12302",2021-03-30,7115,43.6,14560,74,92.8,490,6
"12303",2021-03-30,7116,42.6,15668,57,83.5,626,17
"12304",2021-03-30,7119,45.1,15215,60,83.2,982,8
"12305",2021-03-30,7128,49.5,11945,75,104.6,1489,8
"12306",2021-03-30,7136,55.1,18202,72,101.6,831,12
"12307",2021-03-30,7138,49.4,17646,133,95.5,1122,15
"12308",2021-03-30,7147,45.5,14499,52,102.8,1107,8
"12309",2021-03-30,7153,53.8,18660,39,103.7,1437,13
"12310",2021-03-30,7163,51.0000000000001,17122,110,90,1280,16
"12311",2021-03-30,8083,46.3,13427,65,87.2,1031,7
"12312",2021-03-31,4008,48.7,12328,88,102.9,715,10
"12313",2021-03-31,4026,61.5,16290,65,129.3,1247,10
"12314",2021-03-31,4044,44.0999999999999,8755,50,87.7,372,9
"12315",2021-03-31,4057,58.2,17077,42,157.5,947,18
"12316",2021-03-31,4080,44.4,8768,43,86.1,819,10
"12317",2021-03-31,5035,59.4,17143,77,135.6,769,10
"12318",2021-03-31,5064,52.8,14066,58,117.7,852,10
"12319",2021-03-31,5096,41.5,8568,58,72.9,677,11
"12320",2021-03-31,5100,32.5,9536,76,77.2,399,7
"12321",2021-03-31,5118,56.3,17281,59,121.3,2030,14
"12322",2021-03-31,5120,48.7,11959,67,78.7,917,6
"12323",2021-03-31,6025,63.3,18372,49,148,2869,27
"12324",2021-03-31,6029,55.6,13233,59,109.6,1513,9
"12325",2021-03-31,6041,47.7,15110,80,108.6,542,11
"12326",2021-03-31,6045,66.5,16072,62,141.7,2259,14
"12327",2021-03-31,6061,52.2,20410,75,88.5,1860,10
"12328",2021-03-31,6062,55.7,15473,51,131.1,1526,17
"12329",2021-03-31,6064,54.2,18848,91,102.8,1955,17
"12330",2021-03-31,6067,57.9,15494,67,115.7,1476,15
"12331",2021-03-31,6068,58.8,23072,102,123.9,1534,9
"12332",2021-03-31,6084,56.7,15700,66,119.6,834,11
"12333",2021-03-31,6086,50.1,16800,56,99.7,622,6
"12334",2021-03-31,6087,43.5,13604,32,97.4,648,8
"12335",2021-03-31,6090,38.7,8520,75,74.8,611,13
"12336",2021-03-31,6092,51.3,16741,61,112.6,1439,21
"12337",2021-03-31,6096,49.9,14851,71,121.4,820,6
"12338",2021-03-31,6125,55.3,18190,60,122.1,1371,9
"12339",2021-03-31,7025,53,16244,52,105,677,6
"12340",2021-03-31,7045,46.1,11634,49,91.2,715,10
"12341",2021-03-31,7046,47.7,13861,101,91.2,1092,13
"12342",2021-03-31,7048,55.7,13366,60,102.6,1539,9
"12343",2021-03-31,7060,38.2,16406,76,83.1,771,9
"12344",2021-03-31,7064,57.7,14282,51,104.3,704,6
"12345",2021-03-31,7068,55.1,15701,60,104.9,997,9
"12346",2021-03-31,7078,57.6,13427,66,112.5,892,18
"12347",2021-03-31,7109,51,13472,66,110.1,706,11
"12348",2021-03-31,7110,53.1,12260,50,108.9,1504,10
"12349",2021-03-31,7114,48.8,19521,84,111.7,1215,9
"12350",2021-03-31,7115,48.9,17499,89,103.8,754,8
"12351",2021-03-31,7116,52.4,16721,62,98.5,770,18
"12352",2021-03-31,7119,50,15397,56,105.3,991,10
"12353",2021-03-31,7128,47,10662,78,102.7,1388,8
"12354",2021-03-31,7136,56,16593,56,119.2,1038,15
"12355",2021-03-31,7138,55.8,17513,100,117.8,1260,16
"12356",2021-03-31,7147,57.5,16590,49,120.4,1156,9
"12357",2021-03-31,7153,46.3,15151,40,112.7,1455,10
"12358",2021-03-31,7163,50.3,16666,101,96.4,1495,21
"12359",2021-03-31,8083,51.4,15194,75,96.9,1179,11
"12360",2021-04-01,4008,52.2,14290,94,110,920,9
"12361",2021-04-01,4026,55.4,16211,65,117.2,1044,6
"12362",2021-04-01,4044,42.7,9244,62,95.1,521,9
"12363",2021-04-01,4057,51.1,16314,54,132.3,955,17
"12364",2021-04-01,4080,43.1,9726,74,71.9,786,14
"12365",2021-04-01,5035,50,16076,61,116,573,9
"12366",2021-04-01,5064,47.5,13168,59,109.9,1097,12
"12367",2021-04-01,5096,43.1,10937,66,81,717,6
"12368",2021-04-01,5100,48.4,15713,96,88.1,524,11
"12369",2021-04-01,5118,42.6,15479,60,94.9,1374,9
"12370",2021-04-01,5120,46.1,13432,76,87.9,918,7
"12371",2021-04-01,6025,47.1,16385,69,108,1902,16
"12372",2021-04-01,6029,55.6,14619,44,101.4,1223,8
"12373",2021-04-01,6041,48.6,16202,82,114.7,480,9
"12374",2021-04-01,6045,56.2,17387,76,118.5,1843,13
"12375",2021-04-01,6061,49.1,19083,71,82.7,3216,15
"12376",2021-04-01,6062,54.9,18493,75,126.8,1390,17
"12377",2021-04-01,6064,48.7,17844,90,114.3,2155,21
"12378",2021-04-01,6067,50.6,14177,80,104,1279,17
"12379",2021-04-01,6068,50.9,17964,65,99.7,1209,13
"12380",2021-04-01,6084,44.5,13631,50,102.7,655,7
"12381",2021-04-01,6086,45.1,16416,57,101.7,688,8
"12382",2021-04-01,6087,41.5,14362,31,80.3,586,5
"12383",2021-04-01,6090,37,7587,78,65,584,10
"12384",2021-04-01,6092,39.9,14399,90,94.7,1238,13
"12385",2021-04-01,6096,58.4,18669,63,123.2,1112,9
"12386",2021-04-01,6125,48.9,17174,53,116.9,2078,11
"12387",2021-04-01,7025,46.4,15931,70,107.9,730,9
"12388",2021-04-01,7045,46.4,12327,83,100.1,909,12
"12389",2021-04-01,7046,46.9,14845,119,85,920,11
"12390",2021-04-01,7048,45,11747,56,84.8,767,9
"12391",2021-04-01,7060,40.3,18918,60,85,1181,8
"12392",2021-04-01,7064,43.5,11569,48,82.2,719,5
"12393",2021-04-01,7068,45.9,13612,58,91.9,786,8
"12394",2021-04-01,7078,47,12267,61,105.7,732,9
"12395",2021-04-01,7109,44.8,12861,67,99.2,670,11
"12396",2021-04-01,7110,49.9,12042,47,85.7,1176,11
"12397",2021-04-01,7114,45.3,18566,87,100.8,1062,7
"12398",2021-04-01,7115,43.3,17351,106,87,489,7
"12399",2021-04-01,7116,38.6,12735,49,78.2,617,14
"12400",2021-04-01,7119,45.3,15065,57,93.3,1317,10
"12401",2021-04-01,7128,47.9,12277,66,116,1551,10
"12402",2021-04-01,7136,52.2,16388,60,112,815,13
"12403",2021-04-01,7138,49.7,17445,118,112.7,1377,12
"12404",2021-04-01,7147,47.1,15497,56,105.4,1086,6
"12405",2021-04-01,7153,59.1,20896,73,123.7,1643,9
"12406",2021-04-01,7163,54.3,17677,111,103.3,1470,8
"12407",2021-04-01,8083,46.1,15526,83,96.9,1246,12
"12408",2021-04-02,4008,51.5,12391,87,101.2,880,10
"12409",2021-04-02,4026,52.5,13549,47,98,853,7
"12410",2021-04-02,4044,46.2,9967,68,84.4,394,6
"12411",2021-04-02,4057,58.1,18566,61,133.5,939,16
"12412",2021-04-02,4080,49.7,10684,71,75.5,564,8
"12413",2021-04-02,5035,47.8,15454,55,118.7,757,9
"12414",2021-04-02,5064,52.1,14416,64,115.8,812,10
"12415",2021-04-02,5096,45.2,10495,63,72.7,570,6
"12416",2021-04-02,5100,38.6,13009,87,81.6,581,9
"12417",2021-04-02,5118,53.7,18660,69,118.3,1696,8
"12418",2021-04-02,5120,48.4,12897,61,82.5,1001,7
"12419",2021-04-02,6025,57.8,18763,73,163.6,3371,15
"12420",2021-04-02,6029,61.7,17345,55,115.4,1643,11
"12421",2021-04-02,6041,45.9,15228,72,75.7,349,11
"12422",2021-04-02,6045,56.8,17043,82,116,1985,12
"12423",2021-04-02,6061,57.8,24874,92,115.6,2462,15
"12424",2021-04-02,6062,51.9,18291,93,114.3,1542,17
"12425",2021-04-02,6064,49.7,17752,82,96.9,1407,7
"12426",2021-04-02,6067,53.9,13133,70,106.8,1219,13
"12427",2021-04-02,6068,47.8,17876,74,96,1334,10
"12428",2021-04-02,6084,49,15100,66,107.9,865,8
"12429",2021-04-02,6086,40.7,13932,49,83.5,584,7
"12430",2021-04-02,6087,44.6,15924,46,78.9,597,7
"12431",2021-04-02,6090,35.6,6907,72,56,498,7
"12432",2021-04-02,6092,50.4,18487,106,112,1327,15
"12433",2021-04-02,6096,51.8,14656,55,100.9,703,5
"12434",2021-04-02,6125,44.8,14635,53,103,1173,10
"12435",2021-04-02,7025,51.7,16966,71,92.1,561,6
"12436",2021-04-02,7045,43.1,11135,57,91.2,679,8
"12437",2021-04-02,7046,67.3,16972,127,101.4,984,10
"12438",2021-04-02,7048,45,10885,46,94.5,897,6
"12439",2021-04-02,7060,45.1,19666,78,98.7,1250,12
"12440",2021-04-02,7064,52.6,13991,36,95.1,1027,7
"12441",2021-04-02,7068,50.8,15574,55,89.5,1147,7
"12442",2021-04-02,7078,46.3,11206,59,95.1,605,12
"12443",2021-04-02,7109,45.2,12759,78,91.3,659,10
"12444",2021-04-02,7110,47.7,12522,57,81.7,1145,6
"12445",2021-04-02,7114,47.7,19669,85,106.1,1325,9
"12446",2021-04-02,7115,51.5,17162,85,108.2,555,9
"12447",2021-04-02,7116,47.1,15836,56,86.7,684,17
"12448",2021-04-02,7119,46.1,16343,67,84.6,1477,12
"12449",2021-04-02,7128,52.3,13071,71,98,1304,8
"12450",2021-04-02,7136,50.4,16705,71,110.5,648,11
"12451",2021-04-02,7138,46.6,16958,103,95.8,1560,15
"12452",2021-04-02,7147,48.7,16522,49,102.8,1148,7
"12453",2021-04-02,7153,49.4,14708,54,106.9,1333,7
"12454",2021-04-02,7163,48.9,16509,104,95.9,1134,8
"12455",2021-04-02,8083,41.4,13439,75,82.5,941,6
"12456",2021-04-03,4008,49.4,12789,81,107.2,782,9
"12457",2021-04-03,4026,60.7,17210,57,132.7,1472,13
"12458",2021-04-03,4044,52.2,11058,74,105,541,8
"12459",2021-04-03,4057,53.5,15069,52,124,776,13
"12460",2021-04-03,4080,45.4,9363,63,75.7,654,8
"12461",2021-04-03,5035,55,15895,64,116.8,541,8
"12462",2021-04-03,5064,62.8,15923,58,116.1,860,10
"12463",2021-04-03,5096,43.7,10289,61,83.4,922,6
"12464",2021-04-03,5100,40.4,12271,79,87.4,547,7
"12465",2021-04-03,5118,48,15574,40,110.4,1430,8
"12466",2021-04-03,5120,38.8,9596,43,77.8,823,8
"12467",2021-04-03,6025,56.3,17688,66,127.6,3254,22
"12468",2021-04-03,6029,57.4,15029,39,118.6,1851,9
"12469",2021-04-03,6041,50.8,16166,95,110.9,492,8
"12470",2021-04-03,6045,71,19221,91,128.6,2200,12
"12471",2021-04-03,6061,50.1,20697,72,79.4,2660,12
"12472",2021-04-03,6062,52.6,15540,72,115.2,1453,15
"12473",2021-04-03,6064,45.5,17392,70,106.6,1816,13
"12474",2021-04-03,6067,64.5,15594,65,111.7,1246,11
"12475",2021-04-03,6068,52.4,18604,76,100,1406,10
"12476",2021-04-03,6084,40.1,11959,49,78,525,7
"12477",2021-04-03,6086,45.4,15184,38,86.3,534,5
"12478",2021-04-03,6087,45.2,14233,35,90.3,501,7
"12479",2021-04-03,6090,40.2,7264,80,73.2,520,10
"12480",2021-04-03,6092,48.8,17952,76,114.9,1378,14
"12481",2021-04-03,6096,60.5,19365,67,147.8,1402,12
"12482",2021-04-03,6125,50.8,17297,54,94.8,1656,6
"12483",2021-04-03,7025,45.3,16462,62,92.1,824,9
"12484",2021-04-03,7045,48,12576,54,101.7,692,10
"12485",2021-04-03,7046,46.6,14269,120,93.5,890,8
"12486",2021-04-03,7048,46,11131,45,80.1,1142,10
"12487",2021-04-03,7060,39.7,17635,66,82.3,799,8
"12488",2021-04-03,7064,62.8,15667,47,117,861,7
"12489",2021-04-03,7068,50.2,14197,53,85.6,1095,10
"12490",2021-04-03,7078,56.7,14205,62,124.4,805,12
"12491",2021-04-03,7109,49.2,14720,71,87.5,538,8
"12492",2021-04-03,7110,45.5,11107,44,80.1,1219,7
"12493",2021-04-03,7114,55.4,20704,80,122.5,1194,9
"12494",2021-04-03,7115,51.3,17389,89,99.1,473,6
"12495",2021-04-03,7116,39.3,12705,32,71.4,615,13
"12496",2021-04-03,7119,48.9,16556,63,109.6,1512,10
"12497",2021-04-03,7128,50.8,12588,95,110,1407,9
"12498",2021-04-03,7136,57.5,18055,60,125.2,824,10
"12499",2021-04-03,7138,58.3,21203,126,137.2,1161,12
"12500",2021-04-03,7147,54.9,16576,52,108.5,1402,8
"12501",2021-04-03,7153,48,16023,52,94,1139,7
"12502",2021-04-03,7163,50.9,14900,96,94.3,1120,8
"12503",2021-04-03,8083,53.8,16095,94,97.9,1312,13
"12504",2021-04-04,4008,43.1,11129,87,96.9,628,6
"12505",2021-04-04,4026,54.3,16775,52,126.5,1125,8
"12506",2021-04-04,4044,40.6,8418,64,84.1,431,6
"12507",2021-04-04,4057,54.6,16572,52,143.2,860,16
"12508",2021-04-04,4080,43.3,9576,57,78.8,662,9
"12509",2021-04-04,5035,47.6,14311,53,112.9,651,8
"12510",2021-04-04,5064,48.3,12568,46,96.5,800,9
"12511",2021-04-04,5096,48.3,11350,50,79.9,817,7
"12512",2021-04-04,5100,43.4,13520,93,71.9,375,8
"12513",2021-04-04,5118,45.7,15528,42,97.3,1323,12
"12514",2021-04-04,5120,50.2,11811,63,88.2,1123,10
"12515",2021-04-04,6025,64.3,20509,96,149.9,3025,22
"12516",2021-04-04,6029,52.5,13693,48,105.6,1565,7
"12517",2021-04-04,6041,46.7,15930,76,96.4,492,11
"12518",2021-04-04,6045,55.2,15626,58,110.2,3211,13
"12519",2021-04-04,6061,53.5,20760,68,95.2,2144,9
"12520",2021-04-04,6062,58.4,18109,78,122.5,1366,15
"12521",2021-04-04,6064,48.7,18297,88,97.7,1597,12
"12522",2021-04-04,6067,56.3,12498,49,104.2,1036,11
"12523",2021-04-04,6068,50.6,17400,51,103.4,1511,13
"12524",2021-04-04,6084,51,13019,46,108.1,638,8
"12525",2021-04-04,6086,49.4,16352,52,96.5,626,6
"12526",2021-04-04,6087,43.8,13498,31,86.8,582,8
"12527",2021-04-04,6090,39,7257,91,65.9,530,11
"12528",2021-04-04,6092,46.1,15610,62,100.3,1046,10
"12529",2021-04-04,6096,59.1,18892,58,133.6,1410,9
"12530",2021-04-04,6125,52.4,16521,50,107.9,1813,12
"12531",2021-04-04,7025,42.3,14967,68,98.4,712,8
"12532",2021-04-04,7045,43.6,10401,50,91.3,653,8
"12533",2021-04-04,7046,55.3,15749,125,88.7,831,8
"12534",2021-04-04,7048,56.6,14269,79,92.6,1032,8
"12535",2021-04-04,7060,45.2,20189,81,95.1,815,11
"12536",2021-04-04,7064,57.5,14101,41,95.7,1324,8
"12537",2021-04-04,7068,55.8,17491,51,115.4,947,8
"12538",2021-04-04,7078,51.3,12212,61,110.7,809,12
"12539",2021-04-04,7109,43.6,12658,80,90.9,633,10
"12540",2021-04-04,7110,49.7,11676,39,88.6,1230,7
"12541",2021-04-04,7114,48.5,18938,88,108.7,998,7
"12542",2021-04-04,7115,46.4,14986,82,100.9,604,10
"12543",2021-04-04,7116,49.8,16665,54,108.3,773,19
"12544",2021-04-04,7119,44.7,12881,44,90.1,735,7
"12545",2021-04-04,7128,51.6,12394,78,95.6,975,8
"12546",2021-04-04,7136,59.4,15144,54,112.6,845,13
"12547",2021-04-04,7138,50.2,17967,107,103.5,1246,13
"12548",2021-04-04,7147,49.4,15280,53,110.7,1571,10
"12549",2021-04-04,7153,52.9,17223,43,122.7,1464,8
"12550",2021-04-04,7163,44.8,14007,81,102,1019,6
"12551",2021-04-04,8083,43.5,13975,67,94.1,932,11
"12552",2021-04-05,4008,54.5,12930,85,109.8,1010,10
"12553",2021-04-05,4026,59.2,17131,51,109.2,986,8
"12554",2021-04-05,4044,51.5,10748,64,97.1,370,8
"12555",2021-04-05,4057,55.7,16744,55,127.8,786,14
"12556",2021-04-05,4080,38.9,7718,51,83.4,840,11
"12557",2021-04-05,5035,59.7,17170,49,116.8,627,10
"12558",2021-04-05,5064,52.7,13606,54,116.3,912,12
"12559",2021-04-05,5096,47.1,10125,49,90.4,987,8
"12560",2021-04-05,5100,39.4,11949,69,96.9,652,14
"12561",2021-04-05,5118,54.7,17692,54,121.5,1566,10
"12562",2021-04-05,5120,48.1,12587,56,81.6,1265,11
"12563",2021-04-05,6025,55.2,17726,64,142.3,2372,22
"12564",2021-04-05,6029,60.4,15180,46,108.6,1571,9
"12565",2021-04-05,6041,49.8,16337,80,99.5,555,9
"12566",2021-04-05,6045,65.6,17112,74,130.9,2426,17
"12567",2021-04-05,6061,55.1,22656,71,101.3,3075,16
"12568",2021-04-05,6062,58.8,18954,74,138.4,1696,19
"12569",2021-04-05,6064,48.4,18044,75,117.6,1735,15
"12570",2021-04-05,6067,59.5,15200,58,126.4,1780,19
"12571",2021-04-05,6068,50.2,17159,48,95.1,1401,12
"12572",2021-04-05,6084,48.7,12584,50,92.1,525,7
"12573",2021-04-05,6086,42.2,14961,34,95.5,679,8
"12574",2021-04-05,6087,48.2,15656,44,95,755,8
"12575",2021-04-05,6090,28.6,6890,82,60.3,776,13
"12576",2021-04-05,6092,57.3,19959,78,129.4,1280,14
"12577",2021-04-05,6096,52,16454,55,131.9,1329,9
"12578",2021-04-05,6125,44.3,15984,39,93.2,1573,10
"12579",2021-04-05,7025,51.7,16639,79,94.6,638,7
"12580",2021-04-05,7045,45.9,11748,46,109.2,899,13
"12581",2021-04-05,7046,47.5,13952,94,93.4,923,9
"12582",2021-04-05,7048,43.2,10385,68,83.7,795,9
"12583",2021-04-05,7060,37.5,17604,59,75.1,677,9
"12584",2021-04-05,7064,41.9,11340,33,90.6,606,6
"12585",2021-04-05,7068,53.4,14990,38,90.5,1075,8
"12586",2021-04-05,7078,59.7,13818,58,121.1,893,13
"12587",2021-04-05,7109,54.1,15417,93,110.4,582,11
"12588",2021-04-05,7110,51.3,13092,44,98.7,1450,10
"12589",2021-04-05,7114,48.4,18618,63,102.5,1058,7
"12590",2021-04-05,7115,43.6,15237,73,84.6,487,10
"12591",2021-04-05,7116,46.1,14254,34,83.7,624,15
"12592",2021-04-05,7119,50.5,15770,59,104.1,1139,10
"12593",2021-04-05,7128,49.1,11653,86,103.6,1304,11
"12594",2021-04-05,7136,52.5,15826,54,108.8,819,13
"12595",2021-04-05,7138,49.1,17552,98,107.4,867,11
"12596",2021-04-05,7147,51.3,15872,51,106.3,1162,7
"12597",2021-04-05,7153,52.8,17358,70,112.4,1636,10
"12598",2021-04-05,7163,58.6,18885,111,101.7,1599,13
"12599",2021-04-05,8083,44.8,13849,62,80.9,919,8
"12600",2021-04-06,4008,48.4,12122,84,99.1,871,10
"12601",2021-04-06,4026,54.5,18467,62,108.8,1150,7
"12602",2021-04-06,4044,42.7,10010,62,96.7,431,7
"12603",2021-04-06,4057,58.5,16777,45,147.6,791,14
"12604",2021-04-06,4080,47,10111,66,69.1,794,10
"12605",2021-04-06,5035,51.9,16113,55,111.7,873,9
"12606",2021-04-06,5064,64.9,14944,58,106.1,818,10
"12607",2021-04-06,5096,42,10142,56,77.7,964,8
"12608",2021-04-06,5100,39,12278,79,63.9,408,8
"12609",2021-04-06,5118,49.7,17276,52,108.2,1532,8
"12610",2021-04-06,5120,38.6,10698,44,66.3,792,6
"12611",2021-04-06,6025,57.4,19373,68,141.7,2496,23
"12612",2021-04-06,6029,45.1,12175,46,96.8,1479,10
"12613",2021-04-06,6041,49.7,16653,85,99.7,598,11
"12614",2021-04-06,6045,64.6,17856,66,127.6,2643,14
"12615",2021-04-06,6061,49.6,19908,62,94.4,2362,12
"12616",2021-04-06,6062,46.2,16047,79,102,1176,11
"12617",2021-04-06,6064,50.1,18245,77,117.9,1483,12
"12618",2021-04-06,6067,54.4,14082,58,105.4,1350,12
"12619",2021-04-06,6068,53.3,19686,72,101.5,1441,11
"12620",2021-04-06,6084,49.5,14124,51,110.4,788,9
"12621",2021-04-06,6086,42.7,14403,40,79.8,601,7
"12622",2021-04-06,6087,42.1,14106,36,81.7,692,7
"12623",2021-04-06,6090,24.8,6854,68,40,370,8
"12624",2021-04-06,6092,44,15994,63,105.5,1074,14
"12625",2021-04-06,6096,53.1,17075,56,118.5,725,6
"12626",2021-04-06,6125,53.6,19931,54,119.3,1892,5
"12627",2021-04-06,7025,50,17237,78,102.4,640,8
"12628",2021-04-06,7045,42.8,10951,53,89.5,789,11
"12629",2021-04-06,7046,62.3,18100,145,100.2,1234,16
"12630",2021-04-06,7048,50.1,13373,65,96.7,1349,12
"12631",2021-04-06,7060,44.8,20303,86,94.9,1308,14
"12632",2021-04-06,7064,60.3,15170,41,101.2,889,6
"12633",2021-04-06,7068,44.7,13698,57,84.7,844,10
"12634",2021-04-06,7078,45.1,11359,57,109.1,920,14
"12635",2021-04-06,7109,48.6,13804,76,93.7,491,8
"12636",2021-04-06,7110,50.6,12719,45,83.1,1132,5
"12637",2021-04-06,7114,51.2,19859,69,108.2,1182,10
"12638",2021-04-06,7115,41.4,14970,78,83,598,8
"12639",2021-04-06,7116,41.2,14121,46,90.4,828,17
"12640",2021-04-06,7119,47,15193,55,91.1,1002,8
"12641",2021-04-06,7128,43.1,10590,110,113.8,1493,12
"12642",2021-04-06,7136,52.4,17778,59,113.7,1034,10
"12643",2021-04-06,7138,51.6,19818,127,108.5,1199,14
"12644",2021-04-06,7147,50.9,14924,61,101.2,1148,9
"12645",2021-04-06,7153,57.9,18475,57,111.6,1931,10
"12646",2021-04-06,7163,50.5,16240,106,98.1,1695,12
"12647",2021-04-06,8083,45.6,14686,81,94.2,1049,8
"12648",2021-04-07,4008,58.2,15213,108,115.2,705,10
"12649",2021-04-07,4026,58.7,17137,67,117.9,1046,8
"12650",2021-04-07,4044,48.6,9931,69,77.3,385,8
"12651",2021-04-07,4057,61.5,17205,60,137.4,963,15
"12652",2021-04-07,4080,34.8,8263,59,62.9,538,7
"12653",2021-04-07,5035,52.6,15440,58,117.3,824,12
"12654",2021-04-07,5064,52.4,13366,57,117,906,7
"12655",2021-04-07,5096,46.8,10672,54,73.2,689,7
"12656",2021-04-07,5100,44.2,13168,85,75.7,453,10
"12657",2021-04-07,5118,53.3,17196,61,105.4,1652,9
"12658",2021-04-07,5120,55.1,15735,81,91.3,1000,11
"12659",2021-04-07,6025,49.5,15334,74,115.2,1665,15
"12660",2021-04-07,6029,57.3,14559,61,97.1,1283,7
"12661",2021-04-07,6041,54.3,16008,83,86.7,464,12
"12662",2021-04-07,6045,64,16234,78,106.9,2209,14
"12663",2021-04-07,6061,56.3,21364,84,94.3,1566,7
"12664",2021-04-07,6062,61,19979,97,127.6,1422,19
"12665",2021-04-07,6064,50.7,17597,85,99.1,1374,11
"12666",2021-04-07,6067,41.3,7421,74,71.2,587,15
"12667",2021-04-07,6068,45.4,17792,72,85.7,1164,8
"12668",2021-04-07,6084,46.5,13541,43,74.9,580,8
"12669",2021-04-07,6086,54.8,18229,62,105.4,743,9
"12670",2021-04-07,6087,41.7,14580,35,72.8,665,6
"12671",2021-04-07,6090,29.6,7153,79,47.8,439,9
"12672",2021-04-07,6092,58.9,19368,76,106.3,1275,17
"12673",2021-04-07,6096,59.5,17317,57,134.6,1073,10
"12674",2021-04-07,6125,50.6,14346,43,94.8,1157,6
"12675",2021-04-07,7025,48.2,15988,72,79.9,588,5
"12676",2021-04-07,7045,49.5,12107,41,82.9,723,9
"12677",2021-04-07,7046,58.1,15114,118,87.4,764,7
"12678",2021-04-07,7048,54.1,12322,61,72.5,673,6
"12679",2021-04-07,7060,42.5,20141,101,82.1,850,12
"12680",2021-04-07,7064,51.9,13533,48,83.6,718,9
"12681",2021-04-07,7068,51.7,14371,54,89.4,804,9
"12682",2021-04-07,7078,46,10472,61,91.6,733,10
"12683",2021-04-07,7109,55.3,13688,88,79,347,9
"12684",2021-04-07,7110,49.3,12489,50,89,1340,9
"12685",2021-04-07,7114,52.8,18938,86,112.5,1301,9
"12686",2021-04-07,7115,52.3000000000001,18779,99,108.9,579,8
"12687",2021-04-07,7116,46.1,14469,53,66.3,581,14
"12688",2021-04-07,7119,53.4,16771,65,98.9,1302,15
"12689",2021-04-07,7128,53.6,11734,105,96,1334,8
"12690",2021-04-07,7136,47.7,14422,52,88.5,606,10
"12691",2021-04-07,7138,53.1,18390,106,107,1042,14
"12692",2021-04-07,7147,49.1,15138,71,108.1,1344,10
"12693",2021-04-07,7153,48,14671,52,96.7,1157,7
"12694",2021-04-07,7163,54.5,17087,113,84.1,999,8
"12695",2021-04-07,8083,52.8,16358,100,92.8,1080,10
"12696",2021-04-08,4008,50.8,12314,113,96.1,711,12
"12697",2021-04-08,4026,55.8,15709,92,105,1057,11
"12698",2021-04-08,4044,45.4,9805,62,89.1,427,7
"12699",2021-04-08,4057,52.5,17180,76,133.8,992,18
"12700",2021-04-08,4080,10.5,3202,37,18.9,265,5
"12701",2021-04-08,5035,14.5,5440,27,30.4,137,2
"12702",2021-04-08,5064,48.1,12677,71,108.5,897,12
"12703",2021-04-08,5096,39.7,9565,85,75.8,789,11
"12704",2021-04-08,5100,36.7,10923,92,63.3,319,7
"12705",2021-04-08,5118,44.8,15163,69,84.9,1031,8
"12706",2021-04-08,5120,38,10809,63,74.3,925,9
"12707",2021-04-08,6017,18.3,2828,49,36.6,109,5
"12708",2021-04-08,6025,67.1,21768,120,154.4,2627,15
"12709",2021-04-08,6029,54.3,13250,72,111,1214,10
"12710",2021-04-08,6041,48.9,15174,106,107.5,711,10
"12711",2021-04-08,6045,58.6,15544,80,114.5,1735,15
"12712",2021-04-08,6046,32.3,6003,43,52.9,255,7
"12713",2021-04-08,6061,68.8,20369,116,98.7,1892,12
"12714",2021-04-08,6062,48,16859,127,96.1,884,15
"12715",2021-04-08,6064,15.6,6847,37,39.1,573,3
"12716",2021-04-08,6067,26.9,7644,50,44.6,485,6
"12717",2021-04-08,6068,50.4,17996,130,93.9,1291,23
"12718",2021-04-08,6084,16.6,5448,23,30.1,184,2
"12719",2021-04-08,6086,38.5,13111,65,74.4,515,6
"12720",2021-04-08,6087,48.3,15139,46,95.9,851,15
"12721",2021-04-08,6090,8.99999999999999,2514,24,19.2,274,5
"12722",2021-04-08,6092,38.1,12676,79,80.9,672,10
"12723",2021-04-08,6096,48.4,14325,82,113.5,817,8
"12724",2021-04-08,6125,52.1,18216,52,106.9,1268,8
"12725",2021-04-08,7025,50.1,16570,103,94.1,499,7
"12726",2021-04-08,7045,43.1,10919,70,89,662,10
"12727",2021-04-08,7046,10.7,4219,59,27.5,282,3
"12728",2021-04-08,7048,45.6,10609,87,81.5,619,7
"12729",2021-04-08,7060,36,14814,105,62.5,644,9
"12730",2021-04-08,7064,22.7,7130,45,41.7,351,5
"12731",2021-04-08,7068,13,4816,24,20.4,201,2
"12732",2021-04-08,7078,21.5,5999,39,35.6,264,5
"12733",2021-04-08,7109,46,11690,97,99.2,485,9
"12734",2021-04-08,7110,44.5,9978,79,71,913,7
"12735",2021-04-08,7114,46.1,17998,104,85.3,855,7
"12736",2021-04-08,7115,43.6,16838,116,81.2,370,5
"12737",2021-04-08,7116,45.8,16224,58,77.8,799,20
"12738",2021-04-08,7119,13.9,4983,22,26.2,260,3
"12739",2021-04-08,7123,25.5,4549,77,41.4,183,3
"12740",2021-04-08,7128,37.7,8922,95,78.1,691,13
"12741",2021-04-08,7136,55.3,17067,77,109.2,704,11
"12742",2021-04-08,7138,51.1,18543,141,107,1269,17
"12743",2021-04-08,7139,23.3,4340,72,50.9,268,6
"12744",2021-04-08,7143,23.1,4306,90,39.5,387,16
"12745",2021-04-08,7147,56.7,17287,76,113.5,1117,10
"12746",2021-04-08,7153,54.3,17662,99,106.5,1584,16
"12747",2021-04-08,7163,50.7,13917,125,106.4,1112,13
"12748",2021-04-08,8083,40.9,11622,123,68.4,621,10
"12749",2021-04-08,8145,25.6,6264,62,49.1,332,7
"12750",2021-04-08,8146,24,6270,30,45,357,10
"12751",2021-04-08,8154,20,6116,48,26.5,547,14
"12752",2021-04-08,9010,23.1,7426,53,43.9,330,6
"12753",2021-04-08,9012,28.9,8481,63,48.4,508,9
"12754",2021-04-09,4008,51.4,13666,111,96.3,897,14
"12755",2021-04-09,4026,56.5,17006,108,107.9,1325,10
"12756",2021-04-09,4044,39.9,8829,61,64.4,329,4
"12757",2021-04-09,4057,55.6,18418,82,130,1224,21
"12758",2021-04-09,5064,61.1,15761,70,94.1,663,10
"12759",2021-04-09,5096,49.3,11268,66,73.6,719,9
"12760",2021-04-09,5100,39,11335,87,76.6,362,8
"12761",2021-04-09,5118,49.8,17241,69,102.7,1138,8
"12762",2021-04-09,5120,48.4,12572,77,72.5,792,6
"12763",2021-04-09,6017,57.2,11776,53,117.1,732,11
"12764",2021-04-09,6025,46.4,15621,89,124.6,2241,16
"12765",2021-04-09,6029,57.7,13615,68,106.9,1339,13
"12766",2021-04-09,6041,55.1,18173,118,97.5,487,9
"12767",2021-04-09,6045,60.8,16586,88,103.3,1576,12
"12768",2021-04-09,6046,53.4,13890,63,114,647,8
"12769",2021-04-09,6061,49.8,17174,99,79.2,1890,5
"12770",2021-04-09,6062,55.4,18751,91,119.7,1128,14
"12771",2021-04-09,6068,50.5,17767,101,86.2,1120,9
"12772",2021-04-09,6086,50.4,17707,100,98.2,671,15
"12773",2021-04-09,6087,50.4,17315,53,79.9,569,9
"12774",2021-04-09,6092,55.8,18651,116,111.4,1254,15
"12775",2021-04-09,6096,49.6,15947,69,110.3,1066,8
"12776",2021-04-09,6125,33.7,13207,41,64.4,873,4
"12777",2021-04-09,7025,48.8,16635,87,96.5,606,8
"12778",2021-04-09,7045,44.3,11030,54,79,507,8
"12779",2021-04-09,7048,45.9,10659,81,74.2,932,10
"12780",2021-04-09,7060,44.8,19820,121,79.3,878,13
"12781",2021-04-09,7064,29.9,7288,23,72.5,611,5
"12782",2021-04-09,7109,44.4,12248,90,85,483,8
"12783",2021-04-09,7110,51,12763,50,79,1078,15
"12784",2021-04-09,7114,52.5,20925,129,106.9,1070,9
"12785",2021-04-09,7115,44.9,17617,126,81.8,565,11
"12786",2021-04-09,7116,47,15380,52,84.8,621,16
"12787",2021-04-09,7123,41.4,8783,124,84.1,380,12
"12788",2021-04-09,7128,52.2,13572,101,103.1,997,8
"12789",2021-04-09,7136,51.7,17174,68,103.3,754,12
"12790",2021-04-09,7138,51.6,18328,150,101.6,1059,25
"12791",2021-04-09,7139,45.9,11191,110,92.5,717,12
"12792",2021-04-09,7143,46.6,10979,95,87.1,856,17
"12793",2021-04-09,7147,49.6,16108,79,97.6,972,8
"12794",2021-04-09,7153,46.3,17002,74,95.9,1610,13
"12795",2021-04-09,7163,56.4,15949,117,94.2,1067,7
"12796",2021-04-09,8083,50.9,15411,121,99.6,1106,12
"12797",2021-04-09,8145,37.9,11811,65,84.7,874,13
"12798",2021-04-09,8146,43.3,14482,67,72.4,445,14
"12799",2021-04-09,8154,33.2,14362,78,62.8,1503,26
"12800",2021-04-09,9010,21.8,8153,68,58,518,12
"12801",2021-04-09,9012,37.9,13077,95,65.8,662,13
"12802",2021-04-10,4008,51.9,13854,107,104,770,10
"12803",2021-04-10,4026,54.9,16158,100,122.3,1486,13
"12804",2021-04-10,4044,44.8,8795,63,90.3,434,8
"12805",2021-04-10,4057,54.2,16627,63,125.2,831,12
"12806",2021-04-10,5064,52.7,15458,78,106,782,9
"12807",2021-04-10,5096,24.4,5747,39,37.4,471,7
"12808",2021-04-10,5100,45.7,13543,95,83.7,556,11
"12809",2021-04-10,5118,52.8,20086,66,123.2,2258,10
"12810",2021-04-10,5120,48.6,13365,76,83.3,916,8
"12811",2021-04-10,6017,50.4,10882,46,106.5,804,12
"12812",2021-04-10,6025,60.2,19627,98,129.5,2123,11
"12813",2021-04-10,6029,55.1,13321,73,92.8,1028,10
"12814",2021-04-10,6041,49,16030,77,107.3,537,8
"12815",2021-04-10,6045,61.1,16944,90,114.8,2161,14
"12816",2021-04-10,6046,57.5,14567,68,135.4,860,10
"12817",2021-04-10,6061,53.2,15115,104,106.6,1722,7
"12818",2021-04-10,6062,59.8,19358,104,128,1429,15
"12819",2021-04-10,6068,49.8,17513,84,91.4,1344,11
"12820",2021-04-10,6086,37.5,12633,41,83.2,581,9
"12821",2021-04-10,6087,42.1,14434,40,79.4,673,9
"12822",2021-04-10,6092,52.9,16609,60,108.2,1097,16
"12823",2021-04-10,6096,59.7,18892,64,121,875,7
"12824",2021-04-10,6125,44.5,14078,56,97.3,1016,4
"12825",2021-04-10,7025,44.9,16155,72,84,525,6
"12826",2021-04-10,7045,44.7,11760,68,91.3,761,11
"12827",2021-04-10,7048,48,11848,62,76.7,793,10
"12828",2021-04-10,7060,44.1,19835,91,93.6,1247,18
"12829",2021-04-10,7064,58.9,16483,52,103.5,991,10
"12830",2021-04-10,7109,46.5,13195,70,96,616,11
"12831",2021-04-10,7110,46,11954,56,78.7,1087,13
"12832",2021-04-10,7114,50.3,19268,89,98.3,1092,12
"12833",2021-04-10,7115,45.5,17431,103,92.9,522,9
"12834",2021-04-10,7116,43.3,13888,37,86.1,737,16
"12835",2021-04-10,7123,48.2,10045,124,108.9,473,13
"12836",2021-04-10,7128,54.2,11540,88,103.8,999,9
"12837",2021-04-10,7136,47.4,16227,74,91.7,637,8
"12838",2021-04-10,7138,49.3,18279,112,98.4,1466,19
"12839",2021-04-10,7139,45.7,12968,89,97.9,810,11
"12840",2021-04-10,7143,48,12543,67,85.9,950,18
"12841",2021-04-10,7147,51.8,15989,68,104.2,1128,11
"12842",2021-04-10,7153,47.5,14037,39,97.6,1131,9
"12843",2021-04-10,7163,52,13653,106,93.4,1649,12
"12844",2021-04-10,8083,48.4,15401,102,76.8,933,10
"12845",2021-04-10,8145,38.2,13304,66,88.5,983,11
"12846",2021-04-10,8146,46.8,15648,71,92,622,10
"12847",2021-04-10,8154,35.6,16387,60,69.8,1436,28
"12848",2021-04-10,9010,30.7,12142,87,59.6,514,9
"12849",2021-04-10,9012,41.4,15321,86,81.3,1105,13
"12850",2021-04-11,4008,46.2,14208,94,105.5,907,12
"12851",2021-04-11,4026,50.6,16156,69,104.1,1085,9
"12852",2021-04-11,4044,44.1,9436,71,83.3,416,7
"12853",2021-04-11,4057,49.1,17187,65,136.9,842,14
"12854",2021-04-11,5064,54.2,16381,76,119.6,1056,11
"12855",2021-04-11,5100,37.6,13291,85,72.9,515,9
"12856",2021-04-11,5118,44.6,17422,57,91.9,1688,4
"12857",2021-04-11,5120,40.4,10927,54,73.2,819,9
"12858",2021-04-11,6017,48.7,14800,37,110.7,937,8
"12859",2021-04-11,6025,51.6,17738,77,141.8,3694,32
"12860",2021-04-11,6029,52.9,14510,60,90.4,1227,7
"12861",2021-04-11,6041,45.1,15099,77,80.7,488,7
"12862",2021-04-11,6045,57.7,16568,72,112.6,2163,13
"12863",2021-04-11,6046,54.1,15910,45,125.8,854,10
"12864",2021-04-11,6061,45.5,16237,94,82.6,1318,9
"12865",2021-04-11,6062,47.5,16039,67,104.5,1365,14
"12866",2021-04-11,6068,51,20689,123,114.5,1610,13
"12867",2021-04-11,6086,42.4,15147,61,80.8,546,7
"12868",2021-04-11,6087,38,13606,23,69.7,573,9
"12869",2021-04-11,6092,39.8,14083,72,89.1,1009,11
"12870",2021-04-11,6096,49.8,16907,57,116.4,707,5
"12871",2021-04-11,6125,46.7,16561,47,92.1,867,6
"12872",2021-04-11,7025,42.8,15782,76,91.9,712,11
"12873",2021-04-11,7045,44.9,13093,60,91.5,862,12
"12874",2021-04-11,7048,48.8,13248,80,85.8,1017,9
"12875",2021-04-11,7060,40.5999999999999,19738,83,73.2,905,11
"12876",2021-04-11,7064,40.2,12215,33,90.5,965,10
"12877",2021-04-11,7109,46.6,15456,68,88.2,554,7
"12878",2021-04-11,7110,44.9,11913,52,77.9,1199,9
"12879",2021-04-11,7114,44.3,18609,83,90.6,1037,7
"12880",2021-04-11,7115,44.7,17450,104,91.3,514,8
"12881",2021-04-11,7116,40.3,13848,40,73.7,525,14
"12882",2021-04-11,7123,43.6,12052,71,111.3,519,11
"12883",2021-04-11,7128,47.7,11609,115,94.3,1217,7
"12884",2021-04-11,7136,46.2,15527,71,96.3,718,11
"12885",2021-04-11,7138,49.4,18703,117,107.2,1286,14
"12886",2021-04-11,7139,46.2,14706,96,101.2,853,8
"12887",2021-04-11,7143,46.5,14520,79,104.8,1065,17
"12888",2021-04-11,7147,42.7,15269,75,99.7,1030,10
"12889",2021-04-11,7153,48.3,16645,56,106.9,1772,12
"12890",2021-04-11,7163,42.4,12954,102,78.3,1286,6
"12891",2021-04-11,8083,43.6,15424,75,81.5,1001,10
"12892",2021-04-11,8145,34.4,11690,58,75.2,800,8
"12893",2021-04-11,8146,37.8,14253,51,77.2,675,11
"12894",2021-04-11,8154,31.5,17604,79,62.7,1442,22
"12895",2021-04-11,9010,40.2,16992,90,74.6,661,11
"12896",2021-04-11,9012,36.3,15241,81,79.3,936,10
"12897",2021-04-12,4008,46.7,12871,80,94.3,1099,10
"12898",2021-04-12,4026,53.4,15518,79,112.9,1048,10
"12899",2021-04-12,4044,43.7,9476,68,97.1,500,10
"12900",2021-04-12,4057,5.4,2180,7,5.59999999999999,105,2
"12901",2021-04-12,5064,52.2,14696,70,102.3,862,9
"12902",2021-04-12,5100,35.7,12679,86,85.7,648,12
"12903",2021-04-12,5118,48.6,16794,51,93.9,974,4
"12904",2021-04-12,5120,46.8,13185,52,84.4,748,7
"12905",2021-04-12,6017,60,15309,51,127.4,748,8
"12906",2021-04-12,6025,54,17325,68,119.1,2161,14
"12907",2021-04-12,6029,56.4,14053,56,109.1,1544,12
"12908",2021-04-12,6041,47.9,15458,110,100.9,575,10
"12909",2021-04-12,6045,65.7,17546,91,127.3,2334,15
"12910",2021-04-12,6046,52.6,15227,56,115.2,716,9
"12911",2021-04-12,6061,49.3,18287,88,87,2243,13
"12912",2021-04-12,6062,53.5,20089,94,126.3,1537,24
"12913",2021-04-12,6064,18.9,6746,46,40.6,469,7
"12914",2021-04-12,6068,41.6,15514,52,92.2,1397,12
"12915",2021-04-12,6086,39.7,14624,70,81,548,7
"12916",2021-04-12,6087,45,16209,42,92.2,673,9
"12917",2021-04-12,6092,50.7,16959,94,101.6,1049,13
"12918",2021-04-12,6096,60.3,20951,81,136.5,995,10
"12919",2021-04-12,6125,46.4,14954,43,93.6,761,6
"12920",2021-04-12,7025,44.3,16323,66,88,589,8
"12921",2021-04-12,7045,44.9,11601,58,96.9,884,9
"12922",2021-04-12,7048,45.6,12243,70,77.9,964,8
"12923",2021-04-12,7060,35.1,15827,74,73.2,1005,7
"12924",2021-04-12,7064,59.4,16303,38,111.2,1117,8
"12925",2021-04-12,7078,32.3,7124,44,56.8,400,9
"12926",2021-04-12,7109,41.3,12084,68,99.1,511,8
"12927",2021-04-12,7110,45.1,11425,60,89.4,1201,9
"12928",2021-04-12,7114,47.3,19173,85,96.1,1098,10
"12929",2021-04-12,7115,43,15392,106,87.1,643,10
"12930",2021-04-12,7116,46.4,16485,54,93,709,19
"12931",2021-04-12,7123,49.6,14444,69,112.7,713,9
"12932",2021-04-12,7128,42.1,10277,84,92.9,1401,10
"12933",2021-04-12,7136,46.5,15950,67,96.1,655,10
"12934",2021-04-12,7138,45,18400,106,93.1,1204,15
"12935",2021-04-12,7139,51,14980,86,103.2,780,8
"12936",2021-04-12,7143,43.8,13630,72,87.7,857,12
"12937",2021-04-12,7147,51.3,16943,68,109.3,1069,9
"12938",2021-04-12,7153,26.7,10790,32,62.8,906,6
"12939",2021-04-12,7163,43.5,14310,103,87.2,1122,13
"12940",2021-04-12,8083,49.4,17031,97,90.8,800,10
"12941",2021-04-12,8145,31.9,10287,52,84,1004,10
"12942",2021-04-12,8146,41.5,16739,60,75.8,560,7
"12943",2021-04-12,8154,31.8,16034,68,63.1,1395,19
"12944",2021-04-12,9010,36.6,14208,85,72.8,561,8
"12945",2021-04-12,9012,45.8,16499,93,96.8,1699,14
"12946",2021-04-13,4008,47.6,13608,98,107.8,1072,12
"12947",2021-04-13,4026,54.4,16608,101,121.6,1118,14
"12948",2021-04-13,4044,41.6,9019,63,80,465,7
"12949",2021-04-13,5064,41.5,11922,65,99.6,697,10
"12950",2021-04-13,5100,38.9,13966,68,77.1,446,8
"12951",2021-04-13,5118,44.6,16604,47,99.4,1304,9
"12952",2021-04-13,5120,41.9,10841,47,83.8,779,9
"12953",2021-04-13,6017,45.9,14001,31,107.4,711,7
"12954",2021-04-13,6025,52.6,19025,77,129.7,2477,21
"12955",2021-04-13,6029,50.2,14118,43,109.9,1229,10
"12956",2021-04-13,6041,48.6,15527,77,90.6,434,7
"12957",2021-04-13,6045,46.7,14338,63,107.5,1831,14
"12958",2021-04-13,6046,46.5,15650,49,112.6,707,9
"12959",2021-04-13,6061,48.9,17791,93,115.1,1707,7
"12960",2021-04-13,6062,48.3,17179,85,116.8,1302,13
"12961",2021-04-13,6064,44.6,18135,96,99.6,968,11
"12962",2021-04-13,6068,51.3,19904,84,112,1372,13
"12963",2021-04-13,6086,40.5,16177,65,92.9,603,9
"12964",2021-04-13,6087,38.7,14238,45,83.5,655,9
"12965",2021-04-13,6092,49.2,18284,71,100.2,999,11
"12966",2021-04-13,6096,41.8,14263,63,108.3,731,8
"12967",2021-04-13,6125,43.3,17184,47,106.3,1060,6
"12968",2021-04-13,7025,43.3,15819,64,92.2,547,8
"12969",2021-04-13,7045,44.6,12687,71,95.4,767,10
"12970",2021-04-13,7048,45.7,13289,66,93.3,1137,12
"12971",2021-04-13,7060,40.2,20287,90,84.4,1384,11
"12972",2021-04-13,7064,47.8,14053,44,98.7,1035,7
"12973",2021-04-13,7078,43.9,10444,56,106.5,671,12
"12974",2021-04-13,7109,40.6,11896,69,85.5,368,6
"12975",2021-04-13,7110,46.1,13421,54,89,1035,8
"12976",2021-04-13,7114,48,20236,88,104.5,1336,8
"12977",2021-04-13,7115,38,14975,83,91.8,383,7
"12978",2021-04-13,7116,35.7,12304,48,80,598,14
"12979",2021-04-13,7123,49.2,16796,83,129.4,855,10
"12980",2021-04-13,7128,49.6,12244,88,109.1,1384,9
"12981",2021-04-13,7136,42.3,15455,66,93.8,671,9
"12982",2021-04-13,7138,52.1,19656,114,108.7,1063,13
"12983",2021-04-13,7139,40.9,13795,58,97.8,748,6
"12984",2021-04-13,7143,50.9,17895,57,111.1,1301,11
"12985",2021-04-13,7147,45.5,15387,58,109.2,985,9
"12986",2021-04-13,7153,47.5,18846,48,91.9,1115,7
"12987",2021-04-13,7163,49.9,15557,88,99.5,1405,15
"12988",2021-04-13,8083,38.3,14272,73,79,785,7
"12989",2021-04-13,8145,38.4,13987,40,87.5,850,9
"12990",2021-04-13,8146,41,17111,44,83.7,768,8
"12991",2021-04-13,8154,33.3,18935,99,64.9,1408,17
"12992",2021-04-13,9010,37,15763,57,86.3,814,8
"12993",2021-04-13,9012,38.1,15550,84,90.3,1077,7
"12994",2021-04-14,4008,42.1,11499,73,88.3,707,7
"12995",2021-04-14,4026,53,15305,65,116.8,869,9
"12996",2021-04-14,4044,41.4,8873,47,88.7,291,5
"12997",2021-04-14,5064,60.4,16596,53,109.2,872,10
"12998",2021-04-14,5100,47.8,16182,91,91.7,529,8
"12999",2021-04-14,5118,51.3,17276,56,109.7,1194,7
"13000",2021-04-14,5120,42.3,11644,72,78.4,797,7
"13001",2021-04-14,6017,55.9,14458,31,106.7,730,10
"13002",2021-04-14,6025,47.2,16063,53,108.5,2195,16
"13003",2021-04-14,6029,55.2,15142,51,94.8,1272,10
"13004",2021-04-14,6041,51.1,16844,81,117.2,535,9
"13005",2021-04-14,6045,71.2,19181,57,133.1,1916,10
"13006",2021-04-14,6046,59.8,19429,56,154,945,10
"13007",2021-04-14,6061,54.4,19609,101,89.6,1380,5
"13008",2021-04-14,6062,51.6,17610,85,115.3,1377,13
"13009",2021-04-14,6064,49.2,18124,66,130.1,1363,8
"13010",2021-04-14,6068,46.6,15515,72,82.8,998,12
"13011",2021-04-14,6086,44.4,14522,55,94.2,604,8
"13012",2021-04-14,6087,40,14853,49,65.1,468,5
"13013",2021-04-14,6092,40.4,15339,73,95.1,870,12
"13014",2021-04-14,6096,58.8,19230,85,138.6,1034,6
"13015",2021-04-14,6125,43.3,14563,42,90.9,717,4
"13016",2021-04-14,7025,45.7,16885,64,98.4,599,7
"13017",2021-04-14,7045,36.8,9694,41,76.7,879,9
"13018",2021-04-14,7048,48.3,12333,68,76.9,1072,8
"13019",2021-04-14,7060,38.6,18110,80,79.5,971,11
"13020",2021-04-14,7064,55.4,15138,63,108.3,1664,8
"13021",2021-04-14,7078,50.8,11964,62,102.8,470,9
"13022",2021-04-14,7109,44.6,12397,66,95,506,7
"13023",2021-04-14,7110,48.7,11407,38,79.9,937,7
"13024",2021-04-14,7114,46.9,18232,60,107.3,1131,8
"13025",2021-04-14,7115,45.6,17253,106,99.1,678,11
"13026",2021-04-14,7116,40.1,14819,47,87.6,741,11
"13027",2021-04-14,7123,47.2,16241,67,116.5,873,11
"13028",2021-04-14,7128,46.7,12695,77,98.7,1223,8
"13029",2021-04-14,7136,54.6,17347,54,104,888,11
"13030",2021-04-14,7138,47.1,16994,93,106.2,926,13
"13031",2021-04-14,7139,47.6,15319,66,92.5,738,5
"13032",2021-04-14,7143,51.5,17091,59,98,1778,17
"13033",2021-04-14,7147,54.5,17625,73,115.1,1098,13
"13034",2021-04-14,7153,49,19134,52,106.2,1375,11
"13035",2021-04-14,7163,47.3,14687,95,93.4,1219,11
"13036",2021-04-14,8083,49.9,17555,98,93.5,1154,10
"13037",2021-04-14,8145,40.5,14346,67,99.5,1125,12
"13038",2021-04-14,8146,45.8,19009,44,92.1,880,9
"13039",2021-04-14,8154,36.4,17840,80,66.6,1318,22
"13040",2021-04-14,9010,40.1,15330,62,81.5,600,8
"13041",2021-04-14,9012,40.8,16440,74,78.5,1057,7
"13042",2021-04-15,4008,49.9,14242,95,117.9,1022,12
"13043",2021-04-15,4026,63.6,19163,92,137.9,1441,14
"13044",2021-04-15,4044,50.7,11467,68,111.3,482,8
"13045",2021-04-15,5064,49.2,13771,57,117.7,1137,9
"13046",2021-04-15,5100,32.4,11973,75,70.7,445,6
"13047",2021-04-15,5118,39.7,15375,61,93.9,1074,7
"13048",2021-04-15,5120,49.4,13980,57,91.2,1117,11
"13049",2021-04-15,6017,47.6,13381,35,101.6,529,6
"13050",2021-04-15,6025,53.3,19486,64,147.1,2944,15
"13051",2021-04-15,6029,53.9,14364,51,102.4,1090,8
"13052",2021-04-15,6041,50.1,16600,74,97,434,7
"13053",2021-04-15,6045,57.8,16686,55,124.6,1795,12
"13054",2021-04-15,6046,52.4,17344,47,113.7,791,9
"13055",2021-04-15,6061,59.6,19472,82,92.2,1523,7
"13056",2021-04-15,6062,47.2,16104,61,108,1232,14
"13057",2021-04-15,6064,44.6,18130,86,95.7,1000,8
"13058",2021-04-15,6068,46.5,16460,70,101,1557,13
"13059",2021-04-15,6086,41.9,15191,45,83.9,524,5
"13060",2021-04-15,6087,42.3,15984,52,91.4,803,11
"13061",2021-04-15,6092,44.8,17684,87,112,1146,17
"13062",2021-04-15,6096,49.9,14820,52,109,606,5
"13063",2021-04-15,6125,37.6,14131,56,84.4,636,4
"13064",2021-04-15,7025,45.2,16332,65,85,811,7
"13065",2021-04-15,7045,37.9,10367,35,90.1,958,8
"13066",2021-04-15,7048,45.4000000000001,11585,56,89.7,763,8
"13067",2021-04-15,7060,38.5,18489,78,83.6,1142,11
"13068",2021-04-15,7064,45.5,13172,40,87.8,919,10
"13069",2021-04-15,7078,43,11760,56,106.7,626,12
"13070",2021-04-15,7109,52.4,15431,101,96.4,433,6
"13071",2021-04-15,7110,48,13933,61,97.7,1131,9
"13072",2021-04-15,7114,44.8,20113,86,99.7,1090,7
"13073",2021-04-15,7115,49.7,18992,109,101.5,690,9
"13074",2021-04-15,7116,41.6,14803,33,84.7,689,11
"13075",2021-04-15,7123,51.2,18282,87,136,971,12
"13076",2021-04-15,7128,44.9,11657,78,98.7,1056,8
"13077",2021-04-15,7136,38.4,13012,65,90.8,947,11
"13078",2021-04-15,7138,50.2,17818,106,105.4,1022,14
"13079",2021-04-15,7139,44.5,16826,68,93.8,816,6
"13080",2021-04-15,7143,44,16048,63,92.7,1842,16
"13081",2021-04-15,7147,44.1,15526,59,106.3,1010,11
"13082",2021-04-15,7153,48.7,18584,55,95.5,1277,10
"13083",2021-04-15,7163,52.7,16796,102,99.8,1253,16
"13084",2021-04-15,8083,45.4,16687,83,89.9,1184,12
"13085",2021-04-15,8145,37.8,13249,58,79.5,876,8
"13086",2021-04-15,8146,42.2,17421,47,93.9,1212,12
"13087",2021-04-15,8154,32.8000000000001,17204,60,67.9,1875,25
"13088",2021-04-15,9010,38.3,14945,67,84.5,649,7
"13089",2021-04-15,9012,36.4,15443,73,79.3,978,8
"13090",2021-04-16,4008,41,10582,73,90.2,924,10
"13091",2021-04-16,4026,47.4,15147,67,111.5,963,11
"13092",2021-04-16,4044,36,7173,50,73,270,4
"13093",2021-04-16,5064,54.7,15203,62,112.6,1155,14
"13094",2021-04-16,5100,40.3,13270,75,74.1,440,7
"13095",2021-04-16,5118,53,17713,66,108.8,1188,13
"13096",2021-04-16,5120,34.5,8631,46,71.7,925,8
"13097",2021-04-16,6017,53.6,13362,38,119.9,782,8
"13098",2021-04-16,6025,45.2,14757,52,97.8,1914,12
"13099",2021-04-16,6029,48.3,13224,58,93,882,8
"13100",2021-04-16,6041,46.4,14501,67,85.6,397,7
"13101",2021-04-16,6045,54.6,14798,68,114.6,1996,13
"13102",2021-04-16,6046,52.8,16952,58,134,792,12
"13103",2021-04-16,6061,43.4,14471,68,71,1220,6
"13104",2021-04-16,6062,50.4,16795,78,120.2,1126,13
"13105",2021-04-16,6064,41.2,16658,70,99.9,861,5
"13106",2021-04-16,6068,47.7,18417,84,105.9,1381,14
"13107",2021-04-16,6086,42.3,14989,47,92.1,540,6
"13108",2021-04-16,6087,42.1,13351,46,68.7,491,8
"13109",2021-04-16,6092,47.2,16591,83,77.6,878,10
"13110",2021-04-16,6096,52.9,17926,57,145.3,895,8
"13111",2021-04-16,6125,42,16391,54,101.5,1299,7
"13112",2021-04-16,7025,40.2,14086,51,94.2,640,7
"13113",2021-04-16,7045,37,9493,33,84.6,814,12
"13114",2021-04-16,7048,48,12335,48,84.5,1198,9
"13115",2021-04-16,7060,37.6,17951,85,75.1,869,9
"13116",2021-04-16,7064,56.6,15863,45,109,1033,8
"13117",2021-04-16,7078,53.5,14468,64,103.8,627,13
"13118",2021-04-16,7109,42.2,11897,54,73,323,4
"13119",2021-04-16,7110,41,10203,38,71.8,940,8
"13120",2021-04-16,7114,49.6,19908,77,102.5,1173,7
"13121",2021-04-16,7115,37.4,13025,69,79.9,408,8
"13122",2021-04-16,7116,36.3,12844,46,79,689,13
"13123",2021-04-16,7123,47.5,16769,77,114.7,928,8
"13124",2021-04-16,7128,40.8,9398,80,79.8,1121,8
"13125",2021-04-16,7136,45.6,13756,57,84.2,683,10
"13126",2021-04-16,7138,45.9,16798,107,90.5,1083,12
"13127",2021-04-16,7139,46.4,17034,67,111,1015,9
"13128",2021-04-16,7143,46.2,15071,51,101.3,1212,15
"13129",2021-04-16,7147,50.5,15472,67,108.8,1195,7
"13130",2021-04-16,7153,49.9,16927,60,116.8,1766,14
"13131",2021-04-16,7163,46.4,13934,83,84.9,1240,12
"13132",2021-04-16,8083,45.9,15738,67,71.8,925,9
"13133",2021-04-16,8145,39.9,14023,96,92.3,1173,9
"13134",2021-04-16,8146,38.8,14342,52,77.5,969,10
"13135",2021-04-16,8154,30.1,14455,51,60.7,1412,20
"13136",2021-04-16,9010,49,14049,58,76.8,567,8
"13137",2021-04-16,9012,40,16136,66,83.7,1036,9
"13138",2021-04-17,4008,51.5,12089,95,97,956,10
"13139",2021-04-17,4026,60.4,16618,66,107.4,1295,12
"13140",2021-04-17,4044,46.7,8533,52,64.4,288,10
"13141",2021-04-17,5064,54.1,13046,54,109.1,837,10
"13142",2021-04-17,5100,42.9,12337,87,91.2,576,12
"13143",2021-04-17,5118,49.9,15565,52,118.2,1257,6
"13144",2021-04-17,5120,54.4,14321,67,82.8,1160,10
"13145",2021-04-17,6017,49.4,12657,39,80.3,511,5
"13146",2021-04-17,6025,52.6,16361,60,114.7,1620,11
"13147",2021-04-17,6029,61.4,15211,69,115.5,1249,9
"13148",2021-04-17,6041,48.2,13466,74,82.5,421,7
"13149",2021-04-17,6045,59.4,13989,57,117,1500,10
"13150",2021-04-17,6046,54.4,16947,40,132.9,847,10
"13151",2021-04-17,6061,56.2,21190,87,88.4,1495,7
"13152",2021-04-17,6062,59,18437,59,103.2,1088,11
"13153",2021-04-17,6064,46.2,15645,53,113.8,1118,7
"13154",2021-04-17,6068,55,18289,88,90.4,1242,17
"13155",2021-04-17,6086,44.8,15692,48,105.3,765,11
"13156",2021-04-17,6087,42.1,14783,49,70.3,459,6
"13157",2021-04-17,6092,54.1,16796,94,118,1227,17
"13158",2021-04-17,6096,52.9,15845,63,89.1,464,7
"13159",2021-04-17,6125,49.3,15363,52,106.4,1091,7
"13160",2021-04-17,7025,56.8,18190,66,105.7,765,7
"13161",2021-04-17,7045,21,4917,18,54.2,630,8
"13162",2021-04-17,7048,54.6,15050,69,93.1,808,9
"13163",2021-04-17,7060,40.4,15666,69,76.8,686,9
"13164",2021-04-17,7064,50.6,12334,50,102.8,750,9
"13165",2021-04-17,7078,46.6,10268,65,74,490,10
"13166",2021-04-17,7109,41.7,10422,58,94.8,402,8
"13167",2021-04-17,7110,49.5,11943,51,85.2,1145,10
"13168",2021-04-17,7114,50,19170,69,110.5,1108,9
"13169",2021-04-17,7115,47.8,16238,77,90,501,7
"13170",2021-04-17,7116,46.9,15185,45,73.7,545,10
"13171",2021-04-17,7123,52.8,16696,89,116.6,1156,9
"13172",2021-04-17,7128,50.2,11695,58,84.5,937,9
"13173",2021-04-17,7136,48.6,14545,55,78.5,670,10
"13174",2021-04-17,7138,50.7,15818,115,83,863,15
"13175",2021-04-17,7139,41.9,13269,66,85.4,647,8
"13176",2021-04-17,7143,50.7,15806,58,97,1914,18
"13177",2021-04-17,7147,54.2,15474,61,118.5,1086,13
"13178",2021-04-17,7153,56.2,17431,54,100.1,1754,12
"13179",2021-04-17,7163,50.5,13744,86,105.5,1289,15
"13180",2021-04-17,8083,46.3,13733,65,87.7,1332,12
"13181",2021-04-17,8145,42.7,12807,64,91.7,1078,13
"13182",2021-04-17,8146,42.7,15772,49,93,1360,11
"13183",2021-04-17,8154,37.1,17560,64,68.7,1705,29
"13184",2021-04-17,9010,61.1,15287,70,44.7,506,6
"13185",2021-04-17,9012,45.1,15572,63,99.3,1590,10
"13186",2021-04-18,4008,49.5,11376,98,109.4,863,7
"13187",2021-04-18,4026,54.2,13715,63,111.7,996,9
"13188",2021-04-18,4044,40,7665,50,90.6,355,7
"13189",2021-04-18,5064,57.5,14186,63,141,1389,17
"13190",2021-04-18,5100,39.7,11894,85,85.3,471,9
"13191",2021-04-18,5118,46.6,13176,51,98.2,1011,6
"13192",2021-04-18,5120,37.7,9371,48,80.3,1104,8
"13193",2021-04-18,6017,57.5,13405,40,134,784,9
"13194",2021-04-18,6025,57,16440,61,130.2,2639,12
"13195",2021-04-18,6029,45,10901,58,103.6,1224,10
"13196",2021-04-18,6041,55,15169,89,112.7,573,9
"13197",2021-04-18,6045,58.6,14237,65,134.3,2046,12
"13198",2021-04-18,6046,60.2,17166,64,148.1,1026,18
"13199",2021-04-18,6061,49.4,15997,68,92.6,1547,6
"13200",2021-04-18,6062,54,16054,66,141,1559,21
"13201",2021-04-18,6064,50.7,16948,85,123.3,1721,14
"13202",2021-04-18,6068,48.8,14031,69,99.4,1359,10
"13203",2021-04-18,6086,45.6,14231,39,96.3,617,9
"13204",2021-04-18,6087,39.2,12159,43,98.6,650,10
"13205",2021-04-18,6092,38.4,12429,71,99.6,910,11
"13206",2021-04-18,6096,52.8,16204,81,142.6,806,5
"13207",2021-04-18,6125,34.2,12644,37,72.1,758,4
"13208",2021-04-18,7025,46.5,14526,70,99.1,748,9
"13209",2021-04-18,7045,44.5,11292,34,85.2,774,9
"13210",2021-04-18,7048,49.4,11189,51,89.5,812,10
"13211",2021-04-18,7060,38.8,15863,69,80.3,756,9
"13212",2021-04-18,7064,52.2,12097,36,101.6,1314,9
"13213",2021-04-18,7078,52.2,11783,66,128.5,603,11
"13214",2021-04-18,7109,45.1,11489,74,89.3,387,6
"13215",2021-04-18,7110,46.4,10712,45,85,1156,7
"13216",2021-04-18,7114,50.3,19071,88,119,1100,10
"13217",2021-04-18,7115,46.1,14340,87,105.1,738,9
"13218",2021-04-18,7116,43.9,14511,44,92.1,671,17
"13219",2021-04-18,7123,53.1,15884,89,136.6,1131,12
"13220",2021-04-18,7128,45.5,9701,66,107.2,1089,9
"13221",2021-04-18,7136,49.9,14690,44,106.3,975,12
"13222",2021-04-18,7138,55.1,17367,119,127.6,1094,12
"13223",2021-04-18,7139,49.9,14090,63,91.7,783,6
"13224",2021-04-18,7143,47.1,14387,53,102.3,1599,14
"13225",2021-04-18,7147,47.7,12671,44,102.6,1142,7
"13226",2021-04-18,7153,32.1,11894,49,83.2,1918,10
"13227",2021-04-18,7163,53.6,15690,101,113.7,1761,15
"13228",2021-04-18,8083,46.1,14421,86,97.8,1468,8
"13229",2021-04-18,8145,38.6,11808,51,96.3,981,12
"13230",2021-04-18,8146,45.9,16015,53,90.6,1010,11
"13231",2021-04-18,8154,34.3,16751,88,75.5000000000001,1797,27
"13232",2021-04-18,9010,37,12785,71,80.9,786,8
"13233",2021-04-18,9012,33.7,12446,58,73.9,1237,10
"13234",2021-04-19,4008,54,12332,104,116.8,1174,12
"13235",2021-04-19,4026,56.2,14818,72,121.7,1295,11
"13236",2021-04-19,4044,47.4,9569,56,103.4,397,6
"13237",2021-04-19,5064,47.6,10965,60,99.6,707,8
"13238",2021-04-19,5100,48.8,13038,68,102.3,613,12
"13239",2021-04-19,5118,52.5,15911,54,120.9,1253,10
"13240",2021-04-19,5120,49.2,12878,61,87.6,1022,11
"13241",2021-04-19,6017,57.6,14349,50,136,984,14
"13242",2021-04-19,6025,57.1,17999,76,149.6,2627,18
"13243",2021-04-19,6029,52.5,12925,63,110.7,1180,10
"13244",2021-04-19,6041,51,14488,79,121.1,570,12
"13245",2021-04-19,6045,70.4,17935,95,138.4,1866,14
"13246",2021-04-19,6046,56,16231,52,127.3,811,10
"13247",2021-04-19,6061,60,22367,93,116.2,1962,16
"13248",2021-04-19,6062,54.6,16657,74,107.2,1099,21
"13249",2021-04-19,6064,50.2,18699,80,116.8,1477,17
"13250",2021-04-19,6068,52.2,18486,84,122.7,1619,19
"13251",2021-04-19,6086,43.4,13859,40,92.7,559,8
"13252",2021-04-19,6087,43.7,15063,49,79.2,635,6
"13253",2021-04-19,6092,50.3,15961,100,114.8,1170,14
"13254",2021-04-19,6096,53.9,15593,58,120.1,834,8
"13255",2021-04-19,6125,45,15166,36,88.6,857,7
"13256",2021-04-19,7025,48.2,14629,62,93.2,570,8
"13257",2021-04-19,7045,36.7,9546,40,89.4,903,16
"13258",2021-04-19,7048,48.4,12925,58,103.4,953,8
"13259",2021-04-19,7060,42.9,18860,85,96.4,1005,11
"13260",2021-04-19,7064,52.3,12937,40,101.1,753,7
"13261",2021-04-19,7078,55,12369,72,113.8,705,12
"13262",2021-04-19,7109,45.7,12053,73,111,502,8
"13263",2021-04-19,7110,52.7,11182,39,101.7,1346,10
"13264",2021-04-19,7114,53.6,20969,97,116.2,1188,8
"13265",2021-04-19,7115,42.2,13204,70,79.1,467,8
"13266",2021-04-19,7116,42.3,13025,45,84.5,644,14
"13267",2021-04-19,7123,56.4,16650,78,138.7,1126,11
"13268",2021-04-19,7128,53.9,12464,79,113.1,1308,9
"13269",2021-04-19,7136,55.9,15316,55,118,819,12
"13270",2021-04-19,7138,47.3,14831,119,100.3,800,11
"13271",2021-04-19,7139,51.9,14966,66,103.7,934,10
"13272",2021-04-19,7143,53.4,16914,74,105.8,1944,17
"13273",2021-04-19,7147,49.3,15181,53,108.6,1112,10
"13274",2021-04-19,7153,62.6,21400,71,138.2,2634,13
"13275",2021-04-19,7163,48.4,13552,93,91.4,1405,19
"13276",2021-04-19,8083,53.4,16186,84,109.1,971,9
"13277",2021-04-19,8145,36.4,11640,64,90,969,11
"13278",2021-04-19,8146,42.9,16392,58,86.7,1078,13
"13279",2021-04-19,8154,36.7,17099,90,68.8,1745,26
"13280",2021-04-19,9010,35.7,11885,62,90.8,585,9
"13281",2021-04-19,9012,50.2,18575,80,108.2,1443,8
"13282",2021-04-20,4008,48.4,10720,97,106.5,762,11
"13283",2021-04-20,4026,64.1,15226,58,136.5,1009,8
"13284",2021-04-20,4044,44.6,8039,53,86.6,395,8
"13285",2021-04-20,5064,50.4,11532,55,115.7,973,11
"13286",2021-04-20,5100,45.8,10889,72,88.3,425,8
"13287",2021-04-20,5118,53.6,16813,53,117.2,1805,10
"13288",2021-04-20,5120,43.4,10599,57,84.5,987,8
"13289",2021-04-20,6017,59.5,13064,38,108.7,543,7
"13290",2021-04-20,6025,57.1,16770,69,125.2,2236,9
"13291",2021-04-20,6029,60.9,13495,52,119.1,1140,12
"13292",2021-04-20,6041,46.4,13881,99,93.5,385,7
"13293",2021-04-20,6045,61.6,13511,82,121.3,1563,15
"13294",2021-04-20,6046,56.7,15570,50,134.3,987,8
"13295",2021-04-20,6061,51.7,16609,68,94.9,1439,6
"13296",2021-04-20,6062,56.4,16387,87,128.8,1415,16
"13297",2021-04-20,6064,40.2,13641,61,95.6,1064,8
"13298",2021-04-20,6068,54.3,17668,99,107.6,1259,11
"13299",2021-04-20,6086,49.8,16262,49,118.2,851,8
"13300",2021-04-20,6087,40.7,13569,48,79.4,886,10
"13301",2021-04-20,6092,53,15038,82,120.1,1168,13
"13302",2021-04-20,6096,59.3,17215,65,153.7,1026,8
"13303",2021-04-20,6125,43.2,14868,38,98.2,991,8
"13304",2021-04-20,7025,57.3,16650,78,117.8,652,9
"13305",2021-04-20,7045,54.5,13599,76,119,963,11
"13306",2021-04-20,7048,52.9,12028,73,104.2,933,9
"13307",2021-04-20,7060,43.9,16528,66,104.4,985,11
"13308",2021-04-20,7064,55,12407,46,105.7,868,7
"13309",2021-04-20,7078,53.8,11447,58,119.4,577,11
"13310",2021-04-20,7109,44.8,11207,55,83.3,443,10
"13311",2021-04-20,7110,45.7,10245,40,86.2,1285,8
"13312",2021-04-20,7114,48.7,17302,72,104.3,1399,7
"13313",2021-04-20,7115,52.1,17042,106,110.2,582,8
"13314",2021-04-20,7116,49.7,14685,47,101.7,690,18
"13315",2021-04-20,7123,55.2,15485,79,136.1,1034,12
"13316",2021-04-20,7128,49.8,10430,60,111.4,1453,11
"13317",2021-04-20,7136,50.7,15105,59,112.3,875,14
"13318",2021-04-20,7138,51.9000000000001,15687,126,115.9,897,9
"13319",2021-04-20,7139,49.9,14738,72,105.5,893,7
"13320",2021-04-20,7143,48.7,14396,60,103.5,1477,14
"13321",2021-04-20,7147,49.7,13926,43,119.4,1119,8
"13322",2021-04-20,7153,52.5,13782,71,105.3,1968,12
"13323",2021-04-20,7163,47.6,13502,99,99.1,1256,7
"13324",2021-04-20,8083,46.2,13975,82,90.4,772,6
"13325",2021-04-20,8145,47.6,13398,66,96.8,1060,13
"13326",2021-04-20,8146,42.3,14073,48,98.3,1105,19
"13327",2021-04-20,8154,33.9,15202,69,66.4,1660,23
"13328",2021-04-20,9010,48.9,15025,90,94.3,614,12
"13329",2021-04-20,9012,41.1,14571,71,94.1,1394,10
"13330",2021-04-21,4008,53.3,11459,98,118.2,937,10
"13331",2021-04-21,4026,49.5,13029,48,111.3,1365,10
"13332",2021-04-21,4044,46.5,8888,75,89.9,445,8
"13333",2021-04-21,5064,51.9,11658,45,98.9,807,10
"13334",2021-04-21,5100,35.9,8714,59,78.1,468,8
"13335",2021-04-21,5118,49.4,13799,47,113.6,1288,8
"13336",2021-04-21,5120,46.5,11882,71,79.1,862,7
"13337",2021-04-21,6017,56.9,13372,38,142.7,961,9
"13338",2021-04-21,6025,58.8,16287,52,159,2749,14
"13339",2021-04-21,6029,56,13769,43,113.2,1243,10
"13340",2021-04-21,6041,51.3,14452,70,118,572,10
"13341",2021-04-21,6045,58.3,12073,70,125.8,1408,14
"13342",2021-04-21,6046,67.7,17594,55,161.1,1180,15
"13343",2021-04-21,6061,52.3,19394,96,87.9,1844,8
"13344",2021-04-21,6062,56.4,15467,90,133.5,1448,16
"13345",2021-04-21,6064,54.7,18335,94,120.1,1373,12
"13346",2021-04-21,6068,49.7,16390,99,94.1,1203,9
"13347",2021-04-21,6086,40.5,13314,45,79.3,549,6
"13348",2021-04-21,6087,41.9,13822,39,83,726,9
"13349",2021-04-21,6092,51,15591,64,110.2,992,12
"13350",2021-04-21,6096,51.7,15422,59,125.8,706,5
"13351",2021-04-21,6125,42.5,16372,50,94.4,1319,6
"13352",2021-04-21,7025,48.2,13302,45,91.4,509,6
"13353",2021-04-21,7045,41.1,10287,52,96.1,1080,15
"13354",2021-04-21,7048,49.8,11783,56,89,704,7
"13355",2021-04-21,7060,41,15163,64,75.3,645,9
"13356",2021-04-21,7064,54.3,12645,45,101,928,7
"13357",2021-04-21,7078,49.7,10164,62,113.2,603,8
"13358",2021-04-21,7109,49.9,11575,84,112.3,498,9
"13359",2021-04-21,7110,54,11591,45,99.6,1910,13
"13360",2021-04-21,7114,50.3,18768,93,110.4,1215,7
"13361",2021-04-21,7115,43.9,14879,88,104.2,539,7
"13362",2021-04-21,7116,39.5,12285,35,79.7,773,12
"13363",2021-04-21,7123,50.9,11979,112,114.1,638,8
"13364",2021-04-21,7128,45.1,9902,77,97.9,1034,9
"13365",2021-04-21,7136,52.9,14883,65,117.8,838,14
"13366",2021-04-21,7138,49.8000000000001,15530,127,103.6,1018,9
"13367",2021-04-21,7139,52.9,15981,81,109.4,1019,10
"13368",2021-04-21,7143,47.9,14508,52,100,1228,10
"13369",2021-04-21,7147,53.2,15638,63,106.1,1071,11
"13370",2021-04-21,7153,50.9,13072,57,107.7,1813,9
"13371",2021-04-21,7163,58.8,15057,103,110.2,1402,11
"13372",2021-04-21,8083,50.1,14992,73,101.9,1103,7
"13373",2021-04-21,8145,39.4,11622,52,106,1103,11
"13374",2021-04-21,8146,48.5,16536,52,93.4,818,11
"13375",2021-04-21,8154,38.7,17646,92,76.3,1816,31
"13376",2021-04-21,9010,41.2,14346,61,97.9,676,11
"13377",2021-04-21,9012,44.1,14069,64,90.8,1273,9
"13378",2021-04-22,4008,47.2,11044,89,95.1,1063,9
"13379",2021-04-22,4026,17.5,5236,14,39,487,2
"13380",2021-04-22,4044,46.2,8333,55,84.7,304,6
"13381",2021-04-22,5064,46.1,11882,74,111,859,7
"13382",2021-04-22,5100,42.5,10058,118,83.4,495,11
"13383",2021-04-22,5118,49.3,14454,58,106.5,1092,9
"13384",2021-04-22,5120,52.1,12386,72,93.8,1006,7
"13385",2021-04-22,6017,60.4,13796,43,121.2,724,7
"13386",2021-04-22,6025,54.4,16011,55,133.3,2266,17
"13387",2021-04-22,6029,54.5,12477,53,97.3,1239,8
"13388",2021-04-22,6041,45.4,12897,66,81.1,345,7
"13389",2021-04-22,6045,65.7,14268,62,126.8,1803,16
"13390",2021-04-22,6046,53.1,14122,54,127.2,849,11
"13391",2021-04-22,6061,54.9,18820,90,101.7,2399,7
"13392",2021-04-22,6062,53.3,16354,88,122,1232,13
"13393",2021-04-22,6064,15,5153,23,43.7,397,4
"13394",2021-04-22,6068,48.7,15299,94,110.7,1305,10
"13395",2021-04-22,6076,33,8058,62,72.8,577,5
"13396",2021-04-22,6086,48.7,13986,63,100.3,574,6
"13397",2021-04-22,6087,18.8,6902,16,33.5,393,5
"13398",2021-04-22,6092,46,14428,69,110,860,9
"13399",2021-04-22,6093,36.1,7525,68,75.6,636,11
"13400",2021-04-22,6096,53.3,14848,70,124.4,713,7
"13401",2021-04-22,6112,28.7,4588,42,63.9,240,12
"13402",2021-04-22,6125,40.6,15791,43,82.7,1307,5
"13403",2021-04-22,7025,17.7,6320,27,35.8,240,2
"13404",2021-04-22,7045,46.3,11566,58,89.5,663,12
"13405",2021-04-22,7048,47.4,11438,59,97.2,987,10
"13406",2021-04-22,7060,44.5,17559,81,92.4,972,13
"13407",2021-04-22,7064,51.8,12251,35,100.3,705,6
"13408",2021-04-22,7078,14.3,3473,17,33.4,201,2
"13409",2021-04-22,7109,46,10990,64,81.2,370,5
"13410",2021-04-22,7110,48.4,11249,51,92.3,1275,9
"13411",2021-04-22,7114,50.9,18049,90,108.6,1208,9
"13412",2021-04-22,7115,46,13898,89,83.4,376,6
"13413",2021-04-22,7116,44.3,12936,46,82.6,760,15
"13414",2021-04-22,7123,53.9,14899,86,139.5,954,9
"13415",2021-04-22,7128,50.1,11333,70,119,1410,11
"13416",2021-04-22,7136,51.8,14743,55,110.8,832,12
"13417",2021-04-22,7138,58.5,18980,122,124.9,1177,15
"13418",2021-04-22,7139,49.7,15039,90,101.2,915,13
"13419",2021-04-22,7143,51.9,15636,63,96.5,1300,14
"13420",2021-04-22,7147,49.3,14366,58,124.6,1206,10
"13421",2021-04-22,7150,28.1,8560,41,56.6,1374,22
"13422",2021-04-22,7153,50.9,13833,47,113,2118,14
"13423",2021-04-22,7154,36.9,4077,99,70.4,327,11
"13424",2021-04-22,7163,58.2,14234,123,111.7,1268,10
"13425",2021-04-22,8083,48.6,15444,79,99.7,1231,8
"13426",2021-04-22,8145,42.6,11729,49,94.3,891,9
"13427",2021-04-22,8146,42.5,15598,76,79.1,688,8
"13428",2021-04-22,8154,36.6,16932,91,71.7,1633,23
"13429",2021-04-22,9010,37.7,14522,68,91.8,904,9
"13430",2021-04-22,9012,41.3,14176,68,84.4,1282,10
"13431",2021-04-23,4008,50.7,10832,96,105.7,1218,14
"13432",2021-04-23,4044,46.2,8469,54,90.9,476,8
"13433",2021-04-23,5064,63.9,15668,57,120.2,964,8
"13434",2021-04-23,5100,46.5,10620,78,88.8,412,10
"13435",2021-04-23,5118,54,15717,77,110.5,1258,8
"13436",2021-04-23,5120,42.7,9570,46,75.6,795,9
"13437",2021-04-23,6017,63.9,15008,47,130.4,929,10
"13438",2021-04-23,6025,58.1,15696,50,140.9,2746,20
"13439",2021-04-23,6029,54.2,12383,44,99.1,1189,6
"13440",2021-04-23,6041,54.4,15328,101,106.6,633,13
"13441",2021-04-23,6045,63.1,15611,83,138.1,2115,14
"13442",2021-04-23,6046,53.9,12292,46,123.7,714,10
"13443",2021-04-23,6061,56.2,17381,82,87.6,1587,7
"13444",2021-04-23,6062,57.9,15742,74,123.8,1288,17
"13445",2021-04-23,6068,57.9,19036,93,108.8,1456,16
"13446",2021-04-23,6076,66.1,15773,63,131.7,998,10
"13447",2021-04-23,6086,42.4,11258,43,92.2,557,6
"13448",2021-04-23,6092,52.6,15033,102,109.9,1046,15
"13449",2021-04-23,6093,52.3,15993,106,109.6,1205,9
"13450",2021-04-23,6096,53.7,15193,64,132.2,895,9
"13451",2021-04-23,6112,53.6,9927,62,112.7,511,15
"13452",2021-04-23,6125,37.6,12802,34,84.3,1062,5
"13453",2021-04-23,7045,49,11334,48,107.1,1063,9
"13454",2021-04-23,7048,50.8,11044,40,78.8,684,6
"13455",2021-04-23,7060,44.4,16109,85,93.6,818,10
"13456",2021-04-23,7064,53.4,13174,42,101.4,1311,8
"13457",2021-04-23,7109,49.7,11623,84,103.1,513,9
"13458",2021-04-23,7110,55.9,12333,51,88.1,1429,9
"13459",2021-04-23,7114,57,20182,84,119.8,1426,9
"13460",2021-04-23,7115,55,16224,88,109.6,438,9
"13461",2021-04-23,7116,43.3,11630,38,78.4,692,14
"13462",2021-04-23,7123,55.3,14087,78,127,840,11
"13463",2021-04-23,7128,48.5,10363,70,106.1,1502,9
"13464",2021-04-23,7136,54.2,14916,64,104.6,929,10
"13465",2021-04-23,7138,52.8,16407,121,106.3,1064,12
"13466",2021-04-23,7139,54.8,15094,69,112,883,11
"13467",2021-04-23,7143,57.1,15471,54,102.8,1704,13
"13468",2021-04-23,7147,51.4,14054,44,92.1,861,8
"13469",2021-04-23,7150,45.9,15174,75,81.5,2513,21
"13470",2021-04-23,7153,51.5,14588,53,102.3,1869,11
"13471",2021-04-23,7154,44.6,7573,99,82.7,502,11
"13472",2021-04-23,7163,47.3,11567,87,88,1214,9
"13473",2021-04-23,8083,44.4,12971,52,80.9,953,8
"13474",2021-04-23,8145,38.4,10768,54,74.7,717,11
"13475",2021-04-23,8146,47.5,16965,58,96.7,1047,10
"13476",2021-04-23,8154,37.7,15236,68,67.9,1583,21
"13477",2021-04-23,9010,49.9,16029,66,87.8,1229,7
"13478",2021-04-23,9012,45.4,14471,75,86.6,1454,10
"13479",2021-04-24,4008,55.3,10881,75,92.3,826,9
"13480",2021-04-24,4044,51.9,9156,67,90,423,7
"13481",2021-04-24,5064,58.2,13107,55,88.8,770,8
"13482",2021-04-24,5100,47.6,10319,74,75.7,376,6
"13483",2021-04-24,5118,56.5,13958,45,94.7,1294,7
"13484",2021-04-24,5120,48,9107,47,69,618,6
"13485",2021-04-24,6017,62.7,12784,32,114,698,9
"13486",2021-04-24,6025,61.1,15867,49,112.2,2145,8
"13487",2021-04-24,6029,62.5,12610,45,104.4,1158,9
"13488",2021-04-24,6041,58.1,15150,69,84.2,427,8
"13489",2021-04-24,6045,71.1,15719,65,123.4,2010,14
"13490",2021-04-24,6046,67.4,15214,58,123.2,818,11
"13491",2021-04-24,6061,60.2,18217,87,97.1,1828,8
"13492",2021-04-24,6062,67.9,15726,73,112.9,1116,14
"13493",2021-04-24,6068,53.8,15364,106,96.9,1293,12
"13494",2021-04-24,6076,58.6,13965,37,98.5,850,8
"13495",2021-04-24,6086,44.8,11003,49,71.1,470,6
"13496",2021-04-24,6092,53.9,14079,59,108.7,987,12
"13497",2021-04-24,6093,55.6,15767,102,107.5,1079,7
"13498",2021-04-24,6096,63.7,14697,58,111.1,672,5
"13499",2021-04-24,6112,58.4,11049,44,112.8,537,12
"13500",2021-04-24,6125,48.5,15707,40,90.6,1108,8
"13501",2021-04-24,7045,48.2,9823,50,82.6,715,10
"13502",2021-04-24,7048,58.1,12601,63,85.7,913,9
"13503",2021-04-24,7060,51.7,17976,88,83.1,805,10
"13504",2021-04-24,7064,56,11339,40,86.4,655,5
"13505",2021-04-24,7109,51,11762,61,83.2,410,7
"13506",2021-04-24,7110,51.4,10051,31,69.6,1012,8
"13507",2021-04-24,7114,51.3,16489,76,84.4,890,6
"13508",2021-04-24,7115,47.7,12779,70,93.3,568,6
"13509",2021-04-24,7116,45.9,12596,46,81.2,860,15
"13510",2021-04-24,7123,67.5,16493,62,123,1289,14
"13511",2021-04-24,7128,52.6,9480,80,89,1268,8
"13512",2021-04-24,7136,55.6,13712,52,95,695,9
"13513",2021-04-24,7138,57,16080,110,103.7,1443,9
"13514",2021-04-24,7139,56.8,15178,79,100.6,673,6
"13515",2021-04-24,7143,58.3,14858,33,97.4,1882,14
"13516",2021-04-24,7147,55.5,14119,52,105.1,924,8
"13517",2021-04-24,7150,56.7,15938,82,84.8,3201,30
"13518",2021-04-24,7153,53.7,12402,64,99.7,1850,12
"13519",2021-04-24,7154,57.1,9993,84,98.1,738,15
"13520",2021-04-24,7163,62,13912,87,100.4,1318,11
"13521",2021-04-24,8083,59.4,14750,87,97.9,1053,11
"13522",2021-04-24,8145,41.6,9565,41,73.4,683,7
"13523",2021-04-24,8146,41.6,14078,41,72.4,819,9
"13524",2021-04-24,8154,37.8,13803,74,68.2,1990,26
"13525",2021-04-24,9010,45.7,14099,73,79.4,742,6
"13526",2021-04-24,9012,46.4,13673,64,82.2,1244,8
"13527",2021-04-25,4008,58.1,13105,79,113.1,799,10
"13528",2021-04-25,4044,40.3,6481,41,61.8,331,7
"13529",2021-04-25,5064,65.4,13143,73,109.5,866,9
"13530",2021-04-25,5100,42.7,9870,63,69.2,331,7
"13531",2021-04-25,5118,51.8,14456,58,103.3,1463,8
"13532",2021-04-25,5120,50.4,10749,49,78.7,1019,11
"13533",2021-04-25,6017,67.6,14361,33,116.6,984,9
"13534",2021-04-25,6025,62.3,16625,58,129.6,2340,14
"13535",2021-04-25,6029,57.4,11976,54,85.2,1026,7
"13536",2021-04-25,6041,51.1,14346,74,96.3,680,11
"13537",2021-04-25,6045,62.6,14137,59,115.3,1848,19
"13538",2021-04-25,6046,60.2,14626,42,123.9,850,11
"13539",2021-04-25,6061,58.1,18792,73,87.6,1692,8
"13540",2021-04-25,6062,53.1,13406,39,109.3,1150,14
"13541",2021-04-25,6068,51.1,14222,76,97.6,1686,17
"13542",2021-04-25,6076,64.7,15596,56,103.5,800,6
"13543",2021-04-25,6086,51.3,13658,42,84.8,539,5
"13544",2021-04-25,6092,52.4,14403,56,101.7,1215,17
"13545",2021-04-25,6093,56.8,16407,94,97.6,1154,8
"13546",2021-04-25,6096,63.2,15779,76,138.6,974,7
"13547",2021-04-25,6112,60.8,11483,42,113.9,511,10
"13548",2021-04-25,6125,31.8,9622,20,58.3,664,4
"13549",2021-04-25,7045,41.3,7872,31,72.7,688,7
"13550",2021-04-25,7048,52.9,11249,52,77,783,12
"13551",2021-04-25,7060,48.5,17077,65,92.7,1134,10
"13552",2021-04-25,7064,68.5,14704,42,92,1039,9
"13553",2021-04-25,7109,59.7,13170,59,96.2,536,12
"13554",2021-04-25,7110,54,10680,42,83.5,1161,9
"13555",2021-04-25,7114,53.5,18781,79,93.9,1106,7
"13556",2021-04-25,7115,57.6,16208,82,113.5,567,8
"13557",2021-04-25,7116,42.4,11936,33,72.7,695,14
"13558",2021-04-25,7123,55.1,13955,63,98,781,5
"13559",2021-04-25,7128,50.5,9994,73,97.1,1004,8
"13560",2021-04-25,7136,54.6,14160,46,96.4,852,12
"13561",2021-04-25,7138,59.4,16324,118,102,1057,12
"13562",2021-04-25,7139,55.9,15433,70,95.7,725,7
"13563",2021-04-25,7143,51.2,13525,37,86.3,1801,18
"13564",2021-04-25,7147,52.8,13668,40,106.2,1010,7
"13565",2021-04-25,7150,51.6,16327,60,79.4,2552,28
"13566",2021-04-25,7153,56.8,13502,39,100.9,2469,14
"13567",2021-04-25,7154,58.6,11631,74,94,970,19
"13568",2021-04-25,7163,55.6,12231,83,96.1,1287,9
"13569",2021-04-25,8083,54.8,12882,52,80,1057,9
"13570",2021-04-25,8145,52.8,12476,61,94.9,1007,12
"13571",2021-04-25,8146,54.4,17026,59,90.2,792,12
"13572",2021-04-25,8154,40,15277,66,60,1533,22
"13573",2021-04-25,9010,44.1,14729,57,72,917,8
"13574",2021-04-25,9012,49.8,15347,59,90.6,1896,16
"13575",2021-04-26,4008,53.4,11809,81,92.4,813,9
"13576",2021-04-26,4044,50.7,9174,60,79.5,444,8
"13577",2021-04-26,5064,52.2,12910,50,94.6,936,10
"13578",2021-04-26,5100,48.4,12031,82,83.7,523,9
"13579",2021-04-26,5118,60,16928,63,108.1,1431,6
"13580",2021-04-26,5120,44.9,9780,61,71.3,841,8
"13581",2021-04-26,6017,60.2,13111,28,119.6,705,10
"13582",2021-04-26,6025,51.1,14392,58,118.6,2514,18
"13583",2021-04-26,6029,65.3,14405,57,109,1027,8
"13584",2021-04-26,6041,53.5,15629,78,93.6,462,9
"13585",2021-04-26,6045,73,16588,69,124.8,2091,17
"13586",2021-04-26,6046,73.7,18925,57,142.1,978,9
"13587",2021-04-26,6061,56.8,18842,82,98.9,2525,10
"13588",2021-04-26,6062,67.4,18147,67,117.3,1079,13
"13589",2021-04-26,6068,54.6,17224,67,87.3,1199,11
"13590",2021-04-26,6076,43.6,11078,26,61.6,510,7
"13591",2021-04-26,6086,54,15444,45,96.4,608,8
"13592",2021-04-26,6092,56.8,15951,76,102.9,1143,12
"13593",2021-04-26,6093,55.3,19044,114,114.3,1645,14
"13594",2021-04-26,6096,62.6,16599,56,135.2,792,6
"13595",2021-04-26,6112,57,12276,34,106.7,532,10
"13596",2021-04-26,6125,38.2,13551,36,76.5,936,5
"13597",2021-04-26,7045,48.4,10625,36,90,833,11
"13598",2021-04-26,7048,55.9,13403,53,99.1,957,11
"13599",2021-04-26,7060,42.3,16703,58,75.8,825,9
"13600",2021-04-26,7064,57.4,12483,47,85.2,752,5
"13601",2021-04-26,7109,49,13105,71,84.3,519,9
"13602",2021-04-26,7110,52.9,11686,49,84.6,1198,7
"13603",2021-04-26,7114,53.5,18142,80,103.7,1631,8
"13604",2021-04-26,7115,49.8,15608,84,83.7,563,8
"13605",2021-04-26,7116,55.6,16041,32,92.6,870,16
"13606",2021-04-26,7123,65,17198,84,152.7,1602,14
"13607",2021-04-26,7128,52.3,10273,88,97.1,945,7
"13608",2021-04-26,7136,52.1,14429,51,104.3,907,12
"13609",2021-04-26,7138,56.8,16344,113,107.2,1256,12
"13610",2021-04-26,7139,52.5,15473,70,94.6,678,6
"13611",2021-04-26,7143,62.7,16878,45,102.2,1261,11
"13612",2021-04-26,7147,53.5,13808,42,97.5,847,7
"13613",2021-04-26,7150,53,17845,64,90.7,3005,28
"13614",2021-04-26,7153,54.8,14472,42,103.5,1685,10
"13615",2021-04-26,7154,64.2,13691,100,111,861,14
"13616",2021-04-26,7163,55.2,14068,91,88.5,1044,7
"13617",2021-04-26,8083,48.7,12425,54,78.7,920,7
"13618",2021-04-26,8145,40.1,10191,45,79.7,906,13
"13619",2021-04-26,8146,50.8,17214,55,105.3,913,10
"13620",2021-04-26,8154,38.5,16253,72,63,1720,22
"13621",2021-04-26,9010,46,14978,70,81.9,818,13
"13622",2021-04-26,9012,40.5,13141,60,71.9,1136,12
"13623",2021-04-27,4008,62.4,10881,75,120.6,1015,13
"13624",2021-04-27,4044,49.7,7603,54,80.5,367,6
"13625",2021-04-27,5064,75,14279,84,135.1,1168,10
"13626",2021-04-27,5100,59.5,10243,87,88.8,576,9
"13627",2021-04-27,5118,66,13403,51,116.6,1193,7
"13628",2021-04-27,5120,63,11831,67,83.4,956,10
"13629",2021-04-27,6017,84.2,14941,52,131.8,867,10
"13630",2021-04-27,6025,75.5,16418,60,143.5,2417,15
"13631",2021-04-27,6029,74.3,12966,51,120.9,1277,9
"13632",2021-04-27,6041,65.8,15336,93,102.3,505,11
"13633",2021-04-27,6045,79.7,14293,80,133.3,2003,21
"13634",2021-04-27,6046,67.9,13905,50,128.9,890,20
"13635",2021-04-27,6061,61.5,13939,57,93.2,2151,9
"13636",2021-04-27,6062,73.3,13882,66,132.7,1257,20
"13637",2021-04-27,6068,64.7,15537,101,108.7,1376,13
"13638",2021-04-27,6076,76.6,15609,52,122.5,698,8
"13639",2021-04-27,6086,59,12819,41,101.7,672,9
"13640",2021-04-27,6092,66,12249,83,114.8,1119,14
"13641",2021-04-27,6093,68.3,16487,121,121.8,1159,13
"13642",2021-04-27,6096,62.7,13076,63,116.8,677,7
"13643",2021-04-27,6112,75.2,14360,57,131,849,19
"13644",2021-04-27,6125,55.7,15222,39,98.7,1693,9
"13645",2021-04-27,7045,65.8,12558,65,118.3,1126,11
"13646",2021-04-27,7048,71.3,12290,56,91.7,812,8
"13647",2021-04-27,7060,55,17390,92,89.9,883,12
"13648",2021-04-27,7064,68.8,13431,66,99.7,881,9
"13649",2021-04-27,7109,60.4,14402,76,105.4,586,9
"13650",2021-04-27,7110,61,11220,65,83,1033,8
"13651",2021-04-27,7114,60.8,18524,92,114.2,1166,9
"13652",2021-04-27,7115,54.4,12897,75,98.5,478,8
"13653",2021-04-27,7116,53.2,13350,53,80.9,1031,21
"13654",2021-04-27,7123,72.2,15157,68,121.6,1128,11
"13655",2021-04-27,7128,71.3,12078,88,121.3,1193,11
"13656",2021-04-27,7136,63.1,13822,54,97.5,853,15
"13657",2021-04-27,7138,68.7,14931,105,113.6,1143,12
"13658",2021-04-27,7139,63.8,13680,84,111.8,1016,9
"13659",2021-04-27,7143,60.7,13772,46,101.1,1497,17
"13660",2021-04-27,7147,71.3,16048,54,131.2,976,13
"13661",2021-04-27,7150,60.2,15154,82,85.3,2874,31
"13662",2021-04-27,7153,66.1,12692,56,109.2,1372,8
"13663",2021-04-27,7154,66.9,11582,82,108,914,11
"13664",2021-04-27,7163,74.6,15581,106,115,1296,13
"13665",2021-04-27,8083,52.8,10168,71,85.3,753,9
"13666",2021-04-27,8145,47.8,9675,62,86.6,892,12
"13667",2021-04-27,8146,59.5,15300,72,85.8,818,7
"13668",2021-04-27,8154,46.3,14159,92,74.1,2092,26
"13669",2021-04-27,9010,53,13982,94,89.8,929,7
"13670",2021-04-27,9012,60.2,15843,95,98.4,1255,10
"13671",2021-04-28,4008,60.2,10712,94,106.4,907,13
"13672",2021-04-28,4044,57.7,10192,83,97.4,618,10
"13673",2021-04-28,5064,58.1,11521,61,98.8,817,10
"13674",2021-04-28,5100,50.3,9424,91,85.6,469,11
"13675",2021-04-28,5118,67.4,16321,78,124.7,1915,16
"13676",2021-04-28,5120,46.8,8650,53,73.2,977,8
"13677",2021-04-28,6017,74.9,14128,49,162.5,1334,12
"13678",2021-04-28,6025,66.9,14450,54,136.8,2463,21
"13679",2021-04-28,6029,62.9,12255,61,106.1,1299,8
"13680",2021-04-28,6041,57.1,13384,85,91.8,415,9
"13681",2021-04-28,6045,74.9,14494,92,121.6,2090,15
"13682",2021-04-28,6046,69.5,13602,69,133.3,812,12
"13683",2021-04-28,6061,59.6,14726,53,105.3,2674,11
"13684",2021-04-28,6062,77.2,15563,74,124.8,1587,20
"13685",2021-04-28,6068,62.9,14297,99,105.8,1455,12
"13686",2021-04-28,6076,64.1,12807,53,115.9,1127,10
"13687",2021-04-28,6086,56.7,13323,62,94.3,729,8
"13688",2021-04-28,6092,63,12944,88,109.6,1165,19
"13689",2021-04-28,6093,65.7,17599,131,120.9,1054,9
"13690",2021-04-28,6096,60.9,12609,70,122.3,712,9
"13691",2021-04-28,6112,59.4,11404,41,106.3,619,13
"13692",2021-04-28,6125,51.7,14781,41,78.4,1081,9
"13693",2021-04-28,7045,53.7,10172,61,90.9,1056,15
"13694",2021-04-28,7048,55.1,10046,69,86.2,1075,6
"13695",2021-04-28,7060,58.6,19092,107,99.5,994,12
"13696",2021-04-28,7064,63.4,13047,46,107.1,1025,8
"13697",2021-04-28,7109,57.1,12606,84,98.6,496,9
"13698",2021-04-28,7110,64.3,13733,80,98,1422,10
"13699",2021-04-28,7114,63.3,18085,99,105.8,1190,10
"13700",2021-04-28,7115,65,16258,104,115.6,652,10
"13701",2021-04-28,7116,61.5,14722,61,88,895,14
"13702",2021-04-28,7123,65.1,13574,74,133.4,1398,12
"13703",2021-04-28,7128,54.1,9147,72,102.2,1165,10
"13704",2021-04-28,7136,53.9,13091,60,93.3,699,8
"13705",2021-04-28,7138,58.8,14024,112,110.3,1266,12
"13706",2021-04-28,7139,61.3,14599,87,110.7,804,10
"13707",2021-04-28,7143,57.9,13868,46,97.4,1770,16
"13708",2021-04-28,7147,57.4,13774,57,102.7,897,11
"13709",2021-04-28,7150,57.9,16199,87,89,3505,28
"13710",2021-04-28,7153,62,13447,70,100.3,1377,9
"13711",2021-04-28,7154,57.4,10531,61,85.2,847,19
"13712",2021-04-28,7163,60.2,13327,92,109.8,1443,8
"13713",2021-04-28,8083,61.4,13699,105,111.7,1467,17
"13714",2021-04-28,8145,40.3,9512,58,103.4,1234,13
"13715",2021-04-28,8146,56.1,15525,87,111.8,1124,12
"13716",2021-04-28,8154,45.4,14773,80,66.8,1984,22
"13717",2021-04-28,9010,59.7,15597,106,99,1249,11
"13718",2021-04-28,9012,53.2,13515,96,95.2,1383,12
"13719",2021-04-29,4008,65.4,10997,88,125.6,1299,21
"13720",2021-04-29,4044,48.9,8136,51,100.9,588,9
"13721",2021-04-29,5064,65.4,12830,73,120.1,938,12
"13722",2021-04-29,5100,55.8,11318,101,97.7,447,9
"13723",2021-04-29,5118,54.2,11905,49,114.1,1754,14
"13724",2021-04-29,5120,55.8,11591,67,94.1,1219,12
"13725",2021-04-29,6017,60.3,12705,44,138.4,778,9
"13726",2021-04-29,6025,65.1,13716,46,139.3,2521,14
"13727",2021-04-29,6029,55.9,11017,52,100.2,1312,10
"13728",2021-04-29,6041,67.5,16830,83,112.8,655,12
"13729",2021-04-29,6045,74.6,14116,82,143,2686,20
"13730",2021-04-29,6046,68.8,16544,63,146.3,1005,17
"13731",2021-04-29,6061,61.8,19811,83,107.8,2571,18
"13732",2021-04-29,6062,65.5,14416,80,133.9,1493,19
"13733",2021-04-29,6068,62.5,15243,92,120,1689,19
"13734",2021-04-29,6076,64.4,13938,61,116.4,1143,10
"13735",2021-04-29,6086,51,11880,35,104.7,639,7
"13736",2021-04-29,6092,57,12998,82,122.5,1167,14
"13737",2021-04-29,6093,61.6,15162,116,122.5,1049,11
"13738",2021-04-29,6096,63.5,13819,53,130.3,959,7
"13739",2021-04-29,6112,70.5,12027,48,143.2,742,14
"13740",2021-04-29,6125,48.7,14517,43,95.2,2202,13
"13741",2021-04-29,7045,45.7,8843,46,103.2,1059,8
"13742",2021-04-29,7048,67.8,13205,57,113.6,1362,8
"13743",2021-04-29,7060,53.3,17103,70,100.2,999,13
"13744",2021-04-29,7064,61.8,12608,54,93.4,1109,10
"13745",2021-04-29,7109,57.3,11649,89,94.8,567,11
"13746",2021-04-29,7110,57.6,10543,47,107,1433,10
"13747",2021-04-29,7114,55.6,16975,87,110.2,1511,13
"13748",2021-04-29,7115,55,14087,83,105.3,668,10
"13749",2021-04-29,7116,42.2,11408,57,81.6,953,13
"13750",2021-04-29,7123,64.4,11575,54,125.3,1127,10
"13751",2021-04-29,7128,58.1,9858,84,110.6,1310,8
"13752",2021-04-29,7136,58.6,14433,64,112.2,853,11
"13753",2021-04-29,7138,60.6,16156,111,129.5,1394,15
"13754",2021-04-29,7139,59,13727,74,115.2,983,12
"13755",2021-04-29,7143,61.3,14397,71,113.4,2044,18
"13756",2021-04-29,7147,60.2,12763,56,125.9,1079,12
"13757",2021-04-29,7150,49.9,14184,66,91.3000000000001,3136,28
"13758",2021-04-29,7153,68.3,15540,90,131.7,2094,14
"13759",2021-04-29,7154,63.8,11773,72,116.9,1263,18
"13760",2021-04-29,7163,60.6,14862,97,119.1,2384,18
"13761",2021-04-29,8083,57.2,12270,90,94.8,1506,16
"13762",2021-04-29,8145,43.0999999999999,9420,50,87.8,1020,10
"13763",2021-04-29,8146,57.9,15564,63,97.9,1003,11
"13764",2021-04-29,8154,36.8,11287,60,62.1,1692,21
"13765",2021-04-29,9010,30.6,8256,47,62.2,734,7
"13766",2021-04-29,9012,53.4,12114,74,96.9,1399,13
"13767",2021-04-30,4008,59.7,10328,72,121.1,1033,11
"13768",2021-04-30,4044,57.1,9494,71,107.8,626,12
"13769",2021-04-30,5064,65.3,11752,64,130.4,1284,12
"13770",2021-04-30,5100,43.5,8017,78,83.9,526,8
"13771",2021-04-30,5118,64.2,13572,61,130.4,1996,15
"13772",2021-04-30,5120,57,10241,79,89.5,1177,11
"13773",2021-04-30,6017,80.7,13972,49,141.1,1092,11
"13774",2021-04-30,6025,67.8,13703,60,146.9,2357,19
"13775",2021-04-30,6029,77.6999999999999,12357,69,134.9,1216,8
"13776",2021-04-30,6041,58.2,13765,75,117,601,13
"13777",2021-04-30,6045,74.5,13692,77,139.6,3005,26
"13778",2021-04-30,6046,56.6,11890,60,133.4,958,12
"13779",2021-04-30,6061,69.6,18490,102,108.5,2618,7
"13780",2021-04-30,6062,73.2,13729,59,130.4,1321,22
"13781",2021-04-30,6068,59.6,12520,70,107.4,1595,16
"13782",2021-04-30,6076,71.4,13902,60,122.7,1110,10
"13783",2021-04-30,6086,60.3,14454,49,114.9,883,9
"13784",2021-04-30,6092,60.3,12472,78,120.7,1164,15
"13785",2021-04-30,6093,62.8,15040,136,132.3,1287,14
"13786",2021-04-30,6096,66.1,15088,67,134.3,777,6
"13787",2021-04-30,6112,55.8,9266,47,122.1,595,8
"13788",2021-04-30,6125,54.4,14284,49,83.7,1496,9
"13789",2021-04-30,7045,51.8,8963,41,87.1,1006,10
"13790",2021-04-30,7048,62.6,10609,61,101.9,1088,12
"13791",2021-04-30,7060,49.6,14059,79,104.1,940,13
"13792",2021-04-30,7064,67.2,13546,67,123.8,1079,8
"13793",2021-04-30,7109,62.2,11755,105,118.3,561,11
"13794",2021-04-30,7110,58.6,9947,56,86,1542,10
"13795",2021-04-30,7114,48.7,14819,84,100.9,2149,14
"13796",2021-04-30,7115,59.7,14463,99,110,679,10
"13797",2021-04-30,7116,63.1,15288,71,109.5,1124,16
"13798",2021-04-30,7123,76.9,13217,82,163.1,1728,14
"13799",2021-04-30,7128,58.8,9561,75,116.6,1158,11
"13800",2021-04-30,7136,67.9,15664,79,136.3,1163,14
"13801",2021-04-30,7138,63,15032,119,114.2,1592,14
"13802",2021-04-30,7139,56.4,10546,85,103.2,790,10
"13803",2021-04-30,7143,57.8,12170,54,96.9,2246,19
"13804",2021-04-30,7147,64.8,12370,71,134.4,1468,16
"13805",2021-04-30,7150,61.6,16161,84,101.3,3530,32
"13806",2021-04-30,7153,63.8,12892,91,125.2,1818,16
"13807",2021-04-30,7154,58.2,9938,67,90.7,1136,17
"13808",2021-04-30,7163,59.9,12724,104,102.7,1772,16
"13809",2021-04-30,8083,57,10944,76,99.6,1133,18
"13810",2021-04-30,8145,43.5,8649,57,96.3,1141,11
"13811",2021-04-30,8146,61.9,15883,80,117.2,1128,11
"13812",2021-04-30,8154,43.6,12574,68,80.1,2127,27
"13813",2021-04-30,9010,63.1,14820,88,115.1,1082,12
"13814",2021-04-30,9012,49.6,11363,87,97.3,1590,11
"13815",2021-05-01,4008,53.3,8987,62,116.7,824,10
"13816",2021-05-01,4044,47.5,7289,56,77,391,7
"13817",2021-05-01,5064,78.1,12633,68,139.1,1430,16
"13818",2021-05-01,5100,63,9576,96,103.9,595,12
"13819",2021-05-01,5118,61.1,12405,53,114.9,1635,9
"13820",2021-05-01,5120,53.7,9518,65,92.3,1019,11
"13821",2021-05-01,6017,73.8,12310,36,134.3,1222,14
"13822",2021-05-01,6025,66.6,13787,51,150,3909,15
"13823",2021-05-01,6029,66.2,10462,70,110,1483,10
"13824",2021-05-01,6041,62.9,14160,79,109.9,550,11
"13825",2021-05-01,6045,75.7,12293,78,147.3,2206,20
"13826",2021-05-01,6046,76.6,16666,72,153.5,1138,14
"13827",2021-05-01,6061,72.4,18023,105,137.4,2895,13
"13828",2021-05-01,6062,75.6,14949,68,146.8,1541,24
"13829",2021-05-01,6068,63.9,13640,82,126.2,1726,18
"13830",2021-05-01,6076,71.3,13230,56,144.7,1331,12
"13831",2021-05-01,6086,60.5,13310,53,120,774,9
"13832",2021-05-01,6092,62.1,12079,75,127.6,1258,18
"13833",2021-05-01,6093,66.7,15236,118,131.5,1369,12
"13834",2021-05-01,6096,64.5,14961,55,129.4,762,5
"13835",2021-05-01,6112,63.8,11609,37,130,802,15
"13836",2021-05-01,6125,42.4,12053,49,75.8,1149,8
"13837",2021-05-01,7045,50.3,8908,39,97.4,1369,20
"13838",2021-05-01,7048,64.4,11353,72,104.4,1491,17
"13839",2021-05-01,7060,53.3999999999999,15275,67,90.1,855,13
"13840",2021-05-01,7064,68.3,13069,53,113.8,946,10
"13841",2021-05-01,7109,67,12510,90,112.4,459,9
"13842",2021-05-01,7110,61.6,10302,58,102.3,1477,10
"13843",2021-05-01,7114,62.3,18699,99,121.2,1316,9
"13844",2021-05-01,7115,60.6,15015,92,123.2,759,8
"13845",2021-05-01,7116,56.8,13593,55,97.6,905,14
"13846",2021-05-01,7123,68.1,11750,77,147.9,1876,22
"13847",2021-05-01,7128,64.4,10179,98,124.6,1338,9
"13848",2021-05-01,7136,59.3,13193,68,115.3,1133,14
"13849",2021-05-01,7138,61.9,15269,97,129.1,1231,14
"13850",2021-05-01,7139,63.9,13340,95,139.1,1265,16
"13851",2021-05-01,7143,61.7,13283,62,117.5,2155,17
"13852",2021-05-01,7147,59.4,11355,64,127,940,9
"13853",2021-05-01,7150,65.2,16682,76,110.1,4137,41
"13854",2021-05-01,7153,49.1,10022,54,95.2,1502,10
"13855",2021-05-01,7154,65.2,11914,72,121.7,1279,17
"13856",2021-05-01,7163,66.8,14892,138,125,1952,12
"13857",2021-05-01,8083,57.5,11461,66,101.4,1249,11
"13858",2021-05-01,8145,54.9,11186,67,116.7,1274,13
"13859",2021-05-01,8146,51.1,12651,66,95,1017,9
"13860",2021-05-01,8154,49.3,13018,74,82.3,2001,26
"13861",2021-05-01,9010,55.1,13146,93,98.4,995,11
"13862",2021-05-01,9012,46,10538,73,80.5,920,11
"13863",2021-05-02,4008,29.6,5403,34,53.4,351,5
"13864",2021-05-02,4044,32.5,5393,52,63.7,394,6
"13865",2021-05-02,5064,24.6,4808,27,46.3,391,4
"13866",2021-05-02,5100,29.6,2938,39,43.8,209,5
"13867",2021-05-02,5118,28.8,6594,29,50.7,640,8
"13868",2021-05-02,5120,15.4,3355,36,36.1,491,4
"13869",2021-05-02,6017,37.1,7213,28,83.7,657,7
"13870",2021-05-02,6025,35.7,7690,31,74.7,1413,5
"13871",2021-05-02,6029,37.1,6384,39,76.8,795,8
"13872",2021-05-02,6041,30.5,7560,38,58,240,5
"13873",2021-05-02,6045,38,7105,53,91.5,1886,13
"13874",2021-05-02,6046,36.5,8090,34,81.7,572,6
"13875",2021-05-02,6061,28.3,7029,60,44.6,741,3
"13876",2021-05-02,6062,43,8568,37,96.7,962,12
"13877",2021-05-02,6068,42.7,9460,62,66.4,950,9
"13878",2021-05-02,6076,33.3,7403,30,78.1,1022,7
"13879",2021-05-02,6086,19.5,4594,19,33.9,302,6
"13880",2021-05-02,6092,39,8639,53,69.8,755,9
"13881",2021-05-02,6093,29.3,7795,66,54,486,4
"13882",2021-05-02,6096,41.2,10374,50,87.9,597,5
"13883",2021-05-02,6112,28.1,4889,22,53.1,358,7
"13884",2021-05-02,6125,30.7,9021,26,64.6,622,4
"13885",2021-05-02,7045,26.6,5278,33,46.6,489,6
"13886",2021-05-02,7048,25.3,5432,46,42.5,456,8
"13887",2021-05-02,7060,26.8,8691,43,51.9,436,6
"13888",2021-05-02,7064,27.5,6205,37,57.2,623,4
"13889",2021-05-02,7109,29.5,6046,52,47.1,340,4
"13890",2021-05-02,7110,29.7,4910,35,45,704,4
"13891",2021-05-02,7114,26.7,9319,53,55.8,733,7
"13892",2021-05-02,7115,30.5,8019,50,58.3,381,6
"13893",2021-05-02,7116,20.5,5537,31,34.5,288,7
"13894",2021-05-02,7123,35.5,6645,40,85.1,1441,10
"13895",2021-05-02,7128,34.2,5856,51,69,790,5
"13896",2021-05-02,7136,30.5,7060,39,62,637,6
"13897",2021-05-02,7138,37.9,9853,69,80.1,882,7
"13898",2021-05-02,7139,27.4,6589,47,53.1,419,4
"13899",2021-05-02,7143,26.6,6065,22,48.6,771,8
"13900",2021-05-02,7147,24.6,5504,36,68.8,728,10
"13901",2021-05-02,7150,23.8,6310,35,41.1,1534,12
"13902",2021-05-02,7153,50,10807,59,102.4,1809,10
"13903",2021-05-02,7154,28.9,5340,42,55.7,698,11
"13904",2021-05-02,7163,31.9,6467,57,60.5,964,8
"13905",2021-05-02,8083,18.8,3972,28,42.8,479,4
"13906",2021-05-02,8145,24.3,5248,30,53,641,7
"13907",2021-05-02,8146,34.8,9655,43,65.7,599,4
"13908",2021-05-02,8154,21.6,6349,32,39.8,1010,11
"13909",2021-05-02,9010,28,6845,56,59.7,692,7
"13910",2021-05-02,9012,27.7,6430,44,51,856,8
"13911",2021-05-03,4008,75.1999999999999,7907,95,133.4,1161,14
"13912",2021-05-03,4044,60.6999999999999,5922,71,96.9,430,10
"13913",2021-05-03,5064,97.8,12622,90,180.7,1543,19
"13914",2021-05-03,5100,68,10285,107,111.3,667,14
"13915",2021-05-03,5118,92.9,12004,98,191.2,1299,14
"13916",2021-05-03,5120,81.4,11231,103,122.3,1246,21
"13917",2021-05-03,6017,86.1,6531,41,161.7,930,10
"13918",2021-05-03,6025,78.4,8157,64,186.5,2866,29
"13919",2021-05-03,6029,69.1,8509,66,117.8,784,12
"13920",2021-05-03,6041,73.8,9814,85,126.8,449,15
"13921",2021-05-03,6045,88,11047,76,160.5,2506,24
"13922",2021-05-03,6046,75,9457,48,147.8,1216,17
"13923",2021-05-03,6061,79.5,11000,87,138.7,3167,18
"13924",2021-05-03,6062,84.1,11104,58,157.5,1567,28
"13925",2021-05-03,6068,66,10362,86,117.6,1911,23
"13926",2021-05-03,6076,74.5,8697,55,126.6,1391,20
"13927",2021-05-03,6086,76.6,9841,67,127.4,651,10
"13928",2021-05-03,6092,65.8,9193,81,107.6,1311,17
"13929",2021-05-03,6093,72.9999999999999,11739,122,137.4,953,12
"13930",2021-05-03,6096,68.5,9139,62,133.8,855,9
"13931",2021-05-03,6112,76.4999999999999,9771,50,143.2,955,19
"13932",2021-05-03,6125,68.1,11434,57,111.5,1164,9
"13933",2021-05-03,7045,68.4,9425,53,133.2,1288,19
"13934",2021-05-03,7048,68.2,8335,65,114.9,1234,19
"13935",2021-05-03,7060,65.6,10488,91,110.6,778,15
"13936",2021-05-03,7064,77.4,9174,66,123.4,814,13
"13937",2021-05-03,7109,75.6,9128,76,159.5,701,10
"13938",2021-05-03,7110,74.6,8811,72,118.2,1414,14
"13939",2021-05-03,7114,80.6,16659,127,156.7,2063,20
"13940",2021-05-03,7115,67.8,11282,102,129.5,630,14
"13941",2021-05-03,7116,77.2,12574,76,124.7,885,23
"13942",2021-05-03,7123,70,9480,69,165.1,1259,21
"13943",2021-05-03,7128,72.2,8960,103,137.8,1528,12
"13944",2021-05-03,7136,82.2,10661,74,149.3,927,19
"13945",2021-05-03,7138,71,12770,129,132.6,1679,21
"13946",2021-05-03,7139,66.3,9825,72,136.3,620,13
"13947",2021-05-03,7143,73.1,7948,65,135.6,2434,31
"13948",2021-05-03,7147,77.8,10607,78,150.3,1006,19
"13949",2021-05-03,7150,64.6,10721,78,119,3367,44
"13950",2021-05-03,7153,65.7,8197,55,124.9,2022,22
"13951",2021-05-03,7154,78.7,7735,89,129.3,921,19
"13952",2021-05-03,7163,70.9,9335,119,102.5,1247,13
"13953",2021-05-03,8083,59.9,9266,77,106.6,1041,17
"13954",2021-05-03,8145,55.2,8497,67,104.4,1176,18
"13955",2021-05-03,8146,60.3,10152,67,117.1,576,11
"13956",2021-05-03,8154,54.9,10674,72,88.6,1870,30
"13957",2021-05-03,9010,61.8,11036,117,93.5,689,11
"13958",2021-05-03,9012,60.2,11649,93,109.7,1104,16
"13959",2021-05-04,4008,56.4,11456,81,114.1,952,13
"13960",2021-05-04,4044,40.9,8053,72,80,433,9
"13961",2021-05-04,5064,49.2,11488,59,116.6,1349,22
"13962",2021-05-04,5100,45.9,10530,89,93.6,586,13
"13963",2021-05-04,5118,51,13070,73,100.2,1261,10
"13964",2021-05-04,5120,41.7,8671,62,75.5,1115,10
"13965",2021-05-04,6017,68.3,12641,42,130.9,1112,11
"13966",2021-05-04,6025,56.2,13827,70,133.5,2368,34
"13967",2021-05-04,6029,58,10749,76,122.5,1007,14
"13968",2021-05-04,6041,49.2,13088,85,103.4,480,15
"13969",2021-05-04,6045,52.2,11830,68,128.9,2014,29
"13970",2021-05-04,6046,60.0000000000001,12823,48,145.8,1076,17
"13971",2021-05-04,6061,56.4,16247,69,103.4,1956,11
"13972",2021-05-04,6062,55.9,13715,74,127.7,1495,20
"13973",2021-05-04,6068,54.4,13690,102,117.8,1513,10
"13974",2021-05-04,6076,56.3,12742,63,111.4,1133,12
"13975",2021-05-04,6086,51.1,13055,56,110.9,725,7
"13976",2021-05-04,6092,58.1,14666,102,118.9,1383,22
"13977",2021-05-04,6093,47,15039,95,97.4,756,11
"13978",2021-05-04,6096,60.2,16874,76,153.4,1087,10
"13979",2021-05-04,6112,58.3,14086,61,142.8,800,12
"13980",2021-05-04,6125,39.9,11881,51,84.2,898,11
"13981",2021-05-04,7045,50,10570,93,100.8,879,12
"13982",2021-05-04,7048,51.4,12483,97,87.1,829,11
"13983",2021-05-04,7060,42.8,14986,90,96.9,1038,28
"13984",2021-05-04,7064,51.4,10572,68,86.6,868,11
"13985",2021-05-04,7109,51.4,11738,88,98.1,554,14
"13986",2021-05-04,7110,49.7,9461,71,91.4,1125,15
"13987",2021-05-04,7114,48.5,15569,91,100.6,1019,7
"13988",2021-05-04,7115,55.9,18758,143,116.1,600,13
"13989",2021-05-04,7116,46.1,13116,64,85,906,16
"13990",2021-05-04,7123,54,12444,64,116.1,1499,21
"13991",2021-05-04,7128,39.8,7954,70,91.9,1007,17
"13992",2021-05-04,7136,52.2,12917,55,111.9,923,15
"13993",2021-05-04,7138,55.8,16372,141,122.2,1346,16
"13994",2021-05-04,7139,56.9,14615,86,126.8,1101,12
"13995",2021-05-04,7143,52.6,14065,55,101.7,1897,20
"13996",2021-05-04,7147,53.8,13270,74,104.3,933,15
"13997",2021-05-04,7150,45.3,16668,101,88.3000000000001,3008,32
"13998",2021-05-04,7153,48.5,12296,65,115.5,1986,24
"13999",2021-05-04,7154,53.9,11220,74,100.2,855,18
"14000",2021-05-04,7163,63.6,16861,140,128.3,1603,15
"14001",2021-05-04,8083,49.8,12647,77,98.2,883,13
"14002",2021-05-04,8145,45.5,11553,89,103.4,1488,26
"14003",2021-05-04,8146,44.1,14394,70,112.2,793,15
"14004",2021-05-04,8154,35.8,15464,95,74.2,1825,26
"14005",2021-05-04,9010,42.4,11723,90,93,880,13
"14006",2021-05-04,9012,41.4,12758,91,87.6,1294,14
"14007",2021-05-05,4008,60.8,12102,68,132.5,1218,12
"14008",2021-05-05,4044,50.9,8344,65,92.5,370,7
"14009",2021-05-05,5064,70.1,15341,63,143.1,1309,12
"14010",2021-05-05,5100,42,9511,69,88.3,483,7
"14011",2021-05-05,5118,52.8,13256,49,137.6,1774,12
"14012",2021-05-05,5120,49.8,10288,56,90,1242,16
"14013",2021-05-05,6017,64.8,11761,35,154.5,784,9
"14014",2021-05-05,6025,51.3,12397,49,132.5,2245,22
"14015",2021-05-05,6029,63.5,13599,77,111.5,976,13
"14016",2021-05-05,6041,53.1,12810,59,117.2,504,10
"14017",2021-05-05,6045,69.5,15143,74,155.9,2493,25
"14018",2021-05-05,6046,67.1,14935,61,167.6,1085,13
"14019",2021-05-05,6061,54.4,17503,62,124.2,3486,17
"14020",2021-05-05,6062,60.8,15358,65,134.6,1438,18
"14021",2021-05-05,6068,51.5,13542,80,96.6,1279,16
"14022",2021-05-05,6076,53,13672,36,123.5,1368,10
"14023",2021-05-05,6086,45.6,11684,43,99.4,600,6
"14024",2021-05-05,6092,44.4,12192,60,117.5,1048,17
"14025",2021-05-05,6093,56.2,17391,83,128.4,968,10
"14026",2021-05-05,6096,59.6,14522,54,138.7,1083,9
"14027",2021-05-05,6112,62.4,13674,40,145.8,976,15
"14028",2021-05-05,6125,43,12558,35,106.6,989,5
"14029",2021-05-05,7045,27.1,5868,24,77,920,10
"14030",2021-05-05,7048,59,13368,57,123.3,1683,16
"14031",2021-05-05,7060,46.2,16808,76,109.5,951,12
"14032",2021-05-05,7064,61.4,13065,73,123.9,1480,11
"14033",2021-05-05,7109,48.7,10897,61,116.2,530,10
"14034",2021-05-05,7110,57.1,11268,56,110.1,1507,9
"14035",2021-05-05,7114,55.2,17316,73,128.4,1239,11
"14036",2021-05-05,7115,49.1,15745,85,110.1,594,9
"14037",2021-05-05,7116,57.1,14313,56,103.5,822,19
"14038",2021-05-05,7123,62.6,15251,63,163.2,1080,10
"14039",2021-05-05,7128,54.4,11697,80,141.9,1934,15
"14040",2021-05-05,7136,54.3,13771,55,126.2,766,14
"14041",2021-05-05,7138,57,16377,103,138.7,1468,20
"14042",2021-05-05,7139,52.7,14618,50,122.3,1230,17
"14043",2021-05-05,7143,48,11515,45,114.7,1522,18
"14044",2021-05-05,7147,59.2,12237,55,135.4,685,12
"14045",2021-05-05,7150,53.7,17195,86,103.8,3291,28
"14046",2021-05-05,7153,59,16954,73,130.7,2609,24
"14047",2021-05-05,7154,58.7,12419,85,123.3,976,17
"14048",2021-05-05,7163,57.5,15253,102,118.1,1383,13
"14049",2021-05-05,8083,42.9,11563,62,108.3,1345,12
"14050",2021-05-05,8145,33.6,8761,52,95.1,780,12
"14051",2021-05-05,8146,44.1,15043,60,125.4,1199,12
"14052",2021-05-05,8154,38.3,15478,68,86,2263,24
"14053",2021-05-05,9010,39.2,10874,63,81.4,922,11
"14054",2021-05-05,9012,55.4,12216,93,106.4,1162,11
"14055",2021-05-06,4008,49.6,11021,81,116.9,1197,15
"14056",2021-05-06,4044,46.3,8530,72,103.9,566,7
"14057",2021-05-06,5064,51.1,11397,67,121.3,1048,11
"14058",2021-05-06,5100,44.3,9794,105,92.2,452,8
"14059",2021-05-06,5118,58.7,16248,68,123.6,1557,10
"14060",2021-05-06,5120,43.7,8838,56,89.7,771,10
"14061",2021-05-06,6017,67.4,14373,44,155.7,1018,11
"14062",2021-05-06,6025,59.5000000000001,14092,56,158.8,2676,22
"14063",2021-05-06,6029,50,9778,59,107.3,640,8
"14064",2021-05-06,6041,49.6,12365,69,105.4,540,12
"14065",2021-05-06,6045,42.1,11368,62,133.7,2220,16
"14066",2021-05-06,6046,59.4,14695,65,148.2,1008,15
"14067",2021-05-06,6061,54.2,16105,67,90.9,1862,15
"14068",2021-05-06,6062,57.7,15431,79,137.5,1353,22
"14069",2021-05-06,6068,53.8,14722,89,128.7,1678,14
"14070",2021-05-06,6076,53,13412,69,120.4,1041,10
"14071",2021-05-06,6086,51,13049,50,105.2,681,15
"14072",2021-05-06,6092,59.4,15439,89,121.7,1093,14
"14073",2021-05-06,6093,54.5,19263,117,144,1276,8
"14074",2021-05-06,6096,60.2,16573,79,139.1,2041,16
"14075",2021-05-06,6112,55.9,13233,27,121.5,798,19
"14076",2021-05-06,6125,40.4,13952,45,103.3,1135,6
"14077",2021-05-06,7045,41.1,8863,42,101.8,1178,13
"14078",2021-05-06,7048,37.4,9586,47,85,875,10
"14079",2021-05-06,7060,42.9,16391,79,98,770,10
"14080",2021-05-06,7064,53.2,11622,47,108.7,1104,12
"14081",2021-05-06,7109,51.5,11961,80,105.4,417,9
"14082",2021-05-06,7110,47.9,10578,52,91.3,1094,13
"14083",2021-05-06,7114,50.5,17003,68,116.3,1261,8
"14084",2021-05-06,7115,52.8,18592,107,120.8,771,10
"14085",2021-05-06,7116,40.3,11192,62,89.9,652,17
"14086",2021-05-06,7123,62.4,15383,69,160.5,1153,13
"14087",2021-05-06,7128,40.1000000000001,10844,107,123.8,1984,13
"14088",2021-05-06,7136,51.9,13958,63,122.2,900,12
"14089",2021-05-06,7138,54.2,16874,106,126.7,1574,14
"14090",2021-05-06,7139,47.3,13523,61,118.7,1232,12
"14091",2021-05-06,7143,47.9,12765,43,91.4,1408,16
"14092",2021-05-06,7147,50.5,12694,75,125.9,967,9
"14093",2021-05-06,7150,47.5,15604,78,89.5,2946,34
"14094",2021-05-06,7153,46.3,13810,69,113.5,1707,11
"14095",2021-05-06,7154,64.1,13901,94,129.6,1287,22
"14096",2021-05-06,7163,51.9,13457,97,116.5,1356,18
"14097",2021-05-06,8083,48.2,11352,65,94.7,778,12
"14098",2021-05-06,8145,42.8,11646,77,121.8,999,21
"14099",2021-05-06,8146,44.7,13625,57,109.2,950,10
"14100",2021-05-06,8154,31.8,13144,68,71.8,1686,25
"14101",2021-05-06,9010,47.2,12825,88,102.4,926,15
"14102",2021-05-06,9012,42.4,13275,89,102.5,1173,14
"14103",2021-05-07,4008,51.4,11469,74,107.5,1047,13
"14104",2021-05-07,4044,49.7,9496,59,94.2,584,7
"14105",2021-05-07,5064,52.7,11538,47,102.2,885,13
"14106",2021-05-07,5100,49.4,10570,70,93.1,495,11
"14107",2021-05-07,5118,57.6,16160,50,129.1,1289,10
"14108",2021-05-07,5120,47.3,10577,62,82.6,767,7
"14109",2021-05-07,6017,69.3,14224,43,162.7,1127,11
"14110",2021-05-07,6025,53.9,14139,45,141.8,2316,20
"14111",2021-05-07,6029,62.2,13123,52,119.3,730,9
"14112",2021-05-07,6041,58.6,15745,63,112.1,647,12
"14113",2021-05-07,6045,68.2,16366,70,147.6,1909,20
"14114",2021-05-07,6046,63.5,15699,46,144.9,1032,15
"14115",2021-05-07,6061,54.5,17161,71,95.2,1430,10
"14116",2021-05-07,6062,59.9,15197,63,127.6,1200,22
"14117",2021-05-07,6068,54.6,14741,72,105.1,1094,14
"14118",2021-05-07,6076,65.8,18652,68,131.5,1144,14
"14119",2021-05-07,6086,51.8,13479,46,101.3,597,9
"14120",2021-05-07,6092,52.5,14127,77,111.3,909,14
"14121",2021-05-07,6093,57.3000000000001,17423,89,117.4,1119,11
"14122",2021-05-07,6096,55.9,13812,59,132.8,857,8
"14123",2021-05-07,6112,62.2,15699,48,133.5,892,15
"14124",2021-05-07,6125,44.4,15860,40,116.2,1003,5
"14125",2021-05-07,7045,42.5,11883,38,86.5,921,13
"14126",2021-05-07,7048,50.4,11760,58,90.7,610,10
"14127",2021-05-07,7060,50.2,19031,71,106.8,1010,11
"14128",2021-05-07,7064,64.4,13351,49,108.7,956,9
"14129",2021-05-07,7109,50.3,11019,60,106.1,422,8
"14130",2021-05-07,7110,51.6,10653,55,96.8,1190,11
"14131",2021-05-07,7114,55.4,17591,77,126.4,1713,10
"14132",2021-05-07,7115,50.7,15448,87,111,560,11
"14133",2021-05-07,7116,57.3,15505,60,102.6,753,17
"14134",2021-05-07,7123,51.7,13443,55,135,1339,15
"14135",2021-05-07,7128,39.3,8978,68,87,737,9
"14136",2021-05-07,7136,59.1,15978,66,128.1,820,14
"14137",2021-05-07,7138,52.7000000000001,16992,108,130.4,1540,18
"14138",2021-05-07,7139,50.7,15588,70,112.5,1086,16
"14139",2021-05-07,7143,56.9,16085,52,116.8,1868,24
"14140",2021-05-07,7147,53.9,13595,50,117.6,686,10
"14141",2021-05-07,7150,51.8,17778,90,98.5,2969,34
"14142",2021-05-07,7153,57.5,16141,65,107.8,1734,13
"14143",2021-05-07,7154,54.6,11582,69,95.7,775,13
"14144",2021-05-07,7163,52,14016,125,92.3,1005,7
"14145",2021-05-07,8083,43.8,10789,49,85.8,1056,12
"14146",2021-05-07,8145,43.1,12950,76,96.8,748,16
"14147",2021-05-07,8146,50.7,17421,57,112,1272,19
"14148",2021-05-07,8154,39.8,16558,66,84.4,1903,27
"14149",2021-05-07,9010,43.2,11372,81,84.6,965,13
"14150",2021-05-07,9012,44,13317,78,86.8,1003,12
"14151",2021-05-08,4008,53.5,10890,80,110.5,795,8
"14152",2021-05-08,4044,14,2568,17,22,265,3
"14153",2021-05-08,5064,63.7,13020,58,111.5,830,10
"14154",2021-05-08,5100,12.8,3148,23,28,164,5
"14155",2021-05-08,5118,50.6,13386,59,107.3,938,10
"14156",2021-05-08,5120,9.69999999999999,2102,14,16.3,194,1
"14157",2021-05-08,6017,63.4,11547,42,118,611,8
"14158",2021-05-08,6025,63.7,15955,67,149.7,2310,10
"14159",2021-05-08,6029,62.8,11256,50,111,1114,12
"14160",2021-05-08,6041,56.1,14366,78,112.5,456,12
"14161",2021-05-08,6045,66.4,13518,64,141.2,2001,17
"14162",2021-05-08,6046,27.9,9022,31,103.9,1001,13
"14163",2021-05-08,6061,20.4,7297,23,42,723,2
"14164",2021-05-08,6062,66.9,14474,66,132.9,1041,15
"14165",2021-05-08,6068,55.2,15592,98,105.4,1132,13
"14166",2021-05-08,6076,53.4,13869,47,111,824,9
"14167",2021-05-08,6086,39.9,9305,31,89,568,6
"14168",2021-05-08,6092,55.9,14096,69,115.6,999,13
"14169",2021-05-08,6093,51.7,16980,103,105.3,770,8
"14170",2021-05-08,6096,61,15825,66,136,1001,11
"14171",2021-05-08,6112,60.1,15450,57,121.9,700,16
"14172",2021-05-08,6125,39.3,13713,45,73.8,816,4
"14173",2021-05-08,7028,0,1,1,29.2,104,10
"14174",2021-05-08,7045,49.2,10271,44,97,1123,15
"14175",2021-05-08,7048,15.7,3394,13,19.1,108,1
"14176",2021-05-08,7060,44.6,15782,76,94.1,926,9
"14177",2021-05-08,7064,56.2,11574,52,108.9,831,6
"14178",2021-05-08,7109,54.1,11339,90,96.5,446,10
"14179",2021-05-08,7110,59.5,11586,55,96.6,1209,8
"14180",2021-05-08,7114,54.6,17888,69,102.9,1390,6
"14181",2021-05-08,7115,71.6,17346,112,119.6,706,10
"14182",2021-05-08,7116,44.2,11631,59,71.4,527,10
"14183",2021-05-08,7123,63.8,15233,65,146.8,1145,12
"14184",2021-05-08,7128,50.6,10451,107,109.8,1038,11
"14185",2021-05-08,7136,56.2,13219,62,121.3,837,12
"14186",2021-05-08,7138,57.7,17399,97,115.3,1115,14
"14187",2021-05-08,7139,54.4,14056,70,107.1,959,14
"14188",2021-05-08,7143,50.5,12430,33,102.3,2097,23
"14189",2021-05-08,7147,54.3,12312,54,115.2,902,8
"14190",2021-05-08,7150,47.8,14207,69,85.2,2852,35
"14191",2021-05-08,7153,52.6,14685,71,106.9,1361,7
"14192",2021-05-08,7154,57.9,11296,95,121.1,1036,14
"14193",2021-05-08,7162,32,3851,54,49,205,8
"14194",2021-05-08,7163,61.3,14828,120,120.1,1379,21
"14195",2021-05-08,8018,32.8,5271,65,81.1,331,11
"14196",2021-05-08,8021,24.4,4101,27,47.5,608,10
"14197",2021-05-08,8024,30.8,6511,49,65.7,495,10
"14198",2021-05-08,8083,46.7,11661,44,98.8,1034,12
"14199",2021-05-08,8145,40.8,9803,57,94,832,14
"14200",2021-05-08,8146,51.8,17361,75,105.9,836,8
"14201",2021-05-08,8154,43.7,15732,60,77,1535,22
"14202",2021-05-08,9010,41.6,11187,70,82.8,859,10
"14203",2021-05-08,9012,39.2,12070,74,76.5,983,16
"14204",2021-05-09,4008,52,10298,85,123,1004,13
"14205",2021-05-09,5064,55.8,12001,51,114.9,951,12
"14206",2021-05-09,5118,58.1,14246,59,120.8,1221,10
"14207",2021-05-09,6017,72.1,12496,44,153.3,652,10
"14208",2021-05-09,6025,65,15264,66,153.9,3232,25
"14209",2021-05-09,6029,70.2,14044,59,137.7,1177,11
"14210",2021-05-09,6041,51.7,13607,72,119.9,465,8
"14211",2021-05-09,6045,59.7,13697,58,133,1762,16
"14212",2021-05-09,6046,54.7,12024,53,107.2,787,12
"14213",2021-05-09,6062,57.1,13280,59,122.8,1048,14
"14214",2021-05-09,6068,55.3,15765,84,135.8,1682,16
"14215",2021-05-09,6076,69.3,17539,59,155.8,1395,12
"14216",2021-05-09,6086,56.7,14659,45,114,718,9
"14217",2021-05-09,6092,58.8,15494,92,111.1,1075,13
"14218",2021-05-09,6093,58.8,16578,87,119.2,856,9
"14219",2021-05-09,6096,48.8,11937,53,113.9,526,5
"14220",2021-05-09,6112,69.2,15501,65,139.9,913,17
"14221",2021-05-09,6125,37.5,14460,40,73.3,851,4
"14222",2021-05-09,7028,52.1,9093,41,103.8,623,15
"14223",2021-05-09,7045,42.6,8109,52,77.1,879,7
"14224",2021-05-09,7060,51.7,18501,89,121.2,910,11
"14225",2021-05-09,7064,63,13130,45,112.3,1107,7
"14226",2021-05-09,7109,57.9,12289,72,117,510,9
"14227",2021-05-09,7110,58.1,11263,58,105.5,1102,7
"14228",2021-05-09,7114,54.9,18031,81,112.6,1206,9
"14229",2021-05-09,7115,49.5,15208,91,109.8,587,10
"14230",2021-05-09,7116,51.4,13705,43,105.4,716,14
"14231",2021-05-09,7123,58.7,14218,67,122.7,1236,15
"14232",2021-05-09,7128,48.7,9775,96,115.9,1036,9
"14233",2021-05-09,7136,53.8,13436,50,117,839,12
"14234",2021-05-09,7138,57.7,16746,121,127.2,1763,19
"14235",2021-05-09,7139,54.3,13122,81,122.5,873,11
"14236",2021-05-09,7143,50,12290,36,102.9,1803,19
"14237",2021-05-09,7147,60,13081,56,129.7,1041,7
"14238",2021-05-09,7150,58.7,16986,85,106.1,3212,37
"14239",2021-05-09,7153,58.8,16417,56,125.9,1579,11
"14240",2021-05-09,7154,52.2,11021,86,106.5,849,15
"14241",2021-05-09,7162,55.4,9122,75,125.1,583,11
"14242",2021-05-09,7163,57.1,13929,91,105.4,1134,9
"14243",2021-05-09,8018,58.5,12614,86,121.7,704,12
"14244",2021-05-09,8021,48.6,11019,40,130.8,2029,19
"14245",2021-05-09,8024,57.3,13145,52,116.7,1172,12
"14246",2021-05-09,8083,54,14063,47,98.3,1114,11
"14247",2021-05-09,8145,39.3,10759,59,97.6,1018,14
"14248",2021-05-09,8146,42.6,15341,60,104.2,1001,13
"14249",2021-05-09,8154,41.5,15489,81,80.5,1743,19
"14250",2021-05-09,9010,53.4,14509,85,103.8,1016,13
"14251",2021-05-09,9012,49.3,14242,80,100.8,1041,9
"14252",2021-05-10,4008,54.6,10599,80,104.1,816,12
"14253",2021-05-10,5064,66.4,13595,49,128.4,1093,14
"14254",2021-05-10,5118,55.2,14819,50,119,1244,8
"14255",2021-05-10,6017,67,12628,32,142.9,992,13
"14256",2021-05-10,6025,60.4,14799,57,144.8,2508,16
"14257",2021-05-10,6029,56.7,11724,46,112.8,954,9
"14258",2021-05-10,6041,57.3,13081,70,89.5,324,7
"14259",2021-05-10,6045,58.5,14871,61,142.5,1715,23
"14260",2021-05-10,6046,60.7,13866,48,173.8,1116,20
"14261",2021-05-10,6062,64.7,15837,57,133.6,1118,15
"14262",2021-05-10,6068,58.6,16500,102,112.3,1429,14
"14263",2021-05-10,6076,59.2,13566,55,120.7,964,15
"14264",2021-05-10,6086,46.4,12159,39,92.1,676,14
"14265",2021-05-10,6092,49.2,13179,75,110,1326,16
"14266",2021-05-10,6093,60.2,18332,94,136.9,1069,16
"14267",2021-05-10,6096,66.2,16315,54,140.7,928,8
"14268",2021-05-10,6112,59.8,14101,38,136.2,807,17
"14269",2021-05-10,6125,43.1,15438,46,100.8,1038,6
"14270",2021-05-10,7028,52.1,9823,41,103.2,643,14
"14271",2021-05-10,7045,45,9488,40,83.5,767,12
"14272",2021-05-10,7060,43,15185,68,86.1,784,10
"14273",2021-05-10,7064,57.2,11902,41,111.6,750,8
"14274",2021-05-10,7109,53.2,11984,67,101.7,527,9
"14275",2021-05-10,7110,52.3,10150,49,89.2,1171,9
"14276",2021-05-10,7114,56.4,19504,90,130,1410,12
"14277",2021-05-10,7115,52.4,16265,96,112.8,637,12
"14278",2021-05-10,7116,47,13121,40,92.2,664,15
"14279",2021-05-10,7123,58.3,13458,68,151.5,1443,18
"14280",2021-05-10,7128,59.2,12867,122,134.8,1298,11
"14281",2021-05-10,7136,55,14557,57,131.4,963,25
"14282",2021-05-10,7138,65.2,18117,111,142.2,1298,18
"14283",2021-05-10,7139,57.3,15216,64,123,1239,12
"14284",2021-05-10,7143,53.5,12888,42,107,1627,20
"14285",2021-05-10,7147,57.5,13962,56,130.1,1226,12
"14286",2021-05-10,7150,45.5,13864,63,82.9,2662,35
"14287",2021-05-10,7153,59.6,16844,70,131.8,1823,17
"14288",2021-05-10,7154,59.1,12611,78,114.5,819,16
"14289",2021-05-10,7162,45.5,11494,64,113.8,761,12
"14290",2021-05-10,7163,55.1,12890,105,119.3,1198,10
"14291",2021-05-10,8018,48.7,12221,75,125,842,16
"14292",2021-05-10,8021,51.7,11385,42,128.1,1756,25
"14293",2021-05-10,8024,56.1,15724,55,129.8,1219,14
"14294",2021-05-10,8083,50.4,12825,64,112.7,1142,12
"14295",2021-05-10,8145,42.1,11227,58,97.5,911,12
"14296",2021-05-10,8146,56.1,16994,55,127.3,1127,14
"14297",2021-05-10,8154,35.4,13999,69,71.5,1435,27
"14298",2021-05-10,9010,46.8,12498,76,94.2,1035,14
"14299",2021-05-10,9012,51.1,15178,81,108.1,1321,15
"14300",2021-05-11,4008,53.8,9999,68,108.5,650,7
"14301",2021-05-11,5064,57.4,10580,52,119.4,1010,10
"14302",2021-05-11,5118,54.5,14060,51,114.1,1173,8
"14303",2021-05-11,6017,67.9,14064,47,153.3,778,10
"14304",2021-05-11,6025,62.7,15124,64,159.5,2568,18
"14305",2021-05-11,6029,55.9,10098,41,101.7,696,8
"14306",2021-05-11,6041,62.8,16198,76,148.1,630,12
"14307",2021-05-11,6045,52.6,12529,57,136,2227,19
"14308",2021-05-11,6046,55,12532,50,165.1,1067,11
"14309",2021-05-11,6062,64.2,15138,88,134.7,1206,19
"14310",2021-05-11,6068,54.2,13883,69,103.7,1281,13
"14311",2021-05-11,6076,63,13396,68,144.3,940,10
"14312",2021-05-11,6086,52.2,12249,46,107.4,627,7
"14313",2021-05-11,6092,63,15357,65,129.5,1007,15
"14314",2021-05-11,6093,56.5,17483,96,122.9,1252,13
"14315",2021-05-11,6096,63.2,15032,47,143.9,716,6
"14316",2021-05-11,6112,54.9,12981,50,115.3,652,15
"14317",2021-05-11,6125,37,13363,29,77.7,999,5
"14318",2021-05-11,7028,55.8,11329,39,127.6,977,8
"14319",2021-05-11,7045,50.2,10497,69,109.2,971,14
"14320",2021-05-11,7060,47.2,16707,75,119.4,993,10
"14321",2021-05-11,7064,57.7,11139,54,109.4,996,6
"14322",2021-05-11,7109,56.4,11436,71,115.1,484,10
"14323",2021-05-11,7110,51.8,9306,44,96.3,1172,12
"14324",2021-05-11,7114,56.4,17378,79,110.9,1231,13
"14325",2021-05-11,7115,60.4,16677,84,114.3,527,10
"14326",2021-05-11,7116,50.1,12157,55,109.1,626,15
"14327",2021-05-11,7123,64.8,14312,52,159.6,1249,8
"14328",2021-05-11,7128,48.3,9338,94,112.3,1082,11
"14329",2021-05-11,7136,55.6,13490,46,118.7,736,15
"14330",2021-05-11,7138,54.7,15225,90,124.6,1173,13
"14331",2021-05-11,7139,54.7,13576,63,119.3,914,9
"14332",2021-05-11,7143,48.9,11541,38,99.6,1782,17
"14333",2021-05-11,7147,54.4,12494,56,124.4,776,9
"14334",2021-05-11,7150,51.1,16456,61,99.6,3218,36
"14335",2021-05-11,7153,46,12203,50,103.8,1447,9
"14336",2021-05-11,7154,60.4,12906,94,121.8,982,16
"14337",2021-05-11,7162,77.4,10635,70,120.1,878,13
"14338",2021-05-11,7163,57.1,14400,115,111,1248,14
"14339",2021-05-11,8018,42.6,11693,57,107.4,703,14
"14340",2021-05-11,8021,54.3,11500,39,130.9,1839,16
"14341",2021-05-11,8024,55.8,15747,54,124.7,1189,13
"14342",2021-05-11,8083,40.6,9397,41,77.2,910,9
"14343",2021-05-11,8145,40.5,10892,55,96.9,836,9
"14344",2021-05-11,8146,51.9,15427,52,122.1,1037,13
"14345",2021-05-11,8154,45,15767,60,86.2,2124,24
"14346",2021-05-11,9010,47.8,13190,94,101.8,1140,13
"14347",2021-05-11,9012,42,11283,71,84.4,980,10
"14348",2021-05-12,4008,51.9,9904,83,106.1,790,11
"14349",2021-05-12,5064,65.7,13950,60,120,1206,9
"14350",2021-05-12,5118,54.7,13615,42,111.9,872,6
"14351",2021-05-12,6017,65.8,13708,39,136.2,964,8
"14352",2021-05-12,6025,58.8,14287,59,153.3,2287,9
"14353",2021-05-12,6029,41.7,6525,31,77.2,420,7
"14354",2021-05-12,6041,51.6,13567,66,91.1,422,8
"14355",2021-05-12,6045,56.5,13814,59,131.5,2221,17
"14356",2021-05-12,6046,62.4,14623,48,144.6,910,13
"14357",2021-05-12,6062,58.4,14406,77,125.2,1087,17
"14358",2021-05-12,6068,57.7,16658,79,127.8,1844,18
"14359",2021-05-12,6076,70.4,15827,72,145.3,986,9
"14360",2021-05-12,6086,53.6,12272,41,103.3,631,7
"14361",2021-05-12,6092,54.3,14174,78,103.8,1007,11
"14362",2021-05-12,6093,56.3,17505,102,107,601,8
"14363",2021-05-12,6096,55.7,14663,45,128.1,738,6
"14364",2021-05-12,6112,64.1,15636,40,127.4,827,15
"14365",2021-05-12,6125,37.6,13749,31,74.6,922,5
"14366",2021-05-12,7028,63.8,12787,44,115.4,871,12
"14367",2021-05-12,7045,50.8,9846,80,105.2,835,10
"14368",2021-05-12,7060,41.6,15246,60,94.8,884,9
"14369",2021-05-12,7064,67.6,13278,54,102.4,1589,10
"14370",2021-05-12,7109,51.3,11586,77,90.7,370,6
"14371",2021-05-12,7110,55.3,9944,52,110.2,1342,9
"14372",2021-05-12,7114,57.1,19329,82,142.9,1594,12
"14373",2021-05-12,7115,60.1,16928,105,116.5,547,11
"14374",2021-05-12,7116,49.9,12970,46,81.7,692,13
"14375",2021-05-12,7123,59.9,14034,52,148.9,1293,14
"14376",2021-05-12,7128,49.2,10933,89,117.5,1272,10
"14377",2021-05-12,7136,56.5,13809,53,115.5,742,13
"14378",2021-05-12,7138,51.1,14328,100,115.8,1281,12
"14379",2021-05-12,7139,57.6,15280,62,124.4,1153,10
"14380",2021-05-12,7143,53.7,12294,44,98.8,2211,24
"14381",2021-05-12,7147,52.3,12130,66,107.9,793,9
"14382",2021-05-12,7150,59,17889,89,106.9,3615,35
"14383",2021-05-12,7153,59.4,16367,69,126.3,1523,11
"14384",2021-05-12,7154,56.7,12624,82,109.5,928,12
"14385",2021-05-12,7162,38.1,12759,81,123.3,866,14
"14386",2021-05-12,7163,54.9,12783,125,106.6,1202,9
"14387",2021-05-12,8018,49.3,17078,94,131.9,1199,22
"14388",2021-05-12,8021,56.2,12263,43,119.2,1591,15
"14389",2021-05-12,8024,57.9,15819,60,109.5,1104,11
"14390",2021-05-12,8083,53,13053,53,109.7,1109,11
"14391",2021-05-12,8145,43.9,12476,64,102,898,12
"14392",2021-05-12,8146,48.4,15971,51,119.6,1074,9
"14393",2021-05-12,8154,36.6,12777,73,73.6,1553,18
"14394",2021-05-12,9010,47.3,13053,91,92.9,1021,13
"14395",2021-05-12,9012,55.1,14092,97,102.8,1291,13
"14396",2021-05-13,4008,46.6,9316,69,106.2,767,9
"14397",2021-05-13,5064,57.2,12446,67,130.9,1113,13
"14398",2021-05-13,5118,58,15145,60,129.9,1347,9
"14399",2021-05-13,6017,68.3,14540,40,165.1,1137,19
"14400",2021-05-13,6025,64.4,15320,60,152.6,2005,11
"14401",2021-05-13,6029,53.2,7882,36,104,554,6
"14402",2021-05-13,6041,47.4,12274,65,117.1,512,10
"14403",2021-05-13,6045,69.7,14969,61,150.5,2096,20
"14404",2021-05-13,6046,66.3,16495,55,172.2,1237,16
"14405",2021-05-13,6062,65.1,15772,81,143.1,1109,20
"14406",2021-05-13,6068,55.8,15025,82,126.1,1499,14
"14407",2021-05-13,6076,62.1,15963,63,131.6,1133,14
"14408",2021-05-13,6086,46.8,11357,41,102.8,648,11
"14409",2021-05-13,6092,54.3,14436,76,130.1,1280,12
"14410",2021-05-13,6093,56.9,17632,98,128,1298,10
"14411",2021-05-13,6096,60.6,14943,36,143.7,801,9
"14412",2021-05-13,6112,65.6,16286,66,146.3,1038,13
"14413",2021-05-13,6125,40,14140,26,106.3,1106,9
"14414",2021-05-13,7028,53,12272,51,124.5,965,13
"14415",2021-05-13,7045,42.3,9752,44,87.1,706,10
"14416",2021-05-13,7060,46.3000000000001,16811,72,108.9,1240,12
"14417",2021-05-13,7064,54.6,12234,53,108.8,759,7
"14418",2021-05-13,7109,56.3,11941,78,121.8,551,10
"14419",2021-05-13,7110,58,11313,64,95.4,1214,11
"14420",2021-05-13,7114,55.9,20427,107,112.1,1255,9
"14421",2021-05-13,7115,44.6,14370,79,98.7,623,9
"14422",2021-05-13,7116,47.3,13167,47,101.8,885,20
"14423",2021-05-13,7123,61.7,14069,59,153.3,1676,20
"14424",2021-05-13,7128,52.2,10925,83,114.9,1099,11
"14425",2021-05-13,7136,58,14727,52,137,827,14
"14426",2021-05-13,7138,64.9,17475,100,131,1279,23
"14427",2021-05-13,7139,50.4,12984,67,116.8,1170,11
"14428",2021-05-13,7143,50.2,13648,51,111.1,2942,26
"14429",2021-05-13,7147,60.7,14276,71,146.2,1041,13
"14430",2021-05-13,7150,55,17737,85,98.8,3361,41
"14431",2021-05-13,7153,58.5,15708,77,129.8,1703,11
"14432",2021-05-13,7154,51.7,11450,72,100.9,883,15
"14433",2021-05-13,7162,47,11685,68,112.3,1048,21
"14434",2021-05-13,7163,49.9,12592,96,101.6,1233,13
"14435",2021-05-13,8018,46.1,13013,62,123.3,909,16
"14436",2021-05-13,8021,51.5,11748,41,146.2,2091,26
"14437",2021-05-13,8024,54.9,14350,64,133.1,1599,16
"14438",2021-05-13,8083,54.8,13943,68,109.8,1283,14
"14439",2021-05-13,8145,45,12346,66,106.7,927,14
"14440",2021-05-13,8146,54.2,18132,63,120.2,1517,18
"14441",2021-05-13,8154,44.6,15633,68,92.9,1975,29
"14442",2021-05-13,9010,46.4,13753,108,106.4,1131,12
"14443",2021-05-13,9012,46,12587,85,102.9,1080,12
"14444",2021-05-14,4008,47.1,9281,76,103.5,936,8
"14445",2021-05-14,5064,53.1,11148,71,99.1,633,8
"14446",2021-05-14,5118,59.1,14400,52,125.8,1075,12
"14447",2021-05-14,6017,69.1,14105,33,153.7,1019,12
"14448",2021-05-14,6025,63.6,15403,42,144.7,2107,10
"14449",2021-05-14,6029,53.1,8927,39,99.5,475,7
"14450",2021-05-14,6041,65.4,15868,89,129.1,522,12
"14451",2021-05-14,6045,53.8,13472,65,120.5,2049,16
"14452",2021-05-14,6046,56.8,14598,55,139.1,885,9
"14453",2021-05-14,6062,57.6,14922,80,126,1094,15
"14454",2021-05-14,6068,55,14113,76,110,1379,16
"14455",2021-05-14,6076,79.0999999999999,18490,67,152.7,1294,11
"14456",2021-05-14,6086,52.2,12795,45,104.4,631,6
"14457",2021-05-14,6092,55.5,13098,77,104.5,902,10
"14458",2021-05-14,6093,56.9,17216,94,111.9,1233,9
"14459",2021-05-14,6096,57.6,14184,51,125.3,581,6
"14460",2021-05-14,6112,57.1,16287,49,134,957,15
"14461",2021-05-14,6125,43.3,13717,28,70.9,580,6
"14462",2021-05-14,7028,54.6,12528,47,129.9,790,10
"14463",2021-05-14,7045,48,9877,62,100.2,1003,12
"14464",2021-05-14,7060,44.7,15745,67,97.7,866,12
"14465",2021-05-14,7064,57.2,12729,47,108.4,1345,7
"14466",2021-05-14,7109,57.9,13086,87,100.9,575,9
"14467",2021-05-14,7110,50.2,10407,59,95,1025,8
"14468",2021-05-14,7114,55.1,19377,98,111.7,1190,10
"14469",2021-05-14,7115,61.7,16666,97,116.9,591,11
"14470",2021-05-14,7116,51.3,13865,49,96.4,894,16
"14471",2021-05-14,7123,61.1,13894,63,149.5,914,11
"14472",2021-05-14,7128,47.9,10464,87,122.9,1115,12
"14473",2021-05-14,7136,56.5,13729,42,120.8,910,14
"14474",2021-05-14,7138,54.4,15959,92,122.8,1421,17
"14475",2021-05-14,7139,52.9,15777,65,125,1078,9
"14476",2021-05-14,7143,46.5,14054,46,101.9,2031,16
"14477",2021-05-14,7147,60.6,13919,59,115.1,806,7
"14478",2021-05-14,7150,53.4,16329,65,97.9000000000001,3777,32
"14479",2021-05-14,7153,53.5,14770,58,118.2,1726,12
"14480",2021-05-14,7154,63,13260,78,114.8,855,12
"14481",2021-05-14,7162,50.2,12037,67,123.1,1119,19
"14482",2021-05-14,7163,62.2,15553,132,114.1,1441,13
"14483",2021-05-14,8018,46.8,15689,76,128.5,799,14
"14484",2021-05-14,8021,52.2,13313,42,123.3,1531,14
"14485",2021-05-14,8024,53,18427,60,128.9,1195,11
"14486",2021-05-14,8083,49.6,12830,72,93.3,1080,12
"14487",2021-05-14,8145,37.4,11018,72,93.9,830,9
"14488",2021-05-14,8146,47.8,15898,56,119,939,14
"14489",2021-05-14,8154,36.2,14186,59,80.2,1979,24
"14490",2021-05-14,9010,52.8,12842,95,87.8,937,12
"14491",2021-05-14,9012,42.1,11725,60,79.3,943,10
"14492",2021-05-15,4008,48.2,9847,91,105,730,7
"14493",2021-05-15,5064,63.5,13776,62,150.1,1040,13
"14494",2021-05-15,5118,54.2,15058,53,127.2,1112,10
"14495",2021-05-15,6017,61.8,13152,35,124,702,9
"14496",2021-05-15,6025,52,13758,56,139.7,2352,15
"14497",2021-05-15,6029,57,11660,48,109.6,626,7
"14498",2021-05-15,6041,53.4,14859,73,105.1,543,9
"14499",2021-05-15,6045,50.9,12054,52,126.5,1383,10
"14500",2021-05-15,6046,59.9,16252,62,155.6,1066,18
"14501",2021-05-15,6062,70,18025,87,148.2,1218,14
"14502",2021-05-15,6068,48.8,13916,69,98.8,1218,16
"14503",2021-05-15,6076,54.5,17093,75,129.1,1260,12
"14504",2021-05-15,6086,45.7,13201,46,104.6,613,6
"14505",2021-05-15,6092,48.1,13166,79,118.8,993,13
"14506",2021-05-15,6093,51.6,18579,94,127.4,1081,8
"14507",2021-05-15,6096,51.7,13142,39,143.9,808,8
"14508",2021-05-15,6112,58,17625,74,141.9,972,17
"14509",2021-05-15,6125,45.2,19106,46,109.8,764,6
"14510",2021-05-15,7028,50.7,12032,40,118.7,749,8
"14511",2021-05-15,7045,49,10417,61,111.5,1070,14
"14512",2021-05-15,7060,41.6,15738,75,93.1,760,10
"14513",2021-05-15,7064,62.7,13644,60,125.2,1387,11
"14514",2021-05-15,7109,40.2,10180,64,92.3,537,10
"14515",2021-05-15,7110,48.9,10063,60,87.6,1277,11
"14516",2021-05-15,7114,52.4000000000001,19166,100,133,1565,9
"14517",2021-05-15,7115,58.4,20713,123,130.1,679,13
"14518",2021-05-15,7116,50.1,13987,51,97.5,787,16
"14519",2021-05-15,7123,55.6,13881,58,143.8,1077,10
"14520",2021-05-15,7128,41.2,9867,81,100.4,981,7
"14521",2021-05-15,7136,56.9,16222,57,137.9,925,14
"14522",2021-05-15,7138,58,17660,114,128.3,1358,14
"14523",2021-05-15,7139,50.4,15470,73,116,1036,9
"14524",2021-05-15,7143,47.1,13147,48,97.9,3122,15
"14525",2021-05-15,7147,49,12902,62,115.2,1009,9
"14526",2021-05-15,7150,51.2,16323,86,90.5,2880,30
"14527",2021-05-15,7153,53.1,16229,65,122.5,2275,20
"14528",2021-05-15,7154,50.6,11698,76,105.9,713,14
"14529",2021-05-15,7162,62,12168,73,124,999,17
"14530",2021-05-15,7163,66.6,15739,138,121.9,1194,11
"14531",2021-05-15,8018,48,13660,80,122.7,882,16
"14532",2021-05-15,8021,53.7,13897,39,135,1602,11
"14533",2021-05-15,8024,54.7,14721,68,113.5,992,10
"14534",2021-05-15,8083,44.1,13659,74,114.6,1276,15
"14535",2021-05-15,8145,35,12462,83,112.7,1052,14
"14536",2021-05-15,8146,48.7,15070,61,115.8,979,14
"14537",2021-05-15,8154,37.1,15991,83,79.7,1854,25
"14538",2021-05-15,9010,37.7,10972,67,83.7,1093,9
"14539",2021-05-15,9012,47.2,14475,70,104.7,1507,12
"14540",2021-05-16,4008,56.2,10799,90,100,568,7
"14541",2021-05-16,5064,50.7,10244,74,123.1,922,8
"14542",2021-05-16,5118,56.5,14497,49,131.9,1422,7
"14543",2021-05-16,6017,71.9,15443,37,167.3,749,15
"14544",2021-05-16,6025,56,15079,67,164.3,2600,16
"14545",2021-05-16,6029,58,10894,50,109.1,808,8
"14546",2021-05-16,6041,45.9,12185,61,91.7,452,9
"14547",2021-05-16,6045,59.3,13692,62,141.9,1427,13
"14548",2021-05-16,6046,56,13223,50,129,820,11
"14549",2021-05-16,6062,52.7,12811,65,125.8,1074,16
"14550",2021-05-16,6068,63.3,16481,96,128.5,1435,11
"14551",2021-05-16,6076,64.1,18972,74,136.9,1235,11
"14552",2021-05-16,6086,46.4,12219,41,104.8,696,7
"14553",2021-05-16,6092,52.5,13567,72,120.9,1142,17
"14554",2021-05-16,6093,57.6,18538,101,128.4,1078,10
"14555",2021-05-16,6096,61.7,15412,63,143.4,853,7
"14556",2021-05-16,6112,60,16960,51,126.6,724,12
"14557",2021-05-16,6125,45.2,15975,41,111.4,1006,6
"14558",2021-05-16,7028,66.1,13650,53,135.6,941,11
"14559",2021-05-16,7045,42.2,9472,52,89.1,957,10
"14560",2021-05-16,7060,50.6,17876,64,116.9,1046,12
"14561",2021-05-16,7064,55.8,10902,47,107.9,874,8
"14562",2021-05-16,7109,58.2,11600,65,120.7,455,7
"14563",2021-05-16,7110,58.9,10574,46,111.8,1336,12
"14564",2021-05-16,7114,55.6,19687,97,116.1,1448,10
"14565",2021-05-16,7115,52.6,16330,94,117.3,650,11
"14566",2021-05-16,7116,50.6,13209,43,104.9,781,19
"14567",2021-05-16,7123,58.5,12943,61,132.2,864,10
"14568",2021-05-16,7128,50.9,11820,98,131,1418,10
"14569",2021-05-16,7136,60.3,14453,52,128.5,746,12
"14570",2021-05-16,7138,62,18050,91,137.9,1596,17
"14571",2021-05-16,7139,56.7,16897,65,124.6,1221,12
"14572",2021-05-16,7143,49.2,12946,48,102.6,2217,18
"14573",2021-05-16,7147,56.2,12144,61,122.9,883,11
"14574",2021-05-16,7150,53.1,16824,60,99.8,3498,33
"14575",2021-05-16,7153,53.6,14312,55,124.1,1724,11
"14576",2021-05-16,7154,56.6,11187,92,102.9,773,17
"14577",2021-05-16,7162,54.3,11170,67,125.6,1244,18
"14578",2021-05-16,7163,52.1,13882,118,113.4,1339,10
"14579",2021-05-16,8018,53.4,13886,70,116.3,598,10
"14580",2021-05-16,8021,53.2,12236,35,134.6,2164,11
"14581",2021-05-16,8024,61.7,15042,46,122.9,1077,12
"14582",2021-05-16,8083,51.7,12227,67,97.3,1002,15
"14583",2021-05-16,8145,40.8,11490,68,89.9,830,12
"14584",2021-05-16,8146,54.9,17499,55,147,1171,11
"14585",2021-05-16,8154,46.8,17133,68,95.7,2086,29
"14586",2021-05-16,9010,52.5,14552,80,109.7,1282,14
"14587",2021-05-16,9012,42.7,12629,60,94.3,1510,14
"14588",2021-05-17,4008,53.8,10473,83,119.8,633,9
"14589",2021-05-17,5064,53.4,11978,51,93.8,999,8
"14590",2021-05-17,5118,61.1,16194,62,123.4,1700,10
"14591",2021-05-17,6017,64,15091,32,122.9,859,6
"14592",2021-05-17,6025,62,17107,51,153.3,2424,20
"14593",2021-05-17,6029,63,12685,43,118.5,998,11
"14594",2021-05-17,6041,59.3,14252,70,115.5,475,11
"14595",2021-05-17,6045,52.8,14532,50,127.3,2364,15
"14596",2021-05-17,6046,56.7,14959,39,132,865,12
"14597",2021-05-17,6062,64.7,16048,81,138.7,1162,16
"14598",2021-05-17,6068,53.9,15047,82,122.7,1321,10
"14599",2021-05-17,6076,63.8,19609,76,147.5,1381,12
"14600",2021-05-17,6086,47.2,12938,38,110.7,753,11
"14601",2021-05-17,6092,54.1,12850,75,120,1165,15
"14602",2021-05-17,6093,61.5,21700,90,128.2,1213,9
"14603",2021-05-17,6096,56.7,14731,56,126,865,8
"14604",2021-05-17,6112,61.9,17998,57,138.9,841,15
"14605",2021-05-17,6125,46,15819,45,88.4,645,6
"14606",2021-05-17,7028,61.5,13717,47,124.9,747,12
"14607",2021-05-17,7045,49.8,11089,69,104.8,955,13
"14608",2021-05-17,7060,42.1,15703,55,87.1,682,9
"14609",2021-05-17,7064,60.1,12815,35,105.6,1056,7
"14610",2021-05-17,7109,48.4,13010,74,83.9,436,6
"14611",2021-05-17,7110,53.7000000000001,10223,54,97.1,1235,14
"14612",2021-05-17,7114,51,18605,84,103.3,1218,7
"14613",2021-05-17,7115,53.7,16593,90,113,547,7
"14614",2021-05-17,7116,50.8,15120,44,94.4,820,23
"14615",2021-05-17,7123,66.6,14957,81,166.8,1364,13
"14616",2021-05-17,7128,46,10270,88,103.4,1130,9
"14617",2021-05-17,7136,50.6,12858,46,125.1,634,8
"14618",2021-05-17,7138,50.4,16264,97,108.5,1290,15
"14619",2021-05-17,7139,51.8,15769,83,119.3,1135,11
"14620",2021-05-17,7143,52.9,14123,47,112.5,2000,21
"14621",2021-05-17,7147,56.4,13072,58,110.1,830,10
"14622",2021-05-17,7150,46.5,15748,79,86.3,2958,32
"14623",2021-05-17,7153,49.1,13784,50,127.1,1890,14
"14624",2021-05-17,7154,61.5,13156,82,115.1,856,11
"14625",2021-05-17,7162,55.6,12783,70,105.5,951,15
"14626",2021-05-17,7163,57.8,15002,128,123.7,1293,14
"14627",2021-05-17,8018,44.3,14514,82,119.5,745,15
"14628",2021-05-17,8021,55,13318,37,138,1724,13
"14629",2021-05-17,8024,55.3,15540,46,122,996,9
"14630",2021-05-17,8083,54.8,15127,79,100,1112,11
"14631",2021-05-17,8145,48.9,13367,82,118.3,944,14
"14632",2021-05-17,8146,52.1,17940,60,126.3,1322,14
"14633",2021-05-17,8154,37.3,15367,95,81.7,1927,23
"14634",2021-05-17,9010,43.3,12606,78,90.4,974,10
"14635",2021-05-17,9012,40.2,13259,66,88.8,1228,13
"14636",2021-05-18,4008,53.5,11046,73,106.9,641,7
"14637",2021-05-18,5064,52.3,13487,54,109,735,8
"14638",2021-05-18,5118,49.2,14730,64,96.5,1208,12
"14639",2021-05-18,6017,47.5,13040,49,109,1654,19
"14640",2021-05-18,6025,56.1,16649,67,147.9,1908,14
"14641",2021-05-18,6029,49.4,10793,45,97.9,1021,10
"14642",2021-05-18,6041,51.5,15251,68,108.6,541,10
"14643",2021-05-18,6045,71.2,17474,68,138.2,2094,16
"14644",2021-05-18,6046,68.5,17025,52,150.2,980,13
"14645",2021-05-18,6062,52,14293,66,108,990,18
"14646",2021-05-18,6068,54.5,16129,83,109.2,1370,12
"14647",2021-05-18,6076,62.9,19436,66,136.5,1071,9
"14648",2021-05-18,6086,53.3,14934,47,111.3,699,7
"14649",2021-05-18,6092,50,13170,60,108.6,1141,17
"14650",2021-05-18,6093,52.7,19397,99,110.6,1752,14
"14651",2021-05-18,6096,65.8,15901,56,149.3,822,9
"14652",2021-05-18,6112,59.6,15480,48,127.3,955,19
"14653",2021-05-18,6125,41,17540,48,84.6,1115,6
"14654",2021-05-18,7028,56.3,12613,38,120.8,732,8
"14655",2021-05-18,7045,48.4,9857,45,90.1,685,9
"14656",2021-05-18,7060,50.1,19341,78,100.3,831,10
"14657",2021-05-18,7064,57,11885,54,100.6,911,6
"14658",2021-05-18,7109,52.1,13784,74,112.4,455,8
"14659",2021-05-18,7110,48.5,10768,59,83.4,912,9
"14660",2021-05-18,7114,54.4,19466,93,120.6,1276,8
"14661",2021-05-18,7115,51.5,16562,108,107.7,542,8
"14662",2021-05-18,7116,47.5,13375,49,95.4,762,13
"14663",2021-05-18,7123,56.7,13465,62,134.8,930,11
"14664",2021-05-18,7128,47.9,12860,100,125.2,1422,9
"14665",2021-05-18,7136,52.5,13993,42,112.8,670,10
"14666",2021-05-18,7138,49.7,15059,74,125.7,1092,10
"14667",2021-05-18,7139,54.4,17669,78,115.9,1127,12
"14668",2021-05-18,7143,51.6,15283,51,107.2,2123,22
"14669",2021-05-18,7147,54,13429,65,117.9,949,8
"14670",2021-05-18,7150,54,18746,86,98.3,3281,40
"14671",2021-05-18,7153,46.7,14788,55,92.1,1519,11
"14672",2021-05-18,7154,47.4,8491,56,85.7,703,11
"14673",2021-05-18,7162,51.7,12197,68,103.1,859,12
"14674",2021-05-18,7163,55.6,14748,95,114.8,1056,9
"14675",2021-05-18,8018,53.2,15422,87,124.5,747,17
"14676",2021-05-18,8021,46.7,12538,34,112.3,1456,9
"14677",2021-05-18,8024,57.2,15583,58,118.4,1043,10
"14678",2021-05-18,8083,47.3,11993,68,93.4,597,11
"14679",2021-05-18,8145,34.8,11172,75,93.3,704,10
"14680",2021-05-18,8146,51.4,16173,56,121.5,1171,10
"14681",2021-05-18,8154,39.8,16958,81,82.5,1918,21
"14682",2021-05-18,9010,47.4,13627,88,98.1,1032,13
"14683",2021-05-18,9012,49.6,15908,80,98,1052,10
"14684",2021-05-19,4008,49.8,10186,86,110.9,704,10
"14685",2021-05-19,5064,66.4,15882,64,137.2,950,11
"14686",2021-05-19,5118,56.6,14652,52,111.1,1375,11
"14687",2021-05-19,6017,63.5,16745,47,126,872,10
"14688",2021-05-19,6025,58.5,15572,62,140.4,1733,10
"14689",2021-05-19,6029,58.8,11882,49,93.6,990,8
"14690",2021-05-19,6041,54.5,14998,67,112,469,10
"14691",2021-05-19,6045,52.1,14414,63,117.9,1614,11
"14692",2021-05-19,6046,62,16392,54,142.9,859,11
"14693",2021-05-19,6062,60.7,15198,76,124.3,952,15
"14694",2021-05-19,6068,47,13541,65,108.9,1439,13
"14695",2021-05-19,6076,54.7,15671,55,115.1,737,7
"14696",2021-05-19,6086,44.4,11883,39,88.3,518,7
"14697",2021-05-19,6092,55.3,12737,91,94.3,818,12
"14698",2021-05-19,6093,59.2,18353,105,131.1,1120,10
"14699",2021-05-19,6096,59.1,14594,47,123.6,965,7
"14700",2021-05-19,6112,59.3,16443,47,123.6,795,12
"14701",2021-05-19,6125,51.6,18167,45,105.8,1107,6
"14702",2021-05-19,7028,64.1,13458,39,118.9,927,10
"14703",2021-05-19,7045,51.5,10525,64,106.9,974,14
"14704",2021-05-19,7060,47.7,16666,69,99.4,710,10
"14705",2021-05-19,7064,65.4,14048,42,117.5,941,8
"14706",2021-05-19,7109,58.2,13197,62,94.6,459,6
"14707",2021-05-19,7110,47.1,9329,52,91.6,1126,12
"14708",2021-05-19,7114,53,17948,90,117.4,1223,11
"14709",2021-05-19,7115,50.2,17351,92,112.9,584,11
"14710",2021-05-19,7116,51.7,14585,48,100.2,809,20
"14711",2021-05-19,7123,57.5,11796,49,112.5,677,11
"14712",2021-05-19,7128,38.4,10229,79,114.7,1162,9
"14713",2021-05-19,7136,57.7,14303,45,120.8,800,11
"14714",2021-05-19,7138,45.2,12893,66,97.4,1112,13
"14715",2021-05-19,7139,53,15592,79,118.9,1106,11
"14716",2021-05-19,7143,50.9,14321,48,97.6,1832,22
"14717",2021-05-19,7147,58.6,14039,50,130.2,885,11
"14718",2021-05-19,7150,50.3,17599,83,92.7,3213,38
"14719",2021-05-19,7153,59.1,15194,47,119.7,1538,12
"14720",2021-05-19,7154,41.2,8213,64,103.2,640,9
"14721",2021-05-19,7162,56.5,13910,70,131.2,1278,23
"14722",2021-05-19,7163,54.4,13704,105,105.7,1260,11
"14723",2021-05-19,8018,45.4,12822,76,106.8,552,11
"14724",2021-05-19,8021,58.8,14392,39,138.4,1921,13
"14725",2021-05-19,8024,62,16575,55,123.1,1217,11
"14726",2021-05-19,8083,51.3,14606,69,97.9,926,14
"14727",2021-05-19,8145,40.5,11924,67,101.1,888,14
"14728",2021-05-19,8146,46.6,13677,46,94.8,562,8
"14729",2021-05-19,8154,37,15592,86,71.2,1507,22
"14730",2021-05-19,9010,43.7,12592,71,94.1,1024,12
"14731",2021-05-19,9012,44.6,12892,57,95,994,9
