"date","cow","unique_feed_bins_visited","unique_water_bins_visited","total_bins_visited"
"2020-07-15",2007,23,4,27
"2020-07-15",2074,18,1,19
"2020-07-15",3067,18,4,22
"2020-07-15",3117,24,5,29
"2020-07-15",4001,26,3,29
"2020-07-15",4038,20,3,23
"2020-07-15",5005,17,4,21
"2020-07-15",5133,25,3,28
"2020-07-15",5137,25,5,30
"2020-07-15",5139,24,3,27
"2020-07-15",5140,27,4,31
"2020-07-15",5145,23,4,27
"2020-07-15",6004,19,3,22
"2020-07-15",6005,21,4,25
"2020-07-15",6011,23,4,27
"2020-07-15",6021,28,4,32
"2020-07-15",6028,25,4,29
"2020-07-15",6033,23,2,25
"2020-07-15",6047,27,4,31
"2020-07-15",6126,23,4,27
"2020-07-15",6129,25,4,29
"2020-07-15",6130,29,4,33
"2020-07-15",6131,23,2,25
"2020-07-15",6133,11,2,13
"2020-07-15",6134,25,4,29
"2020-07-15",7007,23,5,28
"2020-07-15",7008,25,4,29
"2020-07-15",7010,16,4,20
"2020-07-15",7018,27,5,32
"2020-07-15",7019,24,4,28
"2020-07-15",7022,29,5,34
"2020-07-15",7023,25,4,29
"2020-07-15",7024,22,4,26
"2020-07-15",7027,27,3,30
"2020-07-15",7029,20,4,24
"2020-07-15",7030,29,5,34
"2020-07-15",7033,16,3,19
"2020-07-15",7037,24,4,28
"2020-07-15",7039,29,5,34
"2020-07-15",7043,28,5,33
"2020-07-15",7051,26,5,31
"2020-07-15",7065,25,5,30
"2020-07-15",7146,27,5,32
"2020-07-15",7159,22,2,24
"2020-07-15",7169,25,3,28
"2020-07-15",8015,13,5,18
"2020-07-15",8019,26,3,29
"2020-07-15",8023,21,4,25
"2020-07-16",2007,27,4,31
"2020-07-16",2074,22,2,24
"2020-07-16",3067,25,3,28
"2020-07-16",3117,20,5,25
"2020-07-16",4001,27,5,32
"2020-07-16",4038,26,4,30
"2020-07-16",5005,11,4,15
"2020-07-16",5133,24,3,27
"2020-07-16",5137,23,5,28
"2020-07-16",5139,18,4,22
"2020-07-16",5140,26,4,30
"2020-07-16",5145,26,4,30
"2020-07-16",6004,19,3,22
"2020-07-16",6005,17,4,21
"2020-07-16",6011,23,3,26
"2020-07-16",6021,19,4,23
"2020-07-16",6028,22,5,27
"2020-07-16",6033,24,3,27
"2020-07-16",6047,29,3,32
"2020-07-16",6126,25,5,30
"2020-07-16",6129,25,5,30
"2020-07-16",6130,25,4,29
"2020-07-16",6131,20,2,22
"2020-07-16",6133,19,4,23
"2020-07-16",6134,24,4,28
"2020-07-16",7007,27,5,32
"2020-07-16",7008,26,3,29
"2020-07-16",7010,25,5,30
"2020-07-16",7018,22,5,27
"2020-07-16",7019,26,4,30
"2020-07-16",7022,25,4,29
"2020-07-16",7023,26,5,31
"2020-07-16",7024,25,4,29
"2020-07-16",7027,27,4,31
"2020-07-16",7029,19,5,24
"2020-07-16",7030,27,5,32
"2020-07-16",7033,20,4,24
"2020-07-16",7037,23,4,27
"2020-07-16",7039,30,4,34
"2020-07-16",7043,26,4,30
"2020-07-16",7051,26,5,31
"2020-07-16",7065,27,5,32
"2020-07-16",7146,24,5,29
"2020-07-16",7159,20,1,21
"2020-07-16",7169,27,3,30
"2020-07-16",8015,15,4,19
"2020-07-16",8019,25,5,30
"2020-07-16",8023,17,3,20
"2020-07-17",2007,27,5,32
"2020-07-17",2074,20,2,22
"2020-07-17",3067,24,3,27
"2020-07-17",3117,23,5,28
"2020-07-17",4001,28,3,31
"2020-07-17",4038,24,2,26
"2020-07-17",5005,16,4,20
"2020-07-17",5133,25,3,28
"2020-07-17",5137,29,4,33
"2020-07-17",5139,17,3,20
"2020-07-17",5140,26,5,31
"2020-07-17",5145,25,4,29
"2020-07-17",6004,17,4,21
"2020-07-17",6005,27,4,31
"2020-07-17",6011,29,3,32
"2020-07-17",6021,21,5,26
"2020-07-17",6028,17,4,21
"2020-07-17",6033,25,4,29
"2020-07-17",6047,26,5,31
"2020-07-17",6126,27,5,32
"2020-07-17",6129,21,5,26
"2020-07-17",6130,29,5,34
"2020-07-17",6131,22,2,24
"2020-07-17",6133,25,3,28
"2020-07-17",6134,22,3,25
"2020-07-17",7007,26,5,31
"2020-07-17",7008,25,3,28
"2020-07-17",7010,24,5,29
"2020-07-17",7018,25,5,30
"2020-07-17",7019,21,3,24
"2020-07-17",7022,29,5,34
"2020-07-17",7023,28,4,32
"2020-07-17",7024,24,4,28
"2020-07-17",7027,29,3,32
"2020-07-17",7029,25,5,30
"2020-07-17",7030,29,4,33
"2020-07-17",7033,20,4,24
"2020-07-17",7037,25,5,30
"2020-07-17",7039,28,4,32
"2020-07-17",7043,18,4,22
"2020-07-17",7051,26,5,31
"2020-07-17",7065,25,4,29
"2020-07-17",7146,25,5,30
"2020-07-17",7159,23,1,24
"2020-07-17",7169,23,4,27
"2020-07-17",8015,17,4,21
"2020-07-17",8019,26,4,30
"2020-07-17",8023,14,2,16
"2020-07-18",2007,21,4,25
"2020-07-18",2074,13,1,14
"2020-07-18",3067,21,4,25
"2020-07-18",3117,24,4,28
"2020-07-18",4001,26,4,30
"2020-07-18",4038,23,4,27
"2020-07-18",5005,17,5,22
"2020-07-18",5133,24,3,27
"2020-07-18",5137,24,4,28
"2020-07-18",5139,19,2,21
"2020-07-18",5140,26,5,31
"2020-07-18",5145,21,2,23
"2020-07-18",6004,16,2,18
"2020-07-18",6005,25,5,30
"2020-07-18",6011,26,4,30
"2020-07-18",6021,24,4,28
"2020-07-18",6028,20,4,24
"2020-07-18",6033,23,4,27
"2020-07-18",6047,27,5,32
"2020-07-18",6126,27,5,32
"2020-07-18",6129,24,3,27
"2020-07-18",6130,24,4,28
"2020-07-18",6131,25,2,27
"2020-07-18",6133,23,3,26
"2020-07-18",6134,25,5,30
"2020-07-18",7007,25,5,30
"2020-07-18",7008,28,5,33
"2020-07-18",7010,17,4,21
"2020-07-18",7018,27,5,32
"2020-07-18",7019,20,4,24
"2020-07-18",7022,27,4,31
"2020-07-18",7023,24,4,28
"2020-07-18",7024,22,4,26
"2020-07-18",7027,29,5,34
"2020-07-18",7029,22,5,27
"2020-07-18",7030,28,4,32
"2020-07-18",7033,21,4,25
"2020-07-18",7037,21,4,25
"2020-07-18",7039,30,5,35
"2020-07-18",7043,21,4,25
"2020-07-18",7051,26,5,31
"2020-07-18",7065,23,5,28
"2020-07-18",7146,29,5,34
"2020-07-18",7159,21,2,23
"2020-07-18",7169,25,5,30
"2020-07-18",8015,20,5,25
"2020-07-18",8019,24,5,29
"2020-07-18",8023,22,3,25
"2020-07-19",2007,24,5,29
"2020-07-19",2074,19,1,20
"2020-07-19",3067,22,5,27
"2020-07-19",3117,25,5,30
"2020-07-19",4001,26,3,29
"2020-07-19",4038,25,4,29
"2020-07-19",5005,15,5,20
"2020-07-19",5133,23,4,27
"2020-07-19",5137,26,4,30
"2020-07-19",5139,22,4,26
"2020-07-19",5140,22,5,27
"2020-07-19",5145,26,4,30
"2020-07-19",6004,22,4,26
"2020-07-19",6005,23,5,28
"2020-07-19",6011,29,4,33
"2020-07-19",6021,24,5,29
"2020-07-19",6028,27,5,32
"2020-07-19",6033,18,3,21
"2020-07-19",6047,20,5,25
"2020-07-19",6126,30,5,35
"2020-07-19",6129,21,3,24
"2020-07-19",6130,25,4,29
"2020-07-19",6131,14,2,16
"2020-07-19",6133,17,2,19
"2020-07-19",6134,28,4,32
"2020-07-19",7007,23,5,28
"2020-07-19",7008,23,5,28
"2020-07-19",7010,18,5,23
"2020-07-19",7018,25,5,30
"2020-07-19",7019,26,5,31
"2020-07-19",7022,27,5,32
"2020-07-19",7023,26,3,29
"2020-07-19",7024,19,4,23
"2020-07-19",7027,23,5,28
"2020-07-19",7029,24,5,29
"2020-07-19",7030,30,5,35
"2020-07-19",7033,21,4,25
"2020-07-19",7037,29,4,33
"2020-07-19",7039,27,5,32
"2020-07-19",7043,22,5,27
"2020-07-19",7051,23,5,28
"2020-07-19",7065,24,5,29
"2020-07-19",7146,18,5,23
"2020-07-19",7159,22,1,23
"2020-07-19",7169,30,4,34
"2020-07-19",8015,21,5,26
"2020-07-19",8019,21,5,26
"2020-07-19",8023,21,4,25
"2020-07-20",2007,17,5,22
"2020-07-20",2074,20,2,22
"2020-07-20",3067,26,4,30
"2020-07-20",3117,25,5,30
"2020-07-20",4001,25,4,29
"2020-07-20",4038,25,5,30
"2020-07-20",5005,15,3,18
"2020-07-20",5133,23,4,27
"2020-07-20",5137,19,5,24
"2020-07-20",5139,24,4,28
"2020-07-20",5140,21,3,24
"2020-07-20",5145,25,4,29
"2020-07-20",6004,20,4,24
"2020-07-20",6005,24,5,29
"2020-07-20",6011,24,3,27
"2020-07-20",6021,19,5,24
"2020-07-20",6028,26,5,31
"2020-07-20",6033,20,3,23
"2020-07-20",6047,25,5,30
"2020-07-20",6126,28,4,32
"2020-07-20",6129,19,3,22
"2020-07-20",6130,23,2,25
"2020-07-20",6131,19,2,21
"2020-07-20",6133,21,1,22
"2020-07-20",6134,25,3,28
"2020-07-20",7007,24,5,29
"2020-07-20",7008,24,4,28
"2020-07-20",7010,25,5,30
"2020-07-20",7018,24,5,29
"2020-07-20",7019,19,4,23
"2020-07-20",7022,17,3,20
"2020-07-20",7023,24,3,27
"2020-07-20",7024,20,4,24
"2020-07-20",7027,27,4,31
"2020-07-20",7029,24,4,28
"2020-07-20",7030,25,4,29
"2020-07-20",7033,24,5,29
"2020-07-20",7037,21,4,25
"2020-07-20",7039,27,5,32
"2020-07-20",7043,23,5,28
"2020-07-20",7051,21,3,24
"2020-07-20",7065,25,5,30
"2020-07-20",7146,21,5,26
"2020-07-20",7159,20,1,21
"2020-07-20",7169,25,4,29
"2020-07-20",8015,21,5,26
"2020-07-20",8019,25,5,30
"2020-07-20",8023,21,4,25
"2020-07-21",2007,22,5,27
"2020-07-21",2074,16,2,18
"2020-07-21",3067,19,4,23
"2020-07-21",3117,22,5,27
"2020-07-21",4001,19,4,23
"2020-07-21",4038,25,3,28
"2020-07-21",5005,19,5,24
"2020-07-21",5133,25,4,29
"2020-07-21",5137,22,4,26
"2020-07-21",5139,22,3,25
"2020-07-21",5140,23,5,28
"2020-07-21",5145,20,3,23
"2020-07-21",6004,14,3,17
"2020-07-21",6005,25,3,28
"2020-07-21",6011,30,4,34
"2020-07-21",6021,23,4,27
"2020-07-21",6028,28,5,33
"2020-07-21",6033,23,3,26
"2020-07-21",6047,26,5,31
"2020-07-21",6126,20,5,25
"2020-07-21",6129,22,4,26
"2020-07-21",6130,21,4,25
"2020-07-21",6131,24,2,26
"2020-07-21",6133,18,2,20
"2020-07-21",6134,23,3,26
"2020-07-21",7007,24,5,29
"2020-07-21",7008,26,4,30
"2020-07-21",7010,20,5,25
"2020-07-21",7018,24,4,28
"2020-07-21",7019,20,4,24
"2020-07-21",7022,23,5,28
"2020-07-21",7023,28,5,33
"2020-07-21",7024,20,5,25
"2020-07-21",7027,23,5,28
"2020-07-21",7029,16,2,18
"2020-07-21",7030,28,4,32
"2020-07-21",7033,22,5,27
"2020-07-21",7037,24,5,29
"2020-07-21",7039,27,5,32
"2020-07-21",7043,26,5,31
"2020-07-21",7051,25,5,30
"2020-07-21",7065,24,5,29
"2020-07-21",7146,25,5,30
"2020-07-21",7159,16,1,17
"2020-07-21",7169,21,3,24
"2020-07-21",8015,25,3,28
"2020-07-21",8019,25,4,29
"2020-07-21",8023,26,4,30
"2020-07-22",2007,21,2,23
"2020-07-22",2074,12,1,13
"2020-07-22",3067,26,5,31
"2020-07-22",3117,23,4,27
"2020-07-22",4001,21,2,23
"2020-07-22",4038,28,4,32
"2020-07-22",5005,21,4,25
"2020-07-22",5133,22,3,25
"2020-07-22",5137,20,3,23
"2020-07-22",5139,24,4,28
"2020-07-22",5140,23,4,27
"2020-07-22",5145,26,4,30
"2020-07-22",6004,24,5,29
"2020-07-22",6005,21,3,24
"2020-07-22",6011,26,4,30
"2020-07-22",6021,21,4,25
"2020-07-22",6028,23,5,28
"2020-07-22",6033,26,4,30
"2020-07-22",6047,29,5,34
"2020-07-22",6126,27,5,32
"2020-07-22",6129,20,4,24
"2020-07-22",6130,14,2,16
"2020-07-22",6131,20,2,22
"2020-07-22",6133,23,2,25
"2020-07-22",6134,29,4,33
"2020-07-22",7007,26,5,31
"2020-07-22",7008,19,3,22
"2020-07-22",7010,25,5,30
"2020-07-22",7018,27,4,31
"2020-07-22",7019,24,5,29
"2020-07-22",7022,26,5,31
"2020-07-22",7023,24,3,27
"2020-07-22",7024,24,4,28
"2020-07-22",7027,27,5,32
"2020-07-22",7029,19,4,23
"2020-07-22",7030,25,3,28
"2020-07-22",7033,19,5,24
"2020-07-22",7037,24,4,28
"2020-07-22",7039,28,5,33
"2020-07-22",7043,27,4,31
"2020-07-22",7051,24,5,29
"2020-07-22",7065,20,5,25
"2020-07-22",7146,24,5,29
"2020-07-22",7159,22,1,23
"2020-07-22",7169,20,4,24
"2020-07-22",8015,22,4,26
"2020-07-22",8019,25,4,29
"2020-07-22",8023,28,5,33
"2020-07-23",2007,27,5,32
"2020-07-23",2074,10,2,12
"2020-07-23",3067,21,4,25
"2020-07-23",3117,25,4,29
"2020-07-23",4001,17,3,20
"2020-07-23",4038,28,4,32
"2020-07-23",5005,11,3,14
"2020-07-23",5133,26,5,31
"2020-07-23",5137,21,4,25
"2020-07-23",5139,26,5,31
"2020-07-23",5140,26,5,31
"2020-07-23",5145,26,4,30
"2020-07-23",6004,18,5,23
"2020-07-23",6005,25,5,30
"2020-07-23",6011,27,3,30
"2020-07-23",6021,16,2,18
"2020-07-23",6028,26,4,30
"2020-07-23",6033,22,4,26
"2020-07-23",6047,23,5,28
"2020-07-23",6126,26,5,31
"2020-07-23",6129,21,4,25
"2020-07-23",6130,19,3,22
"2020-07-23",6131,20,2,22
"2020-07-23",6133,22,4,26
"2020-07-23",6134,28,4,32
"2020-07-23",7007,20,5,25
"2020-07-23",7008,24,4,28
"2020-07-23",7010,23,5,28
"2020-07-23",7018,23,4,27
"2020-07-23",7019,22,4,26
"2020-07-23",7022,24,5,29
"2020-07-23",7023,23,4,27
"2020-07-23",7024,23,4,27
"2020-07-23",7027,28,5,33
"2020-07-23",7029,23,4,27
"2020-07-23",7030,25,5,30
"2020-07-23",7033,24,4,28
"2020-07-23",7037,22,4,26
"2020-07-23",7039,29,5,34
"2020-07-23",7043,22,5,27
"2020-07-23",7051,26,4,30
"2020-07-23",7065,24,4,28
"2020-07-23",7146,20,5,25
"2020-07-23",7159,19,2,21
"2020-07-23",7169,25,5,30
"2020-07-23",8015,20,4,24
"2020-07-23",8019,23,5,28
"2020-07-23",8023,23,5,28
"2020-07-24",2007,24,4,28
"2020-07-24",2074,11,2,13
"2020-07-24",3067,19,4,23
"2020-07-24",3117,23,4,27
"2020-07-24",4001,23,3,26
"2020-07-24",4038,29,5,34
"2020-07-24",5005,15,4,19
"2020-07-24",5133,24,4,28
"2020-07-24",5137,23,4,27
"2020-07-24",5139,26,4,30
"2020-07-24",5140,19,4,23
"2020-07-24",5145,23,4,27
"2020-07-24",6004,22,3,25
"2020-07-24",6005,26,5,31
"2020-07-24",6011,28,3,31
"2020-07-24",6021,20,2,22
"2020-07-24",6028,28,5,33
"2020-07-24",6033,19,5,24
"2020-07-24",6047,29,5,34
"2020-07-24",6126,26,4,30
"2020-07-24",6129,27,4,31
"2020-07-24",6130,26,3,29
"2020-07-24",6131,20,2,22
"2020-07-24",6133,20,4,24
"2020-07-24",6134,23,4,27
"2020-07-24",7007,28,5,33
"2020-07-24",7008,26,4,30
"2020-07-24",7010,26,5,31
"2020-07-24",7018,23,5,28
"2020-07-24",7019,21,4,25
"2020-07-24",7022,27,5,32
"2020-07-24",7023,26,5,31
"2020-07-24",7024,26,4,30
"2020-07-24",7027,28,3,31
"2020-07-24",7029,24,5,29
"2020-07-24",7030,30,3,33
"2020-07-24",7033,20,3,23
"2020-07-24",7037,21,3,24
"2020-07-24",7039,29,5,34
"2020-07-24",7043,19,4,23
"2020-07-24",7051,26,4,30
"2020-07-24",7065,26,4,30
"2020-07-24",7146,24,5,29
"2020-07-24",7159,24,2,26
"2020-07-24",7169,21,5,26
"2020-07-24",8015,20,4,24
"2020-07-24",8019,25,3,28
"2020-07-24",8023,26,5,31
"2020-07-25",2007,19,4,23
"2020-07-25",2074,16,2,18
"2020-07-25",3067,23,4,27
"2020-07-25",3117,27,4,31
"2020-07-25",4001,24,3,27
"2020-07-25",4038,24,5,29
"2020-07-25",5005,17,4,21
"2020-07-25",5133,27,3,30
"2020-07-25",5137,19,3,22
"2020-07-25",5139,23,4,27
"2020-07-25",5140,25,5,30
"2020-07-25",5145,23,4,27
"2020-07-25",6004,23,3,26
"2020-07-25",6005,20,4,24
"2020-07-25",6011,29,3,32
"2020-07-25",6021,22,3,25
"2020-07-25",6028,28,5,33
"2020-07-25",6033,26,5,31
"2020-07-25",6047,28,5,33
"2020-07-25",6126,28,5,33
"2020-07-25",6129,23,3,26
"2020-07-25",6130,25,4,29
"2020-07-25",6131,24,2,26
"2020-07-25",6133,22,4,26
"2020-07-25",6134,24,4,28
"2020-07-25",7007,26,4,30
"2020-07-25",7008,19,4,23
"2020-07-25",7010,19,4,23
"2020-07-25",7018,23,5,28
"2020-07-25",7019,23,4,27
"2020-07-25",7022,26,5,31
"2020-07-25",7023,27,5,32
"2020-07-25",7024,23,3,26
"2020-07-25",7027,24,5,29
"2020-07-25",7029,20,4,24
"2020-07-25",7030,27,5,32
"2020-07-25",7033,25,4,29
"2020-07-25",7037,25,5,30
"2020-07-25",7039,29,5,34
"2020-07-25",7043,26,3,29
"2020-07-25",7051,23,5,28
"2020-07-25",7065,21,5,26
"2020-07-25",7146,20,5,25
"2020-07-25",7159,20,3,23
"2020-07-25",7169,28,5,33
"2020-07-25",8015,26,5,31
"2020-07-25",8019,24,2,26
"2020-07-25",8023,26,3,29
"2020-07-26",2007,21,3,24
"2020-07-26",2074,18,2,20
"2020-07-26",3067,21,4,25
"2020-07-26",3117,18,4,22
"2020-07-26",4001,10,2,12
"2020-07-26",4038,26,3,29
"2020-07-26",5005,14,5,19
"2020-07-26",5133,25,2,27
"2020-07-26",5137,29,5,34
"2020-07-26",5139,20,3,23
"2020-07-26",5140,24,4,28
"2020-07-26",5145,22,4,26
"2020-07-26",6004,29,4,33
"2020-07-26",6005,25,5,30
"2020-07-26",6011,15,3,18
"2020-07-26",6021,27,5,32
"2020-07-26",6028,18,5,23
"2020-07-26",6033,22,4,26
"2020-07-26",6047,25,5,30
"2020-07-26",6126,25,4,29
"2020-07-26",6129,18,4,22
"2020-07-26",6130,23,3,26
"2020-07-26",6131,19,2,21
"2020-07-26",6133,18,4,22
"2020-07-26",6134,20,4,24
"2020-07-26",7007,25,5,30
"2020-07-26",7008,20,3,23
"2020-07-26",7010,21,5,26
"2020-07-26",7018,21,4,25
"2020-07-26",7019,20,5,25
"2020-07-26",7022,18,5,23
"2020-07-26",7023,26,4,30
"2020-07-26",7024,24,4,28
"2020-07-26",7027,28,4,32
"2020-07-26",7029,26,5,31
"2020-07-26",7030,29,4,33
"2020-07-26",7033,19,2,21
"2020-07-26",7037,22,4,26
"2020-07-26",7039,30,5,35
"2020-07-26",7043,23,5,28
"2020-07-26",7051,24,5,29
"2020-07-26",7065,23,4,27
"2020-07-26",7146,23,4,27
"2020-07-26",7159,23,3,26
"2020-07-26",7169,24,4,28
"2020-07-26",8015,19,4,23
"2020-07-26",8019,22,3,25
"2020-07-26",8023,21,5,26
"2020-07-27",2007,18,2,20
"2020-07-27",2074,9,1,10
"2020-07-27",3067,18,3,21
"2020-07-27",3117,13,3,16
"2020-07-27",4001,20,3,23
"2020-07-27",4038,17,4,21
"2020-07-27",5005,10,3,13
"2020-07-27",5133,16,2,18
"2020-07-27",5137,19,5,24
"2020-07-27",5139,22,3,25
"2020-07-27",5140,18,3,21
"2020-07-27",5145,17,3,20
"2020-07-27",6004,19,3,22
"2020-07-27",6005,21,4,25
"2020-07-27",6011,26,3,29
"2020-07-27",6021,18,3,21
"2020-07-27",6028,17,4,21
"2020-07-27",6033,11,3,14
"2020-07-27",6047,26,5,31
"2020-07-27",6126,20,4,24
"2020-07-27",6129,24,4,28
"2020-07-27",6130,15,2,17
"2020-07-27",6131,17,4,21
"2020-07-27",6133,18,1,19
"2020-07-27",6134,18,4,22
"2020-07-27",7007,21,4,25
"2020-07-27",7008,19,3,22
"2020-07-27",7010,10,5,15
"2020-07-27",7018,21,4,25
"2020-07-27",7019,14,3,17
"2020-07-27",7022,15,4,19
"2020-07-27",7023,19,3,22
"2020-07-27",7024,18,4,22
"2020-07-27",7027,24,4,28
"2020-07-27",7029,25,5,30
"2020-07-27",7030,17,3,20
"2020-07-27",7033,15,3,18
"2020-07-27",7037,19,5,24
"2020-07-27",7039,26,5,31
"2020-07-27",7043,19,4,23
"2020-07-27",7051,20,5,25
"2020-07-27",7065,23,4,27
"2020-07-27",7146,13,3,16
"2020-07-27",7159,20,2,22
"2020-07-27",7169,26,5,31
"2020-07-27",8015,17,5,22
"2020-07-27",8019,20,2,22
"2020-07-27",8023,22,4,26
"2020-07-31",2007,21,4,25
"2020-07-31",2074,13,1,14
"2020-07-31",3067,24,4,28
"2020-07-31",3117,24,3,27
"2020-07-31",4001,23,4,27
"2020-07-31",4038,25,3,28
"2020-07-31",4072,21,2,23
"2020-07-31",5005,17,4,21
"2020-07-31",5133,25,3,28
"2020-07-31",5135,22,2,24
"2020-07-31",5137,20,4,24
"2020-07-31",5139,23,4,27
"2020-07-31",5140,18,4,22
"2020-07-31",5145,24,4,28
"2020-07-31",6004,16,3,19
"2020-07-31",6005,23,3,26
"2020-07-31",6011,20,3,23
"2020-07-31",6021,23,4,27
"2020-07-31",6028,16,3,19
"2020-07-31",6030,19,4,23
"2020-07-31",6033,20,3,23
"2020-07-31",6039,13,1,14
"2020-07-31",6047,24,4,28
"2020-07-31",6050,7,1,8
"2020-07-31",6126,26,4,30
"2020-07-31",6129,26,4,30
"2020-07-31",6130,18,2,20
"2020-07-31",6131,22,4,26
"2020-07-31",6133,10,3,13
"2020-07-31",6134,26,3,29
"2020-07-31",7007,10,1,11
"2020-07-31",7008,14,3,17
"2020-07-31",7010,13,4,17
"2020-07-31",7018,24,4,28
"2020-07-31",7019,17,4,21
"2020-07-31",7022,24,4,28
"2020-07-31",7023,16,3,19
"2020-07-31",7024,20,4,24
"2020-07-31",7027,27,4,31
"2020-07-31",7029,23,4,27
"2020-07-31",7030,24,3,27
"2020-07-31",7033,18,3,21
"2020-07-31",7037,29,3,32
"2020-07-31",7039,28,4,32
"2020-07-31",7043,16,4,20
"2020-07-31",7051,25,3,28
"2020-07-31",7065,18,4,22
"2020-07-31",7146,18,4,22
"2020-07-31",7159,26,3,29
"2020-07-31",7169,18,3,21
"2020-07-31",8015,21,3,24
"2020-07-31",8019,17,2,19
"2020-07-31",8023,10,2,12
"2020-08-01",2007,17,4,21
"2020-08-01",2074,16,2,18
"2020-08-01",3067,21,3,24
"2020-08-01",3117,22,2,24
"2020-08-01",4001,25,3,28
"2020-08-01",4038,27,3,30
"2020-08-01",4072,18,4,22
"2020-08-01",5005,19,3,22
"2020-08-01",5133,27,4,31
"2020-08-01",5135,19,2,21
"2020-08-01",5137,23,3,26
"2020-08-01",5139,22,2,24
"2020-08-01",5140,18,2,20
"2020-08-01",5145,24,3,27
"2020-08-01",6004,16,3,19
"2020-08-01",6005,20,3,23
"2020-08-01",6011,18,3,21
"2020-08-01",6021,18,3,21
"2020-08-01",6028,24,2,26
"2020-08-01",6030,22,2,24
"2020-08-01",6033,23,4,27
"2020-08-01",6039,14,2,16
"2020-08-01",6047,27,4,31
"2020-08-01",6050,19,2,21
"2020-08-01",6126,24,4,28
"2020-08-01",6129,17,3,20
"2020-08-01",6130,16,2,18
"2020-08-01",6131,25,4,29
"2020-08-01",6134,24,3,27
"2020-08-01",7010,25,4,29
"2020-08-01",7018,26,4,30
"2020-08-01",7019,21,3,24
"2020-08-01",7022,27,3,30
"2020-08-01",7023,29,4,33
"2020-08-01",7024,23,3,26
"2020-08-01",7027,21,3,24
"2020-08-01",7029,26,4,30
"2020-08-01",7030,29,4,33
"2020-08-01",7033,24,4,28
"2020-08-01",7037,29,3,32
"2020-08-01",7039,25,4,29
"2020-08-01",7043,18,3,21
"2020-08-01",7051,25,4,29
"2020-08-01",7065,23,4,27
"2020-08-01",7146,22,3,25
"2020-08-01",7159,23,2,25
"2020-08-01",7169,22,4,26
"2020-08-01",8015,21,4,25
"2020-08-02",2007,17,4,21
"2020-08-02",2074,17,2,19
"2020-08-02",3067,24,3,27
"2020-08-02",3117,21,4,25
"2020-08-02",4001,21,4,25
"2020-08-02",4038,25,4,29
"2020-08-02",4072,18,4,22
"2020-08-02",5005,16,4,20
"2020-08-02",5133,23,4,27
"2020-08-02",5135,18,4,22
"2020-08-02",5137,26,4,30
"2020-08-02",5139,21,3,24
"2020-08-02",5140,23,4,27
"2020-08-02",5145,20,3,23
"2020-08-02",6004,17,3,20
"2020-08-02",6005,16,3,19
"2020-08-02",6011,24,2,26
"2020-08-02",6021,20,3,23
"2020-08-02",6028,14,4,18
"2020-08-02",6030,21,3,24
"2020-08-02",6033,16,3,19
"2020-08-02",6039,14,2,16
"2020-08-02",6047,24,4,28
"2020-08-02",6050,19,3,22
"2020-08-02",6126,28,4,32
"2020-08-02",6129,17,4,21
"2020-08-02",6130,17,3,20
"2020-08-02",6131,23,4,27
"2020-08-02",6134,24,3,27
"2020-08-02",7010,26,4,30
"2020-08-02",7018,28,4,32
"2020-08-02",7019,21,4,25
"2020-08-02",7022,24,4,28
"2020-08-02",7023,24,3,27
"2020-08-02",7024,21,3,24
"2020-08-02",7027,24,4,28
"2020-08-02",7029,21,4,25
"2020-08-02",7030,27,4,31
"2020-08-02",7033,24,3,27
"2020-08-02",7037,27,2,29
"2020-08-02",7039,26,4,30
"2020-08-02",7043,19,3,22
"2020-08-02",7051,23,4,27
"2020-08-02",7065,23,4,27
"2020-08-02",7146,21,4,25
"2020-08-02",7159,21,4,25
"2020-08-02",7169,23,4,27
"2020-08-02",8015,23,4,27
"2020-08-03",2007,17,4,21
"2020-08-03",2074,20,2,22
"2020-08-03",3067,17,3,20
"2020-08-03",3117,23,4,27
"2020-08-03",4001,22,3,25
"2020-08-03",4038,24,4,28
"2020-08-03",4072,14,4,18
"2020-08-03",5005,7,2,9
"2020-08-03",5133,23,4,27
"2020-08-03",5135,16,4,20
"2020-08-03",5137,22,4,26
"2020-08-03",5139,19,3,22
"2020-08-03",5140,19,3,22
"2020-08-03",5145,21,3,24
"2020-08-03",6004,11,3,14
"2020-08-03",6005,15,4,19
"2020-08-03",6011,27,3,30
"2020-08-03",6021,22,4,26
"2020-08-03",6028,23,4,27
"2020-08-03",6030,20,4,24
"2020-08-03",6033,17,3,20
"2020-08-03",6039,10,1,11
"2020-08-03",6047,25,4,29
"2020-08-03",6050,21,3,24
"2020-08-03",6126,25,4,29
"2020-08-03",6129,22,3,25
"2020-08-03",6130,16,3,19
"2020-08-03",6131,20,4,24
"2020-08-03",6134,23,4,27
"2020-08-03",7010,20,4,24
"2020-08-03",7018,23,3,26
"2020-08-03",7019,22,3,25
"2020-08-03",7022,22,4,26
"2020-08-03",7023,25,4,29
"2020-08-03",7024,15,3,18
"2020-08-03",7027,26,4,30
"2020-08-03",7029,21,4,25
"2020-08-03",7030,25,4,29
"2020-08-03",7033,24,4,28
"2020-08-03",7037,29,4,33
"2020-08-03",7039,19,4,23
"2020-08-03",7043,18,4,22
"2020-08-03",7051,19,4,23
"2020-08-03",7065,24,4,28
"2020-08-03",7146,16,4,20
"2020-08-03",7159,19,3,22
"2020-08-03",7169,29,4,33
"2020-08-03",8015,18,4,22
"2020-08-04",2007,21,3,24
"2020-08-04",2074,16,2,18
"2020-08-04",3067,25,3,28
"2020-08-04",3117,24,4,28
"2020-08-04",4001,22,4,26
"2020-08-04",4038,21,4,25
"2020-08-04",4072,15,4,19
"2020-08-04",5005,16,3,19
"2020-08-04",5133,21,3,24
"2020-08-04",5135,21,4,25
"2020-08-04",5137,15,4,19
"2020-08-04",5139,22,3,25
"2020-08-04",5140,23,4,27
"2020-08-04",5145,19,4,23
"2020-08-04",6004,15,2,17
"2020-08-04",6005,17,4,21
"2020-08-04",6011,28,3,31
"2020-08-04",6021,21,3,24
"2020-08-04",6028,23,4,27
"2020-08-04",6030,26,3,29
"2020-08-04",6033,21,3,24
"2020-08-04",6039,15,2,17
"2020-08-04",6047,23,4,27
"2020-08-04",6050,21,3,24
"2020-08-04",6126,25,4,29
"2020-08-04",6129,18,3,21
"2020-08-04",6130,26,3,29
"2020-08-04",6131,22,4,26
"2020-08-04",6134,21,2,23
"2020-08-04",7010,16,3,19
"2020-08-04",7018,25,3,28
"2020-08-04",7019,22,4,26
"2020-08-04",7022,25,4,29
"2020-08-04",7023,28,2,30
"2020-08-04",7024,19,4,23
"2020-08-04",7027,26,4,30
"2020-08-04",7029,25,4,29
"2020-08-04",7030,27,2,29
"2020-08-04",7033,22,4,26
"2020-08-04",7037,25,4,29
"2020-08-04",7039,29,4,33
"2020-08-04",7043,20,4,24
"2020-08-04",7051,26,4,30
"2020-08-04",7065,22,4,26
"2020-08-04",7146,16,3,19
"2020-08-04",7159,20,3,23
"2020-08-04",7169,19,2,21
"2020-08-04",8015,26,4,30
"2020-08-05",2007,18,3,21
"2020-08-05",2074,15,2,17
"2020-08-05",3067,20,3,23
"2020-08-05",3117,29,4,33
"2020-08-05",4001,21,4,25
"2020-08-05",4038,20,4,24
"2020-08-05",4072,23,4,27
"2020-08-05",5005,16,4,20
"2020-08-05",5133,27,3,30
"2020-08-05",5135,22,3,25
"2020-08-05",5137,21,3,24
"2020-08-05",5139,26,4,30
"2020-08-05",5140,21,4,25
"2020-08-05",5145,24,4,28
"2020-08-05",6004,18,2,20
"2020-08-05",6005,27,3,30
"2020-08-05",6011,26,3,29
"2020-08-05",6021,17,3,20
"2020-08-05",6028,23,3,26
"2020-08-05",6030,23,3,26
"2020-08-05",6033,25,4,29
"2020-08-05",6039,15,1,16
"2020-08-05",6047,21,4,25
"2020-08-05",6050,18,3,21
"2020-08-05",6126,20,4,24
"2020-08-05",6129,19,4,23
"2020-08-05",6130,21,3,24
"2020-08-05",6131,22,4,26
"2020-08-05",6134,27,3,30
"2020-08-05",7010,25,4,29
"2020-08-05",7018,24,4,28
"2020-08-05",7019,25,4,29
"2020-08-05",7022,23,4,27
"2020-08-05",7023,27,4,31
"2020-08-05",7024,17,4,21
"2020-08-05",7027,25,4,29
"2020-08-05",7029,24,4,28
"2020-08-05",7030,28,3,31
"2020-08-05",7033,21,4,25
"2020-08-05",7037,23,4,27
"2020-08-05",7039,29,4,33
"2020-08-05",7043,25,4,29
"2020-08-05",7051,28,4,32
"2020-08-05",7065,25,4,29
"2020-08-05",7146,20,4,24
"2020-08-05",7159,21,3,24
"2020-08-05",7169,25,2,27
"2020-08-05",8015,18,4,22
"2020-08-06",2007,21,4,25
"2020-08-06",2074,18,2,20
"2020-08-06",3067,25,4,29
"2020-08-06",3117,24,4,28
"2020-08-06",4001,19,4,23
"2020-08-06",4038,20,4,24
"2020-08-06",4072,21,4,25
"2020-08-06",5005,13,3,16
"2020-08-06",5133,27,4,31
"2020-08-06",5135,26,3,29
"2020-08-06",5137,24,3,27
"2020-08-06",5139,28,4,32
"2020-08-06",5140,24,2,26
"2020-08-06",5145,23,4,27
"2020-08-06",6004,18,3,21
"2020-08-06",6005,20,2,22
"2020-08-06",6011,26,2,28
"2020-08-06",6021,26,4,30
"2020-08-06",6028,26,4,30
"2020-08-06",6030,27,2,29
"2020-08-06",6033,18,2,20
"2020-08-06",6039,20,2,22
"2020-08-06",6047,25,4,29
"2020-08-06",6050,20,4,24
"2020-08-06",6126,22,3,25
"2020-08-06",6129,23,3,26
"2020-08-06",6130,23,4,27
"2020-08-06",6131,20,4,24
"2020-08-06",6134,29,3,32
"2020-08-06",7010,19,4,23
"2020-08-06",7018,27,3,30
"2020-08-06",7019,21,3,24
"2020-08-06",7022,25,4,29
"2020-08-06",7023,27,4,31
"2020-08-06",7024,26,3,29
"2020-08-06",7027,25,4,29
"2020-08-06",7029,26,4,30
"2020-08-06",7030,30,4,34
"2020-08-06",7033,24,4,28
"2020-08-06",7037,10,4,14
"2020-08-06",7039,29,4,33
"2020-08-06",7043,22,4,26
"2020-08-06",7051,23,4,27
"2020-08-06",7065,27,4,31
"2020-08-06",7146,11,2,13
"2020-08-06",7159,20,4,24
"2020-08-06",7169,24,2,26
"2020-08-06",8015,23,4,27
"2020-08-07",2007,22,4,26
"2020-08-07",2074,17,2,19
"2020-08-07",3067,22,3,25
"2020-08-07",3117,25,3,28
"2020-08-07",4001,26,2,28
"2020-08-07",4038,25,4,29
"2020-08-07",4072,22,3,25
"2020-08-07",5005,13,3,16
"2020-08-07",5133,26,4,30
"2020-08-07",5135,26,4,30
"2020-08-07",5137,23,3,26
"2020-08-07",5139,26,4,30
"2020-08-07",5140,23,4,27
"2020-08-07",5145,26,3,29
"2020-08-07",6004,18,3,21
"2020-08-07",6005,25,3,28
"2020-08-07",6011,27,2,29
"2020-08-07",6021,21,3,24
"2020-08-07",6028,25,3,28
"2020-08-07",6030,26,2,28
"2020-08-07",6033,21,2,23
"2020-08-07",6039,18,2,20
"2020-08-07",6047,25,3,28
"2020-08-07",6050,22,4,26
"2020-08-07",6126,25,4,29
"2020-08-07",6129,23,3,26
"2020-08-07",6130,20,4,24
"2020-08-07",6131,26,4,30
"2020-08-07",6134,27,3,30
"2020-08-07",7010,17,3,20
"2020-08-07",7018,25,3,28
"2020-08-07",7019,23,4,27
"2020-08-07",7022,26,4,30
"2020-08-07",7023,27,3,30
"2020-08-07",7024,25,4,29
"2020-08-07",7027,28,4,32
"2020-08-07",7029,24,4,28
"2020-08-07",7030,28,4,32
"2020-08-07",7033,24,4,28
"2020-08-07",7037,6,4,10
"2020-08-07",7039,27,4,31
"2020-08-07",7043,21,4,25
"2020-08-07",7051,27,3,30
"2020-08-07",7065,23,4,27
"2020-08-07",7146,17,4,21
"2020-08-07",7159,23,4,27
"2020-08-07",7169,24,3,27
"2020-08-07",8015,20,4,24
"2020-08-08",2007,21,4,25
"2020-08-08",2074,22,1,23
"2020-08-08",3067,21,2,23
"2020-08-08",3117,21,3,24
"2020-08-08",4001,22,4,26
"2020-08-08",4038,19,4,23
"2020-08-08",4072,15,3,18
"2020-08-08",5005,8,4,12
"2020-08-08",5133,24,4,28
"2020-08-08",5135,24,3,27
"2020-08-08",5137,18,4,22
"2020-08-08",5139,23,4,27
"2020-08-08",5140,20,3,23
"2020-08-08",5145,25,4,29
"2020-08-08",6004,19,2,21
"2020-08-08",6005,17,3,20
"2020-08-08",6011,26,3,29
"2020-08-08",6021,24,4,28
"2020-08-08",6028,24,3,27
"2020-08-08",6030,25,3,28
"2020-08-08",6033,18,3,21
"2020-08-08",6039,13,2,15
"2020-08-08",6047,27,4,31
"2020-08-08",6050,19,4,23
"2020-08-08",6126,19,4,23
"2020-08-08",6129,21,4,25
"2020-08-08",6130,16,2,18
"2020-08-08",6131,20,4,24
"2020-08-08",6134,25,4,29
"2020-08-08",7010,16,3,19
"2020-08-08",7018,24,2,26
"2020-08-08",7019,22,4,26
"2020-08-08",7022,24,4,28
"2020-08-08",7023,25,4,29
"2020-08-08",7024,20,4,24
"2020-08-08",7027,23,4,27
"2020-08-08",7029,23,4,27
"2020-08-08",7030,24,4,28
"2020-08-08",7033,16,4,20
"2020-08-08",7037,15,4,19
"2020-08-08",7039,29,4,33
"2020-08-08",7043,19,4,23
"2020-08-08",7051,20,3,23
"2020-08-08",7065,21,3,24
"2020-08-08",7146,21,4,25
"2020-08-08",7159,22,3,25
"2020-08-08",7169,20,2,22
"2020-08-08",8015,20,4,24
"2020-08-09",2007,18,4,22
"2020-08-09",2074,16,3,19
"2020-08-09",3067,20,3,23
"2020-08-09",3117,21,4,25
"2020-08-09",4001,22,4,26
"2020-08-09",4038,19,4,23
"2020-08-09",4072,20,4,24
"2020-08-09",5005,14,4,18
"2020-08-09",5133,29,3,32
"2020-08-09",5135,22,3,25
"2020-08-09",5137,23,4,27
"2020-08-09",5139,26,3,29
"2020-08-09",5140,24,4,28
"2020-08-09",5145,26,2,28
"2020-08-09",6004,19,4,23
"2020-08-09",6005,19,4,23
"2020-08-09",6011,26,2,28
"2020-08-09",6021,27,4,31
"2020-08-09",6028,23,4,27
"2020-08-09",6030,24,4,28
"2020-08-09",6033,16,3,19
"2020-08-09",6039,20,3,23
"2020-08-09",6047,27,4,31
"2020-08-09",6050,21,4,25
"2020-08-09",6126,26,4,30
"2020-08-09",6129,18,4,22
"2020-08-09",6130,18,3,21
"2020-08-09",6131,27,4,31
"2020-08-09",6134,28,4,32
"2020-08-09",7010,18,2,20
"2020-08-09",7018,30,2,32
"2020-08-09",7019,19,4,23
"2020-08-09",7022,24,4,28
"2020-08-09",7023,26,3,29
"2020-08-09",7024,22,4,26
"2020-08-09",7027,29,4,33
"2020-08-09",7029,27,4,31
"2020-08-09",7030,29,4,33
"2020-08-09",7033,19,4,23
"2020-08-09",7037,13,4,17
"2020-08-09",7039,30,4,34
"2020-08-09",7043,20,4,24
"2020-08-09",7051,26,3,29
"2020-08-09",7065,23,4,27
"2020-08-09",7146,23,4,27
"2020-08-09",7159,22,3,25
"2020-08-09",7169,23,2,25
"2020-08-09",8015,22,4,26
"2020-08-10",2007,20,3,23
"2020-08-10",2074,15,3,18
"2020-08-10",3067,26,2,28
"2020-08-10",3117,22,4,26
"2020-08-10",4001,22,4,26
"2020-08-10",4038,17,3,20
"2020-08-10",4072,22,3,25
"2020-08-10",5005,13,4,17
"2020-08-10",5133,25,4,29
"2020-08-10",5135,18,3,21
"2020-08-10",5137,21,3,24
"2020-08-10",5139,23,4,27
"2020-08-10",5140,22,4,26
"2020-08-10",5145,27,4,31
"2020-08-10",6004,21,4,25
"2020-08-10",6005,15,4,19
"2020-08-10",6011,24,3,27
"2020-08-10",6021,23,4,27
"2020-08-10",6028,21,4,25
"2020-08-10",6030,26,2,28
"2020-08-10",6033,24,4,28
"2020-08-10",6039,23,3,26
"2020-08-10",6047,24,4,28
"2020-08-10",6050,20,3,23
"2020-08-10",6126,26,4,30
"2020-08-10",6129,25,3,28
"2020-08-10",6130,19,4,23
"2020-08-10",6131,21,4,25
"2020-08-10",6134,28,4,32
"2020-08-10",7010,18,3,21
"2020-08-10",7018,29,3,32
"2020-08-10",7019,15,3,18
"2020-08-10",7022,23,4,27
"2020-08-10",7023,25,4,29
"2020-08-10",7024,21,3,24
"2020-08-10",7027,29,4,33
"2020-08-10",7029,27,4,31
"2020-08-10",7030,22,4,26
"2020-08-10",7033,23,3,26
"2020-08-10",7037,12,4,16
"2020-08-10",7039,29,4,33
"2020-08-10",7043,23,4,27
"2020-08-10",7051,16,3,19
"2020-08-10",7065,23,4,27
"2020-08-10",7146,21,4,25
"2020-08-10",7159,19,2,21
"2020-08-10",7169,25,1,26
"2020-08-10",8015,21,4,25
"2020-08-11",2007,20,4,24
"2020-08-11",2074,19,3,22
"2020-08-11",3067,20,2,22
"2020-08-11",3117,24,4,28
"2020-08-11",4001,25,4,29
"2020-08-11",4072,25,4,29
"2020-08-11",5005,11,3,14
"2020-08-11",5133,28,3,31
"2020-08-11",5135,26,4,30
"2020-08-11",5137,24,4,28
"2020-08-11",5139,18,3,21
"2020-08-11",5140,26,3,29
"2020-08-11",5145,22,4,26
"2020-08-11",6004,25,4,29
"2020-08-11",6005,26,4,30
"2020-08-11",6011,25,4,29
"2020-08-11",6021,20,4,24
"2020-08-11",6028,23,4,27
"2020-08-11",6030,29,4,33
"2020-08-11",6033,23,3,26
"2020-08-11",6039,18,3,21
"2020-08-11",6047,26,4,30
"2020-08-11",6050,26,4,30
"2020-08-11",6126,26,4,30
"2020-08-11",6129,21,4,25
"2020-08-11",6130,25,4,29
"2020-08-11",6131,26,4,30
"2020-08-11",6134,27,4,31
"2020-08-11",7010,17,4,21
"2020-08-11",7018,25,4,29
"2020-08-11",7019,23,4,27
"2020-08-11",7022,25,4,29
"2020-08-11",7023,26,3,29
"2020-08-11",7024,28,4,32
"2020-08-11",7027,27,4,31
"2020-08-11",7029,27,4,31
"2020-08-11",7030,25,3,28
"2020-08-11",7033,22,4,26
"2020-08-11",7037,21,4,25
"2020-08-11",7039,28,4,32
"2020-08-11",7043,14,3,17
"2020-08-11",7051,23,4,27
"2020-08-11",7065,26,4,30
"2020-08-11",7146,23,4,27
"2020-08-11",7159,23,4,27
"2020-08-11",7169,25,1,26
"2020-08-11",8015,22,4,26
"2020-08-12",2007,23,4,27
"2020-08-12",2074,14,3,17
"2020-08-12",3067,16,2,18
"2020-08-12",3117,21,4,25
"2020-08-12",4001,21,4,25
"2020-08-12",4072,18,3,21
"2020-08-12",5005,14,4,18
"2020-08-12",5133,27,4,31
"2020-08-12",5135,12,2,14
"2020-08-12",5137,18,3,21
"2020-08-12",5139,25,4,29
"2020-08-12",5140,25,4,29
"2020-08-12",5145,19,2,21
"2020-08-12",6004,27,4,31
"2020-08-12",6005,17,3,20
"2020-08-12",6011,26,2,28
"2020-08-12",6021,23,3,26
"2020-08-12",6028,21,4,25
"2020-08-12",6030,29,2,31
"2020-08-12",6033,15,3,18
"2020-08-12",6039,18,3,21
"2020-08-12",6047,29,4,33
"2020-08-12",6050,18,4,22
"2020-08-12",6126,23,4,27
"2020-08-12",6129,22,3,25
"2020-08-12",6130,18,3,21
"2020-08-12",6131,24,4,28
"2020-08-12",6134,27,4,31
"2020-08-12",7010,14,3,17
"2020-08-12",7018,27,4,31
"2020-08-12",7019,20,4,24
"2020-08-12",7022,27,4,31
"2020-08-12",7023,23,4,27
"2020-08-12",7024,27,4,31
"2020-08-12",7027,26,4,30
"2020-08-12",7029,23,4,27
"2020-08-12",7030,30,3,33
"2020-08-12",7033,20,4,24
"2020-08-12",7037,27,4,31
"2020-08-12",7039,29,4,33
"2020-08-12",7043,19,4,23
"2020-08-12",7051,27,4,31
"2020-08-12",7065,27,4,31
"2020-08-12",7146,25,4,29
"2020-08-12",7159,21,4,25
"2020-08-12",7169,26,1,27
"2020-08-12",8015,20,4,24
"2020-08-13",2007,19,3,22
"2020-08-13",2074,17,3,20
"2020-08-13",3067,17,4,21
"2020-08-13",3117,19,4,23
"2020-08-13",4001,25,2,27
"2020-08-13",4072,27,3,30
"2020-08-13",5005,14,4,18
"2020-08-13",5133,13,3,16
"2020-08-13",5135,26,4,30
"2020-08-13",5137,26,3,29
"2020-08-13",5139,26,3,29
"2020-08-13",5140,25,4,29
"2020-08-13",5145,27,4,31
"2020-08-13",6004,22,3,25
"2020-08-13",6005,22,2,24
"2020-08-13",6011,26,3,29
"2020-08-13",6021,25,3,28
"2020-08-13",6028,24,4,28
"2020-08-13",6030,28,3,31
"2020-08-13",6033,22,2,24
"2020-08-13",6039,15,3,18
"2020-08-13",6047,27,3,30
"2020-08-13",6050,16,3,19
"2020-08-13",6126,25,4,29
"2020-08-13",6129,15,2,17
"2020-08-13",6130,22,2,24
"2020-08-13",6131,18,3,21
"2020-08-13",6134,23,4,27
"2020-08-13",7010,22,4,26
"2020-08-13",7018,25,4,29
"2020-08-13",7019,23,3,26
"2020-08-13",7022,27,4,31
"2020-08-13",7023,26,4,30
"2020-08-13",7024,28,4,32
"2020-08-13",7027,27,4,31
"2020-08-13",7029,23,4,27
"2020-08-13",7030,29,4,33
"2020-08-13",7033,27,4,31
"2020-08-13",7037,28,4,32
"2020-08-13",7039,30,4,34
"2020-08-13",7043,24,3,27
"2020-08-13",7051,28,4,32
"2020-08-13",7065,21,4,25
"2020-08-13",7146,24,3,27
"2020-08-13",7159,25,4,29
"2020-08-13",7169,22,2,24
"2020-08-13",8015,23,4,27
"2020-08-14",2007,26,3,29
"2020-08-14",2074,18,3,21
"2020-08-14",3067,23,2,25
"2020-08-14",3117,19,3,22
"2020-08-14",4001,27,4,31
"2020-08-14",4072,24,4,28
"2020-08-14",5005,19,4,23
"2020-08-14",5133,29,3,32
"2020-08-14",5135,20,3,23
"2020-08-14",5137,20,4,24
"2020-08-14",5139,25,4,29
"2020-08-14",5140,25,4,29
"2020-08-14",5145,27,3,30
"2020-08-14",6004,22,3,25
"2020-08-14",6005,27,3,30
"2020-08-14",6011,27,3,30
"2020-08-14",6021,26,4,30
"2020-08-14",6028,27,3,30
"2020-08-14",6030,28,4,32
"2020-08-14",6033,17,3,20
"2020-08-14",6039,17,4,21
"2020-08-14",6047,27,4,31
"2020-08-14",6050,25,4,29
"2020-08-14",6126,26,4,30
"2020-08-14",6129,19,2,21
"2020-08-14",6130,22,4,26
"2020-08-14",6131,22,2,24
"2020-08-14",6134,27,4,31
"2020-08-14",7010,21,3,24
"2020-08-14",7018,27,4,31
"2020-08-14",7019,19,2,21
"2020-08-14",7022,25,4,29
"2020-08-14",7023,29,4,33
"2020-08-14",7024,20,3,23
"2020-08-14",7027,26,4,30
"2020-08-14",7029,23,4,27
"2020-08-14",7030,28,4,32
"2020-08-14",7033,22,4,26
"2020-08-14",7037,26,4,30
"2020-08-14",7039,30,4,34
"2020-08-14",7043,21,4,25
"2020-08-14",7051,26,4,30
"2020-08-14",7065,21,4,25
"2020-08-14",7146,27,4,31
"2020-08-14",7159,27,3,30
"2020-08-14",7169,20,1,21
"2020-08-14",8015,23,4,27
"2020-08-15",2007,21,3,24
"2020-08-15",2074,12,3,15
"2020-08-15",3067,20,2,22
"2020-08-15",3117,16,2,18
"2020-08-15",4001,23,3,26
"2020-08-15",4072,15,4,19
"2020-08-15",5005,13,4,17
"2020-08-15",5133,22,3,25
"2020-08-15",5135,16,2,18
"2020-08-15",5137,22,4,26
"2020-08-15",5139,21,4,25
"2020-08-15",5140,25,4,29
"2020-08-15",5145,25,4,29
"2020-08-15",6004,24,4,28
"2020-08-15",6005,23,3,26
"2020-08-15",6011,25,3,28
"2020-08-15",6021,26,3,29
"2020-08-15",6028,26,4,30
"2020-08-15",6030,25,2,27
"2020-08-15",6033,16,4,20
"2020-08-15",6039,21,3,24
"2020-08-15",6047,23,3,26
"2020-08-15",6050,26,4,30
"2020-08-15",6126,23,4,27
"2020-08-15",6129,17,3,20
"2020-08-15",6130,19,3,22
"2020-08-15",6131,23,4,27
"2020-08-15",6134,16,2,18
"2020-08-15",7010,21,2,23
"2020-08-15",7018,24,4,28
"2020-08-15",7019,19,3,22
"2020-08-15",7022,24,4,28
"2020-08-15",7023,26,4,30
"2020-08-15",7024,22,4,26
"2020-08-15",7027,26,3,29
"2020-08-15",7029,21,3,24
"2020-08-15",7030,29,3,32
"2020-08-15",7033,19,4,23
"2020-08-15",7037,28,4,32
"2020-08-15",7039,28,3,31
"2020-08-15",7043,22,3,25
"2020-08-15",7051,26,4,30
"2020-08-15",7065,24,4,28
"2020-08-15",7146,25,4,29
"2020-08-15",7159,19,3,22
"2020-08-15",7169,26,2,28
"2020-08-15",8015,15,4,19
"2020-08-16",2007,20,3,23
"2020-08-16",2074,17,3,20
"2020-08-16",3067,18,2,20
"2020-08-16",3117,19,4,23
"2020-08-16",4001,18,4,22
"2020-08-16",4072,24,4,28
"2020-08-16",5005,16,4,20
"2020-08-16",5133,27,3,30
"2020-08-16",5135,20,4,24
"2020-08-16",5137,22,3,25
"2020-08-16",5139,27,4,31
"2020-08-16",5140,23,4,27
"2020-08-16",5145,24,4,28
"2020-08-16",6004,26,4,30
"2020-08-16",6005,20,3,23
"2020-08-16",6011,29,4,33
"2020-08-16",6021,24,4,28
"2020-08-16",6028,24,4,28
"2020-08-16",6030,26,3,29
"2020-08-16",6033,25,3,28
"2020-08-16",6039,22,3,25
"2020-08-16",6047,19,4,23
"2020-08-16",6050,24,3,27
"2020-08-16",6126,23,4,27
"2020-08-16",6129,23,4,27
"2020-08-16",6130,21,4,25
"2020-08-16",6131,22,3,25
"2020-08-16",6134,25,3,28
"2020-08-16",7010,17,4,21
"2020-08-16",7018,26,3,29
"2020-08-16",7019,25,4,29
"2020-08-16",7022,26,4,30
"2020-08-16",7023,23,4,27
"2020-08-16",7024,24,4,28
"2020-08-16",7027,24,4,28
"2020-08-16",7029,24,4,28
"2020-08-16",7030,26,3,29
"2020-08-16",7033,21,4,25
"2020-08-16",7037,28,4,32
"2020-08-16",7039,18,3,21
"2020-08-16",7043,23,4,27
"2020-08-16",7051,26,4,30
"2020-08-16",7065,23,3,26
"2020-08-16",7146,22,4,26
"2020-08-16",7159,23,4,27
"2020-08-16",7169,24,2,26
"2020-08-16",8015,22,4,26
"2020-08-17",2007,22,3,25
"2020-08-17",2074,16,3,19
"2020-08-17",3067,24,3,27
"2020-08-17",3117,25,3,28
"2020-08-17",4001,22,3,25
"2020-08-17",4038,22,4,26
"2020-08-17",4072,17,3,20
"2020-08-17",5005,11,4,15
"2020-08-17",5133,17,3,20
"2020-08-17",5135,22,3,25
"2020-08-17",5137,21,4,25
"2020-08-17",5139,22,4,26
"2020-08-17",5140,28,4,32
"2020-08-17",5145,29,4,33
"2020-08-17",6004,22,3,25
"2020-08-17",6005,26,4,30
"2020-08-17",6011,30,4,34
"2020-08-17",6021,23,3,26
"2020-08-17",6028,23,4,27
"2020-08-17",6030,27,4,31
"2020-08-17",6033,19,4,23
"2020-08-17",6039,20,4,24
"2020-08-17",6047,25,4,29
"2020-08-17",6050,22,3,25
"2020-08-17",6126,24,4,28
"2020-08-17",6129,20,4,24
"2020-08-17",6130,19,3,22
"2020-08-17",6131,20,3,23
"2020-08-17",6134,19,4,23
"2020-08-17",7010,20,3,23
"2020-08-17",7018,29,3,32
"2020-08-17",7019,24,4,28
"2020-08-17",7022,20,4,24
"2020-08-17",7023,25,4,29
"2020-08-17",7024,25,3,28
"2020-08-17",7027,29,3,32
"2020-08-17",7029,23,4,27
"2020-08-17",7030,28,3,31
"2020-08-17",7033,26,4,30
"2020-08-17",7037,28,4,32
"2020-08-17",7039,28,4,32
"2020-08-17",7043,25,4,29
"2020-08-17",7051,25,3,28
"2020-08-17",7065,19,4,23
"2020-08-17",7146,19,4,23
"2020-08-17",7159,22,4,26
"2020-08-17",7169,22,2,24
"2020-08-17",8015,25,4,29
"2020-08-18",2007,26,3,29
"2020-08-18",2074,20,3,23
"2020-08-18",3067,17,3,20
"2020-08-18",3117,23,4,27
"2020-08-18",4001,22,2,24
"2020-08-18",4038,26,4,30
"2020-08-18",4072,22,3,25
"2020-08-18",5005,21,4,25
"2020-08-18",5133,26,4,30
"2020-08-18",5135,26,4,30
"2020-08-18",5137,22,3,25
"2020-08-18",5139,26,3,29
"2020-08-18",5140,24,4,28
"2020-08-18",5145,23,4,27
"2020-08-18",6004,21,4,25
"2020-08-18",6005,23,4,27
"2020-08-18",6011,26,3,29
"2020-08-18",6021,19,4,23
"2020-08-18",6028,26,4,30
"2020-08-18",6030,25,4,29
"2020-08-18",6033,26,4,30
"2020-08-18",6039,20,3,23
"2020-08-18",6047,27,4,31
"2020-08-18",6050,24,3,27
"2020-08-18",6126,26,4,30
"2020-08-18",6129,21,3,24
"2020-08-18",6130,24,3,27
"2020-08-18",6131,22,4,26
"2020-08-18",6134,21,2,23
"2020-08-18",7010,23,3,26
"2020-08-18",7018,26,4,30
"2020-08-18",7019,23,4,27
"2020-08-18",7022,25,4,29
"2020-08-18",7023,28,4,32
"2020-08-18",7024,19,3,22
"2020-08-18",7027,27,4,31
"2020-08-18",7029,26,4,30
"2020-08-18",7030,30,4,34
"2020-08-18",7033,28,4,32
"2020-08-18",7037,28,4,32
"2020-08-18",7039,27,4,31
"2020-08-18",7043,22,4,26
"2020-08-18",7051,28,3,31
"2020-08-18",7065,20,4,24
"2020-08-18",7146,23,3,26
"2020-08-18",7159,21,4,25
"2020-08-18",7169,27,2,29
"2020-08-18",8015,21,4,25
"2020-08-19",2007,16,3,19
"2020-08-19",2074,14,2,16
"2020-08-19",3067,20,2,22
"2020-08-19",3117,22,3,25
"2020-08-19",4001,21,3,24
"2020-08-19",4038,22,4,26
"2020-08-19",4072,20,4,24
"2020-08-19",5005,19,3,22
"2020-08-19",5133,22,3,25
"2020-08-19",5135,25,3,28
"2020-08-19",5137,26,3,29
"2020-08-19",5139,18,3,21
"2020-08-19",5140,19,4,23
"2020-08-19",5145,26,4,30
"2020-08-19",6004,15,2,17
"2020-08-19",6005,20,4,24
"2020-08-19",6011,25,4,29
"2020-08-19",6021,19,3,22
"2020-08-19",6028,17,2,19
"2020-08-19",6030,23,4,27
"2020-08-19",6033,17,4,21
"2020-08-19",6039,21,3,24
"2020-08-19",6047,20,4,24
"2020-08-19",6050,18,3,21
"2020-08-19",6126,25,4,29
"2020-08-19",6129,19,4,23
"2020-08-19",6130,18,2,20
"2020-08-19",6131,19,3,22
"2020-08-19",6134,20,1,21
"2020-08-19",7010,25,3,28
"2020-08-19",7018,27,4,31
"2020-08-19",7019,19,4,23
"2020-08-19",7022,18,4,22
"2020-08-19",7023,20,4,24
"2020-08-19",7024,23,3,26
"2020-08-19",7027,19,4,23
"2020-08-19",7029,28,4,32
"2020-08-19",7030,30,4,34
"2020-08-19",7033,23,3,26
"2020-08-19",7037,26,4,30
"2020-08-19",7039,28,4,32
"2020-08-19",7043,18,4,22
"2020-08-19",7051,25,4,29
"2020-08-19",7065,21,4,25
"2020-08-19",7146,24,4,28
"2020-08-19",7159,18,3,21
"2020-08-19",7169,20,2,22
"2020-08-19",8015,20,4,24
"2020-08-20",2007,23,4,27
"2020-08-20",2074,14,3,17
"2020-08-20",3067,22,3,25
"2020-08-20",3117,20,4,24
"2020-08-20",4001,18,4,22
"2020-08-20",4038,18,4,22
"2020-08-20",4072,15,3,18
"2020-08-20",5005,11,4,15
"2020-08-20",5133,20,3,23
"2020-08-20",5135,21,4,25
"2020-08-20",5137,25,4,29
"2020-08-20",5139,25,3,28
"2020-08-20",5140,22,4,26
"2020-08-20",5145,22,3,25
"2020-08-20",6004,20,4,24
"2020-08-20",6005,25,4,29
"2020-08-20",6011,27,4,31
"2020-08-20",6021,24,2,26
"2020-08-20",6028,22,3,25
"2020-08-20",6030,20,3,23
"2020-08-20",6033,15,4,19
"2020-08-20",6039,18,3,21
"2020-08-20",6047,28,4,32
"2020-08-20",6050,18,3,21
"2020-08-20",6126,25,4,29
"2020-08-20",6129,20,4,24
"2020-08-20",6130,24,4,28
"2020-08-20",6131,16,4,20
"2020-08-20",6134,15,1,16
"2020-08-20",7010,16,4,20
"2020-08-20",7018,28,4,32
"2020-08-20",7019,20,4,24
"2020-08-20",7022,23,4,27
"2020-08-20",7023,25,4,29
"2020-08-20",7024,21,4,25
"2020-08-20",7027,28,4,32
"2020-08-20",7029,23,4,27
"2020-08-20",7030,26,4,30
"2020-08-20",7033,23,4,27
"2020-08-20",7037,25,4,29
"2020-08-20",7039,29,4,33
"2020-08-20",7043,23,3,26
"2020-08-20",7051,26,4,30
"2020-08-20",7065,29,3,32
"2020-08-20",7146,24,4,28
"2020-08-20",7159,25,4,29
"2020-08-20",7169,22,3,25
"2020-08-20",8015,22,4,26
"2020-08-21",2007,20,3,23
"2020-08-21",2074,13,2,15
"2020-08-21",3067,21,4,25
"2020-08-21",3117,22,4,26
"2020-08-21",3150,16,3,19
"2020-08-21",4001,20,3,23
"2020-08-21",4038,21,2,23
"2020-08-21",4072,18,4,22
"2020-08-21",5005,15,4,19
"2020-08-21",5028,22,4,26
"2020-08-21",5041,19,3,22
"2020-08-21",5058,19,2,21
"2020-08-21",5120,20,4,24
"2020-08-21",5133,29,3,32
"2020-08-21",5135,26,3,29
"2020-08-21",5137,27,3,30
"2020-08-21",5139,21,4,25
"2020-08-21",5140,26,4,30
"2020-08-21",5145,25,4,29
"2020-08-21",6004,14,1,15
"2020-08-21",6005,29,3,32
"2020-08-21",6011,27,3,30
"2020-08-21",6021,22,4,26
"2020-08-21",6028,29,4,33
"2020-08-21",6030,21,4,25
"2020-08-21",6033,18,4,22
"2020-08-21",6039,6,1,7
"2020-08-21",6047,15,4,19
"2020-08-21",6050,23,3,26
"2020-08-21",6126,23,4,27
"2020-08-21",6129,18,4,22
"2020-08-21",6130,24,4,28
"2020-08-21",6131,22,4,26
"2020-08-21",6134,24,3,27
"2020-08-21",7010,16,4,20
"2020-08-21",7018,22,4,26
"2020-08-21",7019,25,4,29
"2020-08-21",7022,28,4,32
"2020-08-21",7023,22,4,26
"2020-08-21",7024,22,4,26
"2020-08-21",7027,22,3,25
"2020-08-21",7029,23,3,26
"2020-08-21",7030,25,4,29
"2020-08-21",7033,26,4,30
"2020-08-21",7037,27,4,31
"2020-08-21",7039,28,4,32
"2020-08-21",7043,24,4,28
"2020-08-21",7051,26,4,30
"2020-08-21",7065,24,4,28
"2020-08-21",7146,24,4,28
"2020-08-21",7159,24,3,27
"2020-08-21",7169,15,2,17
"2020-08-21",8015,23,4,27
"2020-08-22",2007,14,3,17
"2020-08-22",2074,15,2,17
"2020-08-22",3067,18,4,22
"2020-08-22",3117,20,3,23
"2020-08-22",3150,15,4,19
"2020-08-22",4001,19,4,23
"2020-08-22",4072,15,2,17
"2020-08-22",5005,9,3,12
"2020-08-22",5028,23,4,27
"2020-08-22",5041,24,4,28
"2020-08-22",5058,18,4,22
"2020-08-22",5120,22,4,26
"2020-08-22",5133,16,3,19
"2020-08-22",5135,23,4,27
"2020-08-22",5137,24,4,28
"2020-08-22",5139,22,3,25
"2020-08-22",5140,19,4,23
"2020-08-22",5145,19,3,22
"2020-08-22",6005,18,4,22
"2020-08-22",6011,26,3,29
"2020-08-22",6021,21,4,25
"2020-08-22",6028,20,3,23
"2020-08-22",6030,23,3,26
"2020-08-22",6033,22,4,26
"2020-08-22",6050,15,2,17
"2020-08-22",6126,21,4,25
"2020-08-22",6129,15,3,18
"2020-08-22",6130,18,3,21
"2020-08-22",6131,15,4,19
"2020-08-22",6134,28,3,31
"2020-08-22",7010,20,3,23
"2020-08-22",7018,22,4,26
"2020-08-22",7019,15,4,19
"2020-08-22",7022,17,4,21
"2020-08-22",7023,26,4,30
"2020-08-22",7024,15,4,19
"2020-08-22",7027,24,3,27
"2020-08-22",7029,22,4,26
"2020-08-22",7030,29,4,33
"2020-08-22",7033,17,4,21
"2020-08-22",7037,25,4,29
"2020-08-22",7039,25,3,28
"2020-08-22",7043,21,4,25
"2020-08-22",7051,24,4,28
"2020-08-22",7065,21,4,25
"2020-08-22",7146,26,4,30
"2020-08-22",7159,23,4,27
"2020-08-22",8015,21,4,25
"2020-08-23",2007,19,4,23
"2020-08-23",2074,19,3,22
"2020-08-23",3067,13,3,16
"2020-08-23",3117,20,3,23
"2020-08-23",3150,19,4,23
"2020-08-23",4001,23,3,26
"2020-08-23",4072,13,3,16
"2020-08-23",5005,13,3,16
"2020-08-23",5028,22,1,23
"2020-08-23",5041,27,3,30
"2020-08-23",5058,22,4,26
"2020-08-23",5120,17,2,19
"2020-08-23",5133,19,2,21
"2020-08-23",5135,20,3,23
"2020-08-23",5137,20,3,23
"2020-08-23",5139,15,4,19
"2020-08-23",5140,17,3,20
"2020-08-23",5145,24,4,28
"2020-08-23",6005,26,4,30
"2020-08-23",6011,25,3,28
"2020-08-23",6021,20,2,22
"2020-08-23",6028,28,4,32
"2020-08-23",6030,25,3,28
"2020-08-23",6033,18,4,22
"2020-08-23",6050,28,4,32
"2020-08-23",6126,25,4,29
"2020-08-23",6129,16,4,20
"2020-08-23",6130,19,4,23
"2020-08-23",6131,25,3,28
"2020-08-23",6134,25,3,28
"2020-08-23",7010,18,3,21
"2020-08-23",7018,23,4,27
"2020-08-23",7019,23,4,27
"2020-08-23",7022,17,3,20
"2020-08-23",7023,20,4,24
"2020-08-23",7024,22,4,26
"2020-08-23",7027,27,3,30
"2020-08-23",7029,13,3,16
"2020-08-23",7030,22,3,25
"2020-08-23",7033,22,4,26
"2020-08-23",7037,9,4,13
"2020-08-23",7039,28,4,32
"2020-08-23",7043,21,3,24
"2020-08-23",7051,24,4,28
"2020-08-23",7065,22,4,26
"2020-08-23",7146,26,4,30
"2020-08-23",7159,26,4,30
"2020-08-23",8015,24,4,28
"2020-08-24",2007,17,4,21
"2020-08-24",2074,18,2,20
"2020-08-24",3067,24,4,28
"2020-08-24",3117,21,4,25
"2020-08-24",3150,14,4,18
"2020-08-24",4001,25,4,29
"2020-08-24",4072,17,2,19
"2020-08-24",5005,11,2,13
"2020-08-24",5028,17,2,19
"2020-08-24",5041,21,3,24
"2020-08-24",5058,19,3,22
"2020-08-24",5120,21,2,23
"2020-08-24",5133,24,3,27
"2020-08-24",5135,26,4,30
"2020-08-24",5137,22,3,25
"2020-08-24",5139,16,4,20
"2020-08-24",5140,24,3,27
"2020-08-24",5145,24,4,28
"2020-08-24",6005,26,4,30
"2020-08-24",6011,26,3,29
"2020-08-24",6021,12,3,15
"2020-08-24",6028,28,3,31
"2020-08-24",6030,24,3,27
"2020-08-24",6033,22,3,25
"2020-08-24",6050,23,4,27
"2020-08-24",6126,15,3,18
"2020-08-24",6129,12,3,15
"2020-08-24",6130,24,2,26
"2020-08-24",6131,21,4,25
"2020-08-24",6134,20,3,23
"2020-08-24",7010,16,3,19
"2020-08-24",7018,19,4,23
"2020-08-24",7019,28,3,31
"2020-08-24",7022,24,4,28
"2020-08-24",7023,22,3,25
"2020-08-24",7024,16,4,20
"2020-08-24",7027,23,3,26
"2020-08-24",7029,21,4,25
"2020-08-24",7030,27,4,31
"2020-08-24",7033,21,3,24
"2020-08-24",7037,15,2,17
"2020-08-24",7039,26,4,30
"2020-08-24",7043,19,3,22
"2020-08-24",7051,18,3,21
"2020-08-24",7065,23,3,26
"2020-08-24",7146,25,4,29
"2020-08-24",7159,22,4,26
"2020-08-24",8015,23,4,27
"2020-08-25",2007,20,3,23
"2020-08-25",2074,21,3,24
"2020-08-25",3067,22,3,25
"2020-08-25",3117,20,4,24
"2020-08-25",3150,21,3,24
"2020-08-25",4001,22,4,26
"2020-08-25",4072,26,2,28
"2020-08-25",5005,8,3,11
"2020-08-25",5028,24,3,27
"2020-08-25",5041,21,3,24
"2020-08-25",5058,25,3,28
"2020-08-25",5120,20,4,24
"2020-08-25",5133,27,3,30
"2020-08-25",5135,23,3,26
"2020-08-25",5137,15,2,17
"2020-08-25",5139,23,2,25
"2020-08-25",5140,21,4,25
"2020-08-25",5145,26,4,30
"2020-08-25",6005,27,4,31
"2020-08-25",6011,27,3,30
"2020-08-25",6021,22,3,25
"2020-08-25",6028,26,2,28
"2020-08-25",6030,27,4,31
"2020-08-25",6033,21,4,25
"2020-08-25",6050,20,3,23
"2020-08-25",6126,24,3,27
"2020-08-25",6129,23,3,26
"2020-08-25",6130,27,3,30
"2020-08-25",6131,23,4,27
"2020-08-25",6134,26,3,29
"2020-08-25",7010,13,4,17
"2020-08-25",7018,24,3,27
"2020-08-25",7019,18,3,21
"2020-08-25",7022,28,4,32
"2020-08-25",7023,22,3,25
"2020-08-25",7024,27,3,30
"2020-08-25",7027,25,4,29
"2020-08-25",7029,26,4,30
"2020-08-25",7030,24,2,26
"2020-08-25",7033,26,4,30
"2020-08-25",7037,18,3,21
"2020-08-25",7039,30,4,34
"2020-08-25",7043,26,2,28
"2020-08-25",7051,28,4,32
"2020-08-25",7065,25,4,29
"2020-08-25",7146,26,4,30
"2020-08-25",7159,24,3,27
"2020-08-25",8015,27,4,31
"2020-08-26",2007,20,4,24
"2020-08-26",2074,17,3,20
"2020-08-26",3067,20,4,24
"2020-08-26",3117,21,4,25
"2020-08-26",3150,16,3,19
"2020-08-26",4001,29,4,33
"2020-08-26",4072,16,3,19
"2020-08-26",5005,13,3,16
"2020-08-26",5028,23,3,26
"2020-08-26",5041,25,4,29
"2020-08-26",5058,15,3,18
"2020-08-26",5120,26,4,30
"2020-08-26",5133,28,3,31
"2020-08-26",5135,20,4,24
"2020-08-26",5137,19,3,22
"2020-08-26",5139,25,4,29
"2020-08-26",5140,22,3,25
"2020-08-26",5145,25,4,29
"2020-08-26",6005,26,4,30
"2020-08-26",6011,28,3,31
"2020-08-26",6021,19,4,23
"2020-08-26",6028,26,3,29
"2020-08-26",6030,23,3,26
"2020-08-26",6033,23,4,27
"2020-08-26",6050,20,3,23
"2020-08-26",6126,20,3,23
"2020-08-26",6129,23,4,27
"2020-08-26",6130,21,3,24
"2020-08-26",6131,22,3,25
"2020-08-26",6134,21,2,23
"2020-08-26",7010,20,4,24
"2020-08-26",7018,26,4,30
"2020-08-26",7019,23,3,26
"2020-08-26",7022,28,4,32
"2020-08-26",7023,28,2,30
"2020-08-26",7024,22,3,25
"2020-08-26",7027,27,3,30
"2020-08-26",7029,23,4,27
"2020-08-26",7030,28,4,32
"2020-08-26",7033,21,4,25
"2020-08-26",7037,22,4,26
"2020-08-26",7039,30,4,34
"2020-08-26",7043,29,4,33
"2020-08-26",7051,29,4,33
"2020-08-26",7065,22,3,25
"2020-08-26",7146,27,4,31
"2020-08-26",7159,19,2,21
"2020-08-26",8015,22,4,26
"2020-08-27",2007,24,4,28
"2020-08-27",2074,19,3,22
"2020-08-27",3067,22,4,26
"2020-08-27",3117,21,3,24
"2020-08-27",3150,13,4,17
"2020-08-27",4001,24,3,27
"2020-08-27",4072,22,3,25
"2020-08-27",5005,16,3,19
"2020-08-27",5028,20,3,23
"2020-08-27",5041,27,3,30
"2020-08-27",5058,21,2,23
"2020-08-27",5120,22,4,26
"2020-08-27",5133,22,4,26
"2020-08-27",5135,28,2,30
"2020-08-27",5137,24,3,27
"2020-08-27",5139,18,3,21
"2020-08-27",5140,20,4,24
"2020-08-27",5145,25,4,29
"2020-08-27",6005,25,3,28
"2020-08-27",6011,27,4,31
"2020-08-27",6021,19,4,23
"2020-08-27",6028,25,3,28
"2020-08-27",6030,28,4,32
"2020-08-27",6033,18,4,22
"2020-08-27",6050,23,4,27
"2020-08-27",6126,21,4,25
"2020-08-27",6129,21,4,25
"2020-08-27",6130,25,4,29
"2020-08-27",6131,25,2,27
"2020-08-27",6134,26,2,28
"2020-08-27",7010,18,3,21
"2020-08-27",7018,29,4,33
"2020-08-27",7019,15,3,18
"2020-08-27",7022,27,4,31
"2020-08-27",7023,28,4,32
"2020-08-27",7024,22,3,25
"2020-08-27",7027,30,3,33
"2020-08-27",7029,23,4,27
"2020-08-27",7030,28,4,32
"2020-08-27",7033,26,4,30
"2020-08-27",7037,21,3,24
"2020-08-27",7039,30,4,34
"2020-08-27",7043,25,4,29
"2020-08-27",7051,25,3,28
"2020-08-27",7065,24,4,28
"2020-08-27",7146,23,4,27
"2020-08-27",7159,28,3,31
"2020-08-27",8015,24,4,28
"2020-08-28",2007,22,4,26
"2020-08-28",2074,18,4,22
"2020-08-28",3067,18,3,21
"2020-08-28",3117,23,4,27
"2020-08-28",3150,19,3,22
"2020-08-28",4001,29,4,33
"2020-08-28",4072,21,2,23
"2020-08-28",5005,10,4,14
"2020-08-28",5028,21,3,24
"2020-08-28",5041,27,3,30
"2020-08-28",5058,17,2,19
"2020-08-28",5120,18,2,20
"2020-08-28",5133,23,2,25
"2020-08-28",5135,25,3,28
"2020-08-28",5137,20,2,22
"2020-08-28",5139,19,3,22
"2020-08-28",5140,18,4,22
"2020-08-28",5145,25,4,29
"2020-08-28",6005,25,4,29
"2020-08-28",6011,27,4,31
"2020-08-28",6021,25,3,28
"2020-08-28",6028,27,4,31
"2020-08-28",6030,26,2,28
"2020-08-28",6033,15,2,17
"2020-08-28",6050,22,4,26
"2020-08-28",6126,26,4,30
"2020-08-28",6129,23,4,27
"2020-08-28",6130,23,3,26
"2020-08-28",6131,23,3,26
"2020-08-28",6134,25,2,27
"2020-08-28",7010,17,3,20
"2020-08-28",7018,27,4,31
"2020-08-28",7019,20,3,23
"2020-08-28",7022,29,4,33
"2020-08-28",7023,25,3,28
"2020-08-28",7024,26,3,29
"2020-08-28",7027,29,4,33
"2020-08-28",7029,25,4,29
"2020-08-28",7030,25,3,28
"2020-08-28",7033,26,3,29
"2020-08-28",7037,24,2,26
"2020-08-28",7039,20,3,23
"2020-08-28",7043,25,3,28
"2020-08-28",7051,25,4,29
"2020-08-28",7065,19,3,22
"2020-08-28",7146,25,4,29
"2020-08-28",7159,27,2,29
"2020-08-28",8015,17,4,21
"2020-08-29",2007,21,3,24
"2020-08-29",2074,18,5,23
"2020-08-29",3067,22,4,26
"2020-08-29",3117,22,3,25
"2020-08-29",3150,9,2,11
"2020-08-29",4001,24,5,29
"2020-08-29",4072,14,3,17
"2020-08-29",5005,11,4,15
"2020-08-29",5028,25,4,29
"2020-08-29",5041,22,3,25
"2020-08-29",5058,17,3,20
"2020-08-29",5120,17,3,20
"2020-08-29",5133,27,3,30
"2020-08-29",5135,19,4,23
"2020-08-29",5137,20,4,24
"2020-08-29",5139,24,4,28
"2020-08-29",5140,24,4,28
"2020-08-29",5145,22,3,25
"2020-08-29",6005,21,2,23
"2020-08-29",6011,25,3,28
"2020-08-29",6021,22,3,25
"2020-08-29",6028,16,3,19
"2020-08-29",6030,24,2,26
"2020-08-29",6033,17,4,21
"2020-08-29",6050,16,4,20
"2020-08-29",6126,26,4,30
"2020-08-29",6129,22,3,25
"2020-08-29",6130,14,4,18
"2020-08-29",6131,15,3,18
"2020-08-29",6134,18,2,20
"2020-08-29",7010,14,4,18
"2020-08-29",7018,24,4,28
"2020-08-29",7019,19,4,23
"2020-08-29",7022,24,4,28
"2020-08-29",7023,25,3,28
"2020-08-29",7024,23,4,27
"2020-08-29",7027,30,4,34
"2020-08-29",7029,24,3,27
"2020-08-29",7030,24,3,27
"2020-08-29",7033,21,4,25
"2020-08-29",7037,24,5,29
"2020-08-29",7039,26,4,30
"2020-08-29",7043,17,4,21
"2020-08-29",7051,24,4,28
"2020-08-29",7065,26,3,29
"2020-08-29",7146,21,4,25
"2020-08-29",7159,21,3,24
"2020-08-29",8015,15,3,18
"2020-08-30",2007,24,4,28
"2020-08-30",2074,14,4,18
"2020-08-30",3067,19,3,22
"2020-08-30",3117,24,5,29
"2020-08-30",3150,15,3,18
"2020-08-30",4001,24,5,29
"2020-08-30",4072,14,3,17
"2020-08-30",5005,9,4,13
"2020-08-30",5028,24,5,29
"2020-08-30",5041,23,5,28
"2020-08-30",5058,18,4,22
"2020-08-30",5120,22,4,26
"2020-08-30",5133,26,4,30
"2020-08-30",5135,23,4,27
"2020-08-30",5137,23,4,27
"2020-08-30",5139,20,5,25
"2020-08-30",5140,22,4,26
"2020-08-30",5145,23,3,26
"2020-08-30",6005,24,5,29
"2020-08-30",6011,22,3,25
"2020-08-30",6021,21,3,24
"2020-08-30",6028,15,4,19
"2020-08-30",6030,18,3,21
"2020-08-30",6033,21,4,25
"2020-08-30",6050,19,3,22
"2020-08-30",6126,17,5,22
"2020-08-30",6129,23,4,27
"2020-08-30",6130,15,3,18
"2020-08-30",6131,19,4,23
"2020-08-30",6134,18,2,20
"2020-08-30",7010,16,4,20
"2020-08-30",7018,24,2,26
"2020-08-30",7019,20,4,24
"2020-08-30",7022,18,3,21
"2020-08-30",7023,24,4,28
"2020-08-30",7024,18,4,22
"2020-08-30",7027,22,4,26
"2020-08-30",7029,21,4,25
"2020-08-30",7030,29,5,34
"2020-08-30",7033,20,4,24
"2020-08-30",7037,23,5,28
"2020-08-30",7039,28,4,32
"2020-08-30",7043,20,3,23
"2020-08-30",7051,23,4,27
"2020-08-30",7065,20,5,25
"2020-08-30",7146,23,5,28
"2020-08-30",7159,28,4,32
"2020-08-30",8015,14,5,19
"2020-08-31",2007,20,5,25
"2020-08-31",2074,15,3,18
"2020-08-31",3067,21,2,23
"2020-08-31",3117,24,4,28
"2020-08-31",3150,11,3,14
"2020-08-31",4001,27,4,31
"2020-08-31",4072,22,2,24
"2020-08-31",5005,14,4,18
"2020-08-31",5028,16,2,18
"2020-08-31",5041,24,4,28
"2020-08-31",5058,17,3,20
"2020-08-31",5120,22,4,26
"2020-08-31",5133,29,4,33
"2020-08-31",5135,24,5,29
"2020-08-31",5137,20,4,24
"2020-08-31",5139,23,5,28
"2020-08-31",5140,22,4,26
"2020-08-31",5145,26,4,30
"2020-08-31",6005,22,5,27
"2020-08-31",6011,22,4,26
"2020-08-31",6021,16,3,19
"2020-08-31",6028,24,5,29
"2020-08-31",6030,27,4,31
"2020-08-31",6033,18,5,23
"2020-08-31",6050,21,3,24
"2020-08-31",6126,25,5,30
"2020-08-31",6129,19,4,23
"2020-08-31",6130,23,4,27
"2020-08-31",6131,15,2,17
"2020-08-31",6134,18,2,20
"2020-08-31",7010,16,3,19
"2020-08-31",7018,29,3,32
"2020-08-31",7019,20,3,23
"2020-08-31",7022,26,4,30
"2020-08-31",7023,26,3,29
"2020-08-31",7024,24,3,27
"2020-08-31",7027,27,5,32
"2020-08-31",7029,25,4,29
"2020-08-31",7030,24,5,29
"2020-08-31",7033,26,4,30
"2020-08-31",7037,19,5,24
"2020-08-31",7039,29,4,33
"2020-08-31",7043,28,5,33
"2020-08-31",7051,20,4,24
"2020-08-31",7065,24,4,28
"2020-08-31",7146,21,4,25
"2020-08-31",7159,26,2,28
"2020-08-31",8015,15,3,18
"2020-09-01",2007,18,4,22
"2020-09-01",2074,16,3,19
"2020-09-01",3067,23,5,28
"2020-09-01",3117,23,5,28
"2020-09-01",3150,13,4,17
"2020-09-01",4001,29,5,34
"2020-09-01",4072,22,3,25
"2020-09-01",5005,16,5,21
"2020-09-01",5028,24,4,28
"2020-09-01",5041,22,5,27
"2020-09-01",5058,21,2,23
"2020-09-01",5120,22,4,26
"2020-09-01",5133,28,3,31
"2020-09-01",5135,22,3,25
"2020-09-01",5137,22,4,26
"2020-09-01",5139,26,4,30
"2020-09-01",5140,23,2,25
"2020-09-01",5145,23,4,27
"2020-09-01",6005,23,5,28
"2020-09-01",6011,28,5,33
"2020-09-01",6021,21,3,24
"2020-09-01",6028,18,3,21
"2020-09-01",6030,27,4,31
"2020-09-01",6033,21,5,26
"2020-09-01",6050,20,4,24
"2020-09-01",6126,25,5,30
"2020-09-01",6129,21,2,23
"2020-09-01",6130,22,4,26
"2020-09-01",6131,21,2,23
"2020-09-01",6134,20,1,21
"2020-09-01",7010,16,4,20
"2020-09-01",7018,24,4,28
"2020-09-01",7019,21,3,24
"2020-09-01",7022,26,4,30
"2020-09-01",7023,28,4,32
"2020-09-01",7024,25,4,29
"2020-09-01",7027,29,4,33
"2020-09-01",7029,18,2,20
"2020-09-01",7030,18,3,21
"2020-09-01",7033,22,4,26
"2020-09-01",7037,23,5,28
"2020-09-01",7039,28,5,33
"2020-09-01",7043,26,5,31
"2020-09-01",7051,28,4,32
"2020-09-01",7065,21,5,26
"2020-09-01",7146,27,5,32
"2020-09-01",7159,24,4,28
"2020-09-01",8015,22,5,27
"2020-09-02",2007,20,4,24
"2020-09-02",2074,15,4,19
"2020-09-02",3067,17,5,22
"2020-09-02",3117,27,5,32
"2020-09-02",3150,9,3,12
"2020-09-02",4001,27,5,32
"2020-09-02",4072,15,3,18
"2020-09-02",5005,8,4,12
"2020-09-02",5028,22,4,26
"2020-09-02",5041,22,5,27
"2020-09-02",5058,20,4,24
"2020-09-02",5120,19,3,22
"2020-09-02",5133,25,4,29
"2020-09-02",5135,25,5,30
"2020-09-02",5137,24,5,29
"2020-09-02",5139,22,4,26
"2020-09-02",5140,18,2,20
"2020-09-02",5145,19,3,22
"2020-09-02",6005,18,4,22
"2020-09-02",6011,23,4,27
"2020-09-02",6021,20,3,23
"2020-09-02",6028,26,5,31
"2020-09-02",6030,26,2,28
"2020-09-02",6033,20,5,25
"2020-09-02",6050,15,4,19
"2020-09-02",6126,21,5,26
"2020-09-02",6129,15,3,18
"2020-09-02",6130,16,3,19
"2020-09-02",6131,18,4,22
"2020-09-02",6134,18,1,19
"2020-09-02",7010,16,4,20
"2020-09-02",7018,26,4,30
"2020-09-02",7019,20,4,24
"2020-09-02",7022,27,4,31
"2020-09-02",7023,27,3,30
"2020-09-02",7024,14,4,18
"2020-09-02",7027,23,4,27
"2020-09-02",7029,23,4,27
"2020-09-02",7030,20,2,22
"2020-09-02",7033,20,2,22
"2020-09-02",7037,20,4,24
"2020-09-02",7039,23,5,28
"2020-09-02",7043,23,5,28
"2020-09-02",7051,24,4,28
"2020-09-02",7065,23,5,28
"2020-09-02",7146,16,2,18
"2020-09-02",7159,28,3,31
"2020-09-02",8015,19,4,23
"2020-09-03",2007,20,5,25
"2020-09-03",2074,17,3,20
"2020-09-03",3067,21,5,26
"2020-09-03",3117,16,2,18
"2020-09-03",3150,12,4,16
"2020-09-03",4001,17,5,22
"2020-09-03",4072,20,3,23
"2020-09-03",5005,10,4,14
"2020-09-03",5028,21,5,26
"2020-09-03",5041,15,4,19
"2020-09-03",5058,25,3,28
"2020-09-03",5120,23,5,28
"2020-09-03",5133,25,3,28
"2020-09-03",5135,28,5,33
"2020-09-03",5137,21,5,26
"2020-09-03",5139,25,4,29
"2020-09-03",5140,25,4,29
"2020-09-03",5145,22,2,24
"2020-09-03",6005,23,5,28
"2020-09-03",6011,28,2,30
"2020-09-03",6021,18,2,20
"2020-09-03",6028,28,5,33
"2020-09-03",6030,22,4,26
"2020-09-03",6033,25,5,30
"2020-09-03",6050,19,3,22
"2020-09-03",6126,22,4,26
"2020-09-03",6129,20,4,24
"2020-09-03",6130,26,3,29
"2020-09-03",6131,20,4,24
"2020-09-03",6134,19,1,20
"2020-09-03",7010,16,4,20
"2020-09-03",7018,30,3,33
"2020-09-03",7019,17,5,22
"2020-09-03",7022,22,4,26
"2020-09-03",7023,25,1,26
"2020-09-03",7024,22,3,25
"2020-09-03",7027,27,4,31
"2020-09-03",7029,23,3,26
"2020-09-03",7030,26,3,29
"2020-09-03",7033,24,1,25
"2020-09-03",7037,19,4,23
"2020-09-03",7039,29,4,33
"2020-09-03",7043,20,4,24
"2020-09-03",7051,25,5,30
"2020-09-03",7065,25,4,29
"2020-09-03",7159,20,3,23
"2020-09-03",8015,21,5,26
"2020-09-04",2007,11,3,14
"2020-09-04",2074,20,2,22
"2020-09-04",3067,28,3,31
"2020-09-04",3117,10,2,12
"2020-09-04",3150,14,2,16
"2020-09-04",4001,22,4,26
"2020-09-04",4072,18,3,21
"2020-09-04",5005,9,3,12
"2020-09-04",5028,20,5,25
"2020-09-04",5041,17,1,18
"2020-09-04",5058,25,3,28
"2020-09-04",5100,21,3,24
"2020-09-04",5120,23,4,27
"2020-09-04",5124,23,4,27
"2020-09-04",5133,26,4,30
"2020-09-04",5135,26,4,30
"2020-09-04",5137,26,5,31
"2020-09-04",5139,26,4,30
"2020-09-04",5140,23,4,27
"2020-09-04",5145,18,4,22
"2020-09-04",6005,24,3,27
"2020-09-04",6011,29,5,34
"2020-09-04",6021,23,4,27
"2020-09-04",6023,26,4,30
"2020-09-04",6028,26,4,30
"2020-09-04",6030,30,5,35
"2020-09-04",6033,17,5,22
"2020-09-04",6050,25,3,28
"2020-09-04",6055,26,2,28
"2020-09-04",6121,9,1,10
"2020-09-04",6126,26,5,31
"2020-09-04",6129,20,4,24
"2020-09-04",6130,22,3,25
"2020-09-04",6131,13,2,15
"2020-09-04",6134,24,2,26
"2020-09-04",7010,17,5,22
"2020-09-04",7018,29,4,33
"2020-09-04",7019,15,2,17
"2020-09-04",7022,25,4,29
"2020-09-04",7023,21,3,24
"2020-09-04",7024,21,4,25
"2020-09-04",7027,27,3,30
"2020-09-04",7029,26,4,30
"2020-09-04",7030,23,3,26
"2020-09-04",7033,20,4,24
"2020-09-04",7037,13,2,15
"2020-09-04",7039,29,4,33
"2020-09-04",7043,21,4,25
"2020-09-04",7051,25,4,29
"2020-09-04",7065,11,3,14
"2020-09-04",7159,21,4,25
"2020-09-04",8015,23,5,28
"2020-09-05",2074,19,4,23
"2020-09-05",3067,24,5,29
"2020-09-05",3150,16,3,19
"2020-09-05",4001,28,5,33
"2020-09-05",4072,16,4,20
"2020-09-05",5005,12,3,15
"2020-09-05",5028,20,4,24
"2020-09-05",5041,10,0,10
"2020-09-05",5058,21,2,23
"2020-09-05",5100,24,4,28
"2020-09-05",5120,19,3,22
"2020-09-05",5124,26,5,31
"2020-09-05",5133,25,4,29
"2020-09-05",5135,25,4,29
"2020-09-05",5137,25,5,30
"2020-09-05",5139,23,4,27
"2020-09-05",5140,26,5,31
"2020-09-05",5145,22,3,25
"2020-09-05",6005,25,5,30
"2020-09-05",6011,24,2,26
"2020-09-05",6021,22,4,26
"2020-09-05",6023,25,4,29
"2020-09-05",6028,24,4,28
"2020-09-05",6030,22,3,25
"2020-09-05",6033,19,5,24
"2020-09-05",6050,20,3,23
"2020-09-05",6055,22,3,25
"2020-09-05",6121,17,2,19
"2020-09-05",6126,25,5,30
"2020-09-05",6129,21,3,24
"2020-09-05",6130,17,3,20
"2020-09-05",6134,22,1,23
"2020-09-05",7010,15,3,18
"2020-09-05",7018,27,4,31
"2020-09-05",7019,22,3,25
"2020-09-05",7022,23,4,27
"2020-09-05",7023,23,4,27
"2020-09-05",7024,23,4,27
"2020-09-05",7027,23,3,26
"2020-09-05",7029,14,2,16
"2020-09-05",7030,21,5,26
"2020-09-05",7033,24,4,28
"2020-09-05",7039,30,4,34
"2020-09-05",7043,19,5,24
"2020-09-05",7051,26,3,29
"2020-09-05",7159,25,3,28
"2020-09-05",8015,18,4,22
"2020-09-06",2074,18,3,21
"2020-09-06",3067,26,2,28
"2020-09-06",3150,16,3,19
"2020-09-06",4001,25,4,29
"2020-09-06",4072,15,4,19
"2020-09-06",5005,13,3,16
"2020-09-06",5028,22,4,26
"2020-09-06",5058,16,3,19
"2020-09-06",5100,19,4,23
"2020-09-06",5120,26,3,29
"2020-09-06",5124,20,4,24
"2020-09-06",5133,20,4,24
"2020-09-06",5135,26,4,30
"2020-09-06",5137,21,4,25
"2020-09-06",5139,23,5,28
"2020-09-06",5140,22,5,27
"2020-09-06",5145,18,3,21
"2020-09-06",6005,19,3,22
"2020-09-06",6011,30,3,33
"2020-09-06",6021,21,4,25
"2020-09-06",6023,21,5,26
"2020-09-06",6028,22,4,26
"2020-09-06",6030,25,4,29
"2020-09-06",6033,20,5,25
"2020-09-06",6050,18,3,21
"2020-09-06",6055,17,2,19
"2020-09-06",6121,16,3,19
"2020-09-06",6126,23,4,27
"2020-09-06",6129,17,4,21
"2020-09-06",6130,23,3,26
"2020-09-06",6134,20,1,21
"2020-09-06",7010,15,4,19
"2020-09-06",7018,24,4,28
"2020-09-06",7019,18,4,22
"2020-09-06",7022,20,4,24
"2020-09-06",7023,19,3,22
"2020-09-06",7024,20,4,24
"2020-09-06",7027,26,4,30
"2020-09-06",7029,21,4,25
"2020-09-06",7030,22,2,24
"2020-09-06",7033,19,3,22
"2020-09-06",7039,26,4,30
"2020-09-06",7043,20,4,24
"2020-09-06",7051,24,4,28
"2020-09-06",7159,25,3,28
"2020-09-06",8015,20,4,24
"2020-09-07",2074,20,3,23
"2020-09-07",3067,27,3,30
"2020-09-07",3150,21,4,25
"2020-09-07",4001,27,4,31
"2020-09-07",4072,19,4,23
"2020-09-07",5005,11,3,14
"2020-09-07",5028,21,4,25
"2020-09-07",5058,24,3,27
"2020-09-07",5100,19,5,24
"2020-09-07",5120,15,4,19
"2020-09-07",5124,21,5,26
"2020-09-07",5133,22,3,25
"2020-09-07",5135,18,4,22
"2020-09-07",5137,21,5,26
"2020-09-07",5139,24,5,29
"2020-09-07",5140,26,2,28
"2020-09-07",5145,23,4,27
"2020-09-07",6005,23,5,28
"2020-09-07",6011,30,4,34
"2020-09-07",6021,19,3,22
"2020-09-07",6023,25,5,30
"2020-09-07",6028,23,4,27
"2020-09-07",6030,27,5,32
"2020-09-07",6033,25,5,30
"2020-09-07",6050,26,5,31
"2020-09-07",6055,20,2,22
"2020-09-07",6121,19,4,23
"2020-09-07",6126,23,5,28
"2020-09-07",6129,17,4,21
"2020-09-07",6130,12,2,14
"2020-09-07",6134,21,2,23
"2020-09-07",7010,16,4,20
"2020-09-07",7018,27,4,31
"2020-09-07",7019,21,5,26
"2020-09-07",7022,25,4,29
"2020-09-07",7023,18,3,21
"2020-09-07",7024,22,3,25
"2020-09-07",7027,28,4,32
"2020-09-07",7029,25,5,30
"2020-09-07",7030,22,3,25
"2020-09-07",7033,27,4,31
"2020-09-07",7039,30,5,35
"2020-09-07",7043,25,4,29
"2020-09-07",7051,27,5,32
"2020-09-07",7159,28,3,31
"2020-09-07",8015,19,4,23
"2020-09-08",2074,19,2,21
"2020-09-08",3067,29,4,33
"2020-09-08",3150,17,3,20
"2020-09-08",4001,25,5,30
"2020-09-08",4072,17,3,20
"2020-09-08",5005,19,5,24
"2020-09-08",5028,21,5,26
"2020-09-08",5058,26,2,28
"2020-09-08",5100,25,4,29
"2020-09-08",5120,20,4,24
"2020-09-08",5124,22,4,26
"2020-09-08",5133,16,3,19
"2020-09-08",5135,28,4,32
"2020-09-08",5137,22,4,26
"2020-09-08",5139,22,4,26
"2020-09-08",5140,25,3,28
"2020-09-08",5145,29,4,33
"2020-09-08",6005,17,4,21
"2020-09-08",6011,28,2,30
"2020-09-08",6021,20,2,22
"2020-09-08",6023,27,4,31
"2020-09-08",6028,29,5,34
"2020-09-08",6030,29,5,34
"2020-09-08",6033,21,4,25
"2020-09-08",6050,27,5,32
"2020-09-08",6055,21,2,23
"2020-09-08",6121,22,5,27
"2020-09-08",6126,30,5,35
"2020-09-08",6129,20,2,22
"2020-09-08",6130,13,4,17
"2020-09-08",6134,21,2,23
"2020-09-08",7010,17,4,21
"2020-09-08",7018,25,4,29
"2020-09-08",7019,23,3,26
"2020-09-08",7022,24,4,28
"2020-09-08",7023,24,4,28
"2020-09-08",7024,24,4,28
"2020-09-08",7027,28,4,32
"2020-09-08",7029,29,5,34
"2020-09-08",7030,30,4,34
"2020-09-08",7033,25,3,28
"2020-09-08",7039,28,4,32
"2020-09-08",7043,26,5,31
"2020-09-08",7051,29,5,34
"2020-09-08",7159,24,4,28
"2020-09-08",8015,20,5,25
"2020-09-09",2074,23,3,26
"2020-09-09",3067,26,4,30
"2020-09-09",3150,23,5,28
"2020-09-09",4001,27,3,30
"2020-09-09",4072,24,5,29
"2020-09-09",5005,15,4,19
"2020-09-09",5028,22,4,26
"2020-09-09",5058,22,3,25
"2020-09-09",5100,23,5,28
"2020-09-09",5120,27,4,31
"2020-09-09",5124,18,5,23
"2020-09-09",5133,25,4,29
"2020-09-09",5135,30,4,34
"2020-09-09",5137,26,4,30
"2020-09-09",5139,26,3,29
"2020-09-09",5140,27,3,30
"2020-09-09",5145,28,4,32
"2020-09-09",6005,24,5,29
"2020-09-09",6011,27,4,31
"2020-09-09",6021,22,3,25
"2020-09-09",6023,26,5,31
"2020-09-09",6028,29,3,32
"2020-09-09",6030,28,3,31
"2020-09-09",6033,26,5,31
"2020-09-09",6050,28,4,32
"2020-09-09",6055,23,2,25
"2020-09-09",6121,18,4,22
"2020-09-09",6126,28,5,33
"2020-09-09",6129,22,3,25
"2020-09-09",6130,18,3,21
"2020-09-09",6134,15,1,16
"2020-09-09",7010,22,3,25
"2020-09-09",7018,25,4,29
"2020-09-09",7019,24,3,27
"2020-09-09",7022,28,3,31
"2020-09-09",7023,29,4,33
"2020-09-09",7024,24,4,28
"2020-09-09",7027,29,4,33
"2020-09-09",7029,28,5,33
"2020-09-09",7030,27,4,31
"2020-09-09",7033,28,4,32
"2020-09-09",7039,30,4,34
"2020-09-09",7043,23,3,26
"2020-09-09",7051,27,5,32
"2020-09-09",7159,26,3,29
"2020-09-09",8015,22,4,26
"2020-09-10",2074,21,3,24
"2020-09-10",3067,24,4,28
"2020-09-10",3150,20,3,23
"2020-09-10",4001,27,3,30
"2020-09-10",4072,28,5,33
"2020-09-10",5005,16,5,21
"2020-09-10",5028,24,3,27
"2020-09-10",5041,17,4,21
"2020-09-10",5058,26,2,28
"2020-09-10",5100,26,5,31
"2020-09-10",5120,26,4,30
"2020-09-10",5124,27,4,31
"2020-09-10",5133,27,4,31
"2020-09-10",5135,24,4,28
"2020-09-10",5137,28,5,33
"2020-09-10",5139,27,3,30
"2020-09-10",5140,27,4,31
"2020-09-10",5145,25,3,28
"2020-09-10",6005,15,4,19
"2020-09-10",6011,21,5,26
"2020-09-10",6021,17,2,19
"2020-09-10",6023,18,4,22
"2020-09-10",6028,30,4,34
"2020-09-10",6030,27,4,31
"2020-09-10",6033,23,5,28
"2020-09-10",6050,28,4,32
"2020-09-10",6055,19,2,21
"2020-09-10",6121,23,5,28
"2020-09-10",6126,26,5,31
"2020-09-10",6129,23,4,27
"2020-09-10",6130,28,3,31
"2020-09-10",6134,19,2,21
"2020-09-10",7010,21,3,24
"2020-09-10",7018,23,3,26
"2020-09-10",7019,20,2,22
"2020-09-10",7022,28,4,32
"2020-09-10",7023,27,4,31
"2020-09-10",7024,26,3,29
"2020-09-10",7027,28,4,32
"2020-09-10",7029,24,4,28
"2020-09-10",7030,24,5,29
"2020-09-10",7033,27,4,31
"2020-09-10",7039,30,5,35
"2020-09-10",7043,26,4,30
"2020-09-10",7051,28,5,33
"2020-09-10",7146,9,2,11
"2020-09-10",7159,19,2,21
"2020-09-10",8015,19,4,23
"2020-09-11",2074,23,4,27
"2020-09-11",3067,25,5,30
"2020-09-11",3150,23,5,28
"2020-09-11",4001,28,5,33
"2020-09-11",4072,26,5,31
"2020-09-11",5005,16,4,20
"2020-09-11",5028,26,4,30
"2020-09-11",5041,27,4,31
"2020-09-11",5058,16,3,19
"2020-09-11",5100,28,4,32
"2020-09-11",5120,26,5,31
"2020-09-11",5124,17,4,21
"2020-09-11",5133,23,4,27
"2020-09-11",5135,23,4,27
"2020-09-11",5137,25,4,29
"2020-09-11",5139,26,5,31
"2020-09-11",5140,29,4,33
"2020-09-11",5145,26,2,28
"2020-09-11",6005,19,4,23
"2020-09-11",6011,23,4,27
"2020-09-11",6021,21,2,23
"2020-09-11",6023,20,3,23
"2020-09-11",6028,29,5,34
"2020-09-11",6030,26,5,31
"2020-09-11",6033,21,5,26
"2020-09-11",6050,25,4,29
"2020-09-11",6055,26,2,28
"2020-09-11",6121,27,5,32
"2020-09-11",6126,29,5,34
"2020-09-11",6129,22,4,26
"2020-09-11",6130,16,3,19
"2020-09-11",6134,11,1,12
"2020-09-11",7010,21,2,23
"2020-09-11",7018,22,4,26
"2020-09-11",7019,18,3,21
"2020-09-11",7022,26,4,30
"2020-09-11",7023,24,3,27
"2020-09-11",7024,27,4,31
"2020-09-11",7027,30,3,33
"2020-09-11",7029,29,5,34
"2020-09-11",7030,25,4,29
"2020-09-11",7033,25,3,28
"2020-09-11",7039,29,4,33
"2020-09-11",7043,26,5,31
"2020-09-11",7051,29,5,34
"2020-09-11",7146,20,3,23
"2020-09-11",7159,23,3,26
"2020-09-11",8015,19,4,23
"2020-09-12",2074,25,4,29
"2020-09-12",3067,22,3,25
"2020-09-12",3150,27,5,32
"2020-09-12",4001,29,3,32
"2020-09-12",4072,25,4,29
"2020-09-12",5005,7,3,10
"2020-09-12",5028,24,4,28
"2020-09-12",5041,18,4,22
"2020-09-12",5058,25,3,28
"2020-09-12",5100,25,4,29
"2020-09-12",5120,25,5,30
"2020-09-12",5124,21,4,25
"2020-09-12",5133,28,3,31
"2020-09-12",5135,24,5,29
"2020-09-12",5137,23,4,27
"2020-09-12",5139,22,4,26
"2020-09-12",5140,27,2,29
"2020-09-12",5145,29,3,32
"2020-09-12",6005,17,2,19
"2020-09-12",6011,25,3,28
"2020-09-12",6021,22,2,24
"2020-09-12",6023,21,4,25
"2020-09-12",6028,28,5,33
"2020-09-12",6030,30,4,34
"2020-09-12",6033,23,4,27
"2020-09-12",6050,28,3,31
"2020-09-12",6055,26,2,28
"2020-09-12",6121,20,4,24
"2020-09-12",6126,26,5,31
"2020-09-12",6129,22,4,26
"2020-09-12",6130,18,4,22
"2020-09-12",6134,17,3,20
"2020-09-12",7010,26,4,30
"2020-09-12",7018,23,4,27
"2020-09-12",7019,16,4,20
"2020-09-12",7022,26,4,30
"2020-09-12",7023,26,3,29
"2020-09-12",7024,25,4,29
"2020-09-12",7027,28,4,32
"2020-09-12",7029,29,5,34
"2020-09-12",7030,26,3,29
"2020-09-12",7033,27,5,32
"2020-09-12",7039,30,3,33
"2020-09-12",7043,27,5,32
"2020-09-12",7051,28,4,32
"2020-09-12",7146,22,2,24
"2020-09-12",7159,19,3,22
"2020-09-12",8015,19,4,23
"2020-09-13",2074,22,3,25
"2020-09-13",3067,17,3,20
"2020-09-13",3150,24,3,27
"2020-09-13",4001,29,4,33
"2020-09-13",4072,22,2,24
"2020-09-13",5005,11,5,16
"2020-09-13",5028,23,3,26
"2020-09-13",5041,22,4,26
"2020-09-13",5058,22,2,24
"2020-09-13",5100,26,5,31
"2020-09-13",5120,23,4,27
"2020-09-13",5124,17,4,21
"2020-09-13",5133,24,3,27
"2020-09-13",5135,18,4,22
"2020-09-13",5137,23,5,28
"2020-09-13",5139,24,3,27
"2020-09-13",5140,21,4,25
"2020-09-13",5145,26,4,30
"2020-09-13",6005,11,3,14
"2020-09-13",6011,27,5,32
"2020-09-13",6021,14,3,17
"2020-09-13",6023,20,4,24
"2020-09-13",6028,23,3,26
"2020-09-13",6030,22,3,25
"2020-09-13",6033,23,3,26
"2020-09-13",6050,25,4,29
"2020-09-13",6055,13,2,15
"2020-09-13",6121,26,5,31
"2020-09-13",6126,22,5,27
"2020-09-13",6129,21,5,26
"2020-09-13",6130,16,2,18
"2020-09-13",6134,13,1,14
"2020-09-13",7010,10,3,13
"2020-09-13",7018,23,4,27
"2020-09-13",7019,21,5,26
"2020-09-13",7022,20,5,25
"2020-09-13",7023,22,4,26
"2020-09-13",7024,24,4,28
"2020-09-13",7027,26,4,30
"2020-09-13",7029,26,5,31
"2020-09-13",7030,30,5,35
"2020-09-13",7033,28,4,32
"2020-09-13",7039,29,5,34
"2020-09-13",7043,27,5,32
"2020-09-13",7051,24,4,28
"2020-09-13",7146,14,2,16
"2020-09-13",7159,23,4,27
"2020-09-13",8015,17,4,21
"2020-09-14",2074,22,4,26
"2020-09-14",3067,19,5,24
"2020-09-14",3150,17,5,22
"2020-09-14",4001,30,5,35
"2020-09-14",4072,22,3,25
"2020-09-14",5005,10,4,14
"2020-09-14",5028,24,4,28
"2020-09-14",5041,21,3,24
"2020-09-14",5058,19,5,24
"2020-09-14",5100,22,4,26
"2020-09-14",5120,19,4,23
"2020-09-14",5124,18,5,23
"2020-09-14",5133,26,4,30
"2020-09-14",5135,30,4,34
"2020-09-14",5137,26,5,31
"2020-09-14",5139,18,4,22
"2020-09-14",5140,24,4,28
"2020-09-14",5145,30,4,34
"2020-09-14",6005,19,2,21
"2020-09-14",6011,29,4,33
"2020-09-14",6021,18,3,21
"2020-09-14",6023,22,5,27
"2020-09-14",6028,23,3,26
"2020-09-14",6030,24,5,29
"2020-09-14",6033,20,5,25
"2020-09-14",6050,26,5,31
"2020-09-14",6055,23,2,25
"2020-09-14",6121,24,5,29
"2020-09-14",6126,23,5,28
"2020-09-14",6129,19,4,23
"2020-09-14",6130,17,1,18
"2020-09-14",6134,19,2,21
"2020-09-14",7010,15,3,18
"2020-09-14",7018,23,3,26
"2020-09-14",7019,21,3,24
"2020-09-14",7022,27,5,32
"2020-09-14",7023,27,4,31
"2020-09-14",7024,21,4,25
"2020-09-14",7027,24,3,27
"2020-09-14",7029,26,5,31
"2020-09-14",7030,24,3,27
"2020-09-14",7033,27,4,31
"2020-09-14",7039,28,4,32
"2020-09-14",7043,25,5,30
"2020-09-14",7051,29,4,33
"2020-09-14",7146,28,2,30
"2020-09-14",7159,20,3,23
"2020-09-14",8015,22,3,25
"2020-09-15",2074,23,3,26
"2020-09-15",3067,28,5,33
"2020-09-15",3150,21,4,25
"2020-09-15",4001,25,5,30
"2020-09-15",4072,23,4,27
"2020-09-15",5005,12,4,16
"2020-09-15",5028,24,4,28
"2020-09-15",5041,27,4,31
"2020-09-15",5058,25,3,28
"2020-09-15",5100,26,3,29
"2020-09-15",5120,21,4,25
"2020-09-15",5124,17,4,21
"2020-09-15",5133,28,5,33
"2020-09-15",5135,26,5,31
"2020-09-15",5137,29,5,34
"2020-09-15",5139,23,5,28
"2020-09-15",5140,26,5,31
"2020-09-15",5145,26,5,31
"2020-09-15",6005,21,4,25
"2020-09-15",6011,27,3,30
"2020-09-15",6021,14,2,16
"2020-09-15",6023,28,5,33
"2020-09-15",6028,27,3,30
"2020-09-15",6030,28,5,33
"2020-09-15",6033,22,4,26
"2020-09-15",6050,25,4,29
"2020-09-15",6055,22,2,24
"2020-09-15",6121,25,5,30
"2020-09-15",6126,30,5,35
"2020-09-15",6129,24,4,28
"2020-09-15",6130,18,3,21
"2020-09-15",6134,29,4,33
"2020-09-15",7010,14,4,18
"2020-09-15",7018,28,4,32
"2020-09-15",7019,27,4,31
"2020-09-15",7022,26,5,31
"2020-09-15",7023,27,4,31
"2020-09-15",7024,24,4,28
"2020-09-15",7027,22,4,26
"2020-09-15",7029,29,3,32
"2020-09-15",7030,27,5,32
"2020-09-15",7033,27,4,31
"2020-09-15",7039,27,2,29
"2020-09-15",7043,26,4,30
"2020-09-15",7051,26,5,31
"2020-09-15",7146,26,3,29
"2020-09-15",7159,21,2,23
"2020-09-15",8015,17,4,21
"2020-09-16",2074,25,4,29
"2020-09-16",3067,26,3,29
"2020-09-16",3150,21,4,25
"2020-09-16",4001,28,3,31
"2020-09-16",4072,21,4,25
"2020-09-16",5005,13,5,18
"2020-09-16",5028,19,5,24
"2020-09-16",5041,23,2,25
"2020-09-16",5058,20,2,22
"2020-09-16",5100,26,5,31
"2020-09-16",5120,28,4,32
"2020-09-16",5124,23,5,28
"2020-09-16",5133,23,5,28
"2020-09-16",5135,24,4,28
"2020-09-16",5137,23,5,28
"2020-09-16",5139,25,3,28
"2020-09-16",5140,24,5,29
"2020-09-16",5145,24,4,28
"2020-09-16",6005,26,3,29
"2020-09-16",6011,29,5,34
"2020-09-16",6021,22,2,24
"2020-09-16",6023,29,5,34
"2020-09-16",6028,23,3,26
"2020-09-16",6030,23,2,25
"2020-09-16",6033,25,4,29
"2020-09-16",6050,24,4,28
"2020-09-16",6055,19,2,21
"2020-09-16",6121,24,5,29
"2020-09-16",6126,28,5,33
"2020-09-16",6129,17,2,19
"2020-09-16",6130,17,2,19
"2020-09-16",6134,21,2,23
"2020-09-16",7010,15,2,17
"2020-09-16",7018,26,4,30
"2020-09-16",7019,23,5,28
"2020-09-16",7022,29,5,34
"2020-09-16",7023,26,3,29
"2020-09-16",7024,22,3,25
"2020-09-16",7027,26,3,29
"2020-09-16",7029,25,5,30
"2020-09-16",7030,24,4,28
"2020-09-16",7033,22,4,26
"2020-09-16",7039,30,5,35
"2020-09-16",7043,24,5,29
"2020-09-16",7051,27,4,31
"2020-09-16",7146,26,4,30
"2020-09-16",7159,21,3,24
"2020-09-16",8015,15,2,17
"2020-09-17",2074,18,3,21
"2020-09-17",3067,24,3,27
"2020-09-17",3150,27,5,32
"2020-09-17",4001,24,4,28
"2020-09-17",4072,18,3,21
"2020-09-17",5005,16,3,19
"2020-09-17",5028,22,5,27
"2020-09-17",5041,24,3,27
"2020-09-17",5058,23,2,25
"2020-09-17",5100,28,4,32
"2020-09-17",5120,19,3,22
"2020-09-17",5124,22,5,27
"2020-09-17",5133,29,4,33
"2020-09-17",5135,25,4,29
"2020-09-17",5137,26,3,29
"2020-09-17",5139,22,5,27
"2020-09-17",5140,23,4,27
"2020-09-17",5145,18,4,22
"2020-09-17",6005,14,3,17
"2020-09-17",6011,26,3,29
"2020-09-17",6021,22,3,25
"2020-09-17",6023,29,4,33
"2020-09-17",6028,25,4,29
"2020-09-17",6030,26,3,29
"2020-09-17",6033,26,5,31
"2020-09-17",6050,28,4,32
"2020-09-17",6055,19,2,21
"2020-09-17",6121,20,4,24
"2020-09-17",6126,22,3,25
"2020-09-17",6129,21,4,25
"2020-09-17",6130,19,3,22
"2020-09-17",6134,23,2,25
"2020-09-17",7010,22,4,26
"2020-09-17",7018,25,4,29
"2020-09-17",7019,22,5,27
"2020-09-17",7022,26,4,30
"2020-09-17",7023,27,3,30
"2020-09-17",7024,19,3,22
"2020-09-17",7027,27,3,30
"2020-09-17",7029,24,4,28
"2020-09-17",7030,23,5,28
"2020-09-17",7033,26,3,29
"2020-09-17",7039,27,4,31
"2020-09-17",7043,27,4,31
"2020-09-17",7051,28,5,33
"2020-09-17",7146,23,3,26
"2020-09-17",7159,21,3,24
"2020-09-17",8015,21,4,25
"2020-09-18",2074,15,4,19
"2020-09-18",3067,20,4,24
"2020-09-18",3150,23,5,28
"2020-09-18",4001,24,4,28
"2020-09-18",4072,21,4,25
"2020-09-18",5005,9,2,11
"2020-09-18",5028,24,4,28
"2020-09-18",5041,25,4,29
"2020-09-18",5058,19,4,23
"2020-09-18",5100,26,4,30
"2020-09-18",5120,26,5,31
"2020-09-18",5124,28,5,33
"2020-09-18",5133,25,5,30
"2020-09-18",5135,27,4,31
"2020-09-18",5137,28,4,32
"2020-09-18",5139,20,5,25
"2020-09-18",5140,24,4,28
"2020-09-18",5145,25,5,30
"2020-09-18",6005,18,3,21
"2020-09-18",6011,30,5,35
"2020-09-18",6021,25,4,29
"2020-09-18",6023,27,4,31
"2020-09-18",6028,19,4,23
"2020-09-18",6030,21,4,25
"2020-09-18",6033,24,4,28
"2020-09-18",6050,24,4,28
"2020-09-18",6055,27,2,29
"2020-09-18",6121,22,5,27
"2020-09-18",6126,23,5,28
"2020-09-18",6129,22,4,26
"2020-09-18",6130,27,3,30
"2020-09-18",6134,19,2,21
"2020-09-18",7010,17,5,22
"2020-09-18",7018,23,5,28
"2020-09-18",7019,24,4,28
"2020-09-18",7022,24,4,28
"2020-09-18",7023,28,4,32
"2020-09-18",7024,21,4,25
"2020-09-18",7027,25,4,29
"2020-09-18",7029,27,5,32
"2020-09-18",7030,25,5,30
"2020-09-18",7033,23,3,26
"2020-09-18",7039,24,4,28
"2020-09-18",7043,25,5,30
"2020-09-18",7051,27,5,32
"2020-09-18",7146,24,4,28
"2020-09-18",7159,22,3,25
"2020-09-18",8015,23,3,26
"2020-09-19",2074,17,4,21
"2020-09-19",3067,26,4,30
"2020-09-19",3150,22,3,25
"2020-09-19",4001,25,4,29
"2020-09-19",4072,16,4,20
"2020-09-19",5005,9,5,14
"2020-09-19",5028,22,4,26
"2020-09-19",5041,26,4,30
"2020-09-19",5058,20,4,24
"2020-09-19",5100,27,5,32
"2020-09-19",5120,23,4,27
"2020-09-19",5124,17,5,22
"2020-09-19",5133,23,4,27
"2020-09-19",5135,24,4,28
"2020-09-19",5137,27,4,31
"2020-09-19",5139,16,4,20
"2020-09-19",5140,19,5,24
"2020-09-19",5145,21,4,25
"2020-09-19",6005,16,5,21
"2020-09-19",6011,23,3,26
"2020-09-19",6021,19,3,22
"2020-09-19",6023,22,5,27
"2020-09-19",6028,19,3,22
"2020-09-19",6030,23,3,26
"2020-09-19",6033,23,4,27
"2020-09-19",6050,25,4,29
"2020-09-19",6055,27,3,30
"2020-09-19",6121,26,5,31
"2020-09-19",6126,26,4,30
"2020-09-19",6129,24,3,27
"2020-09-19",6130,24,5,29
"2020-09-19",6134,24,3,27
"2020-09-19",7010,23,4,27
"2020-09-19",7018,28,2,30
"2020-09-19",7019,21,4,25
"2020-09-19",7022,22,4,26
"2020-09-19",7023,17,4,21
"2020-09-19",7024,19,4,23
"2020-09-19",7027,27,4,31
"2020-09-19",7029,23,4,27
"2020-09-19",7030,26,3,29
"2020-09-19",7033,22,4,26
"2020-09-19",7039,28,4,32
"2020-09-19",7043,23,5,28
"2020-09-19",7051,26,5,31
"2020-09-19",7146,21,2,23
"2020-09-19",7159,18,2,20
"2020-09-19",8015,16,4,20
"2020-09-20",2074,17,4,21
"2020-09-20",3067,18,4,22
"2020-09-20",3150,15,3,18
"2020-09-20",4001,18,2,20
"2020-09-20",4072,19,4,23
"2020-09-20",5005,10,4,14
"2020-09-20",5028,24,3,27
"2020-09-20",5041,22,3,25
"2020-09-20",5058,17,3,20
"2020-09-20",5100,25,5,30
"2020-09-20",5120,19,4,23
"2020-09-20",5124,18,4,22
"2020-09-20",5133,26,3,29
"2020-09-20",5135,17,3,20
"2020-09-20",5137,12,4,16
"2020-09-20",5139,16,3,19
"2020-09-20",5140,20,5,25
"2020-09-20",5145,24,3,27
"2020-09-20",6005,18,4,22
"2020-09-20",6011,25,4,29
"2020-09-20",6021,17,2,19
"2020-09-20",6023,22,4,26
"2020-09-20",6028,19,4,23
"2020-09-20",6030,28,4,32
"2020-09-20",6033,18,4,22
"2020-09-20",6050,22,4,26
"2020-09-20",6055,18,2,20
"2020-09-20",6121,17,4,21
"2020-09-20",6126,18,5,23
"2020-09-20",6129,15,3,18
"2020-09-20",6130,21,3,24
"2020-09-20",6134,19,2,21
"2020-09-20",7010,15,3,18
"2020-09-20",7018,24,5,29
"2020-09-20",7019,19,4,23
"2020-09-20",7022,16,3,19
"2020-09-20",7023,24,3,27
"2020-09-20",7024,23,4,27
"2020-09-20",7027,25,3,28
"2020-09-20",7029,22,5,27
"2020-09-20",7030,23,4,27
"2020-09-20",7033,26,4,30
"2020-09-20",7039,26,3,29
"2020-09-20",7043,24,5,29
"2020-09-20",7051,23,5,28
"2020-09-20",7146,19,2,21
"2020-09-20",8015,17,3,20
"2020-09-21",2074,17,4,21
"2020-09-21",3067,20,5,25
"2020-09-21",3150,16,3,19
"2020-09-21",4001,12,2,14
"2020-09-21",4072,16,4,20
"2020-09-21",5005,8,3,11
"2020-09-21",5028,21,5,26
"2020-09-21",5041,20,4,24
"2020-09-21",5058,22,3,25
"2020-09-21",5100,27,5,32
"2020-09-21",5120,25,4,29
"2020-09-21",5124,17,4,21
"2020-09-21",5133,22,4,26
"2020-09-21",5135,22,5,27
"2020-09-21",5137,23,4,27
"2020-09-21",5139,19,5,24
"2020-09-21",5140,18,3,21
"2020-09-21",5145,28,5,33
"2020-09-21",6005,21,5,26
"2020-09-21",6011,26,4,30
"2020-09-21",6021,18,3,21
"2020-09-21",6023,25,5,30
"2020-09-21",6028,17,3,20
"2020-09-21",6030,24,5,29
"2020-09-21",6033,20,3,23
"2020-09-21",6050,19,5,24
"2020-09-21",6055,23,3,26
"2020-09-21",6121,15,5,20
"2020-09-21",6126,23,5,28
"2020-09-21",6129,16,4,20
"2020-09-21",6130,16,3,19
"2020-09-21",6134,22,2,24
"2020-09-21",7010,16,3,19
"2020-09-21",7018,24,4,28
"2020-09-21",7019,25,4,29
"2020-09-21",7022,21,4,25
"2020-09-21",7023,22,2,24
"2020-09-21",7024,21,5,26
"2020-09-21",7027,20,3,23
"2020-09-21",7029,16,3,19
"2020-09-21",7030,26,3,29
"2020-09-21",7033,27,4,31
"2020-09-21",7039,26,3,29
"2020-09-21",7043,19,5,24
"2020-09-21",7051,24,4,28
"2020-09-21",7146,24,4,28
"2020-09-21",8015,13,4,17
"2020-09-22",2074,21,4,25
"2020-09-22",3067,20,4,24
"2020-09-22",3150,23,5,28
"2020-09-22",4001,16,2,18
"2020-09-22",4072,22,4,26
"2020-09-22",5005,15,5,20
"2020-09-22",5028,23,4,27
"2020-09-22",5041,22,4,26
"2020-09-22",5058,27,5,32
"2020-09-22",5100,26,3,29
"2020-09-22",5120,16,3,19
"2020-09-22",5124,20,4,24
"2020-09-22",5133,24,4,28
"2020-09-22",5135,19,5,24
"2020-09-22",5137,21,4,25
"2020-09-22",5139,19,5,24
"2020-09-22",5140,28,4,32
"2020-09-22",5145,23,4,27
"2020-09-22",6005,17,3,20
"2020-09-22",6011,28,5,33
"2020-09-22",6021,17,3,20
"2020-09-22",6023,22,3,25
"2020-09-22",6028,26,3,29
"2020-09-22",6030,28,2,30
"2020-09-22",6033,21,4,25
"2020-09-22",6050,26,3,29
"2020-09-22",6055,22,3,25
"2020-09-22",6121,21,5,26
"2020-09-22",6126,24,5,29
"2020-09-22",6129,16,3,19
"2020-09-22",6130,24,3,27
"2020-09-22",6134,19,4,23
"2020-09-22",7010,19,2,21
"2020-09-22",7018,25,5,30
"2020-09-22",7019,15,3,18
"2020-09-22",7022,20,4,24
"2020-09-22",7023,25,3,28
"2020-09-22",7024,24,5,29
"2020-09-22",7027,27,3,30
"2020-09-22",7029,17,3,20
"2020-09-22",7030,27,3,30
"2020-09-22",7033,25,5,30
"2020-09-22",7039,23,2,25
"2020-09-22",7043,24,4,28
"2020-09-22",7051,28,5,33
"2020-09-22",7146,24,5,29
"2020-09-22",8015,16,3,19
"2020-09-23",2074,22,4,26
"2020-09-23",3067,9,1,10
"2020-09-23",3150,21,5,26
"2020-09-23",4001,23,5,28
"2020-09-23",4072,24,4,28
"2020-09-23",5005,17,4,21
"2020-09-23",5028,19,3,22
"2020-09-23",5041,22,3,25
"2020-09-23",5042,12,2,14
"2020-09-23",5058,19,5,24
"2020-09-23",5100,27,5,32
"2020-09-23",5120,20,4,24
"2020-09-23",5124,20,3,23
"2020-09-23",5133,27,5,32
"2020-09-23",5135,24,4,28
"2020-09-23",5137,26,5,31
"2020-09-23",5139,20,2,22
"2020-09-23",5140,20,4,24
"2020-09-23",5145,22,5,27
"2020-09-23",6005,20,4,24
"2020-09-23",6011,29,5,34
"2020-09-23",6021,16,2,18
"2020-09-23",6023,16,2,18
"2020-09-23",6027,21,3,24
"2020-09-23",6028,16,3,19
"2020-09-23",6030,28,4,32
"2020-09-23",6033,22,4,26
"2020-09-23",6047,16,4,20
"2020-09-23",6050,25,3,28
"2020-09-23",6055,19,3,22
"2020-09-23",6069,24,2,26
"2020-09-23",6090,18,4,22
"2020-09-23",6121,21,4,25
"2020-09-23",6126,26,5,31
"2020-09-23",6129,21,4,25
"2020-09-23",6130,26,5,31
"2020-09-23",6134,24,1,25
"2020-09-23",7010,17,2,19
"2020-09-23",7018,28,5,33
"2020-09-23",7019,19,3,22
"2020-09-23",7022,19,4,23
"2020-09-23",7023,26,4,30
"2020-09-23",7024,24,3,27
"2020-09-23",7027,27,4,31
"2020-09-23",7029,8,2,10
"2020-09-23",7030,27,5,32
"2020-09-23",7033,24,4,28
"2020-09-23",7039,24,2,26
"2020-09-23",7043,29,4,33
"2020-09-23",7051,29,5,34
"2020-09-23",7146,18,4,22
"2020-09-23",8015,16,5,21
"2020-09-24",2074,16,5,21
"2020-09-24",3150,26,4,30
"2020-09-24",4001,28,3,31
"2020-09-24",4072,21,4,25
"2020-09-24",5005,16,4,20
"2020-09-24",5028,21,3,24
"2020-09-24",5041,27,2,29
"2020-09-24",5042,21,1,22
"2020-09-24",5058,24,4,28
"2020-09-24",5100,26,4,30
"2020-09-24",5120,26,5,31
"2020-09-24",5124,25,4,29
"2020-09-24",5133,24,2,26
"2020-09-24",5135,23,4,27
"2020-09-24",5137,25,4,29
"2020-09-24",5139,23,4,27
"2020-09-24",5140,24,3,27
"2020-09-24",5145,28,5,33
"2020-09-24",6005,24,4,28
"2020-09-24",6011,26,3,29
"2020-09-24",6027,23,2,25
"2020-09-24",6028,28,4,32
"2020-09-24",6030,29,2,31
"2020-09-24",6033,24,4,28
"2020-09-24",6047,21,4,25
"2020-09-24",6050,23,3,26
"2020-09-24",6055,29,3,32
"2020-09-24",6069,27,3,30
"2020-09-24",6090,22,3,25
"2020-09-24",6121,25,5,30
"2020-09-24",6126,28,5,33
"2020-09-24",6129,22,4,26
"2020-09-24",6130,25,4,29
"2020-09-24",6134,21,3,24
"2020-09-24",7010,18,3,21
"2020-09-24",7018,27,5,32
"2020-09-24",7019,23,4,27
"2020-09-24",7022,27,5,32
"2020-09-24",7023,22,1,23
"2020-09-24",7024,27,4,31
"2020-09-24",7027,26,3,29
"2020-09-24",7029,20,4,24
"2020-09-24",7030,26,4,30
"2020-09-24",7033,26,5,31
"2020-09-24",7039,28,3,31
"2020-09-24",7043,23,4,27
"2020-09-24",7051,26,5,31
"2020-09-24",8015,19,4,23
"2020-09-25",2074,20,4,24
"2020-09-25",3150,27,5,32
"2020-09-25",4001,22,3,25
"2020-09-25",4072,19,4,23
"2020-09-25",5005,10,2,12
"2020-09-25",5028,21,3,24
"2020-09-25",5041,23,4,27
"2020-09-25",5042,23,1,24
"2020-09-25",5058,17,4,21
"2020-09-25",5100,29,5,34
"2020-09-25",5120,29,5,34
"2020-09-25",5124,25,5,30
"2020-09-25",5133,29,4,33
"2020-09-25",5135,22,4,26
"2020-09-25",5137,23,5,28
"2020-09-25",5139,24,5,29
"2020-09-25",5140,18,2,20
"2020-09-25",5145,25,4,29
"2020-09-25",6005,20,4,24
"2020-09-25",6011,28,4,32
"2020-09-25",6027,26,1,27
"2020-09-25",6028,24,4,28
"2020-09-25",6030,29,4,33
"2020-09-25",6033,24,4,28
"2020-09-25",6047,20,4,24
"2020-09-25",6050,22,3,25
"2020-09-25",6055,27,3,30
"2020-09-25",6069,25,4,29
"2020-09-25",6090,20,3,23
"2020-09-25",6121,23,5,28
"2020-09-25",6126,26,5,31
"2020-09-25",6129,17,4,21
"2020-09-25",6130,21,3,24
"2020-09-25",6134,23,5,28
"2020-09-25",7010,20,3,23
"2020-09-25",7018,26,4,30
"2020-09-25",7019,24,3,27
"2020-09-25",7022,24,4,28
"2020-09-25",7023,26,2,28
"2020-09-25",7024,25,4,29
"2020-09-25",7027,24,3,27
"2020-09-25",7029,23,4,27
"2020-09-25",7030,23,2,25
"2020-09-25",7033,24,4,28
"2020-09-25",7039,16,2,18
"2020-09-25",7043,29,4,33
"2020-09-25",7051,28,5,33
"2020-09-25",8015,15,4,19
"2020-09-26",2074,5,1,6
"2020-09-26",4001,20,1,21
"2020-09-26",5041,13,2,15
"2020-09-26",5100,13,1,14
"2020-09-26",5120,2,2,4
"2020-09-26",5124,21,4,25
"2020-09-26",5137,4,1,5
"2020-09-26",5145,2,1,3
"2020-09-26",6005,5,1,6
"2020-09-26",6011,15,2,17
"2020-09-26",6027,9,1,10
"2020-09-26",6047,3,1,4
"2020-09-26",6055,26,1,27
"2020-09-26",6090,5,2,7
"2020-09-26",6129,12,2,14
"2020-09-26",6130,16,1,17
"2020-09-26",7010,6,2,8
"2020-09-26",7019,4,1,5
"2020-09-26",7022,16,2,18
"2020-09-26",7023,2,0,2
"2020-09-26",7024,6,0,6
"2020-09-26",7027,18,2,20
"2020-09-26",7033,4,2,6
"2020-09-26",7043,3,0,3
"2020-09-26",7051,9,2,11
"2020-09-26",8015,2,1,3
"2020-09-26",5042,0,1,1
"2020-09-26",6033,0,1,1
"2020-09-27",2074,16,4,20
"2020-09-27",3150,22,4,26
"2020-09-27",4001,20,3,23
"2020-09-27",4072,20,4,24
"2020-09-27",5005,10,4,14
"2020-09-27",5028,7,2,9
"2020-09-27",5041,22,3,25
"2020-09-27",5042,19,2,21
"2020-09-27",5058,23,4,27
"2020-09-27",5100,28,4,32
"2020-09-27",5120,27,5,32
"2020-09-27",5124,18,4,22
"2020-09-27",5133,28,5,33
"2020-09-27",5135,21,4,25
"2020-09-27",5137,29,5,34
"2020-09-27",5139,23,3,26
"2020-09-27",5140,23,4,27
"2020-09-27",5145,22,4,26
"2020-09-27",6005,21,2,23
"2020-09-27",6011,28,4,32
"2020-09-27",6027,23,2,25
"2020-09-27",6028,27,3,30
"2020-09-27",6030,25,3,28
"2020-09-27",6033,23,4,27
"2020-09-27",6047,21,5,26
"2020-09-27",6050,22,4,26
"2020-09-27",6055,20,3,23
"2020-09-27",6069,29,4,33
"2020-09-27",6090,18,3,21
"2020-09-27",6121,25,5,30
"2020-09-27",6126,24,3,27
"2020-09-27",6129,21,3,24
"2020-09-27",6130,18,3,21
"2020-09-27",6134,22,3,25
"2020-09-27",7010,14,3,17
"2020-09-27",7018,26,5,31
"2020-09-27",7019,17,4,21
"2020-09-27",7022,24,4,28
"2020-09-27",7023,30,3,33
"2020-09-27",7024,23,3,26
"2020-09-27",7027,23,4,27
"2020-09-27",7029,17,4,21
"2020-09-27",7030,29,2,31
"2020-09-27",7033,26,4,30
"2020-09-27",7039,25,3,28
"2020-09-27",7043,22,5,27
"2020-09-27",7051,26,5,31
"2020-09-27",8015,19,4,23
"2020-09-28",2074,20,4,24
"2020-09-28",3150,26,5,31
"2020-09-28",4001,13,3,16
"2020-09-28",4072,17,3,20
"2020-09-28",5005,12,3,15
"2020-09-28",5028,13,2,15
"2020-09-28",5041,23,3,26
"2020-09-28",5042,24,2,26
"2020-09-28",5058,16,3,19
"2020-09-28",5100,27,5,32
"2020-09-28",5120,12,3,15
"2020-09-28",5124,23,5,28
"2020-09-28",5133,28,4,32
"2020-09-28",5135,20,4,24
"2020-09-28",5137,19,5,24
"2020-09-28",5139,17,5,22
"2020-09-28",5140,16,3,19
"2020-09-28",5145,25,3,28
"2020-09-28",6005,15,3,18
"2020-09-28",6011,26,5,31
"2020-09-28",6027,24,2,26
"2020-09-28",6028,24,4,28
"2020-09-28",6030,25,4,29
"2020-09-28",6033,24,4,28
"2020-09-28",6047,23,5,28
"2020-09-28",6050,27,3,30
"2020-09-28",6055,24,3,27
"2020-09-28",6069,22,4,26
"2020-09-28",6090,18,5,23
"2020-09-28",6121,25,5,30
"2020-09-28",6126,24,4,28
"2020-09-28",6129,17,3,20
"2020-09-28",6130,24,3,27
"2020-09-28",6134,18,2,20
"2020-09-28",7010,19,4,23
"2020-09-28",7018,29,5,34
"2020-09-28",7019,16,4,20
"2020-09-28",7022,21,4,25
"2020-09-28",7023,23,1,24
"2020-09-28",7024,22,4,26
"2020-09-28",7027,26,4,30
"2020-09-28",7029,22,3,25
"2020-09-28",7030,26,3,29
"2020-09-28",7033,26,5,31
"2020-09-28",7039,25,4,29
"2020-09-28",7043,17,4,21
"2020-09-28",7051,30,5,35
"2020-09-28",8015,12,3,15
"2020-09-29",2074,24,4,28
"2020-09-29",3150,20,5,25
"2020-09-29",4001,19,1,20
"2020-09-29",4072,19,3,22
"2020-09-29",5005,11,4,15
"2020-09-29",5028,18,3,21
"2020-09-29",5041,22,4,26
"2020-09-29",5042,22,3,25
"2020-09-29",5058,15,3,18
"2020-09-29",5100,28,4,32
"2020-09-29",5120,18,4,22
"2020-09-29",5124,21,5,26
"2020-09-29",5133,25,4,29
"2020-09-29",5135,20,5,25
"2020-09-29",5137,21,5,26
"2020-09-29",5139,16,3,19
"2020-09-29",5140,25,5,30
"2020-09-29",5145,13,5,18
"2020-09-29",6005,20,4,24
"2020-09-29",6011,27,5,32
"2020-09-29",6027,19,2,21
"2020-09-29",6028,17,4,21
"2020-09-29",6030,26,4,30
"2020-09-29",6033,24,3,27
"2020-09-29",6047,26,5,31
"2020-09-29",6050,23,4,27
"2020-09-29",6055,25,4,29
"2020-09-29",6069,23,5,28
"2020-09-29",6090,20,5,25
"2020-09-29",6121,17,5,22
"2020-09-29",6126,26,4,30
"2020-09-29",6129,18,2,20
"2020-09-29",6130,21,4,25
"2020-09-29",6134,23,2,25
"2020-09-29",7010,20,4,24
"2020-09-29",7018,21,4,25
"2020-09-29",7019,15,4,19
"2020-09-29",7022,26,4,30
"2020-09-29",7023,26,4,30
"2020-09-29",7024,19,5,24
"2020-09-29",7027,25,4,29
"2020-09-29",7029,19,3,22
"2020-09-29",7030,22,4,26
"2020-09-29",7033,20,5,25
"2020-09-29",7039,13,4,17
"2020-09-29",7043,22,5,27
"2020-09-29",7051,24,4,28
"2020-09-29",8015,23,4,27
"2020-09-30",2074,15,3,18
"2020-09-30",3150,22,4,26
"2020-09-30",4001,19,3,22
"2020-09-30",4072,17,3,20
"2020-09-30",5005,13,4,17
"2020-09-30",5028,17,2,19
"2020-09-30",5041,27,3,30
"2020-09-30",5042,22,2,24
"2020-09-30",5058,20,3,23
"2020-09-30",5100,23,5,28
"2020-09-30",5120,19,4,23
"2020-09-30",5124,17,4,21
"2020-09-30",5133,25,4,29
"2020-09-30",5135,20,4,24
"2020-09-30",5137,18,5,23
"2020-09-30",5139,17,4,21
"2020-09-30",5140,16,3,19
"2020-09-30",5145,22,4,26
"2020-09-30",6005,19,4,23
"2020-09-30",6011,21,4,25
"2020-09-30",6027,25,2,27
"2020-09-30",6028,13,4,17
"2020-09-30",6030,24,4,28
"2020-09-30",6033,20,5,25
"2020-09-30",6047,24,5,29
"2020-09-30",6050,24,4,28
"2020-09-30",6055,21,3,24
"2020-09-30",6069,17,4,21
"2020-09-30",6090,21,4,25
"2020-09-30",6121,26,5,31
"2020-09-30",6126,19,5,24
"2020-09-30",6129,23,4,27
"2020-09-30",6130,16,4,20
"2020-09-30",6134,23,2,25
"2020-09-30",7010,17,4,21
"2020-09-30",7018,19,3,22
"2020-09-30",7019,21,5,26
"2020-09-30",7022,24,4,28
"2020-09-30",7023,24,4,28
"2020-09-30",7024,21,4,25
"2020-09-30",7027,27,4,31
"2020-09-30",7029,19,4,23
"2020-09-30",7030,27,2,29
"2020-09-30",7033,28,5,33
"2020-09-30",7039,19,3,22
"2020-09-30",7043,26,5,31
"2020-09-30",7051,29,5,34
"2020-09-30",8015,26,4,30
"2020-10-01",2074,17,4,21
"2020-10-01",3150,15,4,19
"2020-10-01",4001,24,1,25
"2020-10-01",4072,15,3,18
"2020-10-01",5005,14,4,18
"2020-10-01",5028,28,4,32
"2020-10-01",5041,21,3,24
"2020-10-01",5042,23,2,25
"2020-10-01",5058,21,3,24
"2020-10-01",5100,29,5,34
"2020-10-01",5120,21,4,25
"2020-10-01",5124,18,4,22
"2020-10-01",5133,30,4,34
"2020-10-01",5135,24,5,29
"2020-10-01",5137,26,4,30
"2020-10-01",5139,20,5,25
"2020-10-01",5140,20,5,25
"2020-10-01",5145,24,4,28
"2020-10-01",6005,19,3,22
"2020-10-01",6011,30,4,34
"2020-10-01",6027,28,2,30
"2020-10-01",6028,20,3,23
"2020-10-01",6030,27,5,32
"2020-10-01",6033,26,4,30
"2020-10-01",6047,27,5,32
"2020-10-01",6050,26,5,31
"2020-10-01",6055,24,3,27
"2020-10-01",6069,16,3,19
"2020-10-01",6090,24,4,28
"2020-10-01",6121,24,5,29
"2020-10-01",6126,29,5,34
"2020-10-01",6129,19,3,22
"2020-10-01",6130,20,4,24
"2020-10-01",6134,17,2,19
"2020-10-01",7010,20,4,24
"2020-10-01",7018,18,4,22
"2020-10-01",7019,19,3,22
"2020-10-01",7022,24,4,28
"2020-10-01",7023,28,3,31
"2020-10-01",7024,19,3,22
"2020-10-01",7027,22,3,25
"2020-10-01",7029,20,4,24
"2020-10-01",7030,29,5,34
"2020-10-01",7033,22,5,27
"2020-10-01",7039,16,3,19
"2020-10-01",7043,23,5,28
"2020-10-01",7051,26,5,31
"2020-10-01",8015,21,4,25
"2020-10-02",2074,18,3,21
"2020-10-02",3150,22,4,26
"2020-10-02",4001,20,2,22
"2020-10-02",4072,14,4,18
"2020-10-02",5005,15,4,19
"2020-10-02",5028,22,4,26
"2020-10-02",5041,18,3,21
"2020-10-02",5042,23,2,25
"2020-10-02",5058,20,3,23
"2020-10-02",5100,26,5,31
"2020-10-02",5120,19,5,24
"2020-10-02",5124,22,4,26
"2020-10-02",5133,24,3,27
"2020-10-02",5135,19,4,23
"2020-10-02",5137,17,5,22
"2020-10-02",5139,17,3,20
"2020-10-02",5140,25,4,29
"2020-10-02",5145,24,4,28
"2020-10-02",6005,19,4,23
"2020-10-02",6011,28,5,33
"2020-10-02",6027,27,3,30
"2020-10-02",6028,21,3,24
"2020-10-02",6030,27,5,32
"2020-10-02",6033,18,4,22
"2020-10-02",6047,21,4,25
"2020-10-02",6050,23,4,27
"2020-10-02",6055,25,5,30
"2020-10-02",6069,14,5,19
"2020-10-02",6090,22,4,26
"2020-10-02",6121,22,5,27
"2020-10-02",6126,28,5,33
"2020-10-02",6129,18,4,22
"2020-10-02",6130,25,5,30
"2020-10-02",6134,24,2,26
"2020-10-02",7010,16,4,20
"2020-10-02",7018,24,4,28
"2020-10-02",7019,25,5,30
"2020-10-02",7022,25,4,29
"2020-10-02",7023,22,2,24
"2020-10-02",7024,21,3,24
"2020-10-02",7027,28,4,32
"2020-10-02",7029,21,2,23
"2020-10-02",7030,29,5,34
"2020-10-02",7033,26,5,31
"2020-10-02",7039,18,4,22
"2020-10-02",7043,21,4,25
"2020-10-02",7051,28,4,32
"2020-10-02",8015,20,4,24
"2020-10-03",2074,21,3,24
"2020-10-03",3150,28,5,33
"2020-10-03",4001,21,2,23
"2020-10-03",4072,20,3,23
"2020-10-03",5005,19,5,24
"2020-10-03",5028,23,5,28
"2020-10-03",5041,15,3,18
"2020-10-03",5042,21,2,23
"2020-10-03",5058,20,3,23
"2020-10-03",5100,26,4,30
"2020-10-03",5120,21,4,25
"2020-10-03",5124,18,4,22
"2020-10-03",5133,27,3,30
"2020-10-03",5135,24,5,29
"2020-10-03",5137,20,4,24
"2020-10-03",5139,19,4,23
"2020-10-03",5140,23,5,28
"2020-10-03",5145,20,3,23
"2020-10-03",6005,20,4,24
"2020-10-03",6011,30,3,33
"2020-10-03",6027,25,2,27
"2020-10-03",6028,24,4,28
"2020-10-03",6030,25,5,30
"2020-10-03",6033,23,4,27
"2020-10-03",6047,21,3,24
"2020-10-03",6050,26,5,31
"2020-10-03",6055,26,3,29
"2020-10-03",6069,18,3,21
"2020-10-03",6090,25,3,28
"2020-10-03",6121,22,5,27
"2020-10-03",6126,28,5,33
"2020-10-03",6129,20,4,24
"2020-10-03",6130,26,5,31
"2020-10-03",6134,22,5,27
"2020-10-03",7010,18,4,22
"2020-10-03",7018,29,5,34
"2020-10-03",7019,23,4,27
"2020-10-03",7022,25,5,30
"2020-10-03",7023,27,5,32
"2020-10-03",7024,20,4,24
"2020-10-03",7027,24,4,28
"2020-10-03",7029,17,3,20
"2020-10-03",7030,28,3,31
"2020-10-03",7033,20,3,23
"2020-10-03",7039,24,4,28
"2020-10-03",7043,24,3,27
"2020-10-03",7051,26,5,31
"2020-10-03",8015,22,4,26
"2020-10-04",2074,18,2,20
"2020-10-04",3150,19,5,24
"2020-10-04",4001,23,4,27
"2020-10-04",4072,16,3,19
"2020-10-04",5005,18,4,22
"2020-10-04",5028,20,2,22
"2020-10-04",5041,22,3,25
"2020-10-04",5042,19,2,21
"2020-10-04",5058,29,4,33
"2020-10-04",5100,28,5,33
"2020-10-04",5120,16,5,21
"2020-10-04",5124,22,4,26
"2020-10-04",5133,25,4,29
"2020-10-04",5135,19,5,24
"2020-10-04",5137,23,5,28
"2020-10-04",5139,22,3,25
"2020-10-04",5140,19,4,23
"2020-10-04",5145,25,3,28
"2020-10-04",6005,19,4,23
"2020-10-04",6011,29,4,33
"2020-10-04",6027,24,3,27
"2020-10-04",6028,20,4,24
"2020-10-04",6030,28,3,31
"2020-10-04",6033,24,4,28
"2020-10-04",6047,26,4,30
"2020-10-04",6050,21,5,26
"2020-10-04",6055,26,4,30
"2020-10-04",6069,20,2,22
"2020-10-04",6090,23,4,27
"2020-10-04",6121,19,5,24
"2020-10-04",6126,27,5,32
"2020-10-04",6129,22,3,25
"2020-10-04",6130,23,4,27
"2020-10-04",6134,25,3,28
"2020-10-04",7010,17,5,22
"2020-10-04",7018,26,5,31
"2020-10-04",7019,23,4,27
"2020-10-04",7022,21,4,25
"2020-10-04",7023,28,4,32
"2020-10-04",7024,26,4,30
"2020-10-04",7027,25,3,28
"2020-10-04",7029,23,4,27
"2020-10-04",7030,28,4,32
"2020-10-04",7033,25,5,30
"2020-10-04",7039,23,4,27
"2020-10-04",7043,19,5,24
"2020-10-04",7051,22,5,27
"2020-10-04",8015,20,4,24
"2020-10-05",2074,19,2,21
"2020-10-05",3150,25,4,29
"2020-10-05",4001,24,3,27
"2020-10-05",4072,22,4,26
"2020-10-05",5005,8,3,11
"2020-10-05",5028,25,3,28
"2020-10-05",5041,23,4,27
"2020-10-05",5042,19,2,21
"2020-10-05",5058,21,3,24
"2020-10-05",5100,26,5,31
"2020-10-05",5120,21,5,26
"2020-10-05",5124,23,4,27
"2020-10-05",5133,27,3,30
"2020-10-05",5135,21,3,24
"2020-10-05",5137,21,4,25
"2020-10-05",5139,22,4,26
"2020-10-05",5140,23,5,28
"2020-10-05",5145,24,3,27
"2020-10-05",6005,19,4,23
"2020-10-05",6011,30,4,34
"2020-10-05",6027,26,4,30
"2020-10-05",6028,21,4,25
"2020-10-05",6030,27,4,31
"2020-10-05",6033,23,5,28
"2020-10-05",6047,22,4,26
"2020-10-05",6050,23,3,26
"2020-10-05",6055,27,5,32
"2020-10-05",6069,19,3,22
"2020-10-05",6090,17,2,19
"2020-10-05",6121,20,5,25
"2020-10-05",6126,25,5,30
"2020-10-05",6129,19,4,23
"2020-10-05",6130,21,4,25
"2020-10-05",6134,24,3,27
"2020-10-05",7010,13,3,16
"2020-10-05",7018,26,4,30
"2020-10-05",7019,28,2,30
"2020-10-05",7022,28,5,33
"2020-10-05",7023,22,3,25
"2020-10-05",7024,20,3,23
"2020-10-05",7027,25,4,29
"2020-10-05",7029,19,4,23
"2020-10-05",7030,28,4,32
"2020-10-05",7033,28,5,33
"2020-10-05",7039,16,2,18
"2020-10-05",7043,22,4,26
"2020-10-05",7051,29,5,34
"2020-10-05",8015,20,3,23
"2020-10-06",2074,20,4,24
"2020-10-06",3150,20,5,25
"2020-10-06",4001,16,2,18
"2020-10-06",4072,17,4,21
"2020-10-06",5005,14,4,18
"2020-10-06",5028,18,4,22
"2020-10-06",5041,16,3,19
"2020-10-06",5042,21,2,23
"2020-10-06",5058,24,5,29
"2020-10-06",5100,29,4,33
"2020-10-06",5120,20,5,25
"2020-10-06",5124,20,4,24
"2020-10-06",5133,18,3,21
"2020-10-06",5135,21,2,23
"2020-10-06",5137,19,3,22
"2020-10-06",5139,15,4,19
"2020-10-06",5140,23,4,27
"2020-10-06",5145,16,4,20
"2020-10-06",6005,19,4,23
"2020-10-06",6011,29,4,33
"2020-10-06",6027,24,3,27
"2020-10-06",6028,21,4,25
"2020-10-06",6030,29,3,32
"2020-10-06",6033,16,4,20
"2020-10-06",6047,21,5,26
"2020-10-06",6050,24,5,29
"2020-10-06",6055,25,4,29
"2020-10-06",6069,18,3,21
"2020-10-06",6090,23,3,26
"2020-10-06",6121,20,5,25
"2020-10-06",6126,24,5,29
"2020-10-06",6129,17,3,20
"2020-10-06",6130,21,5,26
"2020-10-06",6134,21,3,24
"2020-10-06",7010,15,3,18
"2020-10-06",7018,24,4,28
"2020-10-06",7019,25,3,28
"2020-10-06",7022,25,5,30
"2020-10-06",7023,25,3,28
"2020-10-06",7024,23,5,28
"2020-10-06",7027,22,3,25
"2020-10-06",7029,19,2,21
"2020-10-06",7030,29,4,33
"2020-10-06",7033,28,4,32
"2020-10-06",7039,18,3,21
"2020-10-06",7043,20,5,25
"2020-10-06",7051,26,4,30
"2020-10-06",8015,17,3,20
"2020-10-07",2074,20,3,23
"2020-10-07",3150,26,5,31
"2020-10-07",4001,28,3,31
"2020-10-07",4072,23,4,27
"2020-10-07",5005,11,1,12
"2020-10-07",5028,28,5,33
"2020-10-07",5041,25,5,30
"2020-10-07",5042,24,2,26
"2020-10-07",5058,23,4,27
"2020-10-07",5100,30,5,35
"2020-10-07",5120,24,5,29
"2020-10-07",5124,28,5,33
"2020-10-07",5133,23,4,27
"2020-10-07",5135,22,4,26
"2020-10-07",5137,25,4,29
"2020-10-07",5139,24,3,27
"2020-10-07",5140,27,3,30
"2020-10-07",5145,21,3,24
"2020-10-07",6005,17,4,21
"2020-10-07",6011,29,5,34
"2020-10-07",6027,27,4,31
"2020-10-07",6028,27,3,30
"2020-10-07",6030,28,2,30
"2020-10-07",6033,25,5,30
"2020-10-07",6047,20,5,25
"2020-10-07",6050,27,4,31
"2020-10-07",6055,29,5,34
"2020-10-07",6069,16,2,18
"2020-10-07",6090,23,5,28
"2020-10-07",6121,20,4,24
"2020-10-07",6126,26,5,31
"2020-10-07",6129,23,4,27
"2020-10-07",6130,28,4,32
"2020-10-07",6134,24,3,27
"2020-10-07",7010,24,4,28
"2020-10-07",7018,27,4,31
"2020-10-07",7019,25,3,28
"2020-10-07",7022,30,5,35
"2020-10-07",7023,25,3,28
"2020-10-07",7024,19,3,22
"2020-10-07",7027,27,4,31
"2020-10-07",7029,25,3,28
"2020-10-07",7030,29,2,31
"2020-10-07",7033,29,5,34
"2020-10-07",7039,23,2,25
"2020-10-07",7043,26,4,30
"2020-10-07",7051,30,4,34
"2020-10-07",8015,24,3,27
"2020-10-08",2074,19,3,22
"2020-10-08",3150,25,5,30
"2020-10-08",4001,23,2,25
"2020-10-08",4070,17,1,18
"2020-10-08",4072,23,4,27
"2020-10-08",5005,10,3,13
"2020-10-08",5028,15,3,18
"2020-10-08",5041,27,3,30
"2020-10-08",5042,18,2,20
"2020-10-08",5058,27,3,30
"2020-10-08",5100,26,4,30
"2020-10-08",5120,27,3,30
"2020-10-08",5123,10,2,12
"2020-10-08",5124,21,3,24
"2020-10-08",5133,26,3,29
"2020-10-08",5135,18,4,22
"2020-10-08",5137,23,4,27
"2020-10-08",5139,22,4,26
"2020-10-08",5140,16,2,18
"2020-10-08",5145,28,4,32
"2020-10-08",6005,18,3,21
"2020-10-08",6011,24,3,27
"2020-10-08",6020,19,2,21
"2020-10-08",6027,27,3,30
"2020-10-08",6028,23,5,28
"2020-10-08",6030,27,2,29
"2020-10-08",6033,22,4,26
"2020-10-08",6042,13,1,14
"2020-10-08",6047,13,2,15
"2020-10-08",6050,29,4,33
"2020-10-08",6055,26,4,30
"2020-10-08",6069,23,3,26
"2020-10-08",6084,14,5,19
"2020-10-08",6090,21,5,26
"2020-10-08",6121,23,5,28
"2020-10-08",6126,27,4,31
"2020-10-08",6129,25,4,29
"2020-10-08",6130,25,5,30
"2020-10-08",6134,11,1,12
"2020-10-08",7010,13,3,16
"2020-10-08",7018,27,5,32
"2020-10-08",7019,30,3,33
"2020-10-08",7022,21,5,26
"2020-10-08",7023,25,3,28
"2020-10-08",7024,21,4,25
"2020-10-08",7027,24,3,27
"2020-10-08",7029,23,4,27
"2020-10-08",7030,28,4,32
"2020-10-08",7033,24,4,28
"2020-10-08",7039,25,4,29
"2020-10-08",7043,28,5,33
"2020-10-08",7051,27,5,32
"2020-10-08",8015,29,5,34
"2020-10-09",2074,22,4,26
"2020-10-09",3150,21,5,26
"2020-10-09",4001,24,4,28
"2020-10-09",4070,21,2,23
"2020-10-09",4072,24,5,29
"2020-10-09",5028,20,5,25
"2020-10-09",5041,24,5,29
"2020-10-09",5042,19,2,21
"2020-10-09",5058,26,4,30
"2020-10-09",5100,26,4,30
"2020-10-09",5120,25,4,29
"2020-10-09",5123,24,3,27
"2020-10-09",5124,26,5,31
"2020-10-09",5133,28,3,31
"2020-10-09",5135,19,4,23
"2020-10-09",5137,27,3,30
"2020-10-09",5139,26,2,28
"2020-10-09",5145,27,3,30
"2020-10-09",6005,24,3,27
"2020-10-09",6020,15,2,17
"2020-10-09",6027,28,4,32
"2020-10-09",6028,22,3,25
"2020-10-09",6030,26,3,29
"2020-10-09",6033,22,4,26
"2020-10-09",6042,22,5,27
"2020-10-09",6050,22,5,27
"2020-10-09",6055,27,3,30
"2020-10-09",6069,28,3,31
"2020-10-09",6084,23,3,26
"2020-10-09",6090,26,4,30
"2020-10-09",6121,19,5,24
"2020-10-09",6126,25,2,27
"2020-10-09",6129,25,3,28
"2020-10-09",6130,29,4,33
"2020-10-09",7010,20,4,24
"2020-10-09",7018,25,4,29
"2020-10-09",7019,25,3,28
"2020-10-09",7022,28,5,33
"2020-10-09",7023,27,4,31
"2020-10-09",7024,24,3,27
"2020-10-09",7027,30,4,34
"2020-10-09",7029,28,5,33
"2020-10-09",7030,27,3,30
"2020-10-09",7033,28,5,33
"2020-10-09",7039,27,4,31
"2020-10-09",7043,25,5,30
"2020-10-09",7051,25,5,30
"2020-10-09",8015,25,4,29
"2020-10-10",2074,21,2,23
"2020-10-10",3150,26,5,31
"2020-10-10",4001,28,3,31
"2020-10-10",4070,27,4,31
"2020-10-10",4072,27,2,29
"2020-10-10",5028,21,5,26
"2020-10-10",5041,25,4,29
"2020-10-10",5042,19,2,21
"2020-10-10",5058,24,3,27
"2020-10-10",5100,29,5,34
"2020-10-10",5120,19,4,23
"2020-10-10",5123,15,1,16
"2020-10-10",5124,22,3,25
"2020-10-10",5133,22,3,25
"2020-10-10",5135,29,4,33
"2020-10-10",5137,29,5,34
"2020-10-10",5139,24,3,27
"2020-10-10",5145,30,3,33
"2020-10-10",6005,23,4,27
"2020-10-10",6020,19,4,23
"2020-10-10",6027,27,5,32
"2020-10-10",6028,24,3,27
"2020-10-10",6030,29,4,33
"2020-10-10",6033,24,3,27
"2020-10-10",6042,24,3,27
"2020-10-10",6050,23,4,27
"2020-10-10",6055,24,4,28
"2020-10-10",6069,22,3,25
"2020-10-10",6084,25,5,30
"2020-10-10",6090,23,4,27
"2020-10-10",6121,23,5,28
"2020-10-10",6126,28,4,32
"2020-10-10",6129,25,3,28
"2020-10-10",6130,30,5,35
"2020-10-10",7010,23,4,27
"2020-10-10",7018,29,3,32
"2020-10-10",7019,19,4,23
"2020-10-10",7022,25,5,30
"2020-10-10",7023,27,2,29
"2020-10-10",7024,27,3,30
"2020-10-10",7027,27,4,31
"2020-10-10",7029,21,4,25
"2020-10-10",7030,28,5,33
"2020-10-10",7033,27,5,32
"2020-10-10",7039,27,4,31
"2020-10-10",7043,25,5,30
"2020-10-10",7051,30,4,34
"2020-10-10",8015,24,3,27
"2020-10-11",2074,23,4,27
"2020-10-11",3150,20,4,24
"2020-10-11",4001,27,4,31
"2020-10-11",4070,26,4,30
"2020-10-11",4072,26,3,29
"2020-10-11",5028,13,4,17
"2020-10-11",5041,22,3,25
"2020-10-11",5042,22,3,25
"2020-10-11",5058,26,5,31
"2020-10-11",5100,27,5,32
"2020-10-11",5120,29,5,34
"2020-10-11",5123,18,1,19
"2020-10-11",5124,22,5,27
"2020-10-11",5133,25,2,27
"2020-10-11",5135,23,4,27
"2020-10-11",5137,28,4,32
"2020-10-11",5139,22,3,25
"2020-10-11",5145,29,3,32
"2020-10-11",6005,22,4,26
"2020-10-11",6020,20,4,24
"2020-10-11",6027,26,4,30
"2020-10-11",6028,17,4,21
"2020-10-11",6030,24,3,27
"2020-10-11",6033,17,4,21
"2020-10-11",6042,25,4,29
"2020-10-11",6050,21,5,26
"2020-10-11",6055,29,5,34
"2020-10-11",6069,29,4,33
"2020-10-11",6084,23,4,27
"2020-10-11",6090,26,4,30
"2020-10-11",6121,21,5,26
"2020-10-11",6126,25,4,29
"2020-10-11",6129,22,3,25
"2020-10-11",6130,27,5,32
"2020-10-11",7010,18,4,22
"2020-10-11",7018,23,4,27
"2020-10-11",7019,11,1,12
"2020-10-11",7022,23,4,27
"2020-10-11",7023,27,4,31
"2020-10-11",7024,29,4,33
"2020-10-11",7027,25,4,29
"2020-10-11",7029,25,4,29
"2020-10-11",7030,27,5,32
"2020-10-11",7033,27,4,31
"2020-10-11",7039,20,2,22
"2020-10-11",7043,27,4,31
"2020-10-11",7051,25,5,30
"2020-10-11",8015,17,3,20
"2020-10-12",2074,16,5,21
"2020-10-12",3150,15,4,19
"2020-10-12",4001,27,3,30
"2020-10-12",4070,22,3,25
"2020-10-12",4072,27,4,31
"2020-10-12",5028,19,3,22
"2020-10-12",5041,22,3,25
"2020-10-12",5042,20,2,22
"2020-10-12",5058,21,3,24
"2020-10-12",5100,26,5,31
"2020-10-12",5120,18,4,22
"2020-10-12",5123,21,3,24
"2020-10-12",5124,27,5,32
"2020-10-12",5133,24,4,28
"2020-10-12",5135,22,5,27
"2020-10-12",5137,26,3,29
"2020-10-12",5139,23,3,26
"2020-10-12",5145,23,4,27
"2020-10-12",6005,27,4,31
"2020-10-12",6020,24,3,27
"2020-10-12",6027,15,4,19
"2020-10-12",6028,25,5,30
"2020-10-12",6030,29,4,33
"2020-10-12",6033,22,5,27
"2020-10-12",6042,26,5,31
"2020-10-12",6050,21,4,25
"2020-10-12",6055,29,5,34
"2020-10-12",6069,21,2,23
"2020-10-12",6084,24,5,29
"2020-10-12",6090,15,4,19
"2020-10-12",6121,22,4,26
"2020-10-12",6126,19,4,23
"2020-10-12",6129,23,3,26
"2020-10-12",6130,20,4,24
"2020-10-12",7010,23,5,28
"2020-10-12",7018,28,5,33
"2020-10-12",7019,18,2,20
"2020-10-12",7022,27,5,32
"2020-10-12",7023,27,2,29
"2020-10-12",7024,26,5,31
"2020-10-12",7027,29,4,33
"2020-10-12",7029,23,4,27
"2020-10-12",7030,24,4,28
"2020-10-12",7033,29,5,34
"2020-10-12",7039,15,3,18
"2020-10-12",7043,23,5,28
"2020-10-12",7051,23,5,28
"2020-10-12",8015,27,3,30
"2020-10-13",2074,20,4,24
"2020-10-13",3150,17,4,21
"2020-10-13",4001,24,4,28
"2020-10-13",4070,21,3,24
"2020-10-13",4072,18,4,22
"2020-10-13",5028,22,4,26
"2020-10-13",5041,23,4,27
"2020-10-13",5042,19,2,21
"2020-10-13",5058,26,3,29
"2020-10-13",5100,30,5,35
"2020-10-13",5120,23,5,28
"2020-10-13",5123,15,1,16
"2020-10-13",5124,18,4,22
"2020-10-13",5133,24,4,28
"2020-10-13",5135,16,3,19
"2020-10-13",5137,23,4,27
"2020-10-13",5139,22,3,25
"2020-10-13",5145,21,4,25
"2020-10-13",6005,21,4,25
"2020-10-13",6020,17,2,19
"2020-10-13",6027,28,4,32
"2020-10-13",6028,24,4,28
"2020-10-13",6030,29,5,34
"2020-10-13",6033,23,4,27
"2020-10-13",6042,21,4,25
"2020-10-13",6050,21,4,25
"2020-10-13",6055,22,2,24
"2020-10-13",6069,24,4,28
"2020-10-13",6084,23,5,28
"2020-10-13",6090,21,4,25
"2020-10-13",6121,20,5,25
"2020-10-13",6126,28,4,32
"2020-10-13",6129,21,4,25
"2020-10-13",6130,18,3,21
"2020-10-13",7010,21,5,26
"2020-10-13",7018,23,5,28
"2020-10-13",7019,21,3,24
"2020-10-13",7022,20,4,24
"2020-10-13",7023,25,3,28
"2020-10-13",7024,22,4,26
"2020-10-13",7027,29,5,34
"2020-10-13",7029,25,4,29
"2020-10-13",7030,27,5,32
"2020-10-13",7033,19,4,23
"2020-10-13",7039,28,5,33
"2020-10-13",7043,24,3,27
"2020-10-13",7051,21,3,24
"2020-10-13",8015,23,3,26
"2020-10-14",2074,22,3,25
"2020-10-14",3150,26,4,30
"2020-10-14",4001,27,2,29
"2020-10-14",4070,22,4,26
"2020-10-14",4072,23,5,28
"2020-10-14",5028,21,2,23
"2020-10-14",5041,19,4,23
"2020-10-14",5042,20,1,21
"2020-10-14",5058,27,4,31
"2020-10-14",5100,30,4,34
"2020-10-14",5120,27,4,31
"2020-10-14",5123,17,1,18
"2020-10-14",5124,26,4,30
"2020-10-14",5133,23,4,27
"2020-10-14",5135,27,5,32
"2020-10-14",5137,26,4,30
"2020-10-14",5139,21,2,23
"2020-10-14",5145,28,4,32
"2020-10-14",6005,25,5,30
"2020-10-14",6020,27,3,30
"2020-10-14",6027,25,2,27
"2020-10-14",6028,28,5,33
"2020-10-14",6030,26,5,31
"2020-10-14",6033,26,4,30
"2020-10-14",6042,24,4,28
"2020-10-14",6050,26,5,31
"2020-10-14",6055,22,2,24
"2020-10-14",6069,27,3,30
"2020-10-14",6084,23,5,28
"2020-10-14",6090,26,5,31
"2020-10-14",6121,20,5,25
"2020-10-14",6126,29,5,34
"2020-10-14",6129,22,3,25
"2020-10-14",6130,21,4,25
"2020-10-14",7010,24,5,29
"2020-10-14",7018,24,4,28
"2020-10-14",7019,22,3,25
"2020-10-14",7022,27,4,31
"2020-10-14",7023,22,4,26
"2020-10-14",7024,18,3,21
"2020-10-14",7027,28,4,32
"2020-10-14",7029,24,3,27
"2020-10-14",7030,30,4,34
"2020-10-14",7033,26,5,31
"2020-10-14",7039,23,4,27
"2020-10-14",7043,20,4,24
"2020-10-14",7051,24,5,29
"2020-10-14",8015,22,4,26
"2020-10-15",2074,21,4,25
"2020-10-15",3150,22,4,26
"2020-10-15",4001,26,4,30
"2020-10-15",4070,17,4,21
"2020-10-15",4072,27,4,31
"2020-10-15",5028,21,5,26
"2020-10-15",5041,25,3,28
"2020-10-15",5042,21,2,23
"2020-10-15",5058,26,3,29
"2020-10-15",5100,26,3,29
"2020-10-15",5120,28,4,32
"2020-10-15",5123,17,1,18
"2020-10-15",5124,27,5,32
"2020-10-15",5133,19,2,21
"2020-10-15",5135,27,5,32
"2020-10-15",5137,27,5,32
"2020-10-15",5139,21,2,23
"2020-10-15",5145,25,4,29
"2020-10-15",6005,21,3,24
"2020-10-15",6020,22,3,25
"2020-10-15",6027,26,5,31
"2020-10-15",6028,24,5,29
"2020-10-15",6030,26,4,30
"2020-10-15",6033,28,5,33
"2020-10-15",6042,29,4,33
"2020-10-15",6050,23,5,28
"2020-10-15",6055,26,3,29
"2020-10-15",6069,23,4,27
"2020-10-15",6084,27,5,32
"2020-10-15",6090,19,5,24
"2020-10-15",6121,20,3,23
"2020-10-15",6126,27,5,32
"2020-10-15",6129,16,3,19
"2020-10-15",6130,21,3,24
"2020-10-15",7010,20,4,24
"2020-10-15",7018,23,5,28
"2020-10-15",7019,25,3,28
"2020-10-15",7022,26,5,31
"2020-10-15",7023,24,3,27
"2020-10-15",7024,18,3,21
"2020-10-15",7027,28,3,31
"2020-10-15",7029,23,3,26
"2020-10-15",7030,28,4,32
"2020-10-15",7033,26,5,31
"2020-10-15",7039,20,4,24
"2020-10-15",7043,25,5,30
"2020-10-15",7051,23,5,28
"2020-10-15",8015,22,4,26
"2020-10-16",2074,19,4,23
"2020-10-16",3150,24,5,29
"2020-10-16",4001,27,4,31
"2020-10-16",4070,20,4,24
"2020-10-16",4072,24,4,28
"2020-10-16",5028,23,5,28
"2020-10-16",5041,24,3,27
"2020-10-16",5042,21,2,23
"2020-10-16",5058,18,3,21
"2020-10-16",5100,29,4,33
"2020-10-16",5120,26,4,30
"2020-10-16",5123,15,2,17
"2020-10-16",5124,20,4,24
"2020-10-16",5133,26,3,29
"2020-10-16",5135,25,4,29
"2020-10-16",5137,23,4,27
"2020-10-16",5139,24,4,28
"2020-10-16",5145,24,4,28
"2020-10-16",6005,26,4,30
"2020-10-16",6020,26,4,30
"2020-10-16",6027,28,5,33
"2020-10-16",6028,26,4,30
"2020-10-16",6030,27,4,31
"2020-10-16",6033,22,5,27
"2020-10-16",6042,26,3,29
"2020-10-16",6050,20,4,24
"2020-10-16",6055,25,3,28
"2020-10-16",6069,24,5,29
"2020-10-16",6084,27,4,31
"2020-10-16",6090,20,4,24
"2020-10-16",6121,21,5,26
"2020-10-16",6126,26,4,30
"2020-10-16",6129,17,3,20
"2020-10-16",6130,25,5,30
"2020-10-16",7010,24,4,28
"2020-10-16",7018,26,5,31
"2020-10-16",7019,25,3,28
"2020-10-16",7022,25,5,30
"2020-10-16",7023,25,4,29
"2020-10-16",7024,25,4,29
"2020-10-16",7027,28,3,31
"2020-10-16",7029,19,3,22
"2020-10-16",7030,29,5,34
"2020-10-16",7033,25,5,30
"2020-10-16",7039,25,4,29
"2020-10-16",7043,24,4,28
"2020-10-16",7051,21,5,26
"2020-10-16",8015,21,4,25
"2020-10-17",2074,21,4,25
"2020-10-17",3150,24,4,28
"2020-10-17",4001,20,4,24
"2020-10-17",4070,25,5,30
"2020-10-17",4072,25,4,29
"2020-10-17",5028,21,4,25
"2020-10-17",5041,23,3,26
"2020-10-17",5042,17,2,19
"2020-10-17",5058,27,4,31
"2020-10-17",5100,29,4,33
"2020-10-17",5120,22,4,26
"2020-10-17",5123,16,1,17
"2020-10-17",5124,18,3,21
"2020-10-17",5133,26,4,30
"2020-10-17",5135,24,5,29
"2020-10-17",5137,25,4,29
"2020-10-17",5139,21,2,23
"2020-10-17",5145,28,5,33
"2020-10-17",6005,22,4,26
"2020-10-17",6020,28,3,31
"2020-10-17",6027,26,4,30
"2020-10-17",6028,18,5,23
"2020-10-17",6030,26,5,31
"2020-10-17",6033,22,4,26
"2020-10-17",6042,28,2,30
"2020-10-17",6050,19,5,24
"2020-10-17",6055,29,4,33
"2020-10-17",6069,20,3,23
"2020-10-17",6084,24,5,29
"2020-10-17",6090,20,4,24
"2020-10-17",6121,19,5,24
"2020-10-17",6126,26,5,31
"2020-10-17",6129,21,4,25
"2020-10-17",6130,20,3,23
"2020-10-17",7010,17,5,22
"2020-10-17",7018,30,4,34
"2020-10-17",7019,17,2,19
"2020-10-17",7022,28,5,33
"2020-10-17",7023,27,4,31
"2020-10-17",7024,17,3,20
"2020-10-17",7027,25,4,29
"2020-10-17",7029,15,3,18
"2020-10-17",7030,27,5,32
"2020-10-17",7033,22,4,26
"2020-10-17",7039,24,5,29
"2020-10-17",7043,20,5,25
"2020-10-17",7051,26,4,30
"2020-10-17",8015,19,3,22
"2020-10-18",2074,24,4,28
"2020-10-18",3150,19,5,24
"2020-10-18",4001,24,3,27
"2020-10-18",4070,23,3,26
"2020-10-18",4072,27,3,30
"2020-10-18",5028,21,3,24
"2020-10-18",5041,24,4,28
"2020-10-18",5042,21,2,23
"2020-10-18",5058,29,5,34
"2020-10-18",5100,26,4,30
"2020-10-18",5120,20,5,25
"2020-10-18",5123,23,1,24
"2020-10-18",5124,24,4,28
"2020-10-18",5133,18,5,23
"2020-10-18",5135,22,4,26
"2020-10-18",5137,23,5,28
"2020-10-18",5139,20,4,24
"2020-10-18",5145,26,5,31
"2020-10-18",6005,20,2,22
"2020-10-18",6020,24,3,27
"2020-10-18",6027,29,4,33
"2020-10-18",6028,28,4,32
"2020-10-18",6030,29,5,34
"2020-10-18",6033,25,3,28
"2020-10-18",6042,18,3,21
"2020-10-18",6050,27,5,32
"2020-10-18",6055,28,5,33
"2020-10-18",6069,18,3,21
"2020-10-18",6084,28,4,32
"2020-10-18",6090,24,5,29
"2020-10-18",6121,26,5,31
"2020-10-18",6126,30,5,35
"2020-10-18",6129,17,3,20
"2020-10-18",6130,24,4,28
"2020-10-18",7010,26,4,30
"2020-10-18",7018,30,4,34
"2020-10-18",7019,23,3,26
"2020-10-18",7022,23,4,27
"2020-10-18",7023,26,4,30
"2020-10-18",7024,22,4,26
"2020-10-18",7027,28,3,31
"2020-10-18",7029,22,4,26
"2020-10-18",7030,27,4,31
"2020-10-18",7033,25,4,29
"2020-10-18",7039,23,3,26
"2020-10-18",7043,19,4,23
"2020-10-18",7051,28,5,33
"2020-10-18",8015,19,3,22
"2020-10-19",2074,22,4,26
"2020-10-19",3150,24,4,28
"2020-10-19",4001,16,3,19
"2020-10-19",4070,28,4,32
"2020-10-19",4072,26,4,30
"2020-10-19",5028,24,4,28
"2020-10-19",5041,24,3,27
"2020-10-19",5042,19,2,21
"2020-10-19",5058,23,4,27
"2020-10-19",5100,26,4,30
"2020-10-19",5120,27,4,31
"2020-10-19",5123,18,1,19
"2020-10-19",5124,22,4,26
"2020-10-19",5133,26,4,30
"2020-10-19",5135,27,5,32
"2020-10-19",5137,25,4,29
"2020-10-19",5139,21,3,24
"2020-10-19",5145,27,4,31
"2020-10-19",6005,12,3,15
"2020-10-19",6020,28,4,32
"2020-10-19",6027,20,4,24
"2020-10-19",6028,26,3,29
"2020-10-19",6030,25,4,29
"2020-10-19",6033,23,4,27
"2020-10-19",6042,25,3,28
"2020-10-19",6050,25,5,30
"2020-10-19",6055,25,4,29
"2020-10-19",6069,23,5,28
"2020-10-19",6084,24,4,28
"2020-10-19",6090,22,5,27
"2020-10-19",6121,23,5,28
"2020-10-19",6126,25,5,30
"2020-10-19",6129,20,5,25
"2020-10-19",6130,21,3,24
"2020-10-19",7010,21,5,26
"2020-10-19",7018,29,4,33
"2020-10-19",7019,18,2,20
"2020-10-19",7022,28,5,33
"2020-10-19",7023,24,3,27
"2020-10-19",7024,25,4,29
"2020-10-19",7027,29,4,33
"2020-10-19",7029,22,3,25
"2020-10-19",7030,25,4,29
"2020-10-19",7033,23,4,27
"2020-10-19",7039,24,3,27
"2020-10-19",7043,20,4,24
"2020-10-19",7051,27,4,31
"2020-10-19",8015,21,5,26
"2020-10-20",2074,20,3,23
"2020-10-20",3150,18,4,22
"2020-10-20",4001,14,1,15
"2020-10-20",4070,21,5,26
"2020-10-20",4072,25,4,29
"2020-10-20",5028,16,3,19
"2020-10-20",5041,24,2,26
"2020-10-20",5042,15,2,17
"2020-10-20",5058,24,4,28
"2020-10-20",5100,23,4,27
"2020-10-20",5120,27,5,32
"2020-10-20",5123,15,1,16
"2020-10-20",5124,19,4,23
"2020-10-20",5133,20,4,24
"2020-10-20",5135,25,3,28
"2020-10-20",5137,23,5,28
"2020-10-20",5139,21,5,26
"2020-10-20",5145,21,4,25
"2020-10-20",6005,22,4,26
"2020-10-20",6020,25,5,30
"2020-10-20",6027,18,3,21
"2020-10-20",6028,27,4,31
"2020-10-20",6030,25,3,28
"2020-10-20",6033,15,3,18
"2020-10-20",6042,20,3,23
"2020-10-20",6050,17,5,22
"2020-10-20",6055,23,4,27
"2020-10-20",6069,14,3,17
"2020-10-20",6084,18,3,21
"2020-10-20",6090,18,5,23
"2020-10-20",6121,22,5,27
"2020-10-20",6126,26,5,31
"2020-10-20",6129,19,2,21
"2020-10-20",6130,17,3,20
"2020-10-20",7010,20,4,24
"2020-10-20",7018,23,5,28
"2020-10-20",7019,16,3,19
"2020-10-20",7022,22,5,27
"2020-10-20",7023,18,2,20
"2020-10-20",7024,17,2,19
"2020-10-20",7027,28,4,32
"2020-10-20",7029,20,5,25
"2020-10-20",7030,27,3,30
"2020-10-20",7033,17,3,20
"2020-10-20",7039,26,5,31
"2020-10-20",7043,22,4,26
"2020-10-20",7051,24,4,28
"2020-10-20",8015,15,3,18
"2020-10-21",2074,23,3,26
"2020-10-21",3150,20,5,25
"2020-10-21",4001,22,2,24
"2020-10-21",4070,26,4,30
"2020-10-21",4072,18,2,20
"2020-10-21",5028,23,4,27
"2020-10-21",5041,26,4,30
"2020-10-21",5042,17,2,19
"2020-10-21",5058,17,3,20
"2020-10-21",5100,27,4,31
"2020-10-21",5120,26,4,30
"2020-10-21",5123,15,1,16
"2020-10-21",5124,27,5,32
"2020-10-21",5133,17,2,19
"2020-10-21",5135,23,4,27
"2020-10-21",5137,28,5,33
"2020-10-21",5139,21,4,25
"2020-10-21",5145,24,2,26
"2020-10-21",6005,24,3,27
"2020-10-21",6020,24,2,26
"2020-10-21",6027,19,3,22
"2020-10-21",6028,28,4,32
"2020-10-21",6030,26,3,29
"2020-10-21",6033,22,4,26
"2020-10-21",6042,24,3,27
"2020-10-21",6050,24,3,27
"2020-10-21",6055,29,4,33
"2020-10-21",6069,21,4,25
"2020-10-21",6084,22,4,26
"2020-10-21",6090,23,5,28
"2020-10-21",6121,24,5,29
"2020-10-21",6126,25,5,30
"2020-10-21",6129,16,2,18
"2020-10-21",6130,18,3,21
"2020-10-21",7010,21,5,26
"2020-10-21",7018,29,3,32
"2020-10-21",7019,26,3,29
"2020-10-21",7022,23,5,28
"2020-10-21",7023,21,2,23
"2020-10-21",7024,23,3,26
"2020-10-21",7027,28,5,33
"2020-10-21",7029,20,4,24
"2020-10-21",7030,26,4,30
"2020-10-21",7033,25,4,29
"2020-10-21",7039,21,3,24
"2020-10-21",7043,21,3,24
"2020-10-21",7051,26,3,29
"2020-10-21",8015,12,2,14
"2020-10-22",2074,19,4,23
"2020-10-22",3150,24,3,27
"2020-10-22",4001,21,1,22
"2020-10-22",4044,13,2,15
"2020-10-22",4070,23,4,27
"2020-10-22",4072,25,2,27
"2020-10-22",4080,25,4,29
"2020-10-22",5028,26,5,31
"2020-10-22",5041,23,4,27
"2020-10-22",5042,21,2,23
"2020-10-22",5058,24,3,27
"2020-10-22",5061,13,2,15
"2020-10-22",5067,7,3,10
"2020-10-22",5100,27,3,30
"2020-10-22",5114,14,2,16
"2020-10-22",5120,27,3,30
"2020-10-22",5123,21,1,22
"2020-10-22",5124,28,5,33
"2020-10-22",5135,24,4,28
"2020-10-22",5137,25,5,30
"2020-10-22",5139,19,4,23
"2020-10-22",5145,28,3,31
"2020-10-22",6005,23,4,27
"2020-10-22",6020,15,3,18
"2020-10-22",6027,20,4,24
"2020-10-22",6028,29,4,33
"2020-10-22",6030,25,4,29
"2020-10-22",6033,21,2,23
"2020-10-22",6042,25,2,27
"2020-10-22",6050,24,5,29
"2020-10-22",6055,27,4,31
"2020-10-22",6069,23,3,26
"2020-10-22",6084,21,3,24
"2020-10-22",6090,22,4,26
"2020-10-22",6121,20,3,23
"2020-10-22",6126,28,4,32
"2020-10-22",6129,19,4,23
"2020-10-22",6130,24,3,27
"2020-10-22",7010,21,5,26
"2020-10-22",7018,26,4,30
"2020-10-22",7019,22,3,25
"2020-10-22",7022,26,4,30
"2020-10-22",7023,21,2,23
"2020-10-22",7024,23,4,27
"2020-10-22",7027,25,4,29
"2020-10-22",7029,17,3,20
"2020-10-22",7030,27,4,31
"2020-10-22",7033,27,4,31
"2020-10-22",7039,14,3,17
"2020-10-22",7043,24,5,29
"2020-10-22",7051,16,2,18
"2020-10-22",8015,17,1,18
"2020-10-23",2074,19,4,23
"2020-10-23",3150,24,5,29
"2020-10-23",4001,19,3,22
"2020-10-23",4044,19,3,22
"2020-10-23",4070,24,3,27
"2020-10-23",4072,27,5,32
"2020-10-23",4080,24,5,29
"2020-10-23",5028,29,5,34
"2020-10-23",5041,24,2,26
"2020-10-23",5042,24,2,26
"2020-10-23",5058,24,4,28
"2020-10-23",5061,18,2,20
"2020-10-23",5067,18,2,20
"2020-10-23",5100,28,4,32
"2020-10-23",5114,17,3,20
"2020-10-23",5120,25,3,28
"2020-10-23",5123,14,1,15
"2020-10-23",5124,22,4,26
"2020-10-23",5135,25,5,30
"2020-10-23",5137,24,4,28
"2020-10-23",5139,23,4,27
"2020-10-23",5145,27,3,30
"2020-10-23",6005,20,4,24
"2020-10-23",6020,19,3,22
"2020-10-23",6027,28,3,31
"2020-10-23",6028,28,5,33
"2020-10-23",6030,25,4,29
"2020-10-23",6033,19,2,21
"2020-10-23",6042,23,3,26
"2020-10-23",6050,21,4,25
"2020-10-23",6055,26,3,29
"2020-10-23",6069,25,3,28
"2020-10-23",6084,17,3,20
"2020-10-23",6090,21,4,25
"2020-10-23",6121,20,5,25
"2020-10-23",6126,26,4,30
"2020-10-23",6129,16,3,19
"2020-10-23",6130,24,4,28
"2020-10-23",7010,19,4,23
"2020-10-23",7018,29,4,33
"2020-10-23",7019,21,3,24
"2020-10-23",7022,25,4,29
"2020-10-23",7023,21,4,25
"2020-10-23",7024,20,3,23
"2020-10-23",7027,29,4,33
"2020-10-23",7030,26,4,30
"2020-10-23",7033,25,5,30
"2020-10-23",7043,26,5,31
"2020-10-24",2074,21,3,24
"2020-10-24",3150,21,4,25
"2020-10-24",4001,11,2,13
"2020-10-24",4044,22,3,25
"2020-10-24",4070,24,5,29
"2020-10-24",4072,27,2,29
"2020-10-24",4080,26,4,30
"2020-10-24",5028,24,3,27
"2020-10-24",5041,28,4,32
"2020-10-24",5042,24,2,26
"2020-10-24",5058,29,3,32
"2020-10-24",5061,18,2,20
"2020-10-24",5067,20,2,22
"2020-10-24",5100,24,3,27
"2020-10-24",5114,20,4,24
"2020-10-24",5120,21,3,24
"2020-10-24",5123,14,2,16
"2020-10-24",5124,20,3,23
"2020-10-24",5135,27,4,31
"2020-10-24",5137,24,3,27
"2020-10-24",5139,22,4,26
"2020-10-24",5145,24,1,25
"2020-10-24",6005,22,3,25
"2020-10-24",6020,24,3,27
"2020-10-24",6027,29,4,33
"2020-10-24",6028,26,4,30
"2020-10-24",6030,29,4,33
"2020-10-24",6033,22,2,24
"2020-10-24",6042,24,2,26
"2020-10-24",6050,25,4,29
"2020-10-24",6055,29,4,33
"2020-10-24",6069,27,4,31
"2020-10-24",6084,20,4,24
"2020-10-24",6090,20,5,25
"2020-10-24",6121,18,5,23
"2020-10-24",6126,22,5,27
"2020-10-24",6129,23,2,25
"2020-10-24",6130,19,4,23
"2020-10-24",7010,17,4,21
"2020-10-24",7018,29,4,33
"2020-10-24",7019,26,3,29
"2020-10-24",7022,27,5,32
"2020-10-24",7023,17,3,20
"2020-10-24",7024,21,3,24
"2020-10-24",7027,28,4,32
"2020-10-24",7030,28,4,32
"2020-10-24",7033,22,4,26
"2020-10-24",7043,24,4,28
"2020-10-25",2074,20,3,23
"2020-10-25",3150,25,4,29
"2020-10-25",4001,15,3,18
"2020-10-25",4044,27,3,30
"2020-10-25",4070,28,4,32
"2020-10-25",4072,26,3,29
"2020-10-25",4080,21,5,26
"2020-10-25",5028,24,4,28
"2020-10-25",5041,29,4,33
"2020-10-25",5042,26,2,28
"2020-10-25",5058,26,4,30
"2020-10-25",5061,22,4,26
"2020-10-25",5067,26,2,28
"2020-10-25",5100,26,4,30
"2020-10-25",5114,24,3,27
"2020-10-25",5120,23,4,27
"2020-10-25",5123,22,1,23
"2020-10-25",5124,22,4,26
"2020-10-25",5135,23,3,26
"2020-10-25",5137,27,5,32
"2020-10-25",5139,21,4,25
"2020-10-25",5145,26,3,29
"2020-10-25",6005,19,4,23
"2020-10-25",6020,23,4,27
"2020-10-25",6027,30,4,34
"2020-10-25",6028,29,3,32
"2020-10-25",6030,24,3,27
"2020-10-25",6033,17,2,19
"2020-10-25",6042,28,4,32
"2020-10-25",6050,24,5,29
"2020-10-25",6055,26,4,30
"2020-10-25",6069,18,4,22
"2020-10-25",6084,29,4,33
"2020-10-25",6090,22,4,26
"2020-10-25",6121,22,5,27
"2020-10-25",6126,29,4,33
"2020-10-25",6129,22,4,26
"2020-10-25",6130,28,3,31
"2020-10-25",7010,27,3,30
"2020-10-25",7018,27,3,30
"2020-10-25",7019,25,3,28
"2020-10-25",7022,23,4,27
"2020-10-25",7023,19,2,21
"2020-10-25",7024,19,3,22
"2020-10-25",7027,30,4,34
"2020-10-25",7030,29,3,32
"2020-10-25",7033,26,5,31
"2020-10-25",7043,25,4,29
"2020-10-26",2074,19,3,22
"2020-10-26",3150,23,4,27
"2020-10-26",4001,12,2,14
"2020-10-26",4044,22,2,24
"2020-10-26",4070,21,4,25
"2020-10-26",4072,21,3,24
"2020-10-26",4080,25,5,30
"2020-10-26",5028,22,3,25
"2020-10-26",5041,28,2,30
"2020-10-26",5042,21,3,24
"2020-10-26",5058,23,3,26
"2020-10-26",5061,13,4,17
"2020-10-26",5067,24,3,27
"2020-10-26",5100,29,5,34
"2020-10-26",5114,13,2,15
"2020-10-26",5120,25,3,28
"2020-10-26",5123,19,1,20
"2020-10-26",5124,19,5,24
"2020-10-26",5135,21,2,23
"2020-10-26",5137,28,4,32
"2020-10-26",5139,26,4,30
"2020-10-26",5145,23,5,28
"2020-10-26",6005,21,3,24
"2020-10-26",6020,27,4,31
"2020-10-26",6027,27,4,31
"2020-10-26",6028,27,3,30
"2020-10-26",6030,27,4,31
"2020-10-26",6033,18,1,19
"2020-10-26",6042,27,4,31
"2020-10-26",6050,28,4,32
"2020-10-26",6055,29,3,32
"2020-10-26",6069,26,4,30
"2020-10-26",6084,27,4,31
"2020-10-26",6090,23,5,28
"2020-10-26",6121,25,5,30
"2020-10-26",6126,23,4,27
"2020-10-26",6129,17,4,21
"2020-10-26",6130,28,4,32
"2020-10-26",7010,25,3,28
"2020-10-26",7018,28,4,32
"2020-10-26",7019,24,3,27
"2020-10-26",7022,28,5,33
"2020-10-26",7023,23,2,25
"2020-10-26",7024,22,3,25
"2020-10-26",7027,27,5,32
"2020-10-26",7030,28,3,31
"2020-10-26",7033,26,4,30
"2020-10-26",7043,19,3,22
"2020-10-27",2074,19,4,23
"2020-10-27",3150,21,3,24
"2020-10-27",4001,10,2,12
"2020-10-27",4044,23,5,28
"2020-10-27",4070,27,3,30
"2020-10-27",4072,20,4,24
"2020-10-27",4080,24,5,29
"2020-10-27",5028,19,4,23
"2020-10-27",5041,29,2,31
"2020-10-27",5042,16,3,19
"2020-10-27",5058,27,4,31
"2020-10-27",5061,16,2,18
"2020-10-27",5067,22,2,24
"2020-10-27",5100,28,5,33
"2020-10-27",5114,16,3,19
"2020-10-27",5120,23,4,27
"2020-10-27",5123,16,1,17
"2020-10-27",5124,26,5,31
"2020-10-27",5135,22,3,25
"2020-10-27",5137,29,5,34
"2020-10-27",5139,21,2,23
"2020-10-27",5145,23,4,27
"2020-10-27",6005,18,4,22
"2020-10-27",6020,22,3,25
"2020-10-27",6027,20,3,23
"2020-10-27",6028,30,4,34
"2020-10-27",6030,27,4,31
"2020-10-27",6033,14,1,15
"2020-10-27",6042,24,4,28
"2020-10-27",6050,22,3,25
"2020-10-27",6055,30,3,33
"2020-10-27",6069,25,3,28
"2020-10-27",6084,28,4,32
"2020-10-27",6090,20,5,25
"2020-10-27",6121,25,4,29
"2020-10-27",6126,29,5,34
"2020-10-27",6129,18,4,22
"2020-10-27",6130,22,4,26
"2020-10-27",7010,15,2,17
"2020-10-27",7018,23,2,25
"2020-10-27",7019,18,4,22
"2020-10-27",7022,27,4,31
"2020-10-27",7023,26,3,29
"2020-10-27",7024,20,2,22
"2020-10-27",7027,25,5,30
"2020-10-27",7030,23,3,26
"2020-10-27",7033,27,5,32
"2020-10-27",7043,18,4,22
"2020-10-28",2074,17,3,20
"2020-10-28",3150,19,3,22
"2020-10-28",4001,21,3,24
"2020-10-28",4044,25,3,28
"2020-10-28",4070,23,3,26
"2020-10-28",4072,13,2,15
"2020-10-28",4080,23,4,27
"2020-10-28",5028,13,2,15
"2020-10-28",5041,22,1,23
"2020-10-28",5042,27,3,30
"2020-10-28",5058,21,2,23
"2020-10-28",5061,18,3,21
"2020-10-28",5067,26,2,28
"2020-10-28",5100,28,4,32
"2020-10-28",5114,12,2,14
"2020-10-28",5120,22,4,26
"2020-10-28",5123,16,3,19
"2020-10-28",5124,18,4,22
"2020-10-28",5135,22,4,26
"2020-10-28",5137,22,3,25
"2020-10-28",5139,18,3,21
"2020-10-28",5145,25,2,27
"2020-10-28",6005,24,3,27
"2020-10-28",6020,13,2,15
"2020-10-28",6027,22,5,27
"2020-10-28",6028,14,4,18
"2020-10-28",6030,27,3,30
"2020-10-28",6033,21,3,24
"2020-10-28",6042,18,4,22
"2020-10-28",6050,18,3,21
"2020-10-28",6055,24,3,27
"2020-10-28",6069,23,4,27
"2020-10-28",6084,20,3,23
"2020-10-28",6090,20,4,24
"2020-10-28",6121,18,4,22
"2020-10-28",6126,26,4,30
"2020-10-28",6129,16,2,18
"2020-10-28",6130,18,4,22
"2020-10-28",7010,25,4,29
"2020-10-28",7018,25,4,29
"2020-10-28",7019,20,4,24
"2020-10-28",7022,24,5,29
"2020-10-28",7023,25,3,28
"2020-10-28",7024,21,2,23
"2020-10-28",7027,24,4,28
"2020-10-28",7030,29,5,34
"2020-10-28",7033,27,5,32
"2020-10-28",7043,22,3,25
"2020-10-29",2074,20,3,23
"2020-10-29",3150,21,4,25
"2020-10-29",4001,19,4,23
"2020-10-29",4044,17,2,19
"2020-10-29",4070,26,4,30
"2020-10-29",4072,17,2,19
"2020-10-29",4080,25,5,30
"2020-10-29",5028,26,4,30
"2020-10-29",5041,22,3,25
"2020-10-29",5042,26,2,28
"2020-10-29",5058,19,2,21
"2020-10-29",5061,22,3,25
"2020-10-29",5067,24,3,27
"2020-10-29",5100,28,4,32
"2020-10-29",5114,20,4,24
"2020-10-29",5120,21,3,24
"2020-10-29",5123,19,2,21
"2020-10-29",5124,17,3,20
"2020-10-29",5135,17,4,21
"2020-10-29",5137,23,3,26
"2020-10-29",5139,20,4,24
"2020-10-29",5145,25,3,28
"2020-10-29",6005,17,4,21
"2020-10-29",6020,25,2,27
"2020-10-29",6027,24,3,27
"2020-10-29",6028,18,2,20
"2020-10-29",6030,26,4,30
"2020-10-29",6033,27,3,30
"2020-10-29",6042,13,3,16
"2020-10-29",6050,24,4,28
"2020-10-29",6055,24,4,28
"2020-10-29",6069,24,2,26
"2020-10-29",6084,26,4,30
"2020-10-29",6090,24,4,28
"2020-10-29",6121,22,4,26
"2020-10-29",6126,22,5,27
"2020-10-29",6129,18,3,21
"2020-10-29",6130,23,3,26
"2020-10-29",7010,20,3,23
"2020-10-29",7018,26,4,30
"2020-10-29",7019,25,3,28
"2020-10-29",7022,16,3,19
"2020-10-29",7023,21,3,24
"2020-10-29",7024,22,4,26
"2020-10-29",7027,23,3,26
"2020-10-29",7030,27,3,30
"2020-10-29",7033,26,5,31
"2020-10-29",7043,22,4,26
"2020-10-30",2074,23,4,27
"2020-10-30",3150,23,5,28
"2020-10-30",4001,20,3,23
"2020-10-30",4044,19,2,21
"2020-10-30",4070,17,4,21
"2020-10-30",4072,21,3,24
"2020-10-30",4080,28,4,32
"2020-10-30",5028,15,3,18
"2020-10-30",5041,26,3,29
"2020-10-30",5042,25,5,30
"2020-10-30",5058,23,3,26
"2020-10-30",5061,22,3,25
"2020-10-30",5067,26,4,30
"2020-10-30",5100,28,5,33
"2020-10-30",5114,18,3,21
"2020-10-30",5120,23,5,28
"2020-10-30",5123,20,3,23
"2020-10-30",5124,23,4,27
"2020-10-30",5135,21,4,25
"2020-10-30",5137,30,4,34
"2020-10-30",5139,22,4,26
"2020-10-30",5145,26,3,29
"2020-10-30",6005,16,2,18
"2020-10-30",6020,25,3,28
"2020-10-30",6027,29,3,32
"2020-10-30",6028,26,3,29
"2020-10-30",6030,28,4,32
"2020-10-30",6033,21,4,25
"2020-10-30",6042,23,4,27
"2020-10-30",6050,29,4,33
"2020-10-30",6055,28,5,33
"2020-10-30",6069,28,3,31
"2020-10-30",6084,22,3,25
"2020-10-30",6090,26,4,30
"2020-10-30",6121,17,4,21
"2020-10-30",6126,26,5,31
"2020-10-30",6129,18,4,22
"2020-10-30",7010,18,4,22
"2020-10-30",7018,24,3,27
"2020-10-30",7019,19,3,22
"2020-10-30",7022,21,3,24
"2020-10-30",7023,28,2,30
"2020-10-30",7024,22,2,24
"2020-10-30",7027,28,5,33
"2020-10-30",7030,22,2,24
"2020-10-30",7033,26,4,30
"2020-10-30",7043,25,4,29
"2020-10-31",2074,20,4,24
"2020-10-31",3150,22,4,26
"2020-10-31",4001,19,3,22
"2020-10-31",4044,25,4,29
"2020-10-31",4070,24,4,28
"2020-10-31",4072,24,3,27
"2020-10-31",4080,23,4,27
"2020-10-31",5028,19,3,22
"2020-10-31",5041,29,5,34
"2020-10-31",5042,26,3,29
"2020-10-31",5058,26,3,29
"2020-10-31",5061,19,3,22
"2020-10-31",5067,28,4,32
"2020-10-31",5100,25,4,29
"2020-10-31",5114,19,4,23
"2020-10-31",5120,24,4,28
"2020-10-31",5123,19,4,23
"2020-10-31",5124,19,4,23
"2020-10-31",5135,20,3,23
"2020-10-31",5137,24,5,29
"2020-10-31",5139,23,4,27
"2020-10-31",5145,24,4,28
"2020-10-31",6005,22,3,25
"2020-10-31",6020,28,4,32
"2020-10-31",6027,25,2,27
"2020-10-31",6028,24,3,27
"2020-10-31",6030,28,5,33
"2020-10-31",6033,20,4,24
"2020-10-31",6042,20,3,23
"2020-10-31",6050,27,5,32
"2020-10-31",6055,21,3,24
"2020-10-31",6069,24,2,26
"2020-10-31",6084,30,5,35
"2020-10-31",6090,25,5,30
"2020-10-31",6121,16,4,20
"2020-10-31",6126,26,5,31
"2020-10-31",6129,16,2,18
"2020-10-31",7010,14,3,17
"2020-10-31",7018,26,5,31
"2020-10-31",7019,16,4,20
"2020-10-31",7022,25,5,30
"2020-10-31",7023,27,3,30
"2020-10-31",7024,19,3,22
"2020-10-31",7027,30,4,34
"2020-10-31",7030,21,3,24
"2020-10-31",7033,25,5,30
"2020-10-31",7043,20,4,24
"2020-11-01",2074,18,4,22
"2020-11-01",3150,25,4,29
"2020-11-01",4001,18,3,21
"2020-11-01",4044,24,4,28
"2020-11-01",4070,23,3,26
"2020-11-01",4072,18,4,22
"2020-11-01",4080,22,4,26
"2020-11-01",5028,26,2,28
"2020-11-01",5041,27,3,30
"2020-11-01",5042,23,4,27
"2020-11-01",5058,20,3,23
"2020-11-01",5061,22,3,25
"2020-11-01",5067,29,2,31
"2020-11-01",5100,25,3,28
"2020-11-01",5114,26,4,30
"2020-11-01",5120,17,4,21
"2020-11-01",5123,24,3,27
"2020-11-01",5124,25,4,29
"2020-11-01",5135,19,5,24
"2020-11-01",5137,30,3,33
"2020-11-01",5139,24,4,28
"2020-11-01",5145,25,5,30
"2020-11-01",6005,23,4,27
"2020-11-01",6020,28,4,32
"2020-11-01",6027,21,4,25
"2020-11-01",6028,13,4,17
"2020-11-01",6030,28,4,32
"2020-11-01",6033,20,3,23
"2020-11-01",6042,18,3,21
"2020-11-01",6050,18,3,21
"2020-11-01",6055,29,3,32
"2020-11-01",6069,22,4,26
"2020-11-01",6084,22,4,26
"2020-11-01",6090,23,3,26
"2020-11-01",6121,23,5,28
"2020-11-01",6126,23,5,28
"2020-11-01",6129,18,2,20
"2020-11-01",7010,18,5,23
"2020-11-01",7018,25,4,29
"2020-11-01",7019,17,3,20
"2020-11-01",7022,25,5,30
"2020-11-01",7023,26,3,29
"2020-11-01",7024,19,3,22
"2020-11-01",7027,28,3,31
"2020-11-01",7030,26,5,31
"2020-11-01",7033,25,4,29
"2020-11-01",7043,22,4,26
"2020-11-02",2074,21,5,26
"2020-11-02",3150,19,4,23
"2020-11-02",4001,17,3,20
"2020-11-02",4044,24,3,27
"2020-11-02",4070,17,3,20
"2020-11-02",4072,16,3,19
"2020-11-02",4080,26,4,30
"2020-11-02",5028,22,3,25
"2020-11-02",5041,23,4,27
"2020-11-02",5042,19,2,21
"2020-11-02",5058,25,3,28
"2020-11-02",5061,15,3,18
"2020-11-02",5067,21,5,26
"2020-11-02",5100,26,4,30
"2020-11-02",5114,20,4,24
"2020-11-02",5120,22,4,26
"2020-11-02",5123,22,4,26
"2020-11-02",5124,23,5,28
"2020-11-02",5135,20,5,25
"2020-11-02",5137,23,3,26
"2020-11-02",5139,18,3,21
"2020-11-02",5145,26,4,30
"2020-11-02",6005,19,3,22
"2020-11-02",6020,27,4,31
"2020-11-02",6027,24,4,28
"2020-11-02",6028,25,5,30
"2020-11-02",6030,27,4,31
"2020-11-02",6033,20,4,24
"2020-11-02",6042,20,4,24
"2020-11-02",6050,23,5,28
"2020-11-02",6055,27,5,32
"2020-11-02",6069,22,2,24
"2020-11-02",6084,22,4,26
"2020-11-02",6090,22,5,27
"2020-11-02",6121,19,3,22
"2020-11-02",6126,24,4,28
"2020-11-02",6129,18,2,20
"2020-11-02",6130,12,2,14
"2020-11-02",7010,19,3,22
"2020-11-02",7018,28,5,33
"2020-11-02",7019,18,3,21
"2020-11-02",7022,24,5,29
"2020-11-02",7023,23,3,26
"2020-11-02",7024,20,3,23
"2020-11-02",7027,23,3,26
"2020-11-02",7030,27,4,31
"2020-11-02",7033,24,5,29
"2020-11-02",7043,22,4,26
"2020-11-03",2074,20,3,23
"2020-11-03",3150,17,3,20
"2020-11-03",4001,18,4,22
"2020-11-03",4044,24,5,29
"2020-11-03",4070,21,4,25
"2020-11-03",4072,22,3,25
"2020-11-03",4080,23,4,27
"2020-11-03",5028,25,4,29
"2020-11-03",5041,26,3,29
"2020-11-03",5042,28,4,32
"2020-11-03",5058,25,4,29
"2020-11-03",5061,18,3,21
"2020-11-03",5067,28,5,33
"2020-11-03",5100,25,4,29
"2020-11-03",5114,21,3,24
"2020-11-03",5120,26,4,30
"2020-11-03",5123,22,3,25
"2020-11-03",5124,24,5,29
"2020-11-03",5135,25,4,29
"2020-11-03",5137,26,4,30
"2020-11-03",5139,19,4,23
"2020-11-03",5145,26,3,29
"2020-11-03",6005,19,2,21
"2020-11-03",6020,26,4,30
"2020-11-03",6027,19,2,21
"2020-11-03",6028,27,4,31
"2020-11-03",6030,28,4,32
"2020-11-03",6033,24,4,28
"2020-11-03",6042,23,4,27
"2020-11-03",6050,24,5,29
"2020-11-03",6055,25,4,29
"2020-11-03",6069,18,3,21
"2020-11-03",6084,23,5,28
"2020-11-03",6090,26,4,30
"2020-11-03",6121,17,5,22
"2020-11-03",6126,27,3,30
"2020-11-03",6129,16,1,17
"2020-11-03",6130,19,3,22
"2020-11-03",7010,22,4,26
"2020-11-03",7018,29,5,34
"2020-11-03",7019,25,3,28
"2020-11-03",7022,17,3,20
"2020-11-03",7023,25,4,29
"2020-11-03",7024,16,3,19
"2020-11-03",7027,25,4,29
"2020-11-03",7030,25,4,29
"2020-11-03",7033,25,3,28
"2020-11-03",7043,24,5,29
"2020-11-04",2074,19,5,24
"2020-11-04",3150,17,3,20
"2020-11-04",4001,20,3,23
"2020-11-04",4044,27,5,32
"2020-11-04",4070,24,4,28
"2020-11-04",4072,19,3,22
"2020-11-04",4080,16,4,20
"2020-11-04",5028,8,2,10
"2020-11-04",5041,24,4,28
"2020-11-04",5042,28,5,33
"2020-11-04",5058,23,4,27
"2020-11-04",5061,12,2,14
"2020-11-04",5067,26,4,30
"2020-11-04",5100,26,5,31
"2020-11-04",5114,21,3,24
"2020-11-04",5120,15,4,19
"2020-11-04",5123,29,4,33
"2020-11-04",5124,23,4,27
"2020-11-04",5135,22,3,25
"2020-11-04",5137,26,5,31
"2020-11-04",5139,15,4,19
"2020-11-04",5145,25,4,29
"2020-11-04",6005,22,3,25
"2020-11-04",6020,29,3,32
"2020-11-04",6027,23,4,27
"2020-11-04",6028,25,5,30
"2020-11-04",6030,28,4,32
"2020-11-04",6033,20,2,22
"2020-11-04",6042,23,4,27
"2020-11-04",6050,28,5,33
"2020-11-04",6055,27,3,30
"2020-11-04",6069,22,4,26
"2020-11-04",6084,25,4,29
"2020-11-04",6090,20,4,24
"2020-11-04",6121,25,4,29
"2020-11-04",6126,27,5,32
"2020-11-04",6129,22,4,26
"2020-11-04",6130,27,4,31
"2020-11-04",7010,17,5,22
"2020-11-04",7018,23,5,28
"2020-11-04",7019,25,4,29
"2020-11-04",7022,18,5,23
"2020-11-04",7023,25,3,28
"2020-11-04",7024,20,2,22
"2020-11-04",7027,25,5,30
"2020-11-04",7030,22,5,27
"2020-11-04",7033,28,5,33
"2020-11-04",7043,22,5,27
"2020-11-05",2074,17,4,21
"2020-11-05",3131,20,4,24
"2020-11-05",3150,24,5,29
"2020-11-05",4001,6,1,7
"2020-11-05",4044,27,3,30
"2020-11-05",4070,13,2,15
"2020-11-05",4072,21,2,23
"2020-11-05",4080,22,3,25
"2020-11-05",5028,16,3,19
"2020-11-05",5041,24,2,26
"2020-11-05",5042,26,4,30
"2020-11-05",5058,24,3,27
"2020-11-05",5059,7,3,10
"2020-11-05",5061,18,3,21
"2020-11-05",5067,27,4,31
"2020-11-05",5100,23,4,27
"2020-11-05",5114,24,2,26
"2020-11-05",5120,24,3,27
"2020-11-05",5123,18,4,22
"2020-11-05",5124,26,5,31
"2020-11-05",5135,27,3,30
"2020-11-05",5137,21,3,24
"2020-11-05",5139,24,3,27
"2020-11-05",5145,26,3,29
"2020-11-05",6005,19,3,22
"2020-11-05",6020,26,2,28
"2020-11-05",6027,24,3,27
"2020-11-05",6028,17,2,19
"2020-11-05",6029,17,4,21
"2020-11-05",6030,26,5,31
"2020-11-05",6033,26,4,30
"2020-11-05",6042,12,2,14
"2020-11-05",6050,23,5,28
"2020-11-05",6055,25,5,30
"2020-11-05",6069,24,4,28
"2020-11-05",6079,18,3,21
"2020-11-05",6084,28,4,32
"2020-11-05",6087,14,3,17
"2020-11-05",6090,23,5,28
"2020-11-05",6121,24,5,29
"2020-11-05",6126,21,4,25
"2020-11-05",6129,24,2,26
"2020-11-05",6130,23,5,28
"2020-11-05",7010,6,2,8
"2020-11-05",7018,26,5,31
"2020-11-05",7019,27,3,30
"2020-11-05",7022,25,5,30
"2020-11-05",7023,26,3,29
"2020-11-05",7024,23,3,26
"2020-11-05",7027,28,4,32
"2020-11-05",7030,17,3,20
"2020-11-05",7033,24,4,28
"2020-11-05",7043,24,4,28
"2020-11-06",2074,22,5,27
"2020-11-06",3131,23,5,28
"2020-11-06",3150,25,4,29
"2020-11-06",4044,23,3,26
"2020-11-06",4072,25,2,27
"2020-11-06",4080,25,4,29
"2020-11-06",5028,20,4,24
"2020-11-06",5041,28,4,32
"2020-11-06",5042,24,4,28
"2020-11-06",5058,28,3,31
"2020-11-06",5059,26,3,29
"2020-11-06",5061,19,4,23
"2020-11-06",5067,27,5,32
"2020-11-06",5100,29,5,34
"2020-11-06",5114,26,4,30
"2020-11-06",5120,20,3,23
"2020-11-06",5123,25,4,29
"2020-11-06",5124,24,5,29
"2020-11-06",5135,21,4,25
"2020-11-06",5137,27,4,31
"2020-11-06",5139,24,4,28
"2020-11-06",5145,27,4,31
"2020-11-06",6005,15,2,17
"2020-11-06",6020,23,4,27
"2020-11-06",6027,26,3,29
"2020-11-06",6028,28,3,31
"2020-11-06",6029,14,3,17
"2020-11-06",6030,26,4,30
"2020-11-06",6033,19,3,22
"2020-11-06",6050,25,5,30
"2020-11-06",6055,27,3,30
"2020-11-06",6069,21,4,25
"2020-11-06",6079,17,5,22
"2020-11-06",6084,19,5,24
"2020-11-06",6087,22,4,26
"2020-11-06",6090,23,4,27
"2020-11-06",6121,19,5,24
"2020-11-06",6126,28,5,33
"2020-11-06",6129,18,4,22
"2020-11-06",6130,28,5,33
"2020-11-06",7018,28,5,33
"2020-11-06",7019,21,3,24
"2020-11-06",7022,22,2,24
"2020-11-06",7023,27,4,31
"2020-11-06",7024,22,2,24
"2020-11-06",7027,27,5,32
"2020-11-06",7033,30,5,35
"2020-11-06",7043,26,3,29
"2020-11-07",2074,17,1,18
"2020-11-07",3131,22,5,27
"2020-11-07",3150,22,4,26
"2020-11-07",4044,27,4,31
"2020-11-07",4072,21,3,24
"2020-11-07",4080,25,4,29
"2020-11-07",5028,19,4,23
"2020-11-07",5041,24,4,28
"2020-11-07",5042,25,4,29
"2020-11-07",5058,26,2,28
"2020-11-07",5059,25,5,30
"2020-11-07",5061,20,3,23
"2020-11-07",5067,29,3,32
"2020-11-07",5100,29,5,34
"2020-11-07",5114,24,3,27
"2020-11-07",5120,24,4,28
"2020-11-07",5123,27,4,31
"2020-11-07",5124,28,4,32
"2020-11-07",5135,18,2,20
"2020-11-07",5137,22,4,26
"2020-11-07",5139,23,2,25
"2020-11-07",5145,28,3,31
"2020-11-07",6005,20,4,24
"2020-11-07",6020,29,2,31
"2020-11-07",6027,24,4,28
"2020-11-07",6028,28,5,33
"2020-11-07",6029,18,3,21
"2020-11-07",6030,30,4,34
"2020-11-07",6033,26,3,29
"2020-11-07",6050,25,4,29
"2020-11-07",6055,25,4,29
"2020-11-07",6069,24,4,28
"2020-11-07",6079,21,3,24
"2020-11-07",6084,27,4,31
"2020-11-07",6087,25,5,30
"2020-11-07",6090,26,3,29
"2020-11-07",6121,22,4,26
"2020-11-07",6126,26,4,30
"2020-11-07",6129,18,3,21
"2020-11-07",6130,29,4,33
"2020-11-07",7018,27,5,32
"2020-11-07",7019,18,4,22
"2020-11-07",7022,23,2,25
"2020-11-07",7023,28,4,32
"2020-11-07",7024,24,3,27
"2020-11-07",7027,30,5,35
"2020-11-07",7033,29,3,32
"2020-11-07",7043,23,5,28
"2020-11-08",2074,17,2,19
"2020-11-08",3131,29,4,33
"2020-11-08",3150,21,3,24
"2020-11-08",4044,27,3,30
"2020-11-08",4072,24,2,26
"2020-11-08",4080,24,4,28
"2020-11-08",5028,27,3,30
"2020-11-08",5041,26,3,29
"2020-11-08",5042,28,3,31
"2020-11-08",5058,25,3,28
"2020-11-08",5059,24,4,28
"2020-11-08",5061,17,3,20
"2020-11-08",5067,27,4,31
"2020-11-08",5100,22,5,27
"2020-11-08",5114,23,3,26
"2020-11-08",5120,28,4,32
"2020-11-08",5123,22,4,26
"2020-11-08",5124,29,4,33
"2020-11-08",5135,18,4,22
"2020-11-08",5137,26,4,30
"2020-11-08",5139,19,4,23
"2020-11-08",5145,24,4,28
"2020-11-08",6005,15,4,19
"2020-11-08",6020,20,2,22
"2020-11-08",6027,21,5,26
"2020-11-08",6028,22,4,26
"2020-11-08",6029,16,2,18
"2020-11-08",6030,25,3,28
"2020-11-08",6033,24,4,28
"2020-11-08",6050,18,3,21
"2020-11-08",6055,26,2,28
"2020-11-08",6069,21,3,24
"2020-11-08",6079,18,4,22
"2020-11-08",6084,22,4,26
"2020-11-08",6087,22,5,27
"2020-11-08",6090,27,4,31
"2020-11-08",6121,18,5,23
"2020-11-08",6126,28,4,32
"2020-11-08",6129,15,3,18
"2020-11-08",6130,20,2,22
"2020-11-08",7018,23,4,27
"2020-11-08",7019,16,4,20
"2020-11-08",7022,20,4,24
"2020-11-08",7023,28,4,32
"2020-11-08",7024,17,4,21
"2020-11-08",7027,29,5,34
"2020-11-08",7033,27,4,31
"2020-11-08",7043,23,4,27
"2020-11-09",2074,18,3,21
"2020-11-09",3131,26,4,30
"2020-11-09",3150,26,5,31
"2020-11-09",4044,27,3,30
"2020-11-09",4072,24,3,27
"2020-11-09",4080,27,4,31
"2020-11-09",5028,24,3,27
"2020-11-09",5041,26,3,29
"2020-11-09",5042,20,4,24
"2020-11-09",5058,24,5,29
"2020-11-09",5059,24,4,28
"2020-11-09",5061,17,3,20
"2020-11-09",5067,22,4,26
"2020-11-09",5100,28,4,32
"2020-11-09",5114,19,5,24
"2020-11-09",5120,19,2,21
"2020-11-09",5123,22,3,25
"2020-11-09",5124,23,4,27
"2020-11-09",5135,24,3,27
"2020-11-09",5137,24,3,27
"2020-11-09",5139,17,4,21
"2020-11-09",5145,24,3,27
"2020-11-09",6005,20,3,23
"2020-11-09",6020,23,4,27
"2020-11-09",6027,20,2,22
"2020-11-09",6029,18,4,22
"2020-11-09",6030,28,4,32
"2020-11-09",6033,22,3,25
"2020-11-09",6050,20,3,23
"2020-11-09",6055,25,4,29
"2020-11-09",6069,27,3,30
"2020-11-09",6079,26,4,30
"2020-11-09",6084,24,4,28
"2020-11-09",6087,25,4,29
"2020-11-09",6090,28,4,32
"2020-11-09",6121,17,5,22
"2020-11-09",6126,24,4,28
"2020-11-09",6129,16,3,19
"2020-11-09",6130,22,4,26
"2020-11-09",7018,26,3,29
"2020-11-09",7019,19,2,21
"2020-11-09",7022,15,2,17
"2020-11-09",7023,27,3,30
"2020-11-09",7024,22,2,24
"2020-11-09",7027,28,4,32
"2020-11-09",7033,29,4,33
"2020-11-09",7043,24,5,29
"2020-11-10",2074,16,3,19
"2020-11-10",3131,24,3,27
"2020-11-10",3150,26,4,30
"2020-11-10",4044,24,2,26
"2020-11-10",4072,15,3,18
"2020-11-10",4080,24,5,29
"2020-11-10",5028,18,3,21
"2020-11-10",5041,28,2,30
"2020-11-10",5042,23,5,28
"2020-11-10",5058,23,4,27
"2020-11-10",5059,21,5,26
"2020-11-10",5061,20,3,23
"2020-11-10",5067,22,2,24
"2020-11-10",5100,26,5,31
"2020-11-10",5114,20,5,25
"2020-11-10",5120,21,4,25
"2020-11-10",5123,23,4,27
"2020-11-10",5124,28,5,33
"2020-11-10",5135,21,3,24
"2020-11-10",5137,18,3,21
"2020-11-10",5139,17,3,20
"2020-11-10",5145,25,3,28
"2020-11-10",6005,12,2,14
"2020-11-10",6020,23,1,24
"2020-11-10",6027,21,3,24
"2020-11-10",6029,10,3,13
"2020-11-10",6030,26,3,29
"2020-11-10",6033,23,3,26
"2020-11-10",6050,22,5,27
"2020-11-10",6055,25,3,28
"2020-11-10",6069,16,2,18
"2020-11-10",6079,21,4,25
"2020-11-10",6084,22,4,26
"2020-11-10",6087,12,2,14
"2020-11-10",6090,24,4,28
"2020-11-10",6121,17,4,21
"2020-11-10",6126,22,3,25
"2020-11-10",6129,21,2,23
"2020-11-10",6130,25,5,30
"2020-11-10",7018,19,4,23
"2020-11-10",7019,18,3,21
"2020-11-10",7022,20,4,24
"2020-11-10",7023,27,2,29
"2020-11-10",7024,18,3,21
"2020-11-10",7027,27,3,30
"2020-11-10",7033,24,4,28
"2020-11-10",7043,21,3,24
"2020-11-11",2074,13,4,17
"2020-11-11",3131,21,4,25
"2020-11-11",3150,17,3,20
"2020-11-11",4044,18,3,21
"2020-11-11",4072,19,2,21
"2020-11-11",4080,20,5,25
"2020-11-11",5028,17,5,22
"2020-11-11",5041,24,3,27
"2020-11-11",5042,27,4,31
"2020-11-11",5058,20,4,24
"2020-11-11",5059,23,4,27
"2020-11-11",5061,16,2,18
"2020-11-11",5067,24,2,26
"2020-11-11",5100,28,5,33
"2020-11-11",5114,18,4,22
"2020-11-11",5120,16,3,19
"2020-11-11",5123,24,4,28
"2020-11-11",5124,19,5,24
"2020-11-11",5135,23,5,28
"2020-11-11",5137,26,3,29
"2020-11-11",5139,16,4,20
"2020-11-11",5145,21,2,23
"2020-11-11",6005,21,4,25
"2020-11-11",6020,26,5,31
"2020-11-11",6027,21,3,24
"2020-11-11",6029,15,3,18
"2020-11-11",6030,26,3,29
"2020-11-11",6033,22,5,27
"2020-11-11",6050,24,5,29
"2020-11-11",6055,21,4,25
"2020-11-11",6069,22,4,26
"2020-11-11",6079,24,5,29
"2020-11-11",6084,22,4,26
"2020-11-11",6087,17,4,21
"2020-11-11",6090,25,4,29
"2020-11-11",6121,21,4,25
"2020-11-11",6126,21,4,25
"2020-11-11",6129,18,3,21
"2020-11-11",6130,23,5,28
"2020-11-11",7018,23,3,26
"2020-11-11",7019,24,4,28
"2020-11-11",7022,13,2,15
"2020-11-11",7023,24,3,27
"2020-11-11",7024,17,2,19
"2020-11-11",7027,24,5,29
"2020-11-11",7033,27,3,30
"2020-11-11",7043,19,3,22
"2020-11-12",2074,14,4,18
"2020-11-12",3131,24,4,28
"2020-11-12",3150,24,5,29
"2020-11-12",4044,22,3,25
"2020-11-12",4072,18,3,21
"2020-11-12",4080,24,4,28
"2020-11-12",5041,22,2,24
"2020-11-12",5042,24,4,28
"2020-11-12",5058,23,3,26
"2020-11-12",5059,19,4,23
"2020-11-12",5061,14,4,18
"2020-11-12",5067,27,3,30
"2020-11-12",5100,23,5,28
"2020-11-12",5114,21,3,24
"2020-11-12",5120,17,3,20
"2020-11-12",5123,22,3,25
"2020-11-12",5124,26,5,31
"2020-11-12",5135,17,4,21
"2020-11-12",5137,22,3,25
"2020-11-12",5139,20,2,22
"2020-11-12",5145,23,3,26
"2020-11-12",6005,21,5,26
"2020-11-12",6020,28,3,31
"2020-11-12",6027,26,4,30
"2020-11-12",6029,17,3,20
"2020-11-12",6030,28,3,31
"2020-11-12",6033,19,5,24
"2020-11-12",6050,22,4,26
"2020-11-12",6055,24,3,27
"2020-11-12",6069,23,4,27
"2020-11-12",6079,22,4,26
"2020-11-12",6084,21,4,25
"2020-11-12",6087,18,3,21
"2020-11-12",6090,24,4,28
"2020-11-12",6121,19,4,23
"2020-11-12",6126,28,5,33
"2020-11-12",6129,17,3,20
"2020-11-12",6130,18,5,23
"2020-11-12",7018,24,4,28
"2020-11-12",7019,16,3,19
"2020-11-12",7022,24,3,27
"2020-11-12",7023,26,3,29
"2020-11-12",7024,23,2,25
"2020-11-12",7027,29,2,31
"2020-11-12",7033,20,2,22
"2020-11-12",7043,23,4,27
"2020-11-13",2074,19,3,22
"2020-11-13",3131,24,3,27
"2020-11-13",3150,24,4,28
"2020-11-13",4044,22,4,26
"2020-11-13",4072,27,3,30
"2020-11-13",4080,25,4,29
"2020-11-13",5028,6,1,7
"2020-11-13",5041,29,2,31
"2020-11-13",5042,25,2,27
"2020-11-13",5058,26,3,29
"2020-11-13",5059,25,4,29
"2020-11-13",5061,16,4,20
"2020-11-13",5067,29,2,31
"2020-11-13",5100,25,4,29
"2020-11-13",5114,26,4,30
"2020-11-13",5120,21,4,25
"2020-11-13",5123,26,4,30
"2020-11-13",5124,25,4,29
"2020-11-13",5135,22,4,26
"2020-11-13",5137,24,5,29
"2020-11-13",5139,24,4,28
"2020-11-13",5145,28,5,33
"2020-11-13",6005,24,5,29
"2020-11-13",6020,27,5,32
"2020-11-13",6027,26,3,29
"2020-11-13",6029,19,3,22
"2020-11-13",6030,26,3,29
"2020-11-13",6033,25,5,30
"2020-11-13",6050,24,5,29
"2020-11-13",6055,29,3,32
"2020-11-13",6069,26,2,28
"2020-11-13",6079,25,4,29
"2020-11-13",6084,28,4,32
"2020-11-13",6087,24,4,28
"2020-11-13",6090,25,4,29
"2020-11-13",6121,25,5,30
"2020-11-13",6126,25,5,30
"2020-11-13",6129,21,2,23
"2020-11-13",6130,29,5,34
"2020-11-13",7018,24,4,28
"2020-11-13",7019,21,3,24
"2020-11-13",7022,19,3,22
"2020-11-13",7023,27,2,29
"2020-11-13",7024,24,2,26
"2020-11-13",7027,27,4,31
"2020-11-13",7033,27,4,31
"2020-11-13",7043,23,5,28
"2020-11-14",2074,20,4,24
"2020-11-14",3131,28,4,32
"2020-11-14",3150,25,4,29
"2020-11-14",4044,25,3,28
"2020-11-14",4072,25,4,29
"2020-11-14",4080,27,5,32
"2020-11-14",5028,14,4,18
"2020-11-14",5041,29,4,33
"2020-11-14",5042,28,3,31
"2020-11-14",5058,26,4,30
"2020-11-14",5059,27,5,32
"2020-11-14",5061,20,4,24
"2020-11-14",5067,26,2,28
"2020-11-14",5100,27,3,30
"2020-11-14",5114,21,5,26
"2020-11-14",5120,15,4,19
"2020-11-14",5123,26,5,31
"2020-11-14",5124,21,5,26
"2020-11-14",5135,26,5,31
"2020-11-14",5137,25,3,28
"2020-11-14",5139,24,4,28
"2020-11-14",5145,27,3,30
"2020-11-14",6005,19,3,22
"2020-11-14",6020,23,4,27
"2020-11-14",6027,27,3,30
"2020-11-14",6028,22,3,25
"2020-11-14",6029,16,3,19
"2020-11-14",6030,20,3,23
"2020-11-14",6033,24,5,29
"2020-11-14",6050,24,4,28
"2020-11-14",6055,28,3,31
"2020-11-14",6069,27,3,30
"2020-11-14",6079,27,4,31
"2020-11-14",6084,27,5,32
"2020-11-14",6087,29,4,33
"2020-11-14",6090,24,5,29
"2020-11-14",6121,30,5,35
"2020-11-14",6126,29,5,34
"2020-11-14",6129,18,2,20
"2020-11-14",6130,29,3,32
"2020-11-14",7018,20,4,24
"2020-11-14",7019,19,4,23
"2020-11-14",7022,18,5,23
"2020-11-14",7023,28,4,32
"2020-11-14",7024,20,2,22
"2020-11-14",7027,26,5,31
"2020-11-14",7033,25,4,29
"2020-11-14",7043,27,5,32
"2020-11-15",2074,16,2,18
"2020-11-15",3131,22,3,25
"2020-11-15",3150,23,4,27
"2020-11-15",4044,25,5,30
"2020-11-15",4072,24,4,28
"2020-11-15",4080,23,4,27
"2020-11-15",5028,20,3,23
"2020-11-15",5041,29,3,32
"2020-11-15",5042,30,4,34
"2020-11-15",5058,22,4,26
"2020-11-15",5059,22,3,25
"2020-11-15",5061,23,3,26
"2020-11-15",5067,27,4,31
"2020-11-15",5100,28,4,32
"2020-11-15",5114,20,4,24
"2020-11-15",5120,16,2,18
"2020-11-15",5123,23,4,27
"2020-11-15",5124,26,5,31
"2020-11-15",5135,22,4,26
"2020-11-15",5137,23,4,27
"2020-11-15",5139,17,5,22
"2020-11-15",5145,27,5,32
"2020-11-15",6005,18,3,21
"2020-11-15",6020,27,3,30
"2020-11-15",6027,20,4,24
"2020-11-15",6028,25,4,29
"2020-11-15",6029,12,3,15
"2020-11-15",6030,29,4,33
"2020-11-15",6033,22,4,26
"2020-11-15",6050,25,3,28
"2020-11-15",6055,19,4,23
"2020-11-15",6069,29,4,33
"2020-11-15",6079,27,5,32
"2020-11-15",6084,26,5,31
"2020-11-15",6087,24,3,27
"2020-11-15",6090,16,5,21
"2020-11-15",6121,23,5,28
"2020-11-15",6126,23,5,28
"2020-11-15",6129,18,3,21
"2020-11-15",6130,18,3,21
"2020-11-15",7018,25,3,28
"2020-11-15",7019,22,3,25
"2020-11-15",7022,18,3,21
"2020-11-15",7023,27,2,29
"2020-11-15",7024,18,2,20
"2020-11-15",7027,27,4,31
"2020-11-15",7033,27,4,31
"2020-11-15",7043,21,3,24
"2020-11-16",2074,16,2,18
"2020-11-16",3131,25,5,30
"2020-11-16",3150,25,2,27
"2020-11-16",4044,24,5,29
"2020-11-16",4072,23,4,27
"2020-11-16",4080,24,3,27
"2020-11-16",5028,16,4,20
"2020-11-16",5041,26,4,30
"2020-11-16",5042,27,3,30
"2020-11-16",5058,27,4,31
"2020-11-16",5059,25,4,29
"2020-11-16",5061,22,2,24
"2020-11-16",5067,19,4,23
"2020-11-16",5100,26,3,29
"2020-11-16",5114,23,2,25
"2020-11-16",5120,20,4,24
"2020-11-16",5123,25,4,29
"2020-11-16",5124,21,5,26
"2020-11-16",5135,23,4,27
"2020-11-16",5137,22,5,27
"2020-11-16",5139,20,2,22
"2020-11-16",5145,23,4,27
"2020-11-16",6005,19,3,22
"2020-11-16",6020,28,5,33
"2020-11-16",6027,21,4,25
"2020-11-16",6028,24,3,27
"2020-11-16",6029,14,3,17
"2020-11-16",6030,28,3,31
"2020-11-16",6033,26,5,31
"2020-11-16",6050,20,5,25
"2020-11-16",6055,20,4,24
"2020-11-16",6069,22,2,24
"2020-11-16",6079,28,2,30
"2020-11-16",6084,23,4,27
"2020-11-16",6087,23,3,26
"2020-11-16",6090,22,3,25
"2020-11-16",6121,22,5,27
"2020-11-16",6126,24,3,27
"2020-11-16",6129,18,2,20
"2020-11-16",6130,20,4,24
"2020-11-16",7018,24,5,29
"2020-11-16",7019,18,4,22
"2020-11-16",7022,23,4,27
"2020-11-16",7023,28,2,30
"2020-11-16",7024,19,3,22
"2020-11-16",7027,23,3,26
"2020-11-16",7033,22,5,27
"2020-11-16",7043,25,5,30
"2020-11-17",2074,21,4,25
"2020-11-17",3131,27,4,31
"2020-11-17",3150,25,5,30
"2020-11-17",4044,20,3,23
"2020-11-17",4072,23,4,27
"2020-11-17",4080,29,5,34
"2020-11-17",5028,13,4,17
"2020-11-17",5041,29,4,33
"2020-11-17",5042,23,4,27
"2020-11-17",5058,26,4,30
"2020-11-17",5059,25,4,29
"2020-11-17",5061,18,4,22
"2020-11-17",5067,22,4,26
"2020-11-17",5100,25,5,30
"2020-11-17",5114,25,3,28
"2020-11-17",5120,14,3,17
"2020-11-17",5123,28,4,32
"2020-11-17",5124,24,5,29
"2020-11-17",5135,20,3,23
"2020-11-17",5137,24,4,28
"2020-11-17",5139,22,2,24
"2020-11-17",5145,28,4,32
"2020-11-17",6005,28,3,31
"2020-11-17",6020,28,4,32
"2020-11-17",6027,29,4,33
"2020-11-17",6028,25,4,29
"2020-11-17",6029,14,4,18
"2020-11-17",6030,27,4,31
"2020-11-17",6033,27,3,30
"2020-11-17",6050,19,4,23
"2020-11-17",6055,26,4,30
"2020-11-17",6069,24,2,26
"2020-11-17",6079,26,4,30
"2020-11-17",6084,19,4,23
"2020-11-17",6087,26,4,30
"2020-11-17",6090,27,5,32
"2020-11-17",6121,24,5,29
"2020-11-17",6126,28,4,32
"2020-11-17",6129,25,4,29
"2020-11-17",6130,26,3,29
"2020-11-17",7018,28,4,32
"2020-11-17",7019,17,4,21
"2020-11-17",7022,21,5,26
"2020-11-17",7023,24,3,27
"2020-11-17",7024,24,2,26
"2020-11-17",7027,26,3,29
"2020-11-17",7033,25,5,30
"2020-11-17",7043,20,4,24
"2020-11-18",2074,16,2,18
"2020-11-18",3131,26,5,31
"2020-11-18",3150,16,5,21
"2020-11-18",4044,23,2,25
"2020-11-18",4072,18,3,21
"2020-11-18",4080,23,4,27
"2020-11-18",5028,13,3,16
"2020-11-18",5041,28,2,30
"2020-11-18",5042,18,3,21
"2020-11-18",5058,21,4,25
"2020-11-18",5059,21,5,26
"2020-11-18",5061,18,4,22
"2020-11-18",5067,23,3,26
"2020-11-18",5100,22,4,26
"2020-11-18",5114,20,3,23
"2020-11-18",5120,15,2,17
"2020-11-18",5123,28,4,32
"2020-11-18",5124,21,4,25
"2020-11-18",5135,17,3,20
"2020-11-18",5137,23,3,26
"2020-11-18",5139,21,3,24
"2020-11-18",5145,18,3,21
"2020-11-18",6005,16,4,20
"2020-11-18",6020,21,4,25
"2020-11-18",6027,22,4,26
"2020-11-18",6028,15,3,18
"2020-11-18",6029,15,3,18
"2020-11-18",6030,25,4,29
"2020-11-18",6033,24,4,28
"2020-11-18",6050,15,5,20
"2020-11-18",6055,24,5,29
"2020-11-18",6069,16,2,18
"2020-11-18",6079,27,4,31
"2020-11-18",6084,29,4,33
"2020-11-18",6087,17,3,20
"2020-11-18",6090,20,4,24
"2020-11-18",6121,21,4,25
"2020-11-18",6126,27,5,32
"2020-11-18",6129,14,4,18
"2020-11-18",6130,26,2,28
"2020-11-18",7018,21,3,24
"2020-11-18",7019,15,3,18
"2020-11-18",7022,26,5,31
"2020-11-18",7023,27,2,29
"2020-11-18",7024,20,3,23
"2020-11-18",7027,27,4,31
"2020-11-18",7033,27,3,30
"2020-11-18",7043,24,5,29
"2020-11-19",2074,16,3,19
"2020-11-19",3131,25,5,30
"2020-11-19",3150,22,4,26
"2020-11-19",4044,21,2,23
"2020-11-19",4072,17,2,19
"2020-11-19",4080,25,4,29
"2020-11-19",5028,19,4,23
"2020-11-19",5041,25,3,28
"2020-11-19",5042,27,3,30
"2020-11-19",5058,28,4,32
"2020-11-19",5059,24,5,29
"2020-11-19",5061,22,3,25
"2020-11-19",5067,28,4,32
"2020-11-19",5100,25,3,28
"2020-11-19",5114,21,4,25
"2020-11-19",5120,5,1,6
"2020-11-19",5123,23,4,27
"2020-11-19",5124,23,5,28
"2020-11-19",5135,25,4,29
"2020-11-19",5137,25,3,28
"2020-11-19",5139,22,2,24
"2020-11-19",5145,23,4,27
"2020-11-19",6005,23,3,26
"2020-11-19",6020,25,4,29
"2020-11-19",6027,25,4,29
"2020-11-19",6028,23,2,25
"2020-11-19",6029,16,2,18
"2020-11-19",6030,24,5,29
"2020-11-19",6033,19,4,23
"2020-11-19",6050,20,5,25
"2020-11-19",6055,25,5,30
"2020-11-19",6069,21,4,25
"2020-11-19",6079,27,3,30
"2020-11-19",6084,24,3,27
"2020-11-19",6087,23,5,28
"2020-11-19",6090,25,4,29
"2020-11-19",6121,21,5,26
"2020-11-19",6126,22,5,27
"2020-11-19",6129,18,3,21
"2020-11-19",6130,26,5,31
"2020-11-19",7018,25,4,29
"2020-11-19",7019,21,4,25
"2020-11-19",7022,27,4,31
"2020-11-19",7023,24,2,26
"2020-11-19",7024,17,4,21
"2020-11-19",7027,25,5,30
"2020-11-19",7033,25,5,30
"2020-11-19",7043,14,4,18
"2020-11-20",2051,21,2,23
"2020-11-20",2063,23,5,28
"2020-11-20",2074,16,3,19
"2020-11-20",3131,27,4,31
"2020-11-20",3150,27,4,31
"2020-11-20",4044,27,4,31
"2020-11-20",4072,21,2,23
"2020-11-20",4080,24,4,28
"2020-11-20",5028,22,5,27
"2020-11-20",5041,30,4,34
"2020-11-20",5042,27,3,30
"2020-11-20",5046,19,5,24
"2020-11-20",5058,21,4,25
"2020-11-20",5059,22,4,26
"2020-11-20",5061,21,3,24
"2020-11-20",5067,20,3,23
"2020-11-20",5100,22,4,26
"2020-11-20",5114,9,3,12
"2020-11-20",5120,17,4,21
"2020-11-20",5123,27,5,32
"2020-11-20",5124,24,5,29
"2020-11-20",5135,19,5,24
"2020-11-20",5137,18,5,23
"2020-11-20",5139,24,3,27
"2020-11-20",5145,27,4,31
"2020-11-20",6005,20,3,23
"2020-11-20",6020,28,4,32
"2020-11-20",6022,23,5,28
"2020-11-20",6027,26,4,30
"2020-11-20",6028,15,2,17
"2020-11-20",6029,16,2,18
"2020-11-20",6030,28,5,33
"2020-11-20",6033,28,4,32
"2020-11-20",6050,28,5,33
"2020-11-20",6055,29,4,33
"2020-11-20",6060,9,2,11
"2020-11-20",6069,22,3,25
"2020-11-20",6079,23,4,27
"2020-11-20",6084,30,3,33
"2020-11-20",6087,25,5,30
"2020-11-20",6090,27,5,32
"2020-11-20",6121,23,5,28
"2020-11-20",6126,19,5,24
"2020-11-20",6129,22,3,25
"2020-11-20",6130,10,2,12
"2020-11-20",7018,27,5,32
"2020-11-20",7019,12,3,15
"2020-11-20",7022,28,5,33
"2020-11-20",7023,27,2,29
"2020-11-20",7024,20,3,23
"2020-11-20",7027,29,5,34
"2020-11-20",7033,27,5,32
"2020-11-20",7043,23,4,27
"2020-11-21",2051,22,5,27
"2020-11-21",2063,28,5,33
"2020-11-21",2074,15,4,19
"2020-11-21",3131,28,5,33
"2020-11-21",3150,22,5,27
"2020-11-21",4044,28,5,33
"2020-11-21",4072,20,3,23
"2020-11-21",4080,25,4,29
"2020-11-21",5028,20,3,23
"2020-11-21",5041,28,3,31
"2020-11-21",5042,29,5,34
"2020-11-21",5046,18,5,23
"2020-11-21",5058,23,5,28
"2020-11-21",5059,23,4,27
"2020-11-21",5061,27,4,31
"2020-11-21",5100,29,4,33
"2020-11-21",5120,15,2,17
"2020-11-21",5123,26,5,31
"2020-11-21",5124,26,5,31
"2020-11-21",5135,29,4,33
"2020-11-21",5137,17,4,21
"2020-11-21",5139,27,3,30
"2020-11-21",5145,26,4,30
"2020-11-21",6005,16,5,21
"2020-11-21",6020,20,4,24
"2020-11-21",6022,25,4,29
"2020-11-21",6027,28,5,33
"2020-11-21",6029,21,3,24
"2020-11-21",6030,24,3,27
"2020-11-21",6033,21,3,24
"2020-11-21",6050,21,5,26
"2020-11-21",6055,21,3,24
"2020-11-21",6060,17,3,20
"2020-11-21",6069,29,3,32
"2020-11-21",6079,29,3,32
"2020-11-21",6084,29,5,34
"2020-11-21",6087,26,5,31
"2020-11-21",6090,21,4,25
"2020-11-21",6121,27,5,32
"2020-11-21",6129,26,3,29
"2020-11-21",7018,27,4,31
"2020-11-21",7019,22,3,25
"2020-11-21",7022,26,4,30
"2020-11-21",7023,25,2,27
"2020-11-21",7024,21,4,25
"2020-11-21",7027,27,5,32
"2020-11-21",7033,28,4,32
"2020-11-21",7043,19,4,23
"2020-11-22",2051,20,4,24
"2020-11-22",2063,23,3,26
"2020-11-22",2074,22,1,23
"2020-11-22",3131,30,4,34
"2020-11-22",3150,23,4,27
"2020-11-22",4044,25,4,29
"2020-11-22",4072,22,5,27
"2020-11-22",4080,29,4,33
"2020-11-22",5028,20,4,24
"2020-11-22",5041,30,4,34
"2020-11-22",5042,24,3,27
"2020-11-22",5046,15,5,20
"2020-11-22",5058,27,4,31
"2020-11-22",5059,24,5,29
"2020-11-22",5061,21,4,25
"2020-11-22",5100,29,4,33
"2020-11-22",5120,19,4,23
"2020-11-22",5123,26,5,31
"2020-11-22",5124,20,5,25
"2020-11-22",5135,17,3,20
"2020-11-22",5137,29,4,33
"2020-11-22",5139,27,5,32
"2020-11-22",5145,29,3,32
"2020-11-22",6005,20,3,23
"2020-11-22",6020,28,4,32
"2020-11-22",6022,21,4,25
"2020-11-22",6027,26,4,30
"2020-11-22",6029,24,3,27
"2020-11-22",6030,25,4,29
"2020-11-22",6033,24,4,28
"2020-11-22",6050,22,5,27
"2020-11-22",6055,27,5,32
"2020-11-22",6060,23,4,27
"2020-11-22",6069,26,3,29
"2020-11-22",6079,30,5,35
"2020-11-22",6084,29,4,33
"2020-11-22",6087,28,4,32
"2020-11-22",6090,28,5,33
"2020-11-22",6121,25,5,30
"2020-11-22",6129,23,4,27
"2020-11-22",7018,26,5,31
"2020-11-22",7019,16,3,19
"2020-11-22",7022,26,2,28
"2020-11-22",7023,26,3,29
"2020-11-22",7024,25,4,29
"2020-11-22",7027,26,4,30
"2020-11-22",7033,30,4,34
"2020-11-22",7043,20,2,22
"2020-11-23",2051,20,4,24
"2020-11-23",2063,26,3,29
"2020-11-23",2074,10,2,12
"2020-11-23",3131,24,3,27
"2020-11-23",3150,18,4,22
"2020-11-23",4044,29,3,32
"2020-11-23",4072,20,4,24
"2020-11-23",4080,29,4,33
"2020-11-23",5028,13,3,16
"2020-11-23",5041,27,2,29
"2020-11-23",5042,25,4,29
"2020-11-23",5046,21,5,26
"2020-11-23",5058,27,4,31
"2020-11-23",5059,21,5,26
"2020-11-23",5061,13,4,17
"2020-11-23",5100,25,4,29
"2020-11-23",5120,14,3,17
"2020-11-23",5123,25,4,29
"2020-11-23",5124,24,5,29
"2020-11-23",5135,17,5,22
"2020-11-23",5137,24,5,29
"2020-11-23",5139,22,3,25
"2020-11-23",5145,11,3,14
"2020-11-23",6005,14,3,17
"2020-11-23",6020,28,4,32
"2020-11-23",6022,24,5,29
"2020-11-23",6027,24,2,26
"2020-11-23",6029,22,3,25
"2020-11-23",6030,24,4,28
"2020-11-23",6033,19,3,22
"2020-11-23",6050,25,4,29
"2020-11-23",6055,29,3,32
"2020-11-23",6060,19,4,23
"2020-11-23",6069,16,3,19
"2020-11-23",6079,28,5,33
"2020-11-23",6084,26,3,29
"2020-11-23",6087,22,4,26
"2020-11-23",6090,27,4,31
"2020-11-23",6121,24,4,28
"2020-11-23",6129,20,2,22
"2020-11-23",7018,25,5,30
"2020-11-23",7019,15,2,17
"2020-11-23",7022,20,4,24
"2020-11-23",7023,29,2,31
"2020-11-23",7024,18,3,21
"2020-11-23",7027,22,3,25
"2020-11-23",7033,25,4,29
"2020-11-23",7043,30,5,35
"2020-11-24",2051,19,3,22
"2020-11-24",2063,17,3,20
"2020-11-24",2074,13,3,16
"2020-11-24",3131,24,5,29
"2020-11-24",3150,17,3,20
"2020-11-24",4044,23,4,27
"2020-11-24",4072,15,4,19
"2020-11-24",4080,24,4,28
"2020-11-24",5028,16,4,20
"2020-11-24",5041,25,3,28
"2020-11-24",5042,24,3,27
"2020-11-24",5046,23,3,26
"2020-11-24",5058,26,5,31
"2020-11-24",5059,24,4,28
"2020-11-24",5061,16,4,20
"2020-11-24",5100,27,3,30
"2020-11-24",5120,14,2,16
"2020-11-24",5123,20,4,24
"2020-11-24",5124,17,5,22
"2020-11-24",5135,14,1,15
"2020-11-24",5137,22,4,26
"2020-11-24",5139,22,4,26
"2020-11-24",5145,24,4,28
"2020-11-24",6005,18,4,22
"2020-11-24",6020,24,3,27
"2020-11-24",6022,25,5,30
"2020-11-24",6027,24,4,28
"2020-11-24",6029,11,3,14
"2020-11-24",6030,26,5,31
"2020-11-24",6033,19,3,22
"2020-11-24",6050,25,5,30
"2020-11-24",6055,24,5,29
"2020-11-24",6060,18,2,20
"2020-11-24",6069,20,3,23
"2020-11-24",6079,22,4,26
"2020-11-24",6084,24,4,28
"2020-11-24",6087,20,4,24
"2020-11-24",6090,24,5,29
"2020-11-24",6121,22,4,26
"2020-11-24",6129,19,1,20
"2020-11-24",7018,25,5,30
"2020-11-24",7019,20,3,23
"2020-11-24",7022,21,5,26
"2020-11-24",7023,26,2,28
"2020-11-24",7024,20,3,23
"2020-11-24",7027,30,5,35
"2020-11-24",7033,28,4,32
"2020-11-24",7043,23,3,26
"2020-11-25",2051,12,3,15
"2020-11-25",2063,20,3,23
"2020-11-25",2074,19,2,21
"2020-11-25",3131,23,3,26
"2020-11-25",3150,21,4,25
"2020-11-25",4044,27,5,32
"2020-11-25",4072,20,4,24
"2020-11-25",4080,13,4,17
"2020-11-25",5028,27,5,32
"2020-11-25",5041,25,3,28
"2020-11-25",5042,28,3,31
"2020-11-25",5046,16,5,21
"2020-11-25",5058,23,5,28
"2020-11-25",5059,21,5,26
"2020-11-25",5061,12,3,15
"2020-11-25",5100,24,4,28
"2020-11-25",5120,20,3,23
"2020-11-25",5123,22,5,27
"2020-11-25",5124,21,5,26
"2020-11-25",5135,21,5,26
"2020-11-25",5137,23,3,26
"2020-11-25",5139,18,4,22
"2020-11-25",5145,22,3,25
"2020-11-25",6005,25,4,29
"2020-11-25",6020,25,3,28
"2020-11-25",6022,26,3,29
"2020-11-25",6027,29,3,32
"2020-11-25",6029,14,4,18
"2020-11-25",6030,24,5,29
"2020-11-25",6033,22,3,25
"2020-11-25",6050,25,3,28
"2020-11-25",6055,27,4,31
"2020-11-25",6060,23,4,27
"2020-11-25",6069,14,3,17
"2020-11-25",6079,23,4,27
"2020-11-25",6084,24,4,28
"2020-11-25",6087,15,4,19
"2020-11-25",6090,20,4,24
"2020-11-25",6121,25,5,30
"2020-11-25",6129,25,2,27
"2020-11-25",7018,24,5,29
"2020-11-25",7019,20,4,24
"2020-11-25",7022,20,3,23
"2020-11-25",7023,25,3,28
"2020-11-25",7024,19,3,22
"2020-11-25",7027,24,2,26
"2020-11-25",7033,27,5,32
"2020-11-25",7043,20,3,23
"2020-11-26",2051,20,3,23
"2020-11-26",2063,24,4,28
"2020-11-26",2074,20,3,23
"2020-11-26",3131,24,4,28
"2020-11-26",3150,22,5,27
"2020-11-26",4044,28,4,32
"2020-11-26",4072,23,3,26
"2020-11-26",4080,16,4,20
"2020-11-26",5028,14,2,16
"2020-11-26",5041,25,4,29
"2020-11-26",5042,22,3,25
"2020-11-26",5046,16,4,20
"2020-11-26",5058,16,3,19
"2020-11-26",5059,20,4,24
"2020-11-26",5061,16,3,19
"2020-11-26",5100,28,5,33
"2020-11-26",5120,18,4,22
"2020-11-26",5123,25,5,30
"2020-11-26",5124,20,5,25
"2020-11-26",5135,19,5,24
"2020-11-26",5137,22,4,26
"2020-11-26",5139,17,4,21
"2020-11-26",5145,22,3,25
"2020-11-26",6005,22,5,27
"2020-11-26",6020,25,5,30
"2020-11-26",6022,21,5,26
"2020-11-26",6027,25,5,30
"2020-11-26",6029,19,5,24
"2020-11-26",6030,24,5,29
"2020-11-26",6033,22,4,26
"2020-11-26",6050,21,5,26
"2020-11-26",6055,24,4,28
"2020-11-26",6060,17,5,22
"2020-11-26",6069,23,4,27
"2020-11-26",6079,22,4,26
"2020-11-26",6084,23,4,27
"2020-11-26",6087,22,4,26
"2020-11-26",6090,25,5,30
"2020-11-26",6121,21,5,26
"2020-11-26",6129,16,2,18
"2020-11-26",7018,24,2,26
"2020-11-26",7019,15,5,20
"2020-11-26",7022,20,4,24
"2020-11-26",7023,25,3,28
"2020-11-26",7024,20,3,23
"2020-11-26",7027,21,5,26
"2020-11-26",7033,27,5,32
"2020-11-26",7043,20,3,23
"2020-11-27",2051,20,4,24
"2020-11-27",2063,23,3,26
"2020-11-27",2074,11,2,13
"2020-11-27",3131,20,5,25
"2020-11-27",3150,20,5,25
"2020-11-27",4044,27,3,30
"2020-11-27",4072,20,4,24
"2020-11-27",4080,24,4,28
"2020-11-27",5028,22,4,26
"2020-11-27",5041,26,4,30
"2020-11-27",5042,27,4,31
"2020-11-27",5046,16,5,21
"2020-11-27",5058,22,5,27
"2020-11-27",5059,16,2,18
"2020-11-27",5061,23,5,28
"2020-11-27",5100,29,5,34
"2020-11-27",5120,18,5,23
"2020-11-27",5123,26,4,30
"2020-11-27",5124,21,5,26
"2020-11-27",5135,15,3,18
"2020-11-27",5137,22,4,26
"2020-11-27",5139,14,3,17
"2020-11-27",5145,19,3,22
"2020-11-27",6005,21,3,24
"2020-11-27",6020,26,3,29
"2020-11-27",6022,27,4,31
"2020-11-27",6027,26,3,29
"2020-11-27",6029,17,5,22
"2020-11-27",6030,24,5,29
"2020-11-27",6033,19,3,22
"2020-11-27",6050,19,4,23
"2020-11-27",6055,24,5,29
"2020-11-27",6060,20,5,25
"2020-11-27",6069,26,4,30
"2020-11-27",6079,24,4,28
"2020-11-27",6084,24,4,28
"2020-11-27",6087,19,4,23
"2020-11-27",6090,25,4,29
"2020-11-27",6121,20,4,24
"2020-11-27",6129,14,4,18
"2020-11-27",7018,26,4,30
"2020-11-27",7019,21,4,25
"2020-11-27",7022,23,3,26
"2020-11-27",7023,25,3,28
"2020-11-27",7024,24,3,27
"2020-11-27",7027,27,4,31
"2020-11-27",7033,23,4,27
"2020-11-27",7043,21,3,24
"2020-11-28",2051,18,3,21
"2020-11-28",2063,22,2,24
"2020-11-28",2074,16,3,19
"2020-11-28",3131,22,4,26
"2020-11-28",3150,23,4,27
"2020-11-28",4044,25,4,29
"2020-11-28",4072,15,4,19
"2020-11-28",4080,21,3,24
"2020-11-28",5028,16,2,18
"2020-11-28",5041,28,2,30
"2020-11-28",5042,26,3,29
"2020-11-28",5046,14,5,19
"2020-11-28",5058,23,5,28
"2020-11-28",5059,20,3,23
"2020-11-28",5061,16,4,20
"2020-11-28",5100,28,5,33
"2020-11-28",5120,22,5,27
"2020-11-28",5123,21,4,25
"2020-11-28",5124,23,5,28
"2020-11-28",5135,17,4,21
"2020-11-28",5137,28,5,33
"2020-11-28",5139,21,4,25
"2020-11-28",5145,21,2,23
"2020-11-28",6005,25,4,29
"2020-11-28",6020,20,3,23
"2020-11-28",6022,24,4,28
"2020-11-28",6027,27,4,31
"2020-11-28",6029,14,4,18
"2020-11-28",6030,24,4,28
"2020-11-28",6033,22,3,25
"2020-11-28",6050,22,5,27
"2020-11-28",6055,22,3,25
"2020-11-28",6060,19,5,24
"2020-11-28",6069,25,4,29
"2020-11-28",6079,27,5,32
"2020-11-28",6084,23,5,28
"2020-11-28",6087,17,2,19
"2020-11-28",6090,23,3,26
"2020-11-28",6121,25,5,30
"2020-11-28",6129,16,3,19
"2020-11-28",7018,25,3,28
"2020-11-28",7019,20,4,24
"2020-11-28",7022,27,5,32
"2020-11-28",7023,26,2,28
"2020-11-28",7024,22,3,25
"2020-11-28",7027,27,5,32
"2020-11-28",7033,26,5,31
"2020-11-28",7043,19,5,24
"2020-11-29",2051,17,4,21
"2020-11-29",2063,18,3,21
"2020-11-29",2074,19,4,23
"2020-11-29",3131,19,3,22
"2020-11-29",3150,21,5,26
"2020-11-29",4044,29,5,34
"2020-11-29",4072,14,4,18
"2020-11-29",4080,21,5,26
"2020-11-29",5028,19,2,21
"2020-11-29",5041,24,2,26
"2020-11-29",5042,26,4,30
"2020-11-29",5046,15,5,20
"2020-11-29",5058,21,4,25
"2020-11-29",5059,18,2,20
"2020-11-29",5061,21,4,25
"2020-11-29",5100,25,4,29
"2020-11-29",5120,16,3,19
"2020-11-29",5123,20,3,23
"2020-11-29",5124,21,4,25
"2020-11-29",5135,15,3,18
"2020-11-29",5137,22,4,26
"2020-11-29",5139,19,3,22
"2020-11-29",5145,20,3,23
"2020-11-29",6005,21,4,25
"2020-11-29",6020,23,3,26
"2020-11-29",6022,24,4,28
"2020-11-29",6027,23,4,27
"2020-11-29",6029,18,3,21
"2020-11-29",6030,23,3,26
"2020-11-29",6033,21,4,25
"2020-11-29",6050,22,4,26
"2020-11-29",6055,26,5,31
"2020-11-29",6060,20,4,24
"2020-11-29",6069,19,4,23
"2020-11-29",6079,25,5,30
"2020-11-29",6084,23,4,27
"2020-11-29",6087,19,4,23
"2020-11-29",6090,20,4,24
"2020-11-29",6121,25,5,30
"2020-11-29",6129,21,3,24
"2020-11-29",7018,19,4,23
"2020-11-29",7019,21,4,25
"2020-11-29",7022,28,4,32
"2020-11-29",7023,26,3,29
"2020-11-29",7024,21,3,24
"2020-11-29",7027,24,4,28
"2020-11-29",7033,26,5,31
"2020-11-29",7043,17,2,19
"2020-11-30",2051,19,5,24
"2020-11-30",2063,20,4,24
"2020-11-30",2074,15,4,19
"2020-11-30",3131,27,5,32
"2020-11-30",3150,23,4,27
"2020-11-30",4044,26,4,30
"2020-11-30",4072,17,3,20
"2020-11-30",4080,22,4,26
"2020-11-30",5028,14,3,17
"2020-11-30",5041,25,4,29
"2020-11-30",5042,24,3,27
"2020-11-30",5046,17,5,22
"2020-11-30",5058,18,4,22
"2020-11-30",5059,22,3,25
"2020-11-30",5061,13,2,15
"2020-11-30",5100,28,3,31
"2020-11-30",5120,14,2,16
"2020-11-30",5123,25,4,29
"2020-11-30",5124,14,5,19
"2020-11-30",5135,17,3,20
"2020-11-30",5137,25,5,30
"2020-11-30",5139,14,2,16
"2020-11-30",5145,17,4,21
"2020-11-30",6005,22,4,26
"2020-11-30",6020,29,2,31
"2020-11-30",6022,24,4,28
"2020-11-30",6027,26,3,29
"2020-11-30",6029,17,4,21
"2020-11-30",6030,24,4,28
"2020-11-30",6033,17,3,20
"2020-11-30",6050,25,4,29
"2020-11-30",6055,26,3,29
"2020-11-30",6060,22,4,26
"2020-11-30",6069,21,4,25
"2020-11-30",6079,23,5,28
"2020-11-30",6084,26,4,30
"2020-11-30",6087,15,4,19
"2020-11-30",6090,21,4,25
"2020-11-30",6121,20,4,24
"2020-11-30",6129,17,4,21
"2020-11-30",7018,21,4,25
"2020-11-30",7019,18,4,22
"2020-11-30",7022,22,5,27
"2020-11-30",7023,24,2,26
"2020-11-30",7024,20,4,24
"2020-11-30",7027,23,5,28
"2020-11-30",7033,26,4,30
"2020-11-30",7043,10,2,12
"2020-12-01",2051,23,4,27
"2020-12-01",2063,25,3,28
"2020-12-01",2074,16,4,20
"2020-12-01",3131,22,4,26
"2020-12-01",3150,23,4,27
"2020-12-01",4044,25,3,28
"2020-12-01",4072,13,3,16
"2020-12-01",4080,24,4,28
"2020-12-01",5028,26,4,30
"2020-12-01",5041,28,4,32
"2020-12-01",5042,27,3,30
"2020-12-01",5046,11,5,16
"2020-12-01",5058,22,2,24
"2020-12-01",5059,19,3,22
"2020-12-01",5061,23,3,26
"2020-12-01",5100,26,5,31
"2020-12-01",5120,14,3,17
"2020-12-01",5123,26,4,30
"2020-12-01",5124,29,5,34
"2020-12-01",5135,16,3,19
"2020-12-01",5137,27,3,30
"2020-12-01",5139,14,3,17
"2020-12-01",5145,25,4,29
"2020-12-01",6005,21,3,24
"2020-12-01",6020,28,3,31
"2020-12-01",6022,23,4,27
"2020-12-01",6027,21,3,24
"2020-12-01",6029,26,3,29
"2020-12-01",6030,23,4,27
"2020-12-01",6033,22,3,25
"2020-12-01",6050,21,5,26
"2020-12-01",6055,27,4,31
"2020-12-01",6060,25,4,29
"2020-12-01",6069,23,3,26
"2020-12-01",6079,25,5,30
"2020-12-01",6084,25,4,29
"2020-12-01",6087,22,2,24
"2020-12-01",6090,22,3,25
"2020-12-01",6121,28,4,32
"2020-12-01",6129,18,3,21
"2020-12-01",7018,28,4,32
"2020-12-01",7019,21,3,24
"2020-12-01",7022,29,4,33
"2020-12-01",7023,28,3,31
"2020-12-01",7024,22,3,25
"2020-12-01",7027,30,4,34
"2020-12-01",7033,26,4,30
"2020-12-01",7043,16,3,19
"2020-12-02",2051,18,4,22
"2020-12-02",2063,21,4,25
"2020-12-02",2074,13,4,17
"2020-12-02",3131,25,4,29
"2020-12-02",3150,21,5,26
"2020-12-02",4044,26,3,29
"2020-12-02",4072,15,4,19
"2020-12-02",4080,20,4,24
"2020-12-02",5028,19,3,22
"2020-12-02",5041,30,3,33
"2020-12-02",5042,26,4,30
"2020-12-02",5046,16,4,20
"2020-12-02",5058,25,5,30
"2020-12-02",5059,20,1,21
"2020-12-02",5061,12,2,14
"2020-12-02",5100,30,4,34
"2020-12-02",5120,17,4,21
"2020-12-02",5123,25,4,29
"2020-12-02",5124,18,4,22
"2020-12-02",5135,26,2,28
"2020-12-02",5137,23,4,27
"2020-12-02",5139,16,4,20
"2020-12-02",5145,24,4,28
"2020-12-02",6005,17,3,20
"2020-12-02",6020,26,4,30
"2020-12-02",6022,26,5,31
"2020-12-02",6027,25,3,28
"2020-12-02",6029,16,3,19
"2020-12-02",6030,25,4,29
"2020-12-02",6033,22,3,25
"2020-12-02",6050,18,4,22
"2020-12-02",6055,20,3,23
"2020-12-02",6060,22,3,25
"2020-12-02",6069,23,3,26
"2020-12-02",6079,27,4,31
"2020-12-02",6084,22,4,26
"2020-12-02",6087,22,3,25
"2020-12-02",6090,25,4,29
"2020-12-02",6121,25,5,30
"2020-12-02",6129,21,2,23
"2020-12-02",7018,21,4,25
"2020-12-02",7019,21,4,25
"2020-12-02",7022,22,3,25
"2020-12-02",7023,25,1,26
"2020-12-02",7024,22,5,27
"2020-12-02",7027,25,4,29
"2020-12-02",7033,27,5,32
"2020-12-02",7043,16,3,19
"2020-12-03",2051,20,3,23
"2020-12-03",2063,19,3,22
"2020-12-03",2074,20,3,23
"2020-12-03",3131,27,5,32
"2020-12-03",3150,26,4,30
"2020-12-03",4044,28,5,33
"2020-12-03",4072,18,4,22
"2020-12-03",4080,23,3,26
"2020-12-03",5028,22,4,26
"2020-12-03",5041,26,3,29
"2020-12-03",5042,28,4,32
"2020-12-03",5046,19,5,24
"2020-12-03",5058,26,4,30
"2020-12-03",5059,21,4,25
"2020-12-03",5061,17,3,20
"2020-12-03",5100,27,4,31
"2020-12-03",5120,16,2,18
"2020-12-03",5123,28,5,33
"2020-12-03",5124,23,5,28
"2020-12-03",5135,21,2,23
"2020-12-03",5137,22,5,27
"2020-12-03",5139,20,4,24
"2020-12-03",5145,21,3,24
"2020-12-03",6005,17,3,20
"2020-12-03",6020,19,3,22
"2020-12-03",6022,26,5,31
"2020-12-03",6027,23,4,27
"2020-12-03",6029,20,4,24
"2020-12-03",6030,26,4,30
"2020-12-03",6033,26,4,30
"2020-12-03",6050,23,4,27
"2020-12-03",6055,29,4,33
"2020-12-03",6060,23,4,27
"2020-12-03",6069,22,4,26
"2020-12-03",6079,28,5,33
"2020-12-03",6084,26,4,30
"2020-12-03",6087,17,3,20
"2020-12-03",6090,24,4,28
"2020-12-03",6121,18,4,22
"2020-12-03",6129,24,4,28
"2020-12-03",7018,28,4,32
"2020-12-03",7019,25,4,29
"2020-12-03",7022,24,3,27
"2020-12-03",7023,25,2,27
"2020-12-03",7024,20,2,22
"2020-12-03",7027,28,3,31
"2020-12-03",7033,29,5,34
"2020-12-03",7043,16,3,19
"2020-12-04",2051,20,2,22
"2020-12-04",2063,23,4,27
"2020-12-04",2074,11,2,13
"2020-12-04",3131,21,3,24
"2020-12-04",3150,24,5,29
"2020-12-04",4044,25,3,28
"2020-12-04",4072,17,3,20
"2020-12-04",4080,24,4,28
"2020-12-04",5028,17,4,21
"2020-12-04",5041,28,3,31
"2020-12-04",5042,25,4,29
"2020-12-04",5046,15,5,20
"2020-12-04",5058,27,5,32
"2020-12-04",5059,24,4,28
"2020-12-04",5061,19,3,22
"2020-12-04",5100,28,4,32
"2020-12-04",5120,15,2,17
"2020-12-04",5123,24,5,29
"2020-12-04",5124,27,5,32
"2020-12-04",5135,17,3,20
"2020-12-04",5137,19,4,23
"2020-12-04",5139,3,0,3
"2020-12-04",5145,7,0,7
"2020-12-04",6005,23,4,27
"2020-12-04",6020,26,3,29
"2020-12-04",6022,20,5,25
"2020-12-04",6027,23,4,27
"2020-12-04",6029,16,2,18
"2020-12-04",6030,18,3,21
"2020-12-04",6033,22,3,25
"2020-12-04",6041,22,3,25
"2020-12-04",6050,23,4,27
"2020-12-04",6055,22,5,27
"2020-12-04",6060,20,4,24
"2020-12-04",6061,26,4,30
"2020-12-04",6067,24,1,25
"2020-12-04",6069,25,2,27
"2020-12-04",6079,23,5,28
"2020-12-04",6084,24,3,27
"2020-12-04",6087,26,3,29
"2020-12-04",6090,21,5,26
"2020-12-04",6121,17,4,21
"2020-12-04",6129,19,3,22
"2020-12-04",7018,25,4,29
"2020-12-04",7019,15,3,18
"2020-12-04",7022,28,4,32
"2020-12-04",7023,27,4,31
"2020-12-04",7024,22,4,26
"2020-12-04",7027,26,5,31
"2020-12-04",7033,23,4,27
"2020-12-04",7043,11,1,12
"2020-12-04",7046,21,3,24
"2020-12-05",2051,17,4,21
"2020-12-05",2063,23,3,26
"2020-12-05",3131,23,5,28
"2020-12-05",3150,18,4,22
"2020-12-05",4044,22,5,27
"2020-12-05",4072,15,3,18
"2020-12-05",4080,21,4,25
"2020-12-05",5028,18,2,20
"2020-12-05",5041,25,4,29
"2020-12-05",5042,25,5,30
"2020-12-05",5046,17,5,22
"2020-12-05",5058,24,5,29
"2020-12-05",5059,19,2,21
"2020-12-05",5061,19,4,23
"2020-12-05",5100,23,4,27
"2020-12-05",5120,10,2,12
"2020-12-05",5123,22,4,26
"2020-12-05",5124,18,5,23
"2020-12-05",5135,17,3,20
"2020-12-05",5137,20,5,25
"2020-12-05",6005,22,4,26
"2020-12-05",6020,26,4,30
"2020-12-05",6022,26,4,30
"2020-12-05",6027,25,3,28
"2020-12-05",6029,13,3,16
"2020-12-05",6033,18,3,21
"2020-12-05",6041,23,2,25
"2020-12-05",6050,17,3,20
"2020-12-05",6055,25,4,29
"2020-12-05",6060,23,4,27
"2020-12-05",6061,29,3,32
"2020-12-05",6067,20,4,24
"2020-12-05",6069,23,2,25
"2020-12-05",6079,26,4,30
"2020-12-05",6084,23,4,27
"2020-12-05",6087,18,3,21
"2020-12-05",6090,24,5,29
"2020-12-05",6121,25,4,29
"2020-12-05",6129,20,3,23
"2020-12-05",7018,25,4,29
"2020-12-05",7019,16,3,19
"2020-12-05",7022,18,5,23
"2020-12-05",7023,22,3,25
"2020-12-05",7024,21,2,23
"2020-12-05",7027,26,4,30
"2020-12-05",7033,25,5,30
"2020-12-05",7046,20,4,24
"2020-12-06",2051,14,4,18
"2020-12-06",2063,19,3,22
"2020-12-06",3131,25,4,29
"2020-12-06",3150,24,4,28
"2020-12-06",4044,24,4,28
"2020-12-06",4072,14,3,17
"2020-12-06",4080,20,4,24
"2020-12-06",5028,21,4,25
"2020-12-06",5041,27,5,32
"2020-12-06",5042,24,5,29
"2020-12-06",5046,13,4,17
"2020-12-06",5058,20,5,25
"2020-12-06",5059,18,3,21
"2020-12-06",5061,20,4,24
"2020-12-06",5100,27,3,30
"2020-12-06",5120,15,3,18
"2020-12-06",5123,24,2,26
"2020-12-06",5124,15,4,19
"2020-12-06",5135,16,3,19
"2020-12-06",5137,20,5,25
"2020-12-06",6005,22,4,26
"2020-12-06",6020,21,3,24
"2020-12-06",6022,18,4,22
"2020-12-06",6027,24,4,28
"2020-12-06",6029,16,3,19
"2020-12-06",6033,23,3,26
"2020-12-06",6041,18,3,21
"2020-12-06",6050,21,5,26
"2020-12-06",6055,26,4,30
"2020-12-06",6060,16,4,20
"2020-12-06",6061,28,4,32
"2020-12-06",6067,25,5,30
"2020-12-06",6069,20,4,24
"2020-12-06",6079,27,2,29
"2020-12-06",6084,22,4,26
"2020-12-06",6087,18,3,21
"2020-12-06",6090,22,4,26
"2020-12-06",6121,20,4,24
"2020-12-06",6129,17,2,19
"2020-12-06",7018,19,4,23
"2020-12-06",7019,17,4,21
"2020-12-06",7022,23,5,28
"2020-12-06",7023,21,3,24
"2020-12-06",7024,20,4,24
"2020-12-06",7027,25,4,29
"2020-12-06",7033,21,4,25
"2020-12-06",7046,25,3,28
"2020-12-07",2051,19,3,22
"2020-12-07",2063,20,3,23
"2020-12-07",3131,29,4,33
"2020-12-07",3150,21,3,24
"2020-12-07",4008,13,1,14
"2020-12-07",4044,25,3,28
"2020-12-07",4072,16,2,18
"2020-12-07",4080,24,4,28
"2020-12-07",5028,16,2,18
"2020-12-07",5041,27,3,30
"2020-12-07",5042,26,4,30
"2020-12-07",5046,18,4,22
"2020-12-07",5058,20,4,24
"2020-12-07",5059,18,2,20
"2020-12-07",5061,19,4,23
"2020-12-07",5100,28,4,32
"2020-12-07",5120,21,5,26
"2020-12-07",5123,18,3,21
"2020-12-07",5124,13,2,15
"2020-12-07",5135,24,5,29
"2020-12-07",5137,25,5,30
"2020-12-07",6005,22,5,27
"2020-12-07",6020,28,4,32
"2020-12-07",6022,20,4,24
"2020-12-07",6027,23,4,27
"2020-12-07",6029,24,4,28
"2020-12-07",6033,19,4,23
"2020-12-07",6041,22,3,25
"2020-12-07",6050,17,5,22
"2020-12-07",6055,27,5,32
"2020-12-07",6060,22,5,27
"2020-12-07",6061,27,3,30
"2020-12-07",6067,26,5,31
"2020-12-07",6069,24,4,28
"2020-12-07",6079,29,4,33
"2020-12-07",6084,21,3,24
"2020-12-07",6087,8,2,10
"2020-12-07",6090,23,5,28
"2020-12-07",6121,24,5,29
"2020-12-07",6129,21,3,24
"2020-12-07",7018,24,4,28
"2020-12-07",7019,23,3,26
"2020-12-07",7022,20,5,25
"2020-12-07",7023,26,2,28
"2020-12-07",7024,22,4,26
"2020-12-07",7027,20,4,24
"2020-12-07",7033,29,3,32
"2020-12-07",7046,28,5,33
"2020-12-08",2051,19,4,23
"2020-12-08",2063,22,3,25
"2020-12-08",3131,24,5,29
"2020-12-08",3150,22,5,27
"2020-12-08",4008,16,4,20
"2020-12-08",4044,25,5,30
"2020-12-08",4072,11,2,13
"2020-12-08",4080,26,3,29
"2020-12-08",5028,21,3,24
"2020-12-08",5041,29,5,34
"2020-12-08",5042,27,4,31
"2020-12-08",5046,14,5,19
"2020-12-08",5058,17,4,21
"2020-12-08",5059,19,2,21
"2020-12-08",5061,20,4,24
"2020-12-08",5100,26,4,30
"2020-12-08",5120,20,5,25
"2020-12-08",5123,25,4,29
"2020-12-08",5124,18,4,22
"2020-12-08",5135,20,3,23
"2020-12-08",5137,21,4,25
"2020-12-08",6005,26,5,31
"2020-12-08",6020,23,2,25
"2020-12-08",6022,25,4,29
"2020-12-08",6027,23,4,27
"2020-12-08",6029,21,4,25
"2020-12-08",6033,16,2,18
"2020-12-08",6041,21,2,23
"2020-12-08",6050,20,4,24
"2020-12-08",6055,24,5,29
"2020-12-08",6060,22,3,25
"2020-12-08",6061,27,5,32
"2020-12-08",6067,22,4,26
"2020-12-08",6069,23,2,25
"2020-12-08",6079,25,2,27
"2020-12-08",6084,23,4,27
"2020-12-08",6087,14,3,17
"2020-12-08",6090,21,4,25
"2020-12-08",6121,23,5,28
"2020-12-08",6129,15,3,18
"2020-12-08",7018,24,3,27
"2020-12-08",7019,16,4,20
"2020-12-08",7022,26,4,30
"2020-12-08",7023,25,3,28
"2020-12-08",7024,18,3,21
"2020-12-08",7027,26,5,31
"2020-12-08",7033,27,3,30
"2020-12-08",7046,24,4,28
"2020-12-09",2051,16,3,19
"2020-12-09",2063,27,4,31
"2020-12-09",3131,23,4,27
"2020-12-09",3150,22,3,25
"2020-12-09",4008,15,4,19
"2020-12-09",4044,27,4,31
"2020-12-09",4072,18,4,22
"2020-12-09",4080,26,4,30
"2020-12-09",5028,24,2,26
"2020-12-09",5041,25,3,28
"2020-12-09",5042,25,2,27
"2020-12-09",5046,25,5,30
"2020-12-09",5058,27,4,31
"2020-12-09",5059,26,4,30
"2020-12-09",5061,17,3,20
"2020-12-09",5100,27,4,31
"2020-12-09",5120,22,4,26
"2020-12-09",5123,24,4,28
"2020-12-09",5124,26,5,31
"2020-12-09",5135,25,5,30
"2020-12-09",5137,22,3,25
"2020-12-09",6005,25,5,30
"2020-12-09",6020,27,3,30
"2020-12-09",6022,23,4,27
"2020-12-09",6027,22,4,26
"2020-12-09",6029,22,3,25
"2020-12-09",6033,21,3,24
"2020-12-09",6041,23,4,27
"2020-12-09",6050,28,5,33
"2020-12-09",6055,24,4,28
"2020-12-09",6060,27,5,32
"2020-12-09",6061,29,5,34
"2020-12-09",6067,24,4,28
"2020-12-09",6069,27,2,29
"2020-12-09",6079,25,4,29
"2020-12-09",6084,27,5,32
"2020-12-09",6087,21,3,24
"2020-12-09",6090,22,4,26
"2020-12-09",6121,26,5,31
"2020-12-09",6129,21,3,24
"2020-12-09",7018,27,4,31
"2020-12-09",7019,21,5,26
"2020-12-09",7022,27,5,32
"2020-12-09",7023,26,3,29
"2020-12-09",7024,18,2,20
"2020-12-09",7027,27,4,31
"2020-12-09",7033,29,5,34
"2020-12-09",7046,26,3,29
"2020-12-10",2051,13,2,15
"2020-12-10",2063,28,4,32
"2020-12-10",3131,24,4,28
"2020-12-10",3150,21,4,25
"2020-12-10",4008,17,4,21
"2020-12-10",4044,27,4,31
"2020-12-10",4072,16,2,18
"2020-12-10",4080,26,3,29
"2020-12-10",5028,20,2,22
"2020-12-10",5041,29,3,32
"2020-12-10",5042,23,4,27
"2020-12-10",5046,15,4,19
"2020-12-10",5058,21,4,25
"2020-12-10",5059,18,2,20
"2020-12-10",5061,16,4,20
"2020-12-10",5100,27,4,31
"2020-12-10",5120,24,3,27
"2020-12-10",5123,29,4,33
"2020-12-10",5124,24,5,29
"2020-12-10",5135,22,3,25
"2020-12-10",5137,25,4,29
"2020-12-10",6005,23,4,27
"2020-12-10",6020,28,4,32
"2020-12-10",6022,25,4,29
"2020-12-10",6027,25,5,30
"2020-12-10",6029,21,5,26
"2020-12-10",6033,24,2,26
"2020-12-10",6041,24,5,29
"2020-12-10",6050,20,3,23
"2020-12-10",6055,26,4,30
"2020-12-10",6060,22,5,27
"2020-12-10",6061,28,5,33
"2020-12-10",6067,22,5,27
"2020-12-10",6069,22,3,25
"2020-12-10",6079,27,4,31
"2020-12-10",6084,24,3,27
"2020-12-10",6087,21,4,25
"2020-12-10",6090,25,5,30
"2020-12-10",6121,26,4,30
"2020-12-10",6129,23,3,26
"2020-12-10",7018,30,4,34
"2020-12-10",7019,19,3,22
"2020-12-10",7022,24,3,27
"2020-12-10",7023,21,2,23
"2020-12-10",7024,23,3,26
"2020-12-10",7027,25,4,29
"2020-12-10",7033,26,4,30
"2020-12-10",7046,22,4,26
"2020-12-11",2051,19,2,21
"2020-12-11",2063,16,2,18
"2020-12-11",3131,25,4,29
"2020-12-11",3150,22,3,25
"2020-12-11",4008,19,3,22
"2020-12-11",4044,26,3,29
"2020-12-11",4072,10,2,12
"2020-12-11",4080,23,3,26
"2020-12-11",5028,17,2,19
"2020-12-11",5041,24,3,27
"2020-12-11",5042,25,3,28
"2020-12-11",5046,15,3,18
"2020-12-11",5058,21,3,24
"2020-12-11",5059,20,3,23
"2020-12-11",5061,21,4,25
"2020-12-11",5100,29,3,32
"2020-12-11",5120,20,4,24
"2020-12-11",5123,28,4,32
"2020-12-11",5124,26,3,29
"2020-12-11",5135,18,3,21
"2020-12-11",5137,24,3,27
"2020-12-11",6005,18,3,21
"2020-12-11",6020,26,2,28
"2020-12-11",6022,28,3,31
"2020-12-11",6027,20,4,24
"2020-12-11",6029,20,3,23
"2020-12-11",6033,26,3,29
"2020-12-11",6041,24,3,27
"2020-12-11",6050,18,2,20
"2020-12-11",6055,28,3,31
"2020-12-11",6060,20,3,23
"2020-12-11",6061,26,4,30
"2020-12-11",6067,22,4,26
"2020-12-11",6069,21,3,24
"2020-12-11",6079,27,3,30
"2020-12-11",6084,26,4,30
"2020-12-11",6087,20,4,24
"2020-12-11",6090,24,3,27
"2020-12-11",6121,27,3,30
"2020-12-11",6129,24,3,27
"2020-12-11",7018,23,4,27
"2020-12-11",7019,23,3,26
"2020-12-11",7022,28,4,32
"2020-12-11",7023,22,2,24
"2020-12-11",7024,21,3,24
"2020-12-11",7027,24,3,27
"2020-12-11",7033,21,4,25
"2020-12-11",7046,21,4,25
"2020-12-12",2051,23,2,25
"2020-12-12",2063,18,2,20
"2020-12-12",3131,22,3,25
"2020-12-12",3150,21,3,24
"2020-12-12",4008,23,4,27
"2020-12-12",4044,26,3,29
"2020-12-12",4072,19,3,22
"2020-12-12",4080,24,3,27
"2020-12-12",5028,13,4,17
"2020-12-12",5041,21,2,23
"2020-12-12",5042,26,3,29
"2020-12-12",5046,16,4,20
"2020-12-12",5058,21,3,24
"2020-12-12",5059,23,4,27
"2020-12-12",5061,15,3,18
"2020-12-12",5100,26,3,29
"2020-12-12",5120,21,3,24
"2020-12-12",5123,21,3,24
"2020-12-12",5124,19,4,23
"2020-12-12",5135,24,4,28
"2020-12-12",5137,21,3,24
"2020-12-12",6005,22,4,26
"2020-12-12",6020,30,4,34
"2020-12-12",6022,22,4,26
"2020-12-12",6027,27,3,30
"2020-12-12",6029,21,3,24
"2020-12-12",6033,22,4,26
"2020-12-12",6041,27,2,29
"2020-12-12",6050,16,3,19
"2020-12-12",6055,19,3,22
"2020-12-12",6060,19,2,21
"2020-12-12",6061,29,4,33
"2020-12-12",6067,20,3,23
"2020-12-12",6069,17,2,19
"2020-12-12",6079,28,4,32
"2020-12-12",6084,20,3,23
"2020-12-12",6087,18,3,21
"2020-12-12",6090,15,3,18
"2020-12-12",6121,21,3,24
"2020-12-12",6129,20,2,22
"2020-12-12",7018,23,3,26
"2020-12-12",7019,16,3,19
"2020-12-12",7022,27,4,31
"2020-12-12",7023,21,3,24
"2020-12-12",7024,18,2,20
"2020-12-12",7027,26,4,30
"2020-12-12",7033,25,3,28
"2020-12-12",7046,18,3,21
"2020-12-13",2051,17,2,19
"2020-12-13",2063,20,2,22
"2020-12-13",3131,28,4,32
"2020-12-13",3150,20,2,22
"2020-12-13",4008,20,3,23
"2020-12-13",4044,23,4,27
"2020-12-13",4072,13,3,16
"2020-12-13",4080,16,3,19
"2020-12-13",5028,16,3,19
"2020-12-13",5041,26,3,29
"2020-12-13",5042,27,4,31
"2020-12-13",5046,18,4,22
"2020-12-13",5058,17,1,18
"2020-12-13",5059,18,3,21
"2020-12-13",5061,18,2,20
"2020-12-13",5100,25,3,28
"2020-12-13",5120,22,3,25
"2020-12-13",5123,24,4,28
"2020-12-13",5124,23,4,27
"2020-12-13",5135,20,4,24
"2020-12-13",5137,17,2,19
"2020-12-13",6005,21,3,24
"2020-12-13",6020,27,4,31
"2020-12-13",6022,23,4,27
"2020-12-13",6027,19,3,22
"2020-12-13",6029,14,2,16
"2020-12-13",6033,20,3,23
"2020-12-13",6041,27,3,30
"2020-12-13",6050,15,2,17
"2020-12-13",6055,21,3,24
"2020-12-13",6060,20,2,22
"2020-12-13",6061,28,4,32
"2020-12-13",6067,23,4,27
"2020-12-13",6069,24,1,25
"2020-12-13",6079,26,4,30
"2020-12-13",6084,23,3,26
"2020-12-13",6087,25,4,29
"2020-12-13",6090,20,3,23
"2020-12-13",6121,20,3,23
"2020-12-13",6129,20,2,22
"2020-12-13",7018,26,4,30
"2020-12-13",7019,17,4,21
"2020-12-13",7022,22,3,25
"2020-12-13",7023,24,2,26
"2020-12-13",7024,23,4,27
"2020-12-13",7027,27,4,31
"2020-12-13",7033,27,4,31
"2020-12-13",7046,16,3,19
"2020-12-14",2051,14,3,17
"2020-12-14",2063,18,2,20
"2020-12-14",3131,29,4,33
"2020-12-14",3150,23,2,25
"2020-12-14",4008,21,3,24
"2020-12-14",4044,29,3,32
"2020-12-14",4072,17,3,20
"2020-12-14",4080,23,4,27
"2020-12-14",5028,19,2,21
"2020-12-14",5041,26,3,29
"2020-12-14",5042,25,4,29
"2020-12-14",5046,18,4,22
"2020-12-14",5058,24,4,28
"2020-12-14",5059,23,2,25
"2020-12-14",5061,19,3,22
"2020-12-14",5100,26,3,29
"2020-12-14",5120,22,4,26
"2020-12-14",5123,21,3,24
"2020-12-14",5124,22,4,26
"2020-12-14",5135,23,3,26
"2020-12-14",5137,23,4,27
"2020-12-14",6005,16,3,19
"2020-12-14",6020,29,3,32
"2020-12-14",6022,21,3,24
"2020-12-14",6027,24,4,28
"2020-12-14",6029,27,3,30
"2020-12-14",6033,18,3,21
"2020-12-14",6041,21,2,23
"2020-12-14",6050,21,3,24
"2020-12-14",6055,25,4,29
"2020-12-14",6060,18,1,19
"2020-12-14",6061,29,3,32
"2020-12-14",6067,24,4,28
"2020-12-14",6069,22,2,24
"2020-12-14",6079,25,3,28
"2020-12-14",6084,20,4,24
"2020-12-14",6087,21,4,25
"2020-12-14",6090,23,3,26
"2020-12-14",6121,23,3,26
"2020-12-14",6129,25,3,28
"2020-12-14",7018,24,3,27
"2020-12-14",7019,19,3,22
"2020-12-14",7022,24,4,28
"2020-12-14",7023,25,1,26
"2020-12-14",7024,17,3,20
"2020-12-14",7027,29,4,33
"2020-12-14",7033,26,3,29
"2020-12-14",7046,25,4,29
"2020-12-15",2051,17,2,19
"2020-12-15",2063,18,2,20
"2020-12-15",3131,25,4,29
"2020-12-15",3150,25,3,28
"2020-12-15",4008,24,3,27
"2020-12-15",4044,22,3,25
"2020-12-15",4072,17,3,20
"2020-12-15",4080,24,3,27
"2020-12-15",5028,19,3,22
"2020-12-15",5041,23,3,26
"2020-12-15",5042,27,4,31
"2020-12-15",5046,16,4,20
"2020-12-15",5058,21,2,23
"2020-12-15",5059,21,3,24
"2020-12-15",5061,20,4,24
"2020-12-15",5100,28,3,31
"2020-12-15",5120,21,3,24
"2020-12-15",5123,26,3,29
"2020-12-15",5124,23,4,27
"2020-12-15",5135,28,3,31
"2020-12-15",5137,24,2,26
"2020-12-15",6005,22,3,25
"2020-12-15",6020,21,3,24
"2020-12-15",6022,27,2,29
"2020-12-15",6027,20,3,23
"2020-12-15",6029,26,3,29
"2020-12-15",6033,20,2,22
"2020-12-15",6041,18,3,21
"2020-12-15",6050,18,2,20
"2020-12-15",6055,24,4,28
"2020-12-15",6060,18,2,20
"2020-12-15",6061,22,3,25
"2020-12-15",6067,27,4,31
"2020-12-15",6069,24,2,26
"2020-12-15",6079,28,4,32
"2020-12-15",6084,21,2,23
"2020-12-15",6087,21,3,24
"2020-12-15",6090,25,3,28
"2020-12-15",6121,22,4,26
"2020-12-15",6129,23,3,26
"2020-12-15",7018,21,3,24
"2020-12-15",7019,16,2,18
"2020-12-15",7022,21,4,25
"2020-12-15",7023,24,2,26
"2020-12-15",7024,21,2,23
"2020-12-15",7027,25,3,28
"2020-12-15",7033,29,3,32
"2020-12-15",7046,29,4,33
"2020-12-16",2051,15,4,19
"2020-12-16",2063,20,2,22
"2020-12-16",3131,21,3,24
"2020-12-16",3150,18,3,21
"2020-12-16",4008,26,3,29
"2020-12-16",4044,30,4,34
"2020-12-16",4072,17,4,21
"2020-12-16",4080,28,5,33
"2020-12-16",5028,22,3,25
"2020-12-16",5041,25,3,28
"2020-12-16",5042,29,5,34
"2020-12-16",5046,16,3,19
"2020-12-16",5058,26,2,28
"2020-12-16",5059,23,3,26
"2020-12-16",5061,14,2,16
"2020-12-16",5100,27,3,30
"2020-12-16",5120,24,4,28
"2020-12-16",5123,28,5,33
"2020-12-16",5124,25,5,30
"2020-12-16",5135,21,4,25
"2020-12-16",5137,24,4,28
"2020-12-16",6005,23,5,28
"2020-12-16",6020,29,4,33
"2020-12-16",6022,25,3,28
"2020-12-16",6027,26,4,30
"2020-12-16",6029,24,4,28
"2020-12-16",6033,26,2,28
"2020-12-16",6041,20,2,22
"2020-12-16",6050,23,4,27
"2020-12-16",6055,26,5,31
"2020-12-16",6060,24,3,27
"2020-12-16",6061,28,2,30
"2020-12-16",6067,21,4,25
"2020-12-16",6069,23,4,27
"2020-12-16",6079,26,4,30
"2020-12-16",6084,27,4,31
"2020-12-16",6087,22,4,26
"2020-12-16",6090,24,4,28
"2020-12-16",6121,24,4,28
"2020-12-16",6129,22,3,25
"2020-12-16",7018,23,4,27
"2020-12-16",7019,23,4,27
"2020-12-16",7022,27,5,32
"2020-12-16",7023,24,2,26
"2020-12-16",7024,22,3,25
"2020-12-16",7027,26,4,30
"2020-12-16",7033,23,4,27
"2020-12-16",7046,28,4,32
"2020-12-17",2051,13,3,16
"2020-12-17",2063,15,2,17
"2020-12-17",3131,27,5,32
"2020-12-17",4008,21,3,24
"2020-12-17",4044,26,5,31
"2020-12-17",4072,17,3,20
"2020-12-17",4080,29,4,33
"2020-12-17",5028,16,3,19
"2020-12-17",5041,25,4,29
"2020-12-17",5042,22,4,26
"2020-12-17",5046,13,4,17
"2020-12-17",5058,20,4,24
"2020-12-17",5059,20,4,24
"2020-12-17",5061,23,4,27
"2020-12-17",5100,29,4,33
"2020-12-17",5120,21,3,24
"2020-12-17",5123,23,3,26
"2020-12-17",5124,24,5,29
"2020-12-17",5135,27,4,31
"2020-12-17",5137,20,5,25
"2020-12-17",6005,25,5,30
"2020-12-17",6020,26,4,30
"2020-12-17",6022,25,5,30
"2020-12-17",6027,21,4,25
"2020-12-17",6029,20,3,23
"2020-12-17",6033,27,4,31
"2020-12-17",6041,20,4,24
"2020-12-17",6050,20,4,24
"2020-12-17",6055,25,4,29
"2020-12-17",6060,22,2,24
"2020-12-17",6061,26,3,29
"2020-12-17",6067,27,5,32
"2020-12-17",6069,24,2,26
"2020-12-17",6079,28,4,32
"2020-12-17",6084,27,5,32
"2020-12-17",6087,20,4,24
"2020-12-17",6090,22,5,27
"2020-12-17",6121,20,4,24
"2020-12-17",6129,18,2,20
"2020-12-17",7018,24,3,27
"2020-12-17",7019,20,4,24
"2020-12-17",7022,26,4,30
"2020-12-17",7023,26,3,29
"2020-12-17",7024,25,4,29
"2020-12-17",7027,27,3,30
"2020-12-17",7033,26,4,30
"2020-12-17",7046,23,4,27
"2020-12-18",2051,15,1,16
"2020-12-18",2063,16,3,19
"2020-12-18",3131,26,5,31
"2020-12-18",4008,21,4,25
"2020-12-18",4044,26,4,30
"2020-12-18",4072,7,2,9
"2020-12-18",4080,26,4,30
"2020-12-18",5028,18,3,21
"2020-12-18",5041,26,3,29
"2020-12-18",5042,25,3,28
"2020-12-18",5046,12,4,16
"2020-12-18",5058,17,4,21
"2020-12-18",5059,14,4,18
"2020-12-18",5061,18,4,22
"2020-12-18",5100,28,3,31
"2020-12-18",5120,20,4,24
"2020-12-18",5123,23,5,28
"2020-12-18",5124,22,4,26
"2020-12-18",5135,26,4,30
"2020-12-18",5137,22,4,26
"2020-12-18",6005,20,4,24
"2020-12-18",6020,29,4,33
"2020-12-18",6022,23,4,27
"2020-12-18",6027,26,4,30
"2020-12-18",6029,23,4,27
"2020-12-18",6033,21,3,24
"2020-12-18",6041,16,4,20
"2020-12-18",6050,19,4,23
"2020-12-18",6055,29,3,32
"2020-12-18",6060,20,3,23
"2020-12-18",6061,27,4,31
"2020-12-18",6067,25,5,30
"2020-12-18",6069,22,2,24
"2020-12-18",6079,29,3,32
"2020-12-18",6084,22,5,27
"2020-12-18",6087,25,4,29
"2020-12-18",6090,20,4,24
"2020-12-18",6121,22,4,26
"2020-12-18",6129,21,3,24
"2020-12-18",7018,13,4,17
"2020-12-18",7019,16,3,19
"2020-12-18",7022,22,4,26
"2020-12-18",7023,21,4,25
"2020-12-18",7024,23,3,26
"2020-12-18",7027,28,4,32
"2020-12-18",7033,26,4,30
"2020-12-18",7046,22,4,26
"2020-12-19",2051,18,4,22
"2020-12-19",2063,21,3,24
"2020-12-19",3131,28,4,32
"2020-12-19",4008,19,3,22
"2020-12-19",4044,28,5,33
"2020-12-19",4072,16,2,18
"2020-12-19",4080,24,4,28
"2020-12-19",5028,13,2,15
"2020-12-19",5041,28,4,32
"2020-12-19",5042,23,4,27
"2020-12-19",5046,19,4,23
"2020-12-19",5058,21,4,25
"2020-12-19",5059,18,2,20
"2020-12-19",5061,16,3,19
"2020-12-19",5100,27,3,30
"2020-12-19",5120,25,4,29
"2020-12-19",5123,26,5,31
"2020-12-19",5124,22,4,26
"2020-12-19",5135,27,4,31
"2020-12-19",5137,24,3,27
"2020-12-19",6005,22,3,25
"2020-12-19",6020,29,5,34
"2020-12-19",6022,21,4,25
"2020-12-19",6027,25,4,29
"2020-12-19",6029,22,4,26
"2020-12-19",6033,22,2,24
"2020-12-19",6041,17,5,22
"2020-12-19",6050,20,5,25
"2020-12-19",6055,23,4,27
"2020-12-19",6060,21,4,25
"2020-12-19",6061,26,3,29
"2020-12-19",6067,19,5,24
"2020-12-19",6069,24,3,27
"2020-12-19",6079,29,4,33
"2020-12-19",6084,26,3,29
"2020-12-19",6087,22,4,26
"2020-12-19",6090,18,4,22
"2020-12-19",6121,23,4,27
"2020-12-19",6129,23,3,26
"2020-12-19",7018,19,4,23
"2020-12-19",7019,21,3,24
"2020-12-19",7022,28,4,32
"2020-12-19",7023,24,3,27
"2020-12-19",7024,19,2,21
"2020-12-19",7027,25,4,29
"2020-12-19",7033,26,4,30
"2020-12-19",7046,26,3,29
"2020-12-20",2051,17,4,21
"2020-12-20",2063,21,3,24
"2020-12-20",3131,24,4,28
"2020-12-20",4008,18,4,22
"2020-12-20",4044,30,4,34
"2020-12-20",4072,15,3,18
"2020-12-20",4080,27,3,30
"2020-12-20",5028,11,2,13
"2020-12-20",5041,25,3,28
"2020-12-20",5042,25,4,29
"2020-12-20",5046,13,4,17
"2020-12-20",5058,27,5,32
"2020-12-20",5059,22,4,26
"2020-12-20",5061,17,3,20
"2020-12-20",5100,23,4,27
"2020-12-20",5120,28,5,33
"2020-12-20",5123,29,5,34
"2020-12-20",5124,22,5,27
"2020-12-20",5135,27,5,32
"2020-12-20",5137,20,3,23
"2020-12-20",6005,28,5,33
"2020-12-20",6020,26,3,29
"2020-12-20",6022,24,5,29
"2020-12-20",6027,23,4,27
"2020-12-20",6029,26,4,30
"2020-12-20",6033,19,2,21
"2020-12-20",6041,25,5,30
"2020-12-20",6050,23,5,28
"2020-12-20",6055,24,5,29
"2020-12-20",6060,27,5,32
"2020-12-20",6061,26,4,30
"2020-12-20",6067,23,5,28
"2020-12-20",6069,23,2,25
"2020-12-20",6079,26,3,29
"2020-12-20",6084,22,4,26
"2020-12-20",6087,22,4,26
"2020-12-20",6090,21,4,25
"2020-12-20",6121,21,4,25
"2020-12-20",6129,20,4,24
"2020-12-20",7018,25,4,29
"2020-12-20",7019,24,4,28
"2020-12-20",7022,22,4,26
"2020-12-20",7023,26,2,28
"2020-12-20",7024,24,3,27
"2020-12-20",7027,24,4,28
"2020-12-20",7033,28,5,33
"2020-12-20",7046,23,4,27
"2020-12-21",2051,17,4,21
"2020-12-21",2063,13,2,15
"2020-12-21",3131,26,4,30
"2020-12-21",4008,20,3,23
"2020-12-21",4044,27,5,32
"2020-12-21",4072,11,2,13
"2020-12-21",4080,21,4,25
"2020-12-21",5028,12,2,14
"2020-12-21",5041,27,4,31
"2020-12-21",5042,26,5,31
"2020-12-21",5046,13,4,17
"2020-12-21",5058,19,3,22
"2020-12-21",5059,23,5,28
"2020-12-21",5061,24,4,28
"2020-12-21",5100,25,3,28
"2020-12-21",5120,17,3,20
"2020-12-21",5123,26,5,31
"2020-12-21",5124,20,4,24
"2020-12-21",5135,16,4,20
"2020-12-21",5137,20,3,23
"2020-12-21",6005,24,4,28
"2020-12-21",6020,26,5,31
"2020-12-21",6022,22,4,26
"2020-12-21",6027,25,4,29
"2020-12-21",6029,24,4,28
"2020-12-21",6033,21,4,25
"2020-12-21",6041,22,3,25
"2020-12-21",6050,20,4,24
"2020-12-21",6055,27,4,31
"2020-12-21",6060,17,3,20
"2020-12-21",6061,29,5,34
"2020-12-21",6067,22,5,27
"2020-12-21",6069,23,3,26
"2020-12-21",6079,28,5,33
"2020-12-21",6084,23,4,27
"2020-12-21",6087,18,4,22
"2020-12-21",6090,19,3,22
"2020-12-21",6121,19,5,24
"2020-12-21",6129,19,3,22
"2020-12-21",7018,19,4,23
"2020-12-21",7019,16,4,20
"2020-12-21",7022,23,4,27
"2020-12-21",7023,24,2,26
"2020-12-21",7024,15,3,18
"2020-12-21",7027,27,3,30
"2020-12-21",7033,23,4,27
"2020-12-21",7046,22,3,25
"2020-12-22",2051,17,1,18
"2020-12-22",2063,10,2,12
"2020-12-22",3119,14,2,16
"2020-12-22",3131,24,3,27
"2020-12-22",4008,19,4,23
"2020-12-22",4044,23,3,26
"2020-12-22",4072,15,2,17
"2020-12-22",4080,24,4,28
"2020-12-22",5028,9,1,10
"2020-12-22",5035,15,2,17
"2020-12-22",5041,27,4,31
"2020-12-22",5042,26,3,29
"2020-12-22",5046,20,5,25
"2020-12-22",5058,15,4,19
"2020-12-22",5059,22,3,25
"2020-12-22",5061,19,4,23
"2020-12-22",5096,2,1,3
"2020-12-22",5100,26,4,30
"2020-12-22",5120,22,4,26
"2020-12-22",5123,25,3,28
"2020-12-22",5124,21,4,25
"2020-12-22",5135,18,3,21
"2020-12-22",5137,25,4,29
"2020-12-22",6005,23,4,27
"2020-12-22",6020,28,4,32
"2020-12-22",6022,23,5,28
"2020-12-22",6027,20,3,23
"2020-12-22",6029,23,4,27
"2020-12-22",6033,21,3,24
"2020-12-22",6041,19,5,24
"2020-12-22",6043,23,4,27
"2020-12-22",6050,22,4,26
"2020-12-22",6055,20,5,25
"2020-12-22",6060,18,2,20
"2020-12-22",6061,29,5,34
"2020-12-22",6067,21,5,26
"2020-12-22",6069,17,2,19
"2020-12-22",6079,17,2,19
"2020-12-22",6084,21,5,26
"2020-12-22",6087,21,4,25
"2020-12-22",6090,22,3,25
"2020-12-22",6121,24,4,28
"2020-12-22",6129,17,2,19
"2020-12-22",7018,25,4,29
"2020-12-22",7019,20,4,24
"2020-12-22",7022,21,3,24
"2020-12-22",7023,18,1,19
"2020-12-22",7024,18,2,20
"2020-12-22",7025,17,3,20
"2020-12-22",7027,26,3,29
"2020-12-22",7033,25,4,29
"2020-12-22",7045,21,2,23
"2020-12-22",7046,23,3,26
"2020-12-22",7055,21,4,25
"2020-12-22",7057,19,2,21
"2020-12-22",7064,19,3,22
"2020-12-22",7068,21,2,23
"2020-12-22",7078,20,4,24
"2020-12-22",7095,25,3,28
"2020-12-23",2051,16,3,19
"2020-12-23",3119,23,4,27
"2020-12-23",3131,27,4,31
"2020-12-23",4008,20,4,24
"2020-12-23",4044,26,4,30
"2020-12-23",4080,22,3,25
"2020-12-23",5035,20,4,24
"2020-12-23",5041,21,3,24
"2020-12-23",5042,27,5,32
"2020-12-23",5046,15,5,20
"2020-12-23",5059,22,4,26
"2020-12-23",5061,16,3,19
"2020-12-23",5096,26,5,31
"2020-12-23",5100,28,4,32
"2020-12-23",5120,28,4,32
"2020-12-23",5124,22,5,27
"2020-12-23",5135,24,3,27
"2020-12-23",5137,25,4,29
"2020-12-23",6005,23,5,28
"2020-12-23",6020,29,5,34
"2020-12-23",6022,24,4,28
"2020-12-23",6029,19,4,23
"2020-12-23",6033,20,3,23
"2020-12-23",6041,27,4,31
"2020-12-23",6043,23,3,26
"2020-12-23",6050,23,4,27
"2020-12-23",6055,26,4,30
"2020-12-23",6061,28,4,32
"2020-12-23",6067,19,5,24
"2020-12-23",6084,20,4,24
"2020-12-23",6087,16,4,20
"2020-12-23",6090,19,4,23
"2020-12-23",6121,21,4,25
"2020-12-23",7018,19,3,22
"2020-12-23",7019,17,4,21
"2020-12-23",7022,21,4,25
"2020-12-23",7024,19,4,23
"2020-12-23",7025,23,3,26
"2020-12-23",7027,24,3,27
"2020-12-23",7033,21,3,24
"2020-12-23",7045,20,5,25
"2020-12-23",7046,27,4,31
"2020-12-23",7055,16,4,20
"2020-12-23",7057,22,4,26
"2020-12-23",7064,26,4,30
"2020-12-23",7068,21,5,26
"2020-12-23",7078,19,4,23
"2020-12-23",7095,26,5,31
"2020-12-24",2051,18,3,21
"2020-12-24",3119,24,5,29
"2020-12-24",3131,27,4,31
"2020-12-24",4008,15,4,19
"2020-12-24",4044,26,4,30
"2020-12-24",4080,22,4,26
"2020-12-24",5035,22,5,27
"2020-12-24",5041,27,2,29
"2020-12-24",5042,28,4,32
"2020-12-24",5046,15,4,19
"2020-12-24",5059,25,5,30
"2020-12-24",5061,20,4,24
"2020-12-24",5096,22,3,25
"2020-12-24",5100,27,4,31
"2020-12-24",5120,13,2,15
"2020-12-24",5124,23,5,28
"2020-12-24",5135,22,5,27
"2020-12-24",5137,25,3,28
"2020-12-24",6005,30,4,34
"2020-12-24",6020,27,4,31
"2020-12-24",6022,26,3,29
"2020-12-24",6029,26,4,30
"2020-12-24",6033,22,3,25
"2020-12-24",6041,21,4,25
"2020-12-24",6043,23,3,26
"2020-12-24",6050,23,5,28
"2020-12-24",6055,22,3,25
"2020-12-24",6061,28,3,31
"2020-12-24",6067,24,5,29
"2020-12-24",6084,21,5,26
"2020-12-24",6087,15,3,18
"2020-12-24",6090,20,3,23
"2020-12-24",6121,26,5,31
"2020-12-24",7018,18,3,21
"2020-12-24",7019,19,5,24
"2020-12-24",7022,23,4,27
"2020-12-24",7024,21,4,25
"2020-12-24",7025,17,3,20
"2020-12-24",7027,26,4,30
"2020-12-24",7033,25,5,30
"2020-12-24",7045,21,4,25
"2020-12-24",7046,27,3,30
"2020-12-24",7055,15,2,17
"2020-12-24",7057,16,3,19
"2020-12-24",7064,23,4,27
"2020-12-24",7068,12,2,14
"2020-12-24",7078,17,3,20
"2020-12-24",7095,18,4,22
"2020-12-25",2051,16,2,18
"2020-12-25",3119,23,5,28
"2020-12-25",3131,24,4,28
"2020-12-25",4008,22,4,26
"2020-12-25",4044,26,3,29
"2020-12-25",4080,23,4,27
"2020-12-25",5035,24,3,27
"2020-12-25",5041,27,5,32
"2020-12-25",5042,26,3,29
"2020-12-25",5046,14,3,17
"2020-12-25",5059,23,4,27
"2020-12-25",5061,21,5,26
"2020-12-25",5096,23,3,26
"2020-12-25",5100,26,4,30
"2020-12-25",5120,25,4,29
"2020-12-25",5124,21,5,26
"2020-12-25",5135,23,4,27
"2020-12-25",5137,22,5,27
"2020-12-25",6005,22,4,26
"2020-12-25",6020,29,4,33
"2020-12-25",6022,23,4,27
"2020-12-25",6029,27,4,31
"2020-12-25",6033,20,4,24
"2020-12-25",6041,21,4,25
"2020-12-25",6043,22,4,26
"2020-12-25",6050,19,5,24
"2020-12-25",6055,22,3,25
"2020-12-25",6061,25,3,28
"2020-12-25",6067,21,4,25
"2020-12-25",6084,26,5,31
"2020-12-25",6087,19,3,22
"2020-12-25",6090,22,5,27
"2020-12-25",6121,23,5,28
"2020-12-25",7018,26,4,30
"2020-12-25",7019,15,4,19
"2020-12-25",7022,27,5,32
"2020-12-25",7024,16,3,19
"2020-12-25",7025,14,2,16
"2020-12-25",7027,24,5,29
"2020-12-25",7033,25,4,29
"2020-12-25",7045,23,3,26
"2020-12-25",7046,25,5,30
"2020-12-25",7055,20,3,23
"2020-12-25",7057,15,3,18
"2020-12-25",7064,24,4,28
"2020-12-25",7068,14,2,16
"2020-12-25",7078,22,3,25
"2020-12-25",7095,26,5,31
"2020-12-26",2051,12,4,16
"2020-12-26",3119,18,3,21
"2020-12-26",3131,24,4,28
"2020-12-26",4008,20,3,23
"2020-12-26",4044,25,4,29
"2020-12-26",4080,20,4,24
"2020-12-26",5035,20,3,23
"2020-12-26",5041,22,4,26
"2020-12-26",5042,22,4,26
"2020-12-26",5046,20,5,25
"2020-12-26",5059,21,4,25
"2020-12-26",5061,26,3,29
"2020-12-26",5096,23,2,25
"2020-12-26",5100,25,3,28
"2020-12-26",5120,24,5,29
"2020-12-26",5124,20,5,25
"2020-12-26",5135,30,4,34
"2020-12-26",5137,22,4,26
"2020-12-26",6005,29,5,34
"2020-12-26",6020,25,3,28
"2020-12-26",6022,26,2,28
"2020-12-26",6029,21,4,25
"2020-12-26",6033,21,4,25
"2020-12-26",6041,22,4,26
"2020-12-26",6043,14,2,16
"2020-12-26",6050,23,4,27
"2020-12-26",6055,27,3,30
"2020-12-26",6061,21,4,25
"2020-12-26",6067,20,5,25
"2020-12-26",6084,28,4,32
"2020-12-26",6087,23,4,27
"2020-12-26",6090,19,4,23
"2020-12-26",6121,24,4,28
"2020-12-26",7018,17,5,22
"2020-12-26",7019,18,3,21
"2020-12-26",7022,21,4,25
"2020-12-26",7024,20,2,22
"2020-12-26",7025,24,4,28
"2020-12-26",7027,24,4,28
"2020-12-26",7033,22,5,27
"2020-12-26",7045,17,2,19
"2020-12-26",7046,25,5,30
"2020-12-26",7055,16,3,19
"2020-12-26",7057,21,2,23
"2020-12-26",7064,21,3,24
"2020-12-26",7068,16,3,19
"2020-12-26",7078,21,3,24
"2020-12-26",7095,28,5,33
"2020-12-27",2051,12,3,15
"2020-12-27",3119,20,4,24
"2020-12-27",3131,27,4,31
"2020-12-27",4008,22,3,25
"2020-12-27",4044,27,4,31
"2020-12-27",4080,18,4,22
"2020-12-27",5035,27,4,31
"2020-12-27",5041,25,4,29
"2020-12-27",5042,22,5,27
"2020-12-27",5046,13,4,17
"2020-12-27",5059,17,4,21
"2020-12-27",5061,18,4,22
"2020-12-27",5096,27,5,32
"2020-12-27",5100,27,4,31
"2020-12-27",5120,24,5,29
"2020-12-27",5124,24,5,29
"2020-12-27",5135,16,4,20
"2020-12-27",5137,22,4,26
"2020-12-27",6005,23,3,26
"2020-12-27",6020,27,2,29
"2020-12-27",6022,23,4,27
"2020-12-27",6029,21,5,26
"2020-12-27",6033,21,3,24
"2020-12-27",6041,25,4,29
"2020-12-27",6043,15,4,19
"2020-12-27",6050,22,3,25
"2020-12-27",6055,27,5,32
"2020-12-27",6061,24,3,27
"2020-12-27",6067,22,4,26
"2020-12-27",6084,23,5,28
"2020-12-27",6087,20,4,24
"2020-12-27",6090,22,4,26
"2020-12-27",6121,19,4,23
"2020-12-27",7018,20,4,24
"2020-12-27",7019,24,4,28
"2020-12-27",7022,21,3,24
"2020-12-27",7024,19,3,22
"2020-12-27",7025,17,2,19
"2020-12-27",7027,21,4,25
"2020-12-27",7033,24,4,28
"2020-12-27",7045,20,4,24
"2020-12-27",7046,26,3,29
"2020-12-27",7055,20,5,25
"2020-12-27",7057,24,3,27
"2020-12-27",7064,20,4,24
"2020-12-27",7068,19,5,24
"2020-12-27",7078,21,3,24
"2020-12-27",7095,22,5,27
"2020-12-28",2051,17,2,19
"2020-12-28",3119,22,4,26
"2020-12-28",3131,25,4,29
"2020-12-28",4008,19,3,22
"2020-12-28",4044,25,4,29
"2020-12-28",4080,26,3,29
"2020-12-28",5035,21,5,26
"2020-12-28",5041,27,3,30
"2020-12-28",5042,26,5,31
"2020-12-28",5046,16,5,21
"2020-12-28",5059,22,4,26
"2020-12-28",5061,16,4,20
"2020-12-28",5096,24,4,28
"2020-12-28",5100,23,4,27
"2020-12-28",5120,23,3,26
"2020-12-28",5124,19,5,24
"2020-12-28",5135,15,4,19
"2020-12-28",5137,17,4,21
"2020-12-28",6005,25,3,28
"2020-12-28",6020,24,4,28
"2020-12-28",6022,23,3,26
"2020-12-28",6029,19,4,23
"2020-12-28",6033,19,3,22
"2020-12-28",6041,28,4,32
"2020-12-28",6043,20,5,25
"2020-12-28",6050,19,4,23
"2020-12-28",6055,25,5,30
"2020-12-28",6061,26,4,30
"2020-12-28",6067,29,5,34
"2020-12-28",6084,22,3,25
"2020-12-28",6087,15,4,19
"2020-12-28",6090,19,4,23
"2020-12-28",6121,27,5,32
"2020-12-28",7018,19,3,22
"2020-12-28",7019,20,4,24
"2020-12-28",7022,26,5,31
"2020-12-28",7024,18,3,21
"2020-12-28",7025,18,3,21
"2020-12-28",7027,24,4,28
"2020-12-28",7033,27,4,31
"2020-12-28",7045,22,5,27
"2020-12-28",7046,26,3,29
"2020-12-28",7055,21,3,24
"2020-12-28",7057,23,3,26
"2020-12-28",7064,23,5,28
"2020-12-28",7068,20,5,25
"2020-12-28",7078,21,4,25
"2020-12-28",7095,23,4,27
"2020-12-29",2051,18,1,19
"2020-12-29",3119,24,5,29
"2020-12-29",3131,20,4,24
"2020-12-29",4008,21,4,25
"2020-12-29",4044,28,4,32
"2020-12-29",4080,24,4,28
"2020-12-29",5035,21,5,26
"2020-12-29",5041,27,2,29
"2020-12-29",5042,28,5,33
"2020-12-29",5046,21,5,26
"2020-12-29",5059,26,4,30
"2020-12-29",5061,20,3,23
"2020-12-29",5096,22,4,26
"2020-12-29",5100,28,4,32
"2020-12-29",5120,27,5,32
"2020-12-29",5124,20,5,25
"2020-12-29",5135,18,4,22
"2020-12-29",5137,20,4,24
"2020-12-29",6005,17,4,21
"2020-12-29",6020,25,5,30
"2020-12-29",6022,24,4,28
"2020-12-29",6029,20,4,24
"2020-12-29",6033,17,4,21
"2020-12-29",6041,22,4,26
"2020-12-29",6043,18,5,23
"2020-12-29",6050,22,5,27
"2020-12-29",6055,21,3,24
"2020-12-29",6061,22,2,24
"2020-12-29",6067,27,4,31
"2020-12-29",6084,23,5,28
"2020-12-29",6087,19,3,22
"2020-12-29",6090,26,4,30
"2020-12-29",6121,21,5,26
"2020-12-29",7018,20,3,23
"2020-12-29",7019,19,4,23
"2020-12-29",7022,25,5,30
"2020-12-29",7024,16,3,19
"2020-12-29",7025,21,5,26
"2020-12-29",7027,25,4,29
"2020-12-29",7033,23,4,27
"2020-12-29",7045,20,5,25
"2020-12-29",7046,26,5,31
"2020-12-29",7055,24,4,28
"2020-12-29",7057,28,3,31
"2020-12-29",7064,28,4,32
"2020-12-29",7068,25,3,28
"2020-12-29",7078,27,3,30
"2020-12-29",7095,29,4,33
"2020-12-30",2051,15,2,17
"2020-12-30",3119,21,4,25
"2020-12-30",3131,22,5,27
"2020-12-30",4008,19,5,24
"2020-12-30",4044,26,5,31
"2020-12-30",4080,27,4,31
"2020-12-30",5035,19,3,22
"2020-12-30",5041,24,4,28
"2020-12-30",5042,24,5,29
"2020-12-30",5046,19,4,23
"2020-12-30",5059,22,3,25
"2020-12-30",5061,19,3,22
"2020-12-30",5096,24,4,28
"2020-12-30",5100,21,4,25
"2020-12-30",5120,24,4,28
"2020-12-30",5124,19,5,24
"2020-12-30",5135,19,3,22
"2020-12-30",5137,24,5,29
"2020-12-30",6005,23,4,27
"2020-12-30",6020,29,4,33
"2020-12-30",6022,27,4,31
"2020-12-30",6029,21,4,25
"2020-12-30",6033,19,3,22
"2020-12-30",6041,21,3,24
"2020-12-30",6043,14,3,17
"2020-12-30",6050,14,3,17
"2020-12-30",6055,24,5,29
"2020-12-30",6061,23,3,26
"2020-12-30",6067,23,5,28
"2020-12-30",6084,25,3,28
"2020-12-30",6087,15,3,18
"2020-12-30",6090,21,4,25
"2020-12-30",6121,21,4,25
"2020-12-30",7018,25,4,29
"2020-12-30",7019,13,2,15
"2020-12-30",7022,30,5,35
"2020-12-30",7024,17,3,20
"2020-12-30",7025,23,3,26
"2020-12-30",7027,27,3,30
"2020-12-30",7033,26,5,31
"2020-12-30",7045,20,4,24
"2020-12-30",7046,27,4,31
"2020-12-30",7055,29,4,33
"2020-12-30",7057,28,4,32
"2020-12-30",7064,28,3,31
"2020-12-30",7068,19,3,22
"2020-12-30",7078,21,2,23
"2020-12-30",7095,23,4,27
"2020-12-31",2051,12,3,15
"2020-12-31",3119,27,4,31
"2020-12-31",3131,25,5,30
"2020-12-31",4008,22,4,26
"2020-12-31",4044,28,5,33
"2020-12-31",4080,24,4,28
"2020-12-31",5035,21,4,25
"2020-12-31",5041,25,3,28
"2020-12-31",5042,25,3,28
"2020-12-31",5046,16,5,21
"2020-12-31",5059,24,5,29
"2020-12-31",5061,17,3,20
"2020-12-31",5096,22,5,27
"2020-12-31",5100,23,4,27
"2020-12-31",5120,24,4,28
"2020-12-31",5124,15,5,20
"2020-12-31",5135,24,4,28
"2020-12-31",5137,22,4,26
"2020-12-31",6005,24,4,28
"2020-12-31",6020,27,3,30
"2020-12-31",6022,23,4,27
"2020-12-31",6029,21,4,25
"2020-12-31",6033,18,4,22
"2020-12-31",6041,24,2,26
"2020-12-31",6043,18,5,23
"2020-12-31",6050,19,3,22
"2020-12-31",6055,21,2,23
"2020-12-31",6061,29,3,32
"2020-12-31",6067,28,4,32
"2020-12-31",6084,19,3,22
"2020-12-31",6087,22,5,27
"2020-12-31",6090,21,4,25
"2020-12-31",6121,22,5,27
"2020-12-31",7018,27,4,31
"2020-12-31",7019,22,4,26
"2020-12-31",7022,23,4,27
"2020-12-31",7024,20,4,24
"2020-12-31",7025,26,5,31
"2020-12-31",7027,29,5,34
"2020-12-31",7033,29,5,34
"2020-12-31",7045,16,2,18
"2020-12-31",7046,29,5,34
"2020-12-31",7055,27,5,32
"2020-12-31",7057,29,4,33
"2020-12-31",7064,20,4,24
"2020-12-31",7068,13,5,18
"2020-12-31",7078,22,3,25
"2020-12-31",7095,17,3,20
"2021-01-01",2051,15,3,18
"2021-01-01",3119,20,4,24
"2021-01-01",3131,22,5,27
"2021-01-01",4008,22,4,26
"2021-01-01",4044,27,5,32
"2021-01-01",4080,22,5,27
"2021-01-01",5035,23,3,26
"2021-01-01",5041,26,3,29
"2021-01-01",5042,25,4,29
"2021-01-01",5046,24,4,28
"2021-01-01",5059,25,3,28
"2021-01-01",5061,18,3,21
"2021-01-01",5096,24,3,27
"2021-01-01",5100,25,5,30
"2021-01-01",5120,22,4,26
"2021-01-01",5124,23,5,28
"2021-01-01",5135,23,5,28
"2021-01-01",5137,19,4,23
"2021-01-01",6005,24,4,28
"2021-01-01",6020,27,3,30
"2021-01-01",6022,28,5,33
"2021-01-01",6029,20,4,24
"2021-01-01",6033,25,3,28
"2021-01-01",6041,23,3,26
"2021-01-01",6043,17,4,21
"2021-01-01",6050,19,3,22
"2021-01-01",6055,24,4,28
"2021-01-01",6061,28,2,30
"2021-01-01",6067,21,4,25
"2021-01-01",6084,23,4,27
"2021-01-01",6087,21,3,24
"2021-01-01",6090,24,4,28
"2021-01-01",6121,23,5,28
"2021-01-01",7018,25,4,29
"2021-01-01",7019,18,3,21
"2021-01-01",7022,19,5,24
"2021-01-01",7024,17,3,20
"2021-01-01",7025,21,4,25
"2021-01-01",7027,26,4,30
"2021-01-01",7033,24,5,29
"2021-01-01",7045,18,5,23
"2021-01-01",7046,29,4,33
"2021-01-01",7055,24,5,29
"2021-01-01",7057,26,2,28
"2021-01-01",7064,22,4,26
"2021-01-01",7068,23,3,26
"2021-01-01",7078,21,4,25
"2021-01-01",7095,18,3,21
"2021-01-02",2051,15,3,18
"2021-01-02",3119,23,4,27
"2021-01-02",3131,19,3,22
"2021-01-02",4008,17,4,21
"2021-01-02",4044,27,4,31
"2021-01-02",4080,24,4,28
"2021-01-02",5035,23,3,26
"2021-01-02",5041,27,3,30
"2021-01-02",5042,23,5,28
"2021-01-02",5046,17,4,21
"2021-01-02",5059,23,5,28
"2021-01-02",5061,19,3,22
"2021-01-02",5096,19,4,23
"2021-01-02",5100,24,3,27
"2021-01-02",5120,22,4,26
"2021-01-02",5124,18,4,22
"2021-01-02",5135,17,4,21
"2021-01-02",5137,22,5,27
"2021-01-02",6005,21,5,26
"2021-01-02",6020,28,4,32
"2021-01-02",6022,29,5,34
"2021-01-02",6029,19,5,24
"2021-01-02",6033,15,3,18
"2021-01-02",6041,24,4,28
"2021-01-02",6043,16,3,19
"2021-01-02",6050,21,4,25
"2021-01-02",6055,24,5,29
"2021-01-02",6061,23,3,26
"2021-01-02",6067,23,3,26
"2021-01-02",6084,25,4,29
"2021-01-02",6087,19,3,22
"2021-01-02",6090,21,4,25
"2021-01-02",6121,24,4,28
"2021-01-02",7018,24,2,26
"2021-01-02",7019,24,3,27
"2021-01-02",7022,24,4,28
"2021-01-02",7024,18,3,21
"2021-01-02",7025,20,3,23
"2021-01-02",7027,25,4,29
"2021-01-02",7033,25,5,30
"2021-01-02",7045,16,4,20
"2021-01-02",7046,29,5,34
"2021-01-02",7055,27,4,31
"2021-01-02",7057,25,4,29
"2021-01-02",7064,20,3,23
"2021-01-02",7068,24,5,29
"2021-01-02",7078,24,2,26
"2021-01-02",7095,16,3,19
"2021-01-03",2051,14,3,17
"2021-01-03",3119,20,4,24
"2021-01-03",3131,27,5,32
"2021-01-03",4008,25,5,30
"2021-01-03",4044,26,3,29
"2021-01-03",4080,19,3,22
"2021-01-03",5035,21,3,24
"2021-01-03",5041,26,2,28
"2021-01-03",5042,21,4,25
"2021-01-03",5046,16,4,20
"2021-01-03",5059,21,5,26
"2021-01-03",5061,18,3,21
"2021-01-03",5096,25,4,29
"2021-01-03",5100,23,3,26
"2021-01-03",5120,20,4,24
"2021-01-03",5124,23,5,28
"2021-01-03",5135,21,4,25
"2021-01-03",5137,22,5,27
"2021-01-03",6005,27,5,32
"2021-01-03",6020,27,4,31
"2021-01-03",6022,26,5,31
"2021-01-03",6029,21,4,25
"2021-01-03",6033,17,4,21
"2021-01-03",6041,18,3,21
"2021-01-03",6043,15,4,19
"2021-01-03",6050,20,5,25
"2021-01-03",6055,18,3,21
"2021-01-03",6061,29,3,32
"2021-01-03",6067,21,4,25
"2021-01-03",6084,19,4,23
"2021-01-03",6087,18,4,22
"2021-01-03",6090,21,4,25
"2021-01-03",6121,19,5,24
"2021-01-03",7018,24,4,28
"2021-01-03",7019,17,2,19
"2021-01-03",7022,27,5,32
"2021-01-03",7024,13,3,16
"2021-01-03",7025,18,5,23
"2021-01-03",7027,20,4,24
"2021-01-03",7033,21,4,25
"2021-01-03",7045,19,4,23
"2021-01-03",7046,28,5,33
"2021-01-03",7055,25,5,30
"2021-01-03",7057,24,4,28
"2021-01-03",7064,21,3,24
"2021-01-03",7068,21,4,25
"2021-01-03",7078,16,3,19
"2021-01-03",7095,18,5,23
"2021-01-04",2051,15,3,18
"2021-01-04",3119,22,4,26
"2021-01-04",3131,25,5,30
"2021-01-04",4008,23,4,27
"2021-01-04",4044,22,5,27
"2021-01-04",4080,23,4,27
"2021-01-04",5035,24,5,29
"2021-01-04",5041,24,3,27
"2021-01-04",5042,24,3,27
"2021-01-04",5046,20,4,24
"2021-01-04",5059,23,4,27
"2021-01-04",5061,15,4,19
"2021-01-04",5096,22,5,27
"2021-01-04",5100,18,4,22
"2021-01-04",5120,25,4,29
"2021-01-04",5124,19,4,23
"2021-01-04",5135,17,2,19
"2021-01-04",5137,25,3,28
"2021-01-04",6005,22,4,26
"2021-01-04",6020,30,4,34
"2021-01-04",6022,26,4,30
"2021-01-04",6029,27,5,32
"2021-01-04",6033,19,4,23
"2021-01-04",6041,23,3,26
"2021-01-04",6043,21,3,24
"2021-01-04",6050,23,5,28
"2021-01-04",6055,26,4,30
"2021-01-04",6061,26,4,30
"2021-01-04",6067,23,5,28
"2021-01-04",6084,22,3,25
"2021-01-04",6087,18,4,22
"2021-01-04",6090,18,4,22
"2021-01-04",6121,25,4,29
"2021-01-04",7018,18,3,21
"2021-01-04",7019,21,3,24
"2021-01-04",7022,27,5,32
"2021-01-04",7024,14,3,17
"2021-01-04",7025,23,5,28
"2021-01-04",7027,17,4,21
"2021-01-04",7033,21,5,26
"2021-01-04",7045,19,5,24
"2021-01-04",7046,26,3,29
"2021-01-04",7055,26,5,31
"2021-01-04",7057,24,4,28
"2021-01-04",7064,23,3,26
"2021-01-04",7068,24,5,29
"2021-01-04",7078,20,3,23
"2021-01-04",7095,18,4,22
"2021-01-05",2051,13,3,16
"2021-01-05",3119,18,4,22
"2021-01-05",3131,26,5,31
"2021-01-05",4008,21,4,25
"2021-01-05",4044,21,4,25
"2021-01-05",4080,24,4,28
"2021-01-05",5035,20,4,24
"2021-01-05",5041,27,4,31
"2021-01-05",5042,26,4,30
"2021-01-05",5046,12,3,15
"2021-01-05",5059,23,4,27
"2021-01-05",5061,15,4,19
"2021-01-05",5096,29,4,33
"2021-01-05",5100,28,5,33
"2021-01-05",5120,12,3,15
"2021-01-05",5124,24,5,29
"2021-01-05",5135,15,4,19
"2021-01-05",5137,26,4,30
"2021-01-05",6005,25,5,30
"2021-01-05",6020,29,2,31
"2021-01-05",6022,25,2,27
"2021-01-05",6029,25,4,29
"2021-01-05",6033,19,3,22
"2021-01-05",6041,24,3,27
"2021-01-05",6043,11,2,13
"2021-01-05",6050,21,3,24
"2021-01-05",6055,23,4,27
"2021-01-05",6061,27,4,31
"2021-01-05",6067,24,4,28
"2021-01-05",6084,20,5,25
"2021-01-05",6087,21,5,26
"2021-01-05",6090,21,4,25
"2021-01-05",6121,24,5,29
"2021-01-05",7018,24,4,28
"2021-01-05",7019,18,3,21
"2021-01-05",7022,26,4,30
"2021-01-05",7024,18,4,22
"2021-01-05",7025,22,5,27
"2021-01-05",7027,23,5,28
"2021-01-05",7033,26,5,31
"2021-01-05",7045,25,4,29
"2021-01-05",7046,27,4,31
"2021-01-05",7055,18,3,21
"2021-01-05",7057,23,4,27
"2021-01-05",7064,22,2,24
"2021-01-05",7068,21,3,24
"2021-01-05",7078,26,3,29
"2021-01-05",7095,16,3,19
"2021-01-06",2051,14,2,16
"2021-01-06",3119,19,3,22
"2021-01-06",3131,16,5,21
"2021-01-06",4008,26,5,31
"2021-01-06",4044,25,4,29
"2021-01-06",4080,20,4,24
"2021-01-06",5035,20,4,24
"2021-01-06",5041,25,4,29
"2021-01-06",5042,24,5,29
"2021-01-06",5046,17,3,20
"2021-01-06",5059,24,4,28
"2021-01-06",5061,20,3,23
"2021-01-06",5096,28,4,32
"2021-01-06",5100,25,4,29
"2021-01-06",5120,26,4,30
"2021-01-06",5124,23,4,27
"2021-01-06",5135,17,4,21
"2021-01-06",5137,17,2,19
"2021-01-06",6005,26,5,31
"2021-01-06",6020,26,4,30
"2021-01-06",6022,27,4,31
"2021-01-06",6029,22,3,25
"2021-01-06",6033,25,4,29
"2021-01-06",6041,26,4,30
"2021-01-06",6043,15,2,17
"2021-01-06",6050,23,4,27
"2021-01-06",6055,23,5,28
"2021-01-06",6061,28,3,31
"2021-01-06",6067,25,5,30
"2021-01-06",6084,16,4,20
"2021-01-06",6087,19,3,22
"2021-01-06",6090,25,4,29
"2021-01-06",6121,23,5,28
"2021-01-06",7018,25,3,28
"2021-01-06",7019,26,5,31
"2021-01-06",7022,23,4,27
"2021-01-06",7024,20,3,23
"2021-01-06",7025,26,4,30
"2021-01-06",7027,25,2,27
"2021-01-06",7033,24,5,29
"2021-01-06",7045,22,3,25
"2021-01-06",7046,25,5,30
"2021-01-06",7055,25,5,30
"2021-01-06",7057,26,3,29
"2021-01-06",7064,25,4,29
"2021-01-06",7068,23,4,27
"2021-01-06",7078,25,4,29
"2021-01-06",7095,18,4,22
"2021-01-07",2051,13,1,14
"2021-01-07",3119,23,3,26
"2021-01-07",3131,23,5,28
"2021-01-07",4008,27,4,31
"2021-01-07",4044,24,5,29
"2021-01-07",4080,23,4,27
"2021-01-07",5035,24,4,28
"2021-01-07",5041,23,4,27
"2021-01-07",5042,26,3,29
"2021-01-07",5046,17,4,21
"2021-01-07",5059,25,4,29
"2021-01-07",5061,21,4,25
"2021-01-07",5096,24,5,29
"2021-01-07",5100,27,4,31
"2021-01-07",5120,22,3,25
"2021-01-07",5124,22,4,26
"2021-01-07",5135,19,4,23
"2021-01-07",5137,4,1,5
"2021-01-07",6005,24,5,29
"2021-01-07",6020,28,2,30
"2021-01-07",6022,29,3,32
"2021-01-07",6029,20,4,24
"2021-01-07",6041,21,4,25
"2021-01-07",6043,12,3,15
"2021-01-07",6050,22,3,25
"2021-01-07",6055,25,5,30
"2021-01-07",6061,25,4,29
"2021-01-07",6067,23,5,28
"2021-01-07",6084,26,4,30
"2021-01-07",6085,16,2,18
"2021-01-07",6087,17,3,20
"2021-01-07",6090,19,4,23
"2021-01-07",6092,19,3,22
"2021-01-07",6121,4,1,5
"2021-01-07",7018,24,3,27
"2021-01-07",7019,22,5,27
"2021-01-07",7022,28,4,32
"2021-01-07",7024,2,0,2
"2021-01-07",7025,21,4,25
"2021-01-07",7027,4,1,5
"2021-01-07",7032,20,3,23
"2021-01-07",7033,22,4,26
"2021-01-07",7045,25,4,29
"2021-01-07",7046,28,4,32
"2021-01-07",7048,14,3,17
"2021-01-07",7055,25,3,28
"2021-01-07",7057,29,4,33
"2021-01-07",7064,27,5,32
"2021-01-07",7068,27,5,32
"2021-01-07",7078,25,2,27
"2021-01-07",7095,17,4,21
"2021-01-07",7110,23,4,27
"2021-01-08",2051,11,2,13
"2021-01-08",3119,27,4,31
"2021-01-08",3131,21,3,24
"2021-01-08",4008,27,4,31
"2021-01-08",4044,24,3,27
"2021-01-08",4080,25,4,29
"2021-01-08",5035,21,3,24
"2021-01-08",5041,20,2,22
"2021-01-08",5042,25,3,28
"2021-01-08",5046,18,5,23
"2021-01-08",5059,27,5,32
"2021-01-08",5061,17,3,20
"2021-01-08",5096,25,5,30
"2021-01-08",5100,24,4,28
"2021-01-08",5120,23,4,27
"2021-01-08",5124,20,5,25
"2021-01-08",5135,24,4,28
"2021-01-08",6005,16,3,19
"2021-01-08",6020,18,3,21
"2021-01-08",6022,24,3,27
"2021-01-08",6029,20,4,24
"2021-01-08",6041,23,3,26
"2021-01-08",6043,24,4,28
"2021-01-08",6050,20,3,23
"2021-01-08",6055,16,3,19
"2021-01-08",6061,29,3,32
"2021-01-08",6067,29,4,33
"2021-01-08",6084,22,4,26
"2021-01-08",6085,23,3,26
"2021-01-08",6087,19,4,23
"2021-01-08",6090,15,4,19
"2021-01-08",6092,22,5,27
"2021-01-08",7018,23,3,26
"2021-01-08",7019,18,4,22
"2021-01-08",7022,23,3,26
"2021-01-08",7025,18,3,21
"2021-01-08",7032,28,3,31
"2021-01-08",7033,25,5,30
"2021-01-08",7045,24,4,28
"2021-01-08",7046,27,5,32
"2021-01-08",7048,18,4,22
"2021-01-08",7055,26,5,31
"2021-01-08",7057,26,5,31
"2021-01-08",7064,27,5,32
"2021-01-08",7068,21,2,23
"2021-01-08",7078,25,3,28
"2021-01-08",7095,12,3,15
"2021-01-08",7110,24,5,29
"2021-01-09",2051,15,2,17
"2021-01-09",3119,24,3,27
"2021-01-09",3131,22,4,26
"2021-01-09",4008,25,5,30
"2021-01-09",4044,24,4,28
"2021-01-09",4080,18,3,21
"2021-01-09",5035,19,5,24
"2021-01-09",5041,24,2,26
"2021-01-09",5042,25,5,30
"2021-01-09",5046,19,4,23
"2021-01-09",5059,25,4,29
"2021-01-09",5061,17,4,21
"2021-01-09",5096,24,5,29
"2021-01-09",5100,24,4,28
"2021-01-09",5120,26,4,30
"2021-01-09",5124,23,4,27
"2021-01-09",5135,20,4,24
"2021-01-09",6005,26,4,30
"2021-01-09",6020,25,3,28
"2021-01-09",6022,26,3,29
"2021-01-09",6029,23,3,26
"2021-01-09",6041,20,3,23
"2021-01-09",6043,17,2,19
"2021-01-09",6050,18,2,20
"2021-01-09",6055,26,5,31
"2021-01-09",6061,29,4,33
"2021-01-09",6067,20,5,25
"2021-01-09",6084,24,5,29
"2021-01-09",6085,24,5,29
"2021-01-09",6087,17,4,21
"2021-01-09",6090,21,4,25
"2021-01-09",6092,24,5,29
"2021-01-09",7018,22,4,26
"2021-01-09",7019,17,4,21
"2021-01-09",7022,24,4,28
"2021-01-09",7025,22,4,26
"2021-01-09",7032,23,2,25
"2021-01-09",7033,19,4,23
"2021-01-09",7045,20,5,25
"2021-01-09",7046,28,4,32
"2021-01-09",7048,23,4,27
"2021-01-09",7055,19,3,22
"2021-01-09",7057,23,3,26
"2021-01-09",7064,20,3,23
"2021-01-09",7068,23,3,26
"2021-01-09",7078,24,3,27
"2021-01-09",7095,16,3,19
"2021-01-09",7110,26,5,31
"2021-01-10",2051,13,2,15
"2021-01-10",3119,26,5,31
"2021-01-10",3131,24,5,29
"2021-01-10",4008,21,5,26
"2021-01-10",4044,21,5,26
"2021-01-10",4080,23,4,27
"2021-01-10",5035,26,5,31
"2021-01-10",5041,28,3,31
"2021-01-10",5042,22,4,26
"2021-01-10",5046,15,4,19
"2021-01-10",5059,23,4,27
"2021-01-10",5061,18,4,22
"2021-01-10",5096,27,4,31
"2021-01-10",5100,25,4,29
"2021-01-10",5120,25,4,29
"2021-01-10",5124,22,5,27
"2021-01-10",5135,21,4,25
"2021-01-10",6005,26,5,31
"2021-01-10",6020,26,4,30
"2021-01-10",6022,26,4,30
"2021-01-10",6029,29,5,34
"2021-01-10",6041,22,4,26
"2021-01-10",6043,21,3,24
"2021-01-10",6050,25,5,30
"2021-01-10",6055,25,2,27
"2021-01-10",6061,28,4,32
"2021-01-10",6067,26,5,31
"2021-01-10",6084,24,5,29
"2021-01-10",6085,21,4,25
"2021-01-10",6087,20,3,23
"2021-01-10",6090,21,4,25
"2021-01-10",6092,24,4,28
"2021-01-10",7018,18,3,21
"2021-01-10",7019,18,4,22
"2021-01-10",7022,28,4,32
"2021-01-10",7025,19,3,22
"2021-01-10",7032,27,4,31
"2021-01-10",7033,27,5,32
"2021-01-10",7045,20,5,25
"2021-01-10",7046,28,4,32
"2021-01-10",7048,25,4,29
"2021-01-10",7055,27,4,31
"2021-01-10",7057,27,3,30
"2021-01-10",7064,22,4,26
"2021-01-10",7068,25,3,28
"2021-01-10",7078,28,4,32
"2021-01-10",7095,20,4,24
"2021-01-10",7110,24,4,28
"2021-01-11",2051,17,1,18
"2021-01-11",3119,23,4,27
"2021-01-11",3131,23,3,26
"2021-01-11",4008,20,4,24
"2021-01-11",4044,24,3,27
"2021-01-11",4080,25,4,29
"2021-01-11",5035,18,4,22
"2021-01-11",5041,25,3,28
"2021-01-11",5042,20,4,24
"2021-01-11",5046,26,3,29
"2021-01-11",5059,26,4,30
"2021-01-11",5061,17,4,21
"2021-01-11",5096,25,4,29
"2021-01-11",5100,26,4,30
"2021-01-11",5120,21,4,25
"2021-01-11",5124,20,5,25
"2021-01-11",5135,15,3,18
"2021-01-11",6005,23,4,27
"2021-01-11",6020,25,3,28
"2021-01-11",6022,22,3,25
"2021-01-11",6029,24,4,28
"2021-01-11",6041,21,4,25
"2021-01-11",6043,23,4,27
"2021-01-11",6050,18,4,22
"2021-01-11",6055,24,3,27
"2021-01-11",6061,28,3,31
"2021-01-11",6067,23,4,27
"2021-01-11",6084,22,4,26
"2021-01-11",6085,23,4,27
"2021-01-11",6087,21,4,25
"2021-01-11",6090,19,3,22
"2021-01-11",6092,22,3,25
"2021-01-11",7018,19,3,22
"2021-01-11",7019,23,4,27
"2021-01-11",7022,21,5,26
"2021-01-11",7025,26,3,29
"2021-01-11",7032,21,3,24
"2021-01-11",7033,18,4,22
"2021-01-11",7045,16,4,20
"2021-01-11",7046,28,5,33
"2021-01-11",7048,22,5,27
"2021-01-11",7055,23,4,27
"2021-01-11",7057,19,4,23
"2021-01-11",7064,22,4,26
"2021-01-11",7068,17,2,19
"2021-01-11",7078,20,4,24
"2021-01-11",7095,16,3,19
"2021-01-11",7110,22,4,26
"2021-01-12",2051,15,4,19
"2021-01-12",3119,20,4,24
"2021-01-12",3131,21,4,25
"2021-01-12",4008,26,5,31
"2021-01-12",4044,26,3,29
"2021-01-12",4080,23,4,27
"2021-01-12",5035,25,5,30
"2021-01-12",5041,25,4,29
"2021-01-12",5042,22,5,27
"2021-01-12",5046,14,4,18
"2021-01-12",5059,26,4,30
"2021-01-12",5061,21,3,24
"2021-01-12",5096,29,4,33
"2021-01-12",5100,26,3,29
"2021-01-12",5120,22,5,27
"2021-01-12",5124,18,4,22
"2021-01-12",5135,22,3,25
"2021-01-12",6005,23,4,27
"2021-01-12",6020,26,3,29
"2021-01-12",6022,29,4,33
"2021-01-12",6029,28,4,32
"2021-01-12",6041,24,5,29
"2021-01-12",6043,18,5,23
"2021-01-12",6050,24,3,27
"2021-01-12",6055,23,5,28
"2021-01-12",6061,26,4,30
"2021-01-12",6067,22,5,27
"2021-01-12",6084,21,5,26
"2021-01-12",6085,20,5,25
"2021-01-12",6087,17,4,21
"2021-01-12",6090,17,4,21
"2021-01-12",6092,22,3,25
"2021-01-12",7018,20,4,24
"2021-01-12",7019,22,3,25
"2021-01-12",7022,24,5,29
"2021-01-12",7025,24,4,28
"2021-01-12",7032,22,5,27
"2021-01-12",7033,24,4,28
"2021-01-12",7045,17,5,22
"2021-01-12",7046,28,5,33
"2021-01-12",7048,20,2,22
"2021-01-12",7055,26,4,30
"2021-01-12",7057,28,4,32
"2021-01-12",7064,18,4,22
"2021-01-12",7068,18,2,20
"2021-01-12",7078,27,3,30
"2021-01-12",7095,22,3,25
"2021-01-12",7110,21,3,24
"2021-01-13",2051,20,4,24
"2021-01-13",3119,20,3,23
"2021-01-13",3131,24,5,29
"2021-01-13",4008,24,4,28
"2021-01-13",4044,22,4,26
"2021-01-13",4080,25,4,29
"2021-01-13",5035,21,5,26
"2021-01-13",5041,27,4,31
"2021-01-13",5042,28,4,32
"2021-01-13",5046,17,3,20
"2021-01-13",5059,28,4,32
"2021-01-13",5061,17,3,20
"2021-01-13",5096,27,5,32
"2021-01-13",5100,25,3,28
"2021-01-13",5120,22,3,25
"2021-01-13",5124,21,5,26
"2021-01-13",5135,23,4,27
"2021-01-13",6005,16,5,21
"2021-01-13",6020,29,4,33
"2021-01-13",6022,27,5,32
"2021-01-13",6029,25,4,29
"2021-01-13",6041,24,3,27
"2021-01-13",6043,24,3,27
"2021-01-13",6050,24,4,28
"2021-01-13",6055,25,4,29
"2021-01-13",6061,27,4,31
"2021-01-13",6067,26,5,31
"2021-01-13",6084,22,5,27
"2021-01-13",6085,24,5,29
"2021-01-13",6087,22,4,26
"2021-01-13",6090,26,4,30
"2021-01-13",6092,26,5,31
"2021-01-13",7018,20,5,25
"2021-01-13",7019,23,4,27
"2021-01-13",7022,26,4,30
"2021-01-13",7025,27,4,31
"2021-01-13",7032,22,3,25
"2021-01-13",7033,25,4,29
"2021-01-13",7045,25,3,28
"2021-01-13",7046,29,4,33
"2021-01-13",7048,22,3,25
"2021-01-13",7055,23,4,27
"2021-01-13",7057,22,2,24
"2021-01-13",7064,25,5,30
"2021-01-13",7068,20,2,22
"2021-01-13",7078,27,4,31
"2021-01-13",7095,22,4,26
"2021-01-13",7110,27,5,32
"2021-01-14",2051,20,4,24
"2021-01-14",3119,21,4,25
"2021-01-14",3131,25,5,30
"2021-01-14",4008,26,4,30
"2021-01-14",4044,26,5,31
"2021-01-14",4080,18,4,22
"2021-01-14",5035,21,4,25
"2021-01-14",5041,27,4,31
"2021-01-14",5042,27,4,31
"2021-01-14",5046,18,4,22
"2021-01-14",5059,23,5,28
"2021-01-14",5061,25,4,29
"2021-01-14",5096,27,5,32
"2021-01-14",5100,25,4,29
"2021-01-14",5120,15,4,19
"2021-01-14",5124,16,4,20
"2021-01-14",5135,21,4,25
"2021-01-14",6005,21,3,24
"2021-01-14",6020,27,4,31
"2021-01-14",6022,29,5,34
"2021-01-14",6029,19,4,23
"2021-01-14",6041,28,4,32
"2021-01-14",6043,18,4,22
"2021-01-14",6050,19,5,24
"2021-01-14",6055,23,4,27
"2021-01-14",6061,27,3,30
"2021-01-14",6067,24,5,29
"2021-01-14",6084,22,4,26
"2021-01-14",6085,22,5,27
"2021-01-14",6087,12,3,15
"2021-01-14",6090,24,5,29
"2021-01-14",6092,23,4,27
"2021-01-14",7018,19,4,23
"2021-01-14",7019,15,5,20
"2021-01-14",7022,25,4,29
"2021-01-14",7025,26,4,30
"2021-01-14",7032,26,4,30
"2021-01-14",7033,27,4,31
"2021-01-14",7045,22,3,25
"2021-01-14",7046,29,4,33
"2021-01-14",7048,22,4,26
"2021-01-14",7055,23,4,27
"2021-01-14",7057,22,2,24
"2021-01-14",7064,27,5,32
"2021-01-14",7068,22,4,26
"2021-01-14",7078,26,4,30
"2021-01-14",7095,24,4,28
"2021-01-14",7110,28,5,33
"2021-01-15",2051,18,3,21
"2021-01-15",3119,20,3,23
"2021-01-15",3131,20,4,24
"2021-01-15",4008,27,4,31
"2021-01-15",4044,24,5,29
"2021-01-15",4080,26,4,30
"2021-01-15",5035,24,4,28
"2021-01-15",5041,26,4,30
"2021-01-15",5042,16,2,18
"2021-01-15",5046,18,4,22
"2021-01-15",5059,17,2,19
"2021-01-15",5061,16,3,19
"2021-01-15",5096,18,5,23
"2021-01-15",5100,26,5,31
"2021-01-15",5120,20,4,24
"2021-01-15",5124,23,4,27
"2021-01-15",5135,13,4,17
"2021-01-15",6005,25,4,29
"2021-01-15",6020,24,3,27
"2021-01-15",6022,29,3,32
"2021-01-15",6029,20,5,25
"2021-01-15",6041,21,4,25
"2021-01-15",6043,14,2,16
"2021-01-15",6050,22,5,27
"2021-01-15",6055,14,2,16
"2021-01-15",6061,22,5,27
"2021-01-15",6067,20,4,24
"2021-01-15",6084,21,4,25
"2021-01-15",6085,18,4,22
"2021-01-15",6087,20,4,24
"2021-01-15",6090,20,4,24
"2021-01-15",6092,26,5,31
"2021-01-15",7018,17,3,20
"2021-01-15",7019,12,5,17
"2021-01-15",7022,24,5,29
"2021-01-15",7025,27,5,32
"2021-01-15",7032,21,3,24
"2021-01-15",7033,24,4,28
"2021-01-15",7045,17,4,21
"2021-01-15",7046,28,4,32
"2021-01-15",7048,23,3,26
"2021-01-15",7055,25,5,30
"2021-01-15",7057,23,3,26
"2021-01-15",7064,20,4,24
"2021-01-15",7068,25,5,30
"2021-01-15",7078,24,4,28
"2021-01-15",7095,24,4,28
"2021-01-15",7110,23,3,26
"2021-01-16",2051,13,3,16
"2021-01-16",3119,19,3,22
"2021-01-16",3131,21,4,25
"2021-01-16",4008,26,4,30
"2021-01-16",4044,20,5,25
"2021-01-16",4080,25,4,29
"2021-01-16",5035,22,4,26
"2021-01-16",5041,22,4,26
"2021-01-16",5042,23,5,28
"2021-01-16",5046,13,4,17
"2021-01-16",5059,25,4,29
"2021-01-16",5061,18,3,21
"2021-01-16",5096,23,5,28
"2021-01-16",5100,24,4,28
"2021-01-16",5120,20,4,24
"2021-01-16",5124,21,5,26
"2021-01-16",5135,12,2,14
"2021-01-16",6005,23,4,27
"2021-01-16",6020,29,3,32
"2021-01-16",6022,27,5,32
"2021-01-16",6029,20,4,24
"2021-01-16",6041,24,4,28
"2021-01-16",6043,22,3,25
"2021-01-16",6050,17,3,20
"2021-01-16",6055,26,5,31
"2021-01-16",6061,23,3,26
"2021-01-16",6067,26,5,31
"2021-01-16",6084,23,3,26
"2021-01-16",6085,21,4,25
"2021-01-16",6087,25,4,29
"2021-01-16",6090,21,4,25
"2021-01-16",6092,23,4,27
"2021-01-16",7018,16,3,19
"2021-01-16",7019,11,3,14
"2021-01-16",7022,20,4,24
"2021-01-16",7025,23,5,28
"2021-01-16",7032,19,3,22
"2021-01-16",7033,28,4,32
"2021-01-16",7045,24,4,28
"2021-01-16",7046,28,4,32
"2021-01-16",7048,25,4,29
"2021-01-16",7055,17,3,20
"2021-01-16",7057,15,4,19
"2021-01-16",7064,17,3,20
"2021-01-16",7068,21,3,24
"2021-01-16",7078,22,3,25
"2021-01-16",7095,19,2,21
"2021-01-16",7110,22,4,26
"2021-01-17",2051,13,2,15
"2021-01-17",3119,21,3,24
"2021-01-17",3131,22,3,25
"2021-01-17",4008,21,3,24
"2021-01-17",4044,22,5,27
"2021-01-17",4080,22,3,25
"2021-01-17",5035,21,5,26
"2021-01-17",5041,25,4,29
"2021-01-17",5042,21,5,26
"2021-01-17",5046,12,3,15
"2021-01-17",5059,23,4,27
"2021-01-17",5061,21,5,26
"2021-01-17",5096,28,5,33
"2021-01-17",5100,27,4,31
"2021-01-17",5120,28,4,32
"2021-01-17",5124,19,4,23
"2021-01-17",5135,20,4,24
"2021-01-17",6005,20,4,24
"2021-01-17",6020,25,4,29
"2021-01-17",6022,25,4,29
"2021-01-17",6029,24,3,27
"2021-01-17",6041,24,4,28
"2021-01-17",6043,19,4,23
"2021-01-17",6050,23,4,27
"2021-01-17",6055,25,5,30
"2021-01-17",6061,24,3,27
"2021-01-17",6067,28,5,33
"2021-01-17",6084,23,4,27
"2021-01-17",6085,30,5,35
"2021-01-17",6087,18,4,22
"2021-01-17",6090,24,5,29
"2021-01-17",6092,24,5,29
"2021-01-17",7018,14,4,18
"2021-01-17",7019,17,3,20
"2021-01-17",7022,23,4,27
"2021-01-17",7025,24,5,29
"2021-01-17",7032,24,3,27
"2021-01-17",7033,28,5,33
"2021-01-17",7045,23,4,27
"2021-01-17",7046,25,3,28
"2021-01-17",7048,22,4,26
"2021-01-17",7055,26,4,30
"2021-01-17",7057,21,4,25
"2021-01-17",7064,25,5,30
"2021-01-17",7068,24,4,28
"2021-01-17",7078,23,4,27
"2021-01-17",7095,19,3,22
"2021-01-17",7110,21,3,24
"2021-01-18",2051,10,3,13
"2021-01-18",3119,20,4,24
"2021-01-18",3131,22,5,27
"2021-01-18",4008,23,4,27
"2021-01-18",4044,18,4,22
"2021-01-18",4080,23,5,28
"2021-01-18",5035,18,4,22
"2021-01-18",5041,27,4,31
"2021-01-18",5042,22,4,26
"2021-01-18",5046,12,3,15
"2021-01-18",5059,25,4,29
"2021-01-18",5061,17,4,21
"2021-01-18",5096,22,4,26
"2021-01-18",5100,25,4,29
"2021-01-18",5120,13,4,17
"2021-01-18",5124,19,5,24
"2021-01-18",5135,11,2,13
"2021-01-18",6005,27,4,31
"2021-01-18",6020,26,2,28
"2021-01-18",6022,24,4,28
"2021-01-18",6029,12,3,15
"2021-01-18",6041,26,4,30
"2021-01-18",6043,18,3,21
"2021-01-18",6050,14,5,19
"2021-01-18",6055,19,2,21
"2021-01-18",6061,19,2,21
"2021-01-18",6067,20,5,25
"2021-01-18",6084,19,4,23
"2021-01-18",6085,19,5,24
"2021-01-18",6087,16,4,20
"2021-01-18",6090,20,4,24
"2021-01-18",6092,26,5,31
"2021-01-18",7018,17,2,19
"2021-01-18",7019,20,3,23
"2021-01-18",7022,16,4,20
"2021-01-18",7025,21,5,26
"2021-01-18",7032,24,4,28
"2021-01-18",7033,22,4,26
"2021-01-18",7045,19,4,23
"2021-01-18",7046,22,3,25
"2021-01-18",7048,23,5,28
"2021-01-18",7055,23,5,28
"2021-01-18",7057,19,5,24
"2021-01-18",7064,20,4,24
"2021-01-18",7068,27,4,31
"2021-01-18",7078,20,3,23
"2021-01-18",7095,23,4,27
"2021-01-18",7110,20,5,25
"2021-01-19",2051,18,3,21
"2021-01-19",3119,19,3,22
"2021-01-19",3131,25,3,28
"2021-01-19",4008,23,3,26
"2021-01-19",4044,18,3,21
"2021-01-19",4080,27,4,31
"2021-01-19",5035,21,4,25
"2021-01-19",5041,24,3,27
"2021-01-19",5042,24,4,28
"2021-01-19",5046,21,4,25
"2021-01-19",5059,21,4,25
"2021-01-19",5061,23,5,28
"2021-01-19",5096,26,4,30
"2021-01-19",5100,26,3,29
"2021-01-19",5120,24,4,28
"2021-01-19",5124,11,4,15
"2021-01-19",5135,15,4,19
"2021-01-19",6005,25,5,30
"2021-01-19",6020,24,3,27
"2021-01-19",6022,26,5,31
"2021-01-19",6029,18,4,22
"2021-01-19",6041,18,4,22
"2021-01-19",6043,23,3,26
"2021-01-19",6050,14,4,18
"2021-01-19",6055,19,5,24
"2021-01-19",6061,27,3,30
"2021-01-19",6067,28,4,32
"2021-01-19",6084,20,4,24
"2021-01-19",6085,16,4,20
"2021-01-19",6087,23,3,26
"2021-01-19",6090,22,5,27
"2021-01-19",6092,24,4,28
"2021-01-19",7018,18,4,22
"2021-01-19",7019,17,3,20
"2021-01-19",7022,22,4,26
"2021-01-19",7025,26,4,30
"2021-01-19",7032,21,3,24
"2021-01-19",7033,21,3,24
"2021-01-19",7045,23,4,27
"2021-01-19",7046,27,4,31
"2021-01-19",7048,21,3,24
"2021-01-19",7055,28,5,33
"2021-01-19",7057,21,4,25
"2021-01-19",7064,24,4,28
"2021-01-19",7068,25,4,29
"2021-01-19",7078,25,3,28
"2021-01-19",7095,16,5,21
"2021-01-19",7110,20,4,24
"2021-01-20",2051,21,3,24
"2021-01-20",3119,18,3,21
"2021-01-20",3131,26,3,29
"2021-01-20",4008,21,3,24
"2021-01-20",4044,23,4,27
"2021-01-20",4080,26,4,30
"2021-01-20",5035,20,4,24
"2021-01-20",5041,21,3,24
"2021-01-20",5042,23,4,27
"2021-01-20",5046,18,4,22
"2021-01-20",5059,22,4,26
"2021-01-20",5061,24,4,28
"2021-01-20",5096,23,4,27
"2021-01-20",5100,25,4,29
"2021-01-20",5120,26,4,30
"2021-01-20",5124,10,5,15
"2021-01-20",5135,7,1,8
"2021-01-20",6005,24,5,29
"2021-01-20",6020,24,3,27
"2021-01-20",6022,28,4,32
"2021-01-20",6029,20,4,24
"2021-01-20",6041,23,4,27
"2021-01-20",6043,20,4,24
"2021-01-20",6050,19,3,22
"2021-01-20",6055,19,3,22
"2021-01-20",6061,27,3,30
"2021-01-20",6067,22,5,27
"2021-01-20",6084,27,3,30
"2021-01-20",6085,23,4,27
"2021-01-20",6087,23,4,27
"2021-01-20",6090,18,4,22
"2021-01-20",6092,27,3,30
"2021-01-20",7018,18,3,21
"2021-01-20",7019,18,2,20
"2021-01-20",7022,18,4,22
"2021-01-20",7025,25,5,30
"2021-01-20",7032,27,5,32
"2021-01-20",7033,25,4,29
"2021-01-20",7045,21,4,25
"2021-01-20",7046,29,5,34
"2021-01-20",7048,24,5,29
"2021-01-20",7055,23,4,27
"2021-01-20",7057,20,4,24
"2021-01-20",7064,21,4,25
"2021-01-20",7068,16,3,19
"2021-01-20",7078,24,4,28
"2021-01-20",7095,21,3,24
"2021-01-20",7110,25,3,28
"2021-01-21",2051,19,4,23
"2021-01-21",3119,17,4,21
"2021-01-21",3131,11,3,14
"2021-01-21",4008,27,4,31
"2021-01-21",4044,21,4,25
"2021-01-21",4080,27,5,32
"2021-01-21",5035,21,4,25
"2021-01-21",5041,25,4,29
"2021-01-21",5042,27,5,32
"2021-01-21",5046,16,3,19
"2021-01-21",5059,28,4,32
"2021-01-21",5061,17,5,22
"2021-01-21",5096,27,3,30
"2021-01-21",5100,23,4,27
"2021-01-21",5120,18,3,21
"2021-01-21",5124,20,5,25
"2021-01-21",6005,22,4,26
"2021-01-21",6020,30,4,34
"2021-01-21",6022,29,5,34
"2021-01-21",6029,23,5,28
"2021-01-21",6041,27,4,31
"2021-01-21",6043,25,3,28
"2021-01-21",6050,25,5,30
"2021-01-21",6055,25,5,30
"2021-01-21",6061,26,3,29
"2021-01-21",6067,22,5,27
"2021-01-21",6084,25,5,30
"2021-01-21",6085,28,5,33
"2021-01-21",6086,7,2,9
"2021-01-21",6087,22,4,26
"2021-01-21",6090,23,4,27
"2021-01-21",6092,22,4,26
"2021-01-21",7018,11,3,14
"2021-01-21",7022,25,4,29
"2021-01-21",7025,25,4,29
"2021-01-21",7032,25,5,30
"2021-01-21",7033,24,4,28
"2021-01-21",7045,22,5,27
"2021-01-21",7046,27,5,32
"2021-01-21",7048,26,4,30
"2021-01-21",7055,8,2,10
"2021-01-21",7057,23,4,27
"2021-01-21",7064,26,4,30
"2021-01-21",7068,26,4,30
"2021-01-21",7078,26,4,30
"2021-01-21",7095,24,4,28
"2021-01-21",7109,22,4,26
"2021-01-21",7110,18,4,22
"2021-01-21",7114,25,4,29
"2021-01-21",7116,17,2,19
"2021-01-21",7136,18,3,21
"2021-01-22",2051,14,4,18
"2021-01-22",4008,22,3,25
"2021-01-22",4044,21,5,26
"2021-01-22",4080,21,5,26
"2021-01-22",5035,23,4,27
"2021-01-22",5041,23,4,27
"2021-01-22",5042,22,4,26
"2021-01-22",5046,24,4,28
"2021-01-22",5059,20,4,24
"2021-01-22",5061,17,4,21
"2021-01-22",5096,28,3,31
"2021-01-22",5100,25,4,29
"2021-01-22",5120,22,4,26
"2021-01-22",5124,20,4,24
"2021-01-22",6005,22,5,27
"2021-01-22",6020,22,3,25
"2021-01-22",6022,26,5,31
"2021-01-22",6029,21,5,26
"2021-01-22",6041,24,4,28
"2021-01-22",6043,20,4,24
"2021-01-22",6050,19,5,24
"2021-01-22",6055,21,5,26
"2021-01-22",6061,27,5,32
"2021-01-22",6067,19,4,23
"2021-01-22",6084,24,4,28
"2021-01-22",6085,24,5,29
"2021-01-22",6086,16,2,18
"2021-01-22",6087,18,4,22
"2021-01-22",6090,22,4,26
"2021-01-22",6092,22,4,26
"2021-01-22",7018,21,2,23
"2021-01-22",7022,19,4,23
"2021-01-22",7025,24,5,29
"2021-01-22",7032,27,4,31
"2021-01-22",7033,23,4,27
"2021-01-22",7045,26,4,30
"2021-01-22",7046,26,4,30
"2021-01-22",7048,25,5,30
"2021-01-22",7057,16,4,20
"2021-01-22",7064,26,4,30
"2021-01-22",7068,19,3,22
"2021-01-22",7078,26,3,29
"2021-01-22",7095,27,5,32
"2021-01-22",7109,23,3,26
"2021-01-22",7110,24,2,26
"2021-01-22",7114,28,4,32
"2021-01-22",7116,25,4,29
"2021-01-22",7136,24,4,28
"2021-01-23",2051,15,3,18
"2021-01-23",4008,22,4,26
"2021-01-23",4044,26,5,31
"2021-01-23",4080,25,5,30
"2021-01-23",5035,18,3,21
"2021-01-23",5041,27,3,30
"2021-01-23",5042,26,5,31
"2021-01-23",5046,13,2,15
"2021-01-23",5059,21,4,25
"2021-01-23",5061,13,3,16
"2021-01-23",5096,23,4,27
"2021-01-23",5100,25,5,30
"2021-01-23",5120,23,3,26
"2021-01-23",5124,13,4,17
"2021-01-23",6005,18,3,21
"2021-01-23",6020,23,3,26
"2021-01-23",6022,25,4,29
"2021-01-23",6029,25,4,29
"2021-01-23",6041,24,4,28
"2021-01-23",6043,19,2,21
"2021-01-23",6050,18,5,23
"2021-01-23",6055,25,3,28
"2021-01-23",6061,28,3,31
"2021-01-23",6067,22,5,27
"2021-01-23",6084,22,4,26
"2021-01-23",6085,23,4,27
"2021-01-23",6086,19,2,21
"2021-01-23",6087,16,5,21
"2021-01-23",6090,24,4,28
"2021-01-23",6092,22,3,25
"2021-01-23",7018,14,3,17
"2021-01-23",7022,22,4,26
"2021-01-23",7025,19,3,22
"2021-01-23",7032,27,3,30
"2021-01-23",7033,19,4,23
"2021-01-23",7045,24,5,29
"2021-01-23",7046,27,5,32
"2021-01-23",7048,25,4,29
"2021-01-23",7057,21,4,25
"2021-01-23",7064,26,5,31
"2021-01-23",7068,21,4,25
"2021-01-23",7078,25,4,29
"2021-01-23",7095,20,4,24
"2021-01-23",7109,27,5,32
"2021-01-23",7110,23,3,26
"2021-01-23",7114,28,4,32
"2021-01-23",7116,18,5,23
"2021-01-23",7136,21,5,26
"2021-01-24",2051,18,4,22
"2021-01-24",4008,24,3,27
"2021-01-24",4044,20,5,25
"2021-01-24",4080,25,5,30
"2021-01-24",5035,22,5,27
"2021-01-24",5041,25,4,29
"2021-01-24",5042,24,4,28
"2021-01-24",5046,19,4,23
"2021-01-24",5059,23,4,27
"2021-01-24",5061,22,4,26
"2021-01-24",5096,23,4,27
"2021-01-24",5100,26,4,30
"2021-01-24",5120,21,4,25
"2021-01-24",5124,19,4,23
"2021-01-24",6005,17,5,22
"2021-01-24",6020,26,4,30
"2021-01-24",6022,26,4,30
"2021-01-24",6029,23,5,28
"2021-01-24",6041,28,3,31
"2021-01-24",6043,14,3,17
"2021-01-24",6050,18,5,23
"2021-01-24",6055,22,3,25
"2021-01-24",6061,25,2,27
"2021-01-24",6067,23,4,27
"2021-01-24",6084,15,3,18
"2021-01-24",6085,22,5,27
"2021-01-24",6086,9,2,11
"2021-01-24",6087,20,3,23
"2021-01-24",6090,21,4,25
"2021-01-24",6092,26,5,31
"2021-01-24",7018,18,3,21
"2021-01-24",7022,19,3,22
"2021-01-24",7025,24,4,28
"2021-01-24",7032,21,3,24
"2021-01-24",7033,25,4,29
"2021-01-24",7045,19,4,23
"2021-01-24",7046,28,5,33
"2021-01-24",7048,28,4,32
"2021-01-24",7057,15,3,18
"2021-01-24",7064,23,4,27
"2021-01-24",7068,23,4,27
"2021-01-24",7078,15,1,16
"2021-01-24",7095,23,4,27
"2021-01-24",7109,25,5,30
"2021-01-24",7110,19,4,23
"2021-01-24",7114,26,5,31
"2021-01-24",7116,23,5,28
"2021-01-24",7136,22,4,26
"2021-01-25",2051,16,3,19
"2021-01-25",4008,24,4,28
"2021-01-25",4044,23,5,28
"2021-01-25",4080,21,5,26
"2021-01-25",5035,16,4,20
"2021-01-25",5041,25,3,28
"2021-01-25",5042,23,5,28
"2021-01-25",5046,21,4,25
"2021-01-25",5059,22,5,27
"2021-01-25",5061,17,5,22
"2021-01-25",5096,23,3,26
"2021-01-25",5100,25,4,29
"2021-01-25",5120,21,2,23
"2021-01-25",5124,19,5,24
"2021-01-25",6005,18,3,21
"2021-01-25",6020,24,3,27
"2021-01-25",6022,27,5,32
"2021-01-25",6029,23,4,27
"2021-01-25",6041,25,4,29
"2021-01-25",6043,17,4,21
"2021-01-25",6050,19,5,24
"2021-01-25",6055,16,3,19
"2021-01-25",6061,29,2,31
"2021-01-25",6067,24,5,29
"2021-01-25",6084,23,5,28
"2021-01-25",6085,20,4,24
"2021-01-25",6086,11,2,13
"2021-01-25",6087,11,4,15
"2021-01-25",6090,21,4,25
"2021-01-25",6092,19,5,24
"2021-01-25",7018,15,5,20
"2021-01-25",7022,19,4,23
"2021-01-25",7025,23,4,27
"2021-01-25",7032,24,3,27
"2021-01-25",7033,22,4,26
"2021-01-25",7045,24,5,29
"2021-01-25",7046,27,4,31
"2021-01-25",7048,24,4,28
"2021-01-25",7057,16,3,19
"2021-01-25",7064,23,4,27
"2021-01-25",7068,17,5,22
"2021-01-25",7078,24,3,27
"2021-01-25",7095,25,5,30
"2021-01-25",7109,21,4,25
"2021-01-25",7110,19,3,22
"2021-01-25",7114,28,5,33
"2021-01-25",7116,19,5,24
"2021-01-25",7136,21,4,25
"2021-01-26",2051,14,3,17
"2021-01-26",4008,17,3,20
"2021-01-26",4044,22,4,26
"2021-01-26",4080,19,5,24
"2021-01-26",5035,24,4,28
"2021-01-26",5041,24,4,28
"2021-01-26",5042,25,5,30
"2021-01-26",5046,16,4,20
"2021-01-26",5059,18,3,21
"2021-01-26",5061,13,4,17
"2021-01-26",5096,23,4,27
"2021-01-26",5100,24,4,28
"2021-01-26",5120,23,4,27
"2021-01-26",5124,21,5,26
"2021-01-26",6005,27,4,31
"2021-01-26",6020,21,3,24
"2021-01-26",6022,24,4,28
"2021-01-26",6029,19,3,22
"2021-01-26",6041,23,5,28
"2021-01-26",6043,19,3,22
"2021-01-26",6050,21,4,25
"2021-01-26",6055,20,4,24
"2021-01-26",6061,24,2,26
"2021-01-26",6067,24,3,27
"2021-01-26",6084,20,4,24
"2021-01-26",6085,18,4,22
"2021-01-26",6086,14,3,17
"2021-01-26",6087,18,4,22
"2021-01-26",6090,21,4,25
"2021-01-26",6092,21,4,25
"2021-01-26",7018,23,4,27
"2021-01-26",7022,20,4,24
"2021-01-26",7025,21,5,26
"2021-01-26",7032,25,3,28
"2021-01-26",7033,20,4,24
"2021-01-26",7045,18,5,23
"2021-01-26",7046,28,3,31
"2021-01-26",7048,23,4,27
"2021-01-26",7057,16,3,19
"2021-01-26",7064,20,3,23
"2021-01-26",7068,20,4,24
"2021-01-26",7078,12,3,15
"2021-01-26",7095,20,4,24
"2021-01-26",7109,27,4,31
"2021-01-26",7110,16,4,20
"2021-01-26",7114,27,4,31
"2021-01-26",7116,20,5,25
"2021-01-26",7136,19,4,23
"2021-01-27",2051,14,3,17
"2021-01-27",4008,23,4,27
"2021-01-27",4044,24,4,28
"2021-01-27",4080,25,5,30
"2021-01-27",5035,21,4,25
"2021-01-27",5041,27,3,30
"2021-01-27",5042,21,4,25
"2021-01-27",5046,14,4,18
"2021-01-27",5059,26,4,30
"2021-01-27",5061,16,4,20
"2021-01-27",5096,23,4,27
"2021-01-27",5100,27,4,31
"2021-01-27",5120,13,3,16
"2021-01-27",5124,23,4,27
"2021-01-27",6005,24,5,29
"2021-01-27",6020,20,3,23
"2021-01-27",6022,23,4,27
"2021-01-27",6029,22,5,27
"2021-01-27",6041,25,3,28
"2021-01-27",6043,19,3,22
"2021-01-27",6050,24,4,28
"2021-01-27",6055,16,2,18
"2021-01-27",6061,25,3,28
"2021-01-27",6067,25,5,30
"2021-01-27",6084,21,4,25
"2021-01-27",6085,24,5,29
"2021-01-27",6086,21,4,25
"2021-01-27",6087,19,3,22
"2021-01-27",6090,22,2,24
"2021-01-27",6092,19,3,22
"2021-01-27",7018,20,4,24
"2021-01-27",7022,26,5,31
"2021-01-27",7025,26,4,30
"2021-01-27",7032,26,3,29
"2021-01-27",7033,21,3,24
"2021-01-27",7045,26,3,29
"2021-01-27",7046,27,5,32
"2021-01-27",7048,25,4,29
"2021-01-27",7057,20,3,23
"2021-01-27",7064,22,4,26
"2021-01-27",7068,20,3,23
"2021-01-27",7078,24,3,27
"2021-01-27",7095,21,4,25
"2021-01-27",7109,28,4,32
"2021-01-27",7110,20,4,24
"2021-01-27",7114,25,5,30
"2021-01-27",7116,26,4,30
"2021-01-27",7136,23,3,26
"2021-01-28",2051,17,2,19
"2021-01-28",4008,22,4,26
"2021-01-28",4044,27,4,31
"2021-01-28",4080,24,4,28
"2021-01-28",5035,24,3,27
"2021-01-28",5041,25,3,28
"2021-01-28",5042,24,3,27
"2021-01-28",5046,18,4,22
"2021-01-28",5059,25,4,29
"2021-01-28",5061,25,5,30
"2021-01-28",5096,27,3,30
"2021-01-28",5100,28,4,32
"2021-01-28",5120,23,3,26
"2021-01-28",5124,25,4,29
"2021-01-28",6005,20,4,24
"2021-01-28",6020,23,3,26
"2021-01-28",6022,25,4,29
"2021-01-28",6029,25,5,30
"2021-01-28",6041,28,5,33
"2021-01-28",6043,22,3,25
"2021-01-28",6050,24,4,28
"2021-01-28",6055,23,3,26
"2021-01-28",6061,22,2,24
"2021-01-28",6067,23,5,28
"2021-01-28",6084,23,5,28
"2021-01-28",6085,20,4,24
"2021-01-28",6086,19,4,23
"2021-01-28",6087,18,4,22
"2021-01-28",6090,17,5,22
"2021-01-28",6092,25,4,29
"2021-01-28",7018,13,2,15
"2021-01-28",7022,30,4,34
"2021-01-28",7025,25,4,29
"2021-01-28",7032,26,3,29
"2021-01-28",7033,23,5,28
"2021-01-28",7045,25,5,30
"2021-01-28",7046,26,4,30
"2021-01-28",7048,27,5,32
"2021-01-28",7057,19,2,21
"2021-01-28",7064,25,3,28
"2021-01-28",7068,21,3,24
"2021-01-28",7078,24,3,27
"2021-01-28",7095,20,3,23
"2021-01-28",7109,26,4,30
"2021-01-28",7110,24,4,28
"2021-01-28",7114,27,4,31
"2021-01-28",7116,23,4,27
"2021-01-28",7136,20,2,22
"2021-01-29",2051,21,4,25
"2021-01-29",4008,24,3,27
"2021-01-29",4044,21,3,24
"2021-01-29",4080,26,4,30
"2021-01-29",5035,19,4,23
"2021-01-29",5041,28,3,31
"2021-01-29",5042,25,4,29
"2021-01-29",5046,14,4,18
"2021-01-29",5059,26,5,31
"2021-01-29",5061,18,4,22
"2021-01-29",5096,19,5,24
"2021-01-29",5100,27,3,30
"2021-01-29",5120,21,4,25
"2021-01-29",5124,21,5,26
"2021-01-29",6005,17,4,21
"2021-01-29",6020,25,4,29
"2021-01-29",6022,24,5,29
"2021-01-29",6029,23,4,27
"2021-01-29",6041,24,4,28
"2021-01-29",6043,18,3,21
"2021-01-29",6050,22,5,27
"2021-01-29",6055,25,4,29
"2021-01-29",6061,19,2,21
"2021-01-29",6067,20,5,25
"2021-01-29",6084,17,3,20
"2021-01-29",6085,18,5,23
"2021-01-29",6086,21,2,23
"2021-01-29",6087,14,4,18
"2021-01-29",6090,23,5,28
"2021-01-29",6092,23,4,27
"2021-01-29",7018,18,4,22
"2021-01-29",7022,25,5,30
"2021-01-29",7025,22,4,26
"2021-01-29",7032,28,2,30
"2021-01-29",7033,21,3,24
"2021-01-29",7045,17,3,20
"2021-01-29",7046,27,5,32
"2021-01-29",7048,21,3,24
"2021-01-29",7057,21,3,24
"2021-01-29",7064,18,3,21
"2021-01-29",7068,18,4,22
"2021-01-29",7078,23,4,27
"2021-01-29",7095,19,5,24
"2021-01-29",7109,21,4,25
"2021-01-29",7110,14,3,17
"2021-01-29",7114,26,5,31
"2021-01-29",7116,22,5,27
"2021-01-29",7136,20,5,25
"2021-01-30",2051,20,4,24
"2021-01-30",4008,18,2,20
"2021-01-30",4044,22,5,27
"2021-01-30",4080,22,3,25
"2021-01-30",5035,24,5,29
"2021-01-30",5041,26,3,29
"2021-01-30",5042,20,3,23
"2021-01-30",5046,17,4,21
"2021-01-30",5059,25,4,29
"2021-01-30",5061,28,5,33
"2021-01-30",5096,18,3,21
"2021-01-30",5100,23,4,27
"2021-01-30",5120,17,4,21
"2021-01-30",5124,24,5,29
"2021-01-30",6005,28,4,32
"2021-01-30",6020,26,5,31
"2021-01-30",6022,20,4,24
"2021-01-30",6029,22,4,26
"2021-01-30",6041,22,3,25
"2021-01-30",6043,21,5,26
"2021-01-30",6050,26,5,31
"2021-01-30",6055,20,3,23
"2021-01-30",6061,27,4,31
"2021-01-30",6067,22,4,26
"2021-01-30",6084,22,3,25
"2021-01-30",6085,24,2,26
"2021-01-30",6086,17,2,19
"2021-01-30",6087,16,3,19
"2021-01-30",6090,21,5,26
"2021-01-30",6092,20,4,24
"2021-01-30",7018,14,2,16
"2021-01-30",7022,27,3,30
"2021-01-30",7025,27,3,30
"2021-01-30",7032,29,4,33
"2021-01-30",7033,25,5,30
"2021-01-30",7045,23,5,28
"2021-01-30",7046,28,5,33
"2021-01-30",7048,22,4,26
"2021-01-30",7057,20,3,23
"2021-01-30",7064,19,4,23
"2021-01-30",7068,16,2,18
"2021-01-30",7078,22,3,25
"2021-01-30",7095,24,4,28
"2021-01-30",7109,22,5,27
"2021-01-30",7110,18,4,22
"2021-01-30",7114,26,4,30
"2021-01-30",7116,21,5,26
"2021-01-30",7136,19,3,22
"2021-01-31",2051,17,3,20
"2021-01-31",4008,27,5,32
"2021-01-31",4044,22,4,26
"2021-01-31",4080,21,2,23
"2021-01-31",5035,26,5,31
"2021-01-31",5041,23,3,26
"2021-01-31",5042,24,4,28
"2021-01-31",5046,20,4,24
"2021-01-31",5059,18,4,22
"2021-01-31",5061,12,4,16
"2021-01-31",5096,21,4,25
"2021-01-31",5100,26,4,30
"2021-01-31",5120,14,4,18
"2021-01-31",5124,26,5,31
"2021-01-31",6005,15,4,19
"2021-01-31",6020,22,4,26
"2021-01-31",6022,27,4,31
"2021-01-31",6029,23,4,27
"2021-01-31",6041,22,4,26
"2021-01-31",6043,19,5,24
"2021-01-31",6050,20,4,24
"2021-01-31",6055,17,4,21
"2021-01-31",6061,25,4,29
"2021-01-31",6067,25,4,29
"2021-01-31",6084,16,4,20
"2021-01-31",6085,21,5,26
"2021-01-31",6086,14,3,17
"2021-01-31",6087,15,3,18
"2021-01-31",6090,25,5,30
"2021-01-31",6092,20,3,23
"2021-01-31",7018,15,3,18
"2021-01-31",7022,26,5,31
"2021-01-31",7025,19,4,23
"2021-01-31",7032,21,4,25
"2021-01-31",7033,21,4,25
"2021-01-31",7045,15,4,19
"2021-01-31",7046,22,3,25
"2021-01-31",7048,22,4,26
"2021-01-31",7057,19,3,22
"2021-01-31",7064,20,4,24
"2021-01-31",7068,19,2,21
"2021-01-31",7078,14,3,17
"2021-01-31",7095,21,4,25
"2021-01-31",7109,26,5,31
"2021-01-31",7110,20,4,24
"2021-01-31",7114,26,4,30
"2021-01-31",7116,23,5,28
"2021-01-31",7136,23,5,28
"2021-02-01",2051,19,3,22
"2021-02-01",4008,25,4,29
"2021-02-01",4044,26,3,29
"2021-02-01",4080,27,3,30
"2021-02-01",5035,21,4,25
"2021-02-01",5041,27,4,31
"2021-02-01",5042,19,4,23
"2021-02-01",5046,18,5,23
"2021-02-01",5059,22,3,25
"2021-02-01",5061,19,4,23
"2021-02-01",5096,19,3,22
"2021-02-01",5100,25,4,29
"2021-02-01",5120,20,4,24
"2021-02-01",5124,22,5,27
"2021-02-01",6005,24,4,28
"2021-02-01",6020,28,5,33
"2021-02-01",6022,25,4,29
"2021-02-01",6029,27,4,31
"2021-02-01",6041,20,4,24
"2021-02-01",6043,23,2,25
"2021-02-01",6050,17,3,20
"2021-02-01",6055,20,4,24
"2021-02-01",6061,21,2,23
"2021-02-01",6067,27,5,32
"2021-02-01",6084,27,3,30
"2021-02-01",6085,23,4,27
"2021-02-01",6086,24,2,26
"2021-02-01",6087,19,3,22
"2021-02-01",6090,25,4,29
"2021-02-01",6092,26,5,31
"2021-02-01",7018,15,2,17
"2021-02-01",7022,25,5,30
"2021-02-01",7025,20,4,24
"2021-02-01",7032,27,3,30
"2021-02-01",7033,22,4,26
"2021-02-01",7045,25,4,29
"2021-02-01",7046,29,2,31
"2021-02-01",7048,26,4,30
"2021-02-01",7057,20,4,24
"2021-02-01",7064,20,3,23
"2021-02-01",7068,19,4,23
"2021-02-01",7078,23,4,27
"2021-02-01",7095,20,5,25
"2021-02-01",7109,25,4,29
"2021-02-01",7110,17,3,20
"2021-02-01",7114,23,5,28
"2021-02-01",7116,22,4,26
"2021-02-01",7136,22,1,23
"2021-02-02",2051,17,2,19
"2021-02-02",4008,26,5,31
"2021-02-02",4044,24,5,29
"2021-02-02",4080,24,5,29
"2021-02-02",5035,23,4,27
"2021-02-02",5041,25,1,26
"2021-02-02",5042,22,4,26
"2021-02-02",5046,17,4,21
"2021-02-02",5059,20,4,24
"2021-02-02",5061,15,3,18
"2021-02-02",5096,21,3,24
"2021-02-02",5100,26,3,29
"2021-02-02",5120,14,3,17
"2021-02-02",5124,25,5,30
"2021-02-02",6005,23,4,27
"2021-02-02",6020,28,3,31
"2021-02-02",6022,27,4,31
"2021-02-02",6029,27,4,31
"2021-02-02",6041,18,4,22
"2021-02-02",6050,18,4,22
"2021-02-02",6055,24,4,28
"2021-02-02",6061,26,4,30
"2021-02-02",6067,28,5,33
"2021-02-02",6084,28,3,31
"2021-02-02",6085,21,4,25
"2021-02-02",6086,21,2,23
"2021-02-02",6087,19,4,23
"2021-02-02",6090,24,5,29
"2021-02-02",6092,24,5,29
"2021-02-02",7018,14,2,16
"2021-02-02",7022,29,5,34
"2021-02-02",7025,23,4,27
"2021-02-02",7032,30,5,35
"2021-02-02",7033,24,4,28
"2021-02-02",7045,20,4,24
"2021-02-02",7046,21,5,26
"2021-02-02",7048,22,2,24
"2021-02-02",7057,19,3,22
"2021-02-02",7064,21,4,25
"2021-02-02",7068,22,3,25
"2021-02-02",7078,22,4,26
"2021-02-02",7095,26,5,31
"2021-02-02",7109,20,4,24
"2021-02-02",7110,21,2,23
"2021-02-02",7114,17,3,20
"2021-02-02",7116,26,5,31
"2021-02-02",7136,22,4,26
"2021-02-03",2051,20,3,23
"2021-02-03",4008,28,4,32
"2021-02-03",4044,22,3,25
"2021-02-03",4080,28,3,31
"2021-02-03",5035,27,4,31
"2021-02-03",5041,28,3,31
"2021-02-03",5042,26,3,29
"2021-02-03",5046,15,4,19
"2021-02-03",5059,28,5,33
"2021-02-03",5061,23,4,27
"2021-02-03",5096,19,3,22
"2021-02-03",5100,27,4,31
"2021-02-03",5120,22,4,26
"2021-02-03",5124,30,5,35
"2021-02-03",6005,21,4,25
"2021-02-03",6020,28,3,31
"2021-02-03",6022,25,4,29
"2021-02-03",6029,25,4,29
"2021-02-03",6041,22,3,25
"2021-02-03",6050,18,3,21
"2021-02-03",6055,26,5,31
"2021-02-03",6061,27,3,30
"2021-02-03",6067,23,4,27
"2021-02-03",6084,27,4,31
"2021-02-03",6085,26,5,31
"2021-02-03",6086,21,4,25
"2021-02-03",6087,23,3,26
"2021-02-03",6090,23,4,27
"2021-02-03",6092,24,3,27
"2021-02-03",7018,19,4,23
"2021-02-03",7022,28,4,32
"2021-02-03",7025,24,4,28
"2021-02-03",7032,25,3,28
"2021-02-03",7033,29,4,33
"2021-02-03",7045,25,4,29
"2021-02-03",7046,30,4,34
"2021-02-03",7048,24,4,28
"2021-02-03",7057,19,4,23
"2021-02-03",7064,25,4,29
"2021-02-03",7068,23,3,26
"2021-02-03",7078,25,4,29
"2021-02-03",7095,27,4,31
"2021-02-03",7109,24,2,26
"2021-02-03",7110,25,3,28
"2021-02-03",7114,30,3,33
"2021-02-03",7116,18,5,23
"2021-02-03",7136,25,3,28
"2021-02-04",2051,28,5,33
"2021-02-04",3139,15,3,18
"2021-02-04",4008,25,5,30
"2021-02-04",4044,27,4,31
"2021-02-04",4080,27,4,31
"2021-02-04",4105,16,2,18
"2021-02-04",5035,25,4,29
"2021-02-04",5041,24,3,27
"2021-02-04",5042,26,4,30
"2021-02-04",5046,10,3,13
"2021-02-04",5059,27,4,31
"2021-02-04",5061,26,3,29
"2021-02-04",5096,24,5,29
"2021-02-04",5100,24,4,28
"2021-02-04",5120,19,4,23
"2021-02-04",5124,6,1,7
"2021-02-04",6005,26,5,31
"2021-02-04",6020,19,2,21
"2021-02-04",6022,28,5,33
"2021-02-04",6029,29,5,34
"2021-02-04",6041,28,4,32
"2021-02-04",6050,7,1,8
"2021-02-04",6055,19,4,23
"2021-02-04",6061,30,4,34
"2021-02-04",6064,14,3,17
"2021-02-04",6067,28,5,33
"2021-02-04",6068,16,4,20
"2021-02-04",6069,1,0,1
"2021-02-04",6084,27,4,31
"2021-02-04",6085,25,4,29
"2021-02-04",6086,24,3,27
"2021-02-04",6087,25,4,29
"2021-02-04",6090,23,5,28
"2021-02-04",6092,24,4,28
"2021-02-04",6096,11,1,12
"2021-02-04",7018,13,2,15
"2021-02-04",7022,21,4,25
"2021-02-04",7025,23,4,27
"2021-02-04",7032,14,2,16
"2021-02-04",7033,19,2,21
"2021-02-04",7045,25,4,29
"2021-02-04",7046,30,3,33
"2021-02-04",7048,23,5,28
"2021-02-04",7057,24,2,26
"2021-02-04",7059,14,2,16
"2021-02-04",7060,8,2,10
"2021-02-04",7064,28,3,31
"2021-02-04",7068,24,3,27
"2021-02-04",7078,29,4,33
"2021-02-04",7095,25,4,29
"2021-02-04",7109,26,4,30
"2021-02-04",7110,25,3,28
"2021-02-04",7114,28,5,33
"2021-02-04",7115,19,4,23
"2021-02-04",7116,19,4,23
"2021-02-04",7119,16,3,19
"2021-02-04",7136,24,2,26
"2021-02-04",7156,17,3,20
"2021-02-05",2051,21,4,25
"2021-02-05",3139,12,3,15
"2021-02-05",4008,23,4,27
"2021-02-05",4044,22,4,26
"2021-02-05",4080,27,3,30
"2021-02-05",4105,14,2,16
"2021-02-05",5035,24,3,27
"2021-02-05",5041,28,4,32
"2021-02-05",5042,24,3,27
"2021-02-05",5059,18,3,21
"2021-02-05",5061,18,4,22
"2021-02-05",5096,28,5,33
"2021-02-05",5100,27,4,31
"2021-02-05",5120,18,3,21
"2021-02-05",6005,23,5,28
"2021-02-05",6022,25,5,30
"2021-02-05",6029,20,4,24
"2021-02-05",6041,29,3,32
"2021-02-05",6061,28,3,31
"2021-02-05",6064,14,4,18
"2021-02-05",6067,28,5,33
"2021-02-05",6068,16,4,20
"2021-02-05",6084,21,4,25
"2021-02-05",6085,25,4,29
"2021-02-05",6086,25,4,29
"2021-02-05",6087,21,5,26
"2021-02-05",6090,23,4,27
"2021-02-05",6092,30,4,34
"2021-02-05",6096,15,3,18
"2021-02-05",7025,22,5,27
"2021-02-05",7045,23,4,27
"2021-02-05",7046,23,3,26
"2021-02-05",7048,25,4,29
"2021-02-05",7057,26,1,27
"2021-02-05",7059,16,3,19
"2021-02-05",7060,17,3,20
"2021-02-05",7064,26,5,31
"2021-02-05",7068,20,3,23
"2021-02-05",7078,25,4,29
"2021-02-05",7095,23,4,27
"2021-02-05",7109,23,2,25
"2021-02-05",7110,18,3,21
"2021-02-05",7114,27,4,31
"2021-02-05",7115,15,4,19
"2021-02-05",7116,17,4,21
"2021-02-05",7119,14,3,17
"2021-02-05",7136,26,3,29
"2021-02-05",7156,14,2,16
"2021-02-06",2051,19,2,21
"2021-02-06",3139,11,2,13
"2021-02-06",4008,18,4,22
"2021-02-06",4044,22,4,26
"2021-02-06",4080,23,2,25
"2021-02-06",4105,12,2,14
"2021-02-06",5035,18,5,23
"2021-02-06",5041,24,5,29
"2021-02-06",5042,24,3,27
"2021-02-06",5059,21,4,25
"2021-02-06",5061,21,4,25
"2021-02-06",5096,23,4,27
"2021-02-06",5100,25,4,29
"2021-02-06",5120,17,4,21
"2021-02-06",6005,13,4,17
"2021-02-06",6022,21,4,25
"2021-02-06",6029,21,5,26
"2021-02-06",6041,28,3,31
"2021-02-06",6061,26,5,31
"2021-02-06",6064,8,3,11
"2021-02-06",6067,23,5,28
"2021-02-06",6068,13,3,16
"2021-02-06",6084,21,4,25
"2021-02-06",6085,18,5,23
"2021-02-06",6086,13,3,16
"2021-02-06",6087,16,4,20
"2021-02-06",6090,20,3,23
"2021-02-06",6092,22,4,26
"2021-02-06",6096,13,2,15
"2021-02-06",7025,18,3,21
"2021-02-06",7045,17,4,21
"2021-02-06",7046,23,4,27
"2021-02-06",7048,20,3,23
"2021-02-06",7057,18,2,20
"2021-02-06",7059,13,3,16
"2021-02-06",7060,15,2,17
"2021-02-06",7064,24,5,29
"2021-02-06",7068,19,3,22
"2021-02-06",7078,25,4,29
"2021-02-06",7095,23,3,26
"2021-02-06",7109,19,4,23
"2021-02-06",7110,20,3,23
"2021-02-06",7114,26,5,31
"2021-02-06",7115,17,4,21
"2021-02-06",7116,20,3,23
"2021-02-06",7119,15,3,18
"2021-02-06",7136,19,4,23
"2021-02-06",7156,14,3,17
"2021-02-07",2051,19,3,22
"2021-02-07",3139,13,2,15
"2021-02-07",4008,23,4,27
"2021-02-07",4044,20,3,23
"2021-02-07",4080,22,3,25
"2021-02-07",4105,16,2,18
"2021-02-07",5035,22,4,26
"2021-02-07",5041,27,5,32
"2021-02-07",5042,21,5,26
"2021-02-07",5059,22,4,26
"2021-02-07",5061,20,4,24
"2021-02-07",5096,20,4,24
"2021-02-07",5100,25,2,27
"2021-02-07",5120,21,1,22
"2021-02-07",6005,16,5,21
"2021-02-07",6022,28,4,32
"2021-02-07",6029,22,5,27
"2021-02-07",6041,25,3,28
"2021-02-07",6061,25,4,29
"2021-02-07",6064,22,4,26
"2021-02-07",6067,19,5,24
"2021-02-07",6068,22,5,27
"2021-02-07",6084,21,2,23
"2021-02-07",6085,24,2,26
"2021-02-07",6086,22,2,24
"2021-02-07",6087,23,3,26
"2021-02-07",6090,22,4,26
"2021-02-07",6092,23,4,27
"2021-02-07",6096,16,3,19
"2021-02-07",7025,24,4,28
"2021-02-07",7045,21,3,24
"2021-02-07",7046,23,4,27
"2021-02-07",7048,24,5,29
"2021-02-07",7057,21,3,24
"2021-02-07",7059,16,2,18
"2021-02-07",7060,18,3,21
"2021-02-07",7064,22,4,26
"2021-02-07",7068,27,1,28
"2021-02-07",7078,24,4,28
"2021-02-07",7095,23,3,26
"2021-02-07",7109,23,3,26
"2021-02-07",7110,21,5,26
"2021-02-07",7114,28,3,31
"2021-02-07",7115,15,4,19
"2021-02-07",7116,22,4,26
"2021-02-07",7119,20,3,23
"2021-02-07",7136,25,4,29
"2021-02-07",7156,18,5,23
"2021-02-08",2051,21,3,24
"2021-02-08",3139,16,2,18
"2021-02-08",4008,25,4,29
"2021-02-08",4044,24,3,27
"2021-02-08",4080,22,3,25
"2021-02-08",4105,20,3,23
"2021-02-08",5035,22,5,27
"2021-02-08",5041,27,3,30
"2021-02-08",5042,19,4,23
"2021-02-08",5059,19,4,23
"2021-02-08",5061,18,4,22
"2021-02-08",5096,25,4,29
"2021-02-08",5100,25,3,28
"2021-02-08",5120,14,4,18
"2021-02-08",6005,22,4,26
"2021-02-08",6022,20,4,24
"2021-02-08",6029,24,5,29
"2021-02-08",6041,26,4,30
"2021-02-08",6061,22,4,26
"2021-02-08",6064,20,3,23
"2021-02-08",6067,26,4,30
"2021-02-08",6068,17,3,20
"2021-02-08",6084,25,4,29
"2021-02-08",6085,26,4,30
"2021-02-08",6086,21,5,26
"2021-02-08",6087,19,4,23
"2021-02-08",6090,20,4,24
"2021-02-08",6092,22,5,27
"2021-02-08",6096,17,4,21
"2021-02-08",7025,20,4,24
"2021-02-08",7045,23,4,27
"2021-02-08",7046,23,5,28
"2021-02-08",7048,23,4,27
"2021-02-08",7057,22,4,26
"2021-02-08",7059,27,4,31
"2021-02-08",7060,23,4,27
"2021-02-08",7064,25,4,29
"2021-02-08",7068,21,4,25
"2021-02-08",7078,24,3,27
"2021-02-08",7095,27,5,32
"2021-02-08",7109,20,4,24
"2021-02-08",7110,19,3,22
"2021-02-08",7114,27,5,32
"2021-02-08",7115,21,4,25
"2021-02-08",7116,19,3,22
"2021-02-08",7119,20,4,24
"2021-02-08",7136,25,3,28
"2021-02-08",7156,23,5,28
"2021-02-09",2051,19,5,24
"2021-02-09",3139,18,3,21
"2021-02-09",4008,22,3,25
"2021-02-09",4044,21,5,26
"2021-02-09",4080,23,5,28
"2021-02-09",4105,21,2,23
"2021-02-09",5035,17,5,22
"2021-02-09",5041,23,4,27
"2021-02-09",5042,12,3,15
"2021-02-09",5059,23,3,26
"2021-02-09",5061,15,3,18
"2021-02-09",5096,23,4,27
"2021-02-09",5100,20,5,25
"2021-02-09",5120,22,5,27
"2021-02-09",6005,17,4,21
"2021-02-09",6022,18,4,22
"2021-02-09",6029,25,5,30
"2021-02-09",6041,23,2,25
"2021-02-09",6061,27,4,31
"2021-02-09",6064,19,3,22
"2021-02-09",6067,23,4,27
"2021-02-09",6068,21,4,25
"2021-02-09",6084,25,5,30
"2021-02-09",6085,20,5,25
"2021-02-09",6086,22,3,25
"2021-02-09",6087,17,4,21
"2021-02-09",6090,23,5,28
"2021-02-09",6092,22,3,25
"2021-02-09",6096,13,2,15
"2021-02-09",7025,22,5,27
"2021-02-09",7045,24,4,28
"2021-02-09",7046,23,5,28
"2021-02-09",7048,17,3,20
"2021-02-09",7057,19,2,21
"2021-02-09",7059,19,5,24
"2021-02-09",7060,25,3,28
"2021-02-09",7064,25,3,28
"2021-02-09",7068,24,3,27
"2021-02-09",7078,20,4,24
"2021-02-09",7095,20,4,24
"2021-02-09",7109,18,4,22
"2021-02-09",7110,19,2,21
"2021-02-09",7114,26,5,31
"2021-02-09",7115,23,5,28
"2021-02-09",7116,21,3,24
"2021-02-09",7119,22,3,25
"2021-02-09",7136,19,5,24
"2021-02-09",7156,15,2,17
"2021-02-10",2051,20,4,24
"2021-02-10",3139,16,3,19
"2021-02-10",4008,22,5,27
"2021-02-10",4044,24,5,29
"2021-02-10",4080,20,3,23
"2021-02-10",4105,19,3,22
"2021-02-10",5035,26,4,30
"2021-02-10",5041,24,4,28
"2021-02-10",5042,23,4,27
"2021-02-10",5059,16,4,20
"2021-02-10",5061,19,5,24
"2021-02-10",5096,22,5,27
"2021-02-10",5100,27,4,31
"2021-02-10",5120,19,2,21
"2021-02-10",6005,17,4,21
"2021-02-10",6022,26,4,30
"2021-02-10",6029,21,3,24
"2021-02-10",6041,24,2,26
"2021-02-10",6061,27,3,30
"2021-02-10",6064,22,3,25
"2021-02-10",6067,20,5,25
"2021-02-10",6068,19,4,23
"2021-02-10",6084,24,5,29
"2021-02-10",6085,16,3,19
"2021-02-10",6086,16,3,19
"2021-02-10",6087,17,2,19
"2021-02-10",6090,21,4,25
"2021-02-10",6092,29,4,33
"2021-02-10",6096,19,2,21
"2021-02-10",7025,18,3,21
"2021-02-10",7045,25,3,28
"2021-02-10",7046,29,5,34
"2021-02-10",7048,18,3,21
"2021-02-10",7057,17,3,20
"2021-02-10",7059,21,3,24
"2021-02-10",7060,20,4,24
"2021-02-10",7064,22,3,25
"2021-02-10",7068,20,3,23
"2021-02-10",7078,26,4,30
"2021-02-10",7095,24,3,27
"2021-02-10",7109,20,3,23
"2021-02-10",7110,18,3,21
"2021-02-10",7114,27,4,31
"2021-02-10",7115,21,3,24
"2021-02-10",7116,22,4,26
"2021-02-10",7119,17,3,20
"2021-02-10",7136,22,4,26
"2021-02-10",7156,23,5,28
"2021-02-11",2051,22,4,26
"2021-02-11",3139,22,4,26
"2021-02-11",4008,29,4,33
"2021-02-11",4044,25,5,30
"2021-02-11",4080,27,5,32
"2021-02-11",4105,22,3,25
"2021-02-11",5035,27,5,32
"2021-02-11",5041,23,4,27
"2021-02-11",5042,24,3,27
"2021-02-11",5059,18,3,21
"2021-02-11",5061,18,2,20
"2021-02-11",5096,24,4,28
"2021-02-11",5100,25,4,29
"2021-02-11",5120,18,3,21
"2021-02-11",6005,21,5,26
"2021-02-11",6022,28,4,32
"2021-02-11",6029,26,4,30
"2021-02-11",6041,24,3,27
"2021-02-11",6061,28,4,32
"2021-02-11",6064,25,4,29
"2021-02-11",6067,27,5,32
"2021-02-11",6068,20,3,23
"2021-02-11",6084,21,4,25
"2021-02-11",6085,21,5,26
"2021-02-11",6086,19,2,21
"2021-02-11",6087,20,4,24
"2021-02-11",6090,19,4,23
"2021-02-11",6092,24,3,27
"2021-02-11",6096,17,3,20
"2021-02-11",7025,17,4,21
"2021-02-11",7045,20,5,25
"2021-02-11",7046,27,4,31
"2021-02-11",7048,22,4,26
"2021-02-11",7057,21,3,24
"2021-02-11",7059,23,3,26
"2021-02-11",7060,26,5,31
"2021-02-11",7064,26,4,30
"2021-02-11",7068,21,3,24
"2021-02-11",7078,24,3,27
"2021-02-11",7095,28,5,33
"2021-02-11",7109,23,4,27
"2021-02-11",7110,24,2,26
"2021-02-11",7114,29,4,33
"2021-02-11",7115,25,5,30
"2021-02-11",7116,21,2,23
"2021-02-11",7119,22,3,25
"2021-02-11",7136,22,4,26
"2021-02-11",7156,16,2,18
"2021-02-12",2051,23,4,27
"2021-02-12",3139,19,2,21
"2021-02-12",4008,26,4,30
"2021-02-12",4044,28,4,32
"2021-02-12",4080,26,5,31
"2021-02-12",4105,22,3,25
"2021-02-12",5035,22,5,27
"2021-02-12",5041,23,3,26
"2021-02-12",5042,15,3,18
"2021-02-12",5059,28,4,32
"2021-02-12",5061,18,4,22
"2021-02-12",5096,27,3,30
"2021-02-12",5100,28,5,33
"2021-02-12",5120,22,4,26
"2021-02-12",6005,26,4,30
"2021-02-12",6022,26,5,31
"2021-02-12",6029,21,4,25
"2021-02-12",6041,17,3,20
"2021-02-12",6061,20,4,24
"2021-02-12",6064,24,3,27
"2021-02-12",6067,24,5,29
"2021-02-12",6068,23,3,26
"2021-02-12",6084,25,4,29
"2021-02-12",6085,24,5,29
"2021-02-12",6086,24,3,27
"2021-02-12",6087,23,5,28
"2021-02-12",6090,25,4,29
"2021-02-12",6092,24,4,28
"2021-02-12",6096,27,5,32
"2021-02-12",7025,26,3,29
"2021-02-12",7045,24,4,28
"2021-02-12",7046,24,4,28
"2021-02-12",7048,24,4,28
"2021-02-12",7057,21,1,22
"2021-02-12",7059,24,4,28
"2021-02-12",7060,25,5,30
"2021-02-12",7064,18,4,22
"2021-02-12",7068,24,5,29
"2021-02-12",7078,28,5,33
"2021-02-12",7095,25,4,29
"2021-02-12",7109,23,4,27
"2021-02-12",7110,21,4,25
"2021-02-12",7114,24,2,26
"2021-02-12",7115,25,3,28
"2021-02-12",7116,23,2,25
"2021-02-12",7119,22,3,25
"2021-02-12",7136,27,4,31
"2021-02-12",7156,26,5,31
"2021-02-13",2051,21,2,23
"2021-02-13",3139,19,2,21
"2021-02-13",4008,23,4,27
"2021-02-13",4044,24,4,28
"2021-02-13",4080,21,3,24
"2021-02-13",4105,20,3,23
"2021-02-13",5035,29,4,33
"2021-02-13",5041,24,3,27
"2021-02-13",5042,17,4,21
"2021-02-13",5059,20,5,25
"2021-02-13",5061,13,3,16
"2021-02-13",5096,25,4,29
"2021-02-13",5100,23,4,27
"2021-02-13",5120,24,2,26
"2021-02-13",6005,20,3,23
"2021-02-13",6022,23,2,25
"2021-02-13",6029,24,4,28
"2021-02-13",6041,22,4,26
"2021-02-13",6061,27,5,32
"2021-02-13",6064,22,3,25
"2021-02-13",6067,26,3,29
"2021-02-13",6068,20,2,22
"2021-02-13",6084,24,4,28
"2021-02-13",6085,18,4,22
"2021-02-13",6086,19,3,22
"2021-02-13",6087,18,3,21
"2021-02-13",6090,17,3,20
"2021-02-13",6092,26,3,29
"2021-02-13",6096,25,2,27
"2021-02-13",7025,17,3,20
"2021-02-13",7045,23,4,27
"2021-02-13",7046,26,4,30
"2021-02-13",7048,18,3,21
"2021-02-13",7057,16,5,21
"2021-02-13",7059,20,3,23
"2021-02-13",7060,20,4,24
"2021-02-13",7064,20,4,24
"2021-02-13",7068,25,3,28
"2021-02-13",7078,28,4,32
"2021-02-13",7095,22,4,26
"2021-02-13",7109,26,3,29
"2021-02-13",7110,14,3,17
"2021-02-13",7114,23,4,27
"2021-02-13",7115,23,5,28
"2021-02-13",7116,18,1,19
"2021-02-13",7119,15,3,18
"2021-02-13",7136,14,3,17
"2021-02-13",7156,27,5,32
"2021-02-14",2051,19,4,23
"2021-02-14",3139,20,2,22
"2021-02-14",4008,21,3,24
"2021-02-14",4044,27,3,30
"2021-02-14",4080,22,4,26
"2021-02-14",4105,25,2,27
"2021-02-14",5035,28,3,31
"2021-02-14",5041,26,3,29
"2021-02-14",5042,26,3,29
"2021-02-14",5059,19,5,24
"2021-02-14",5061,16,4,20
"2021-02-14",5096,23,3,26
"2021-02-14",5100,25,2,27
"2021-02-14",5120,22,3,25
"2021-02-14",6005,28,3,31
"2021-02-14",6022,29,5,34
"2021-02-14",6029,26,5,31
"2021-02-14",6041,27,4,31
"2021-02-14",6061,23,5,28
"2021-02-14",6064,22,3,25
"2021-02-14",6067,28,3,31
"2021-02-14",6068,18,4,22
"2021-02-14",6084,28,3,31
"2021-02-14",6086,20,2,22
"2021-02-14",6087,19,3,22
"2021-02-14",6090,22,3,25
"2021-02-14",6092,28,3,31
"2021-02-14",6096,21,2,23
"2021-02-14",7025,27,4,31
"2021-02-14",7045,21,3,24
"2021-02-14",7046,30,4,34
"2021-02-14",7048,19,2,21
"2021-02-14",7057,26,4,30
"2021-02-14",7059,24,5,29
"2021-02-14",7060,27,4,31
"2021-02-14",7064,22,4,26
"2021-02-14",7068,23,3,26
"2021-02-14",7078,24,4,28
"2021-02-14",7095,20,4,24
"2021-02-14",7109,23,3,26
"2021-02-14",7110,14,3,17
"2021-02-14",7114,29,3,32
"2021-02-14",7115,27,3,30
"2021-02-14",7116,20,3,23
"2021-02-14",7119,20,3,23
"2021-02-14",7136,23,4,27
"2021-02-14",7156,25,5,30
"2021-02-14",6085,0,3,3
"2021-02-15",2051,16,5,21
"2021-02-15",3139,23,3,26
"2021-02-15",4008,29,4,33
"2021-02-15",4044,26,4,30
"2021-02-15",4080,25,2,27
"2021-02-15",4105,24,2,26
"2021-02-15",5035,24,4,28
"2021-02-15",5041,28,4,32
"2021-02-15",5042,20,5,25
"2021-02-15",5059,22,4,26
"2021-02-15",5061,20,2,22
"2021-02-15",5096,16,2,18
"2021-02-15",5100,25,5,30
"2021-02-15",5120,23,3,26
"2021-02-15",6005,26,4,30
"2021-02-15",6022,27,4,31
"2021-02-15",6029,25,4,29
"2021-02-15",6041,28,4,32
"2021-02-15",6061,21,4,25
"2021-02-15",6064,21,3,24
"2021-02-15",6067,25,4,29
"2021-02-15",6068,25,3,28
"2021-02-15",6084,25,4,29
"2021-02-15",6086,20,3,23
"2021-02-15",6087,21,4,25
"2021-02-15",6090,18,4,22
"2021-02-15",6092,27,5,32
"2021-02-15",6096,21,4,25
"2021-02-15",7025,19,3,22
"2021-02-15",7045,18,5,23
"2021-02-15",7046,30,3,33
"2021-02-15",7048,22,3,25
"2021-02-15",7057,19,2,21
"2021-02-15",7059,21,5,26
"2021-02-15",7060,27,5,32
"2021-02-15",7064,28,3,31
"2021-02-15",7068,23,4,27
"2021-02-15",7078,20,4,24
"2021-02-15",7095,22,3,25
"2021-02-15",7109,23,5,28
"2021-02-15",7110,15,3,18
"2021-02-15",7114,27,2,29
"2021-02-15",7115,25,4,29
"2021-02-15",7116,19,4,23
"2021-02-15",7119,23,2,25
"2021-02-15",7136,23,4,27
"2021-02-15",7156,24,5,29
"2021-02-16",2051,17,2,19
"2021-02-16",3139,20,2,22
"2021-02-16",4008,30,4,34
"2021-02-16",4044,22,3,25
"2021-02-16",4080,18,2,20
"2021-02-16",4105,22,2,24
"2021-02-16",5035,28,5,33
"2021-02-16",5041,29,2,31
"2021-02-16",5042,20,3,23
"2021-02-16",5059,22,4,26
"2021-02-16",5061,14,4,18
"2021-02-16",5096,26,3,29
"2021-02-16",5100,22,5,27
"2021-02-16",5120,14,1,15
"2021-02-16",6005,24,4,28
"2021-02-16",6022,24,3,27
"2021-02-16",6029,23,3,26
"2021-02-16",6041,26,3,29
"2021-02-16",6061,19,3,22
"2021-02-16",6064,19,3,22
"2021-02-16",6067,25,5,30
"2021-02-16",6068,23,3,26
"2021-02-16",6084,28,4,32
"2021-02-16",6086,14,2,16
"2021-02-16",6087,18,4,22
"2021-02-16",6090,19,2,21
"2021-02-16",6092,25,3,28
"2021-02-16",6096,23,4,27
"2021-02-16",7025,19,2,21
"2021-02-16",7045,25,4,29
"2021-02-16",7046,28,3,31
"2021-02-16",7048,21,3,24
"2021-02-16",7057,24,3,27
"2021-02-16",7059,23,5,28
"2021-02-16",7060,28,3,31
"2021-02-16",7064,21,2,23
"2021-02-16",7068,21,2,23
"2021-02-16",7078,28,4,32
"2021-02-16",7095,28,5,33
"2021-02-16",7109,25,3,28
"2021-02-16",7110,16,3,19
"2021-02-16",7114,26,3,29
"2021-02-16",7115,25,4,29
"2021-02-16",7116,23,4,27
"2021-02-16",7119,23,2,25
"2021-02-16",7136,27,2,29
"2021-02-16",7156,20,3,23
"2021-02-17",2051,17,4,21
"2021-02-17",3139,23,3,26
"2021-02-17",4008,28,3,31
"2021-02-17",4044,20,3,23
"2021-02-17",4080,24,4,28
"2021-02-17",4105,23,3,26
"2021-02-17",5035,24,3,27
"2021-02-17",5041,23,3,26
"2021-02-17",5042,27,3,30
"2021-02-17",5059,23,3,26
"2021-02-17",5061,25,4,29
"2021-02-17",5096,25,3,28
"2021-02-17",5100,27,3,30
"2021-02-17",6005,23,4,27
"2021-02-17",6022,24,5,29
"2021-02-17",6029,23,4,27
"2021-02-17",6041,25,3,28
"2021-02-17",6061,26,5,31
"2021-02-17",6064,20,3,23
"2021-02-17",6067,21,4,25
"2021-02-17",6068,21,3,24
"2021-02-17",6084,21,3,24
"2021-02-17",6085,7,4,11
"2021-02-17",6086,22,2,24
"2021-02-17",6087,23,3,26
"2021-02-17",6090,20,4,24
"2021-02-17",6092,26,4,30
"2021-02-17",6096,20,3,23
"2021-02-17",7025,27,2,29
"2021-02-17",7045,24,3,27
"2021-02-17",7046,28,4,32
"2021-02-17",7048,25,3,28
"2021-02-17",7057,20,2,22
"2021-02-17",7059,22,3,25
"2021-02-17",7060,25,4,29
"2021-02-17",7064,22,4,26
"2021-02-17",7068,21,4,25
"2021-02-17",7078,29,2,31
"2021-02-17",7095,21,4,25
"2021-02-17",7109,23,3,26
"2021-02-17",7110,18,4,22
"2021-02-17",7114,27,3,30
"2021-02-17",7115,23,4,27
"2021-02-17",7116,24,3,27
"2021-02-17",7119,20,2,22
"2021-02-17",7136,23,3,26
"2021-02-17",7156,24,4,28
"2021-02-18",2051,14,4,18
"2021-02-18",3139,20,3,23
"2021-02-18",4008,24,4,28
"2021-02-18",4044,21,2,23
"2021-02-18",4080,23,3,26
"2021-02-18",4105,22,2,24
"2021-02-18",5035,22,5,27
"2021-02-18",5041,15,1,16
"2021-02-18",5042,22,3,25
"2021-02-18",5059,19,3,22
"2021-02-18",5061,20,3,23
"2021-02-18",5096,22,4,26
"2021-02-18",5100,22,4,26
"2021-02-18",5120,10,2,12
"2021-02-18",6005,15,2,17
"2021-02-18",6022,25,4,29
"2021-02-18",6029,21,4,25
"2021-02-18",6041,23,3,26
"2021-02-18",6061,21,3,24
"2021-02-18",6062,13,1,14
"2021-02-18",6064,21,3,24
"2021-02-18",6067,23,5,28
"2021-02-18",6068,25,3,28
"2021-02-18",6084,14,2,16
"2021-02-18",6086,23,4,27
"2021-02-18",6087,19,2,21
"2021-02-18",6090,21,3,24
"2021-02-18",6092,27,4,31
"2021-02-18",6096,25,3,28
"2021-02-18",7025,24,3,27
"2021-02-18",7045,23,4,27
"2021-02-18",7046,29,5,34
"2021-02-18",7048,24,4,28
"2021-02-18",7057,7,0,7
"2021-02-18",7059,26,4,30
"2021-02-18",7060,29,5,34
"2021-02-18",7064,25,4,29
"2021-02-18",7068,20,4,24
"2021-02-18",7078,25,4,29
"2021-02-18",7095,29,5,34
"2021-02-18",7109,24,4,28
"2021-02-18",7110,20,3,23
"2021-02-18",7114,28,4,32
"2021-02-18",7115,24,3,27
"2021-02-18",7116,19,3,22
"2021-02-18",7119,26,3,29
"2021-02-18",7135,13,2,15
"2021-02-18",7136,23,4,27
"2021-02-18",7147,18,2,20
"2021-02-18",7153,19,2,21
"2021-02-18",7156,23,3,26
"2021-02-18",7163,22,1,23
"2021-02-19",2051,17,3,20
"2021-02-19",3139,19,3,22
"2021-02-19",4008,22,4,26
"2021-02-19",4044,19,3,22
"2021-02-19",4080,24,2,26
"2021-02-19",4105,20,2,22
"2021-02-19",5035,23,4,27
"2021-02-19",5042,20,2,22
"2021-02-19",5061,25,4,29
"2021-02-19",5096,20,2,22
"2021-02-19",5100,23,4,27
"2021-02-19",5120,16,4,20
"2021-02-19",6022,26,3,29
"2021-02-19",6029,22,4,26
"2021-02-19",6041,24,3,27
"2021-02-19",6061,24,3,27
"2021-02-19",6062,24,2,26
"2021-02-19",6064,22,4,26
"2021-02-19",6067,22,3,25
"2021-02-19",6068,22,4,26
"2021-02-19",6084,24,5,29
"2021-02-19",6086,21,3,24
"2021-02-19",6087,19,4,23
"2021-02-19",6090,22,4,26
"2021-02-19",6092,21,4,25
"2021-02-19",6096,23,3,26
"2021-02-19",7025,27,3,30
"2021-02-19",7045,20,4,24
"2021-02-19",7046,27,3,30
"2021-02-19",7048,21,2,23
"2021-02-19",7059,16,3,19
"2021-02-19",7060,26,3,29
"2021-02-19",7064,25,4,29
"2021-02-19",7068,19,2,21
"2021-02-19",7078,24,3,27
"2021-02-19",7095,21,3,24
"2021-02-19",7109,25,4,29
"2021-02-19",7110,23,4,27
"2021-02-19",7114,25,4,29
"2021-02-19",7115,21,3,24
"2021-02-19",7116,17,3,20
"2021-02-19",7119,26,3,29
"2021-02-19",7135,14,2,16
"2021-02-19",7136,27,3,30
"2021-02-19",7147,21,3,24
"2021-02-19",7153,21,2,23
"2021-02-19",7156,23,5,28
"2021-02-19",7163,24,5,29
"2021-02-20",2051,15,5,20
"2021-02-20",3139,17,2,19
"2021-02-20",4008,26,4,30
"2021-02-20",4044,21,3,24
"2021-02-20",4080,20,2,22
"2021-02-20",4105,23,2,25
"2021-02-20",5035,21,4,25
"2021-02-20",5042,23,4,27
"2021-02-20",5061,18,5,23
"2021-02-20",5096,21,3,24
"2021-02-20",5100,21,2,23
"2021-02-20",5120,27,3,30
"2021-02-20",6022,23,3,26
"2021-02-20",6029,25,3,28
"2021-02-20",6041,23,3,26
"2021-02-20",6061,26,3,29
"2021-02-20",6062,23,2,25
"2021-02-20",6064,21,3,24
"2021-02-20",6067,17,4,21
"2021-02-20",6068,21,4,25
"2021-02-20",6084,21,4,25
"2021-02-20",6086,16,4,20
"2021-02-20",6087,18,3,21
"2021-02-20",6090,24,3,27
"2021-02-20",6092,25,4,29
"2021-02-20",6096,25,3,28
"2021-02-20",7025,25,3,28
"2021-02-20",7045,22,4,26
"2021-02-20",7046,25,3,28
"2021-02-20",7048,21,3,24
"2021-02-20",7059,22,3,25
"2021-02-20",7060,25,4,29
"2021-02-20",7064,8,1,9
"2021-02-20",7068,25,4,29
"2021-02-20",7078,24,4,28
"2021-02-20",7095,19,4,23
"2021-02-20",7109,22,3,25
"2021-02-20",7110,19,2,21
"2021-02-20",7114,28,5,33
"2021-02-20",7115,24,3,27
"2021-02-20",7116,19,2,21
"2021-02-20",7119,25,3,28
"2021-02-20",7135,16,1,17
"2021-02-20",7136,24,3,27
"2021-02-20",7147,18,3,21
"2021-02-20",7153,19,2,21
"2021-02-20",7156,23,4,27
"2021-02-20",7163,22,4,26
"2021-02-21",2051,14,3,17
"2021-02-21",3139,18,3,21
"2021-02-21",4008,26,4,30
"2021-02-21",4044,16,3,19
"2021-02-21",4080,22,2,24
"2021-02-21",4105,20,2,22
"2021-02-21",5035,23,3,26
"2021-02-21",5042,22,2,24
"2021-02-21",5061,17,4,21
"2021-02-21",5096,21,3,24
"2021-02-21",5100,26,3,29
"2021-02-21",5120,23,3,26
"2021-02-21",6022,22,4,26
"2021-02-21",6029,25,4,29
"2021-02-21",6041,23,3,26
"2021-02-21",6061,22,5,27
"2021-02-21",6062,22,3,25
"2021-02-21",6064,17,2,19
"2021-02-21",6067,25,4,29
"2021-02-21",6068,23,3,26
"2021-02-21",6084,22,4,26
"2021-02-21",6086,23,2,25
"2021-02-21",6087,13,2,15
"2021-02-21",6090,17,5,22
"2021-02-21",6092,28,3,31
"2021-02-21",6096,19,3,22
"2021-02-21",7025,27,4,31
"2021-02-21",7045,20,3,23
"2021-02-21",7046,27,4,31
"2021-02-21",7048,24,2,26
"2021-02-21",7059,20,4,24
"2021-02-21",7060,17,3,20
"2021-02-21",7064,24,3,27
"2021-02-21",7068,21,4,25
"2021-02-21",7078,24,3,27
"2021-02-21",7095,13,3,16
"2021-02-21",7109,24,4,28
"2021-02-21",7110,18,2,20
"2021-02-21",7114,22,2,24
"2021-02-21",7115,19,3,22
"2021-02-21",7116,23,4,27
"2021-02-21",7119,19,3,22
"2021-02-21",7135,14,2,16
"2021-02-21",7136,23,3,26
"2021-02-21",7147,27,4,31
"2021-02-21",7153,17,2,19
"2021-02-21",7156,25,4,29
"2021-02-21",7163,27,4,31
"2021-02-22",2051,18,3,21
"2021-02-22",3139,17,3,20
"2021-02-22",4008,19,4,23
"2021-02-22",4044,18,3,21
"2021-02-22",4080,25,5,30
"2021-02-22",4105,22,3,25
"2021-02-22",5035,21,5,26
"2021-02-22",5042,19,4,23
"2021-02-22",5061,20,3,23
"2021-02-22",5096,21,3,24
"2021-02-22",5100,28,3,31
"2021-02-22",5120,29,4,33
"2021-02-22",6022,28,3,31
"2021-02-22",6029,21,3,24
"2021-02-22",6041,22,4,26
"2021-02-22",6061,21,2,23
"2021-02-22",6062,24,4,28
"2021-02-22",6064,24,3,27
"2021-02-22",6067,24,4,28
"2021-02-22",6068,16,4,20
"2021-02-22",6084,25,3,28
"2021-02-22",6086,22,2,24
"2021-02-22",6087,21,4,25
"2021-02-22",6090,21,4,25
"2021-02-22",6092,24,5,29
"2021-02-22",6096,24,4,28
"2021-02-22",7025,25,4,29
"2021-02-22",7045,21,5,26
"2021-02-22",7046,24,3,27
"2021-02-22",7048,25,3,28
"2021-02-22",7059,24,5,29
"2021-02-22",7060,24,4,28
"2021-02-22",7064,22,3,25
"2021-02-22",7068,23,2,25
"2021-02-22",7078,25,4,29
"2021-02-22",7095,16,3,19
"2021-02-22",7109,24,3,27
"2021-02-22",7110,19,4,23
"2021-02-22",7114,23,3,26
"2021-02-22",7115,23,3,26
"2021-02-22",7116,25,4,29
"2021-02-22",7119,21,2,23
"2021-02-22",7135,25,3,28
"2021-02-22",7136,23,4,27
"2021-02-22",7147,24,3,27
"2021-02-22",7153,19,1,20
"2021-02-22",7156,23,4,27
"2021-02-22",7163,22,4,26
"2021-02-23",2051,16,2,18
"2021-02-23",3139,17,2,19
"2021-02-23",4008,20,3,23
"2021-02-23",4044,16,3,19
"2021-02-23",4080,26,4,30
"2021-02-23",4105,17,3,20
"2021-02-23",5035,20,3,23
"2021-02-23",5042,21,4,25
"2021-02-23",5061,21,3,24
"2021-02-23",5096,22,3,25
"2021-02-23",5100,22,4,26
"2021-02-23",5120,20,3,23
"2021-02-23",6022,25,3,28
"2021-02-23",6029,19,4,23
"2021-02-23",6041,20,2,22
"2021-02-23",6061,20,4,24
"2021-02-23",6062,17,4,21
"2021-02-23",6064,23,4,27
"2021-02-23",6067,15,4,19
"2021-02-23",6068,20,4,24
"2021-02-23",6084,21,4,25
"2021-02-23",6086,15,3,18
"2021-02-23",6087,12,3,15
"2021-02-23",6090,17,4,21
"2021-02-23",6092,22,4,26
"2021-02-23",6096,21,4,25
"2021-02-23",7025,24,3,27
"2021-02-23",7045,15,4,19
"2021-02-23",7046,26,4,30
"2021-02-23",7048,23,3,26
"2021-02-23",7059,20,5,25
"2021-02-23",7060,25,4,29
"2021-02-23",7064,20,2,22
"2021-02-23",7068,28,3,31
"2021-02-23",7078,22,4,26
"2021-02-23",7095,16,2,18
"2021-02-23",7109,26,3,29
"2021-02-23",7110,20,4,24
"2021-02-23",7114,19,3,22
"2021-02-23",7115,19,3,22
"2021-02-23",7116,23,5,28
"2021-02-23",7119,18,3,21
"2021-02-23",7135,19,3,22
"2021-02-23",7136,26,3,29
"2021-02-23",7147,18,3,21
"2021-02-23",7153,18,2,20
"2021-02-23",7156,19,3,22
"2021-02-23",7163,23,4,27
"2021-02-24",2051,14,4,18
"2021-02-24",3139,14,2,16
"2021-02-24",4008,20,3,23
"2021-02-24",4044,21,3,24
"2021-02-24",4080,23,3,26
"2021-02-24",4105,18,3,21
"2021-02-24",5035,18,5,23
"2021-02-24",5042,24,3,27
"2021-02-24",5061,15,4,19
"2021-02-24",5096,19,4,23
"2021-02-24",5100,22,5,27
"2021-02-24",5120,17,2,19
"2021-02-24",6022,21,3,24
"2021-02-24",6029,24,4,28
"2021-02-24",6041,23,4,27
"2021-02-24",6061,23,3,26
"2021-02-24",6062,19,3,22
"2021-02-24",6064,22,4,26
"2021-02-24",6067,22,4,26
"2021-02-24",6068,24,3,27
"2021-02-24",6084,24,5,29
"2021-02-24",6086,12,2,14
"2021-02-24",6087,22,3,25
"2021-02-24",6090,21,4,25
"2021-02-24",6092,27,3,30
"2021-02-24",6096,23,3,26
"2021-02-24",7025,20,4,24
"2021-02-24",7045,20,5,25
"2021-02-24",7046,26,3,29
"2021-02-24",7048,22,3,25
"2021-02-24",7059,19,4,23
"2021-02-24",7060,19,1,20
"2021-02-24",7064,23,4,27
"2021-02-24",7068,23,5,28
"2021-02-24",7078,25,3,28
"2021-02-24",7095,22,4,26
"2021-02-24",7109,24,4,28
"2021-02-24",7110,14,4,18
"2021-02-24",7114,26,2,28
"2021-02-24",7115,24,3,27
"2021-02-24",7116,22,3,25
"2021-02-24",7119,23,3,26
"2021-02-24",7135,18,4,22
"2021-02-24",7136,27,5,32
"2021-02-24",7147,21,3,24
"2021-02-24",7153,22,2,24
"2021-02-24",7156,16,3,19
"2021-02-24",7163,21,3,24
"2021-02-25",2051,21,3,24
"2021-02-25",3139,22,4,26
"2021-02-25",4008,20,3,23
"2021-02-25",4044,20,3,23
"2021-02-25",4080,25,3,28
"2021-02-25",4105,17,2,19
"2021-02-25",5035,21,4,25
"2021-02-25",5042,23,3,26
"2021-02-25",5061,21,3,24
"2021-02-25",5096,18,4,22
"2021-02-25",5100,25,4,29
"2021-02-25",5120,13,3,16
"2021-02-25",6022,23,4,27
"2021-02-25",6029,22,5,27
"2021-02-25",6041,24,4,28
"2021-02-25",6061,25,4,29
"2021-02-25",6062,19,4,23
"2021-02-25",6064,20,4,24
"2021-02-25",6067,20,4,24
"2021-02-25",6068,18,3,21
"2021-02-25",6084,17,3,20
"2021-02-25",6086,19,2,21
"2021-02-25",6087,13,1,14
"2021-02-25",6090,24,4,28
"2021-02-25",6092,17,4,21
"2021-02-25",6096,19,2,21
"2021-02-25",7025,27,3,30
"2021-02-25",7045,26,3,29
"2021-02-25",7046,23,3,26
"2021-02-25",7048,21,5,26
"2021-02-25",7059,17,3,20
"2021-02-25",7060,25,3,28
"2021-02-25",7064,23,4,27
"2021-02-25",7068,26,2,28
"2021-02-25",7078,26,4,30
"2021-02-25",7095,16,2,18
"2021-02-25",7109,22,3,25
"2021-02-25",7110,20,3,23
"2021-02-25",7114,24,3,27
"2021-02-25",7115,25,3,28
"2021-02-25",7116,27,4,31
"2021-02-25",7119,22,3,25
"2021-02-25",7135,20,3,23
"2021-02-25",7136,25,3,28
"2021-02-25",7147,25,4,29
"2021-02-25",7153,22,2,24
"2021-02-25",7156,17,4,21
"2021-02-25",7163,17,3,20
"2021-02-26",2051,24,3,27
"2021-02-26",3139,18,4,22
"2021-02-26",4008,29,3,32
"2021-02-26",4044,24,4,28
"2021-02-26",4080,27,2,29
"2021-02-26",4105,20,2,22
"2021-02-26",5035,16,4,20
"2021-02-26",5042,20,3,23
"2021-02-26",5061,22,4,26
"2021-02-26",5096,21,4,25
"2021-02-26",5100,23,3,26
"2021-02-26",5120,19,4,23
"2021-02-26",6022,26,4,30
"2021-02-26",6029,21,3,24
"2021-02-26",6041,24,4,28
"2021-02-26",6061,27,3,30
"2021-02-26",6062,17,3,20
"2021-02-26",6064,17,3,20
"2021-02-26",6067,24,5,29
"2021-02-26",6068,25,4,29
"2021-02-26",6084,16,5,21
"2021-02-26",6086,12,2,14
"2021-02-26",6087,18,3,21
"2021-02-26",6090,20,3,23
"2021-02-26",6092,23,5,28
"2021-02-26",6096,27,4,31
"2021-02-26",7025,27,4,31
"2021-02-26",7045,29,5,34
"2021-02-26",7046,25,4,29
"2021-02-26",7048,24,4,28
"2021-02-26",7059,23,5,28
"2021-02-26",7060,23,3,26
"2021-02-26",7064,28,3,31
"2021-02-26",7068,22,3,25
"2021-02-26",7078,22,4,26
"2021-02-26",7095,26,3,29
"2021-02-26",7109,24,2,26
"2021-02-26",7110,15,4,19
"2021-02-26",7114,27,2,29
"2021-02-26",7115,23,2,25
"2021-02-26",7116,20,3,23
"2021-02-26",7119,23,3,26
"2021-02-26",7135,20,2,22
"2021-02-26",7136,25,4,29
"2021-02-26",7147,24,4,28
"2021-02-26",7153,23,3,26
"2021-02-26",7156,24,3,27
"2021-02-26",7163,21,4,25
"2021-02-27",2051,20,4,24
"2021-02-27",3139,14,3,17
"2021-02-27",4008,15,3,18
"2021-02-27",4044,24,4,28
"2021-02-27",4080,17,3,20
"2021-02-27",4105,19,2,21
"2021-02-27",5035,17,3,20
"2021-02-27",5042,17,4,21
"2021-02-27",5061,21,3,24
"2021-02-27",5096,21,1,22
"2021-02-27",5100,26,3,29
"2021-02-27",5120,28,3,31
"2021-02-27",6022,29,4,33
"2021-02-27",6029,22,5,27
"2021-02-27",6041,23,3,26
"2021-02-27",6061,30,4,34
"2021-02-27",6062,20,3,23
"2021-02-27",6064,22,3,25
"2021-02-27",6067,23,4,27
"2021-02-27",6068,17,4,21
"2021-02-27",6084,30,5,35
"2021-02-27",6086,19,2,21
"2021-02-27",6087,20,4,24
"2021-02-27",6090,21,4,25
"2021-02-27",6092,28,4,32
"2021-02-27",6096,28,4,32
"2021-02-27",7025,26,2,28
"2021-02-27",7045,27,4,31
"2021-02-27",7046,28,4,32
"2021-02-27",7048,20,4,24
"2021-02-27",7059,25,4,29
"2021-02-27",7060,29,4,33
"2021-02-27",7064,24,4,28
"2021-02-27",7068,19,2,21
"2021-02-27",7078,25,4,29
"2021-02-27",7095,21,5,26
"2021-02-27",7109,23,3,26
"2021-02-27",7110,20,4,24
"2021-02-27",7114,25,4,29
"2021-02-27",7115,22,4,26
"2021-02-27",7116,21,5,26
"2021-02-27",7119,26,3,29
"2021-02-27",7135,21,3,24
"2021-02-27",7136,24,2,26
"2021-02-27",7147,23,4,27
"2021-02-27",7153,22,3,25
"2021-02-27",7156,24,5,29
"2021-02-27",7163,14,2,16
"2021-02-28",2051,19,4,23
"2021-02-28",3139,24,3,27
"2021-02-28",4008,19,3,22
"2021-02-28",4044,22,4,26
"2021-02-28",4080,21,4,25
"2021-02-28",4105,18,2,20
"2021-02-28",5035,23,5,28
"2021-02-28",5042,21,5,26
"2021-02-28",5061,17,5,22
"2021-02-28",5096,25,3,28
"2021-02-28",5100,27,4,31
"2021-02-28",5120,19,3,22
"2021-02-28",6022,29,5,34
"2021-02-28",6029,26,4,30
"2021-02-28",6041,27,5,32
"2021-02-28",6061,26,3,29
"2021-02-28",6062,25,4,29
"2021-02-28",6064,22,4,26
"2021-02-28",6067,24,5,29
"2021-02-28",6068,22,2,24
"2021-02-28",6084,25,5,30
"2021-02-28",6086,17,2,19
"2021-02-28",6087,20,4,24
"2021-02-28",6090,23,4,27
"2021-02-28",6092,28,4,32
"2021-02-28",6096,20,2,22
"2021-02-28",7025,25,3,28
"2021-02-28",7045,22,4,26
"2021-02-28",7046,26,4,30
"2021-02-28",7048,19,3,22
"2021-02-28",7059,21,3,24
"2021-02-28",7060,25,4,29
"2021-02-28",7064,28,4,32
"2021-02-28",7068,28,3,31
"2021-02-28",7078,27,4,31
"2021-02-28",7095,22,4,26
"2021-02-28",7109,27,4,31
"2021-02-28",7110,20,3,23
"2021-02-28",7114,24,4,28
"2021-02-28",7115,24,4,28
"2021-02-28",7116,22,4,26
"2021-02-28",7119,20,3,23
"2021-02-28",7135,24,3,27
"2021-02-28",7136,23,2,25
"2021-02-28",7147,21,4,25
"2021-02-28",7153,22,4,26
"2021-02-28",7156,24,5,29
"2021-02-28",7163,20,3,23
"2021-03-01",2051,20,3,23
"2021-03-01",3139,14,4,18
"2021-03-01",4008,14,3,17
"2021-03-01",4044,22,3,25
"2021-03-01",4080,22,4,26
"2021-03-01",4105,13,2,15
"2021-03-01",5035,23,4,27
"2021-03-01",5042,19,2,21
"2021-03-01",5061,16,4,20
"2021-03-01",5096,20,4,24
"2021-03-01",5100,25,4,29
"2021-03-01",5120,23,2,25
"2021-03-01",6022,25,5,30
"2021-03-01",6029,17,3,20
"2021-03-01",6041,29,4,33
"2021-03-01",6061,24,3,27
"2021-03-01",6062,18,5,23
"2021-03-01",6064,21,3,24
"2021-03-01",6067,22,5,27
"2021-03-01",6068,8,2,10
"2021-03-01",6084,25,5,30
"2021-03-01",6086,20,2,22
"2021-03-01",6087,17,3,20
"2021-03-01",6090,23,4,27
"2021-03-01",6092,20,4,24
"2021-03-01",6096,14,3,17
"2021-03-01",7025,22,4,26
"2021-03-01",7045,19,4,23
"2021-03-01",7046,18,3,21
"2021-03-01",7048,23,5,28
"2021-03-01",7059,18,3,21
"2021-03-01",7060,24,4,28
"2021-03-01",7064,22,3,25
"2021-03-01",7068,21,3,24
"2021-03-01",7078,23,3,26
"2021-03-01",7095,24,4,28
"2021-03-01",7109,26,4,30
"2021-03-01",7110,21,4,25
"2021-03-01",7114,24,4,28
"2021-03-01",7115,18,3,21
"2021-03-01",7116,17,2,19
"2021-03-01",7119,22,3,25
"2021-03-01",7135,25,3,28
"2021-03-01",7136,26,4,30
"2021-03-01",7147,20,5,25
"2021-03-01",7153,19,4,23
"2021-03-01",7156,20,5,25
"2021-03-01",7163,23,3,26
"2021-03-02",2051,18,4,22
"2021-03-02",3139,15,3,18
"2021-03-02",4008,19,4,23
"2021-03-02",4044,13,2,15
"2021-03-02",4080,21,4,25
"2021-03-02",4105,17,2,19
"2021-03-02",5035,22,4,26
"2021-03-02",5042,21,3,24
"2021-03-02",5061,20,5,25
"2021-03-02",5096,20,4,24
"2021-03-02",5100,22,5,27
"2021-03-02",5120,18,3,21
"2021-03-02",6022,24,4,28
"2021-03-02",6029,24,4,28
"2021-03-02",6041,24,4,28
"2021-03-02",6061,27,4,31
"2021-03-02",6062,19,4,23
"2021-03-02",6064,22,5,27
"2021-03-02",6067,23,5,28
"2021-03-02",6068,18,2,20
"2021-03-02",6084,17,4,21
"2021-03-02",6086,22,2,24
"2021-03-02",6087,18,4,22
"2021-03-02",6090,20,4,24
"2021-03-02",6092,19,4,23
"2021-03-02",6096,25,3,28
"2021-03-02",7025,22,4,26
"2021-03-02",7045,21,5,26
"2021-03-02",7046,27,4,31
"2021-03-02",7048,22,4,26
"2021-03-02",7059,19,4,23
"2021-03-02",7060,23,4,27
"2021-03-02",7064,25,5,30
"2021-03-02",7068,23,4,27
"2021-03-02",7078,21,4,25
"2021-03-02",7095,22,3,25
"2021-03-02",7109,18,3,21
"2021-03-02",7110,17,4,21
"2021-03-02",7114,22,4,26
"2021-03-02",7115,20,4,24
"2021-03-02",7116,17,2,19
"2021-03-02",7119,17,2,19
"2021-03-02",7135,20,4,24
"2021-03-02",7136,22,3,25
"2021-03-02",7147,22,4,26
"2021-03-02",7153,22,4,26
"2021-03-02",7156,20,4,24
"2021-03-02",7163,18,3,21
"2021-03-03",2051,13,4,17
"2021-03-03",3139,18,4,22
"2021-03-03",4008,17,3,20
"2021-03-03",4044,21,3,24
"2021-03-03",4080,21,4,25
"2021-03-03",4105,20,2,22
"2021-03-03",5035,21,5,26
"2021-03-03",5042,7,1,8
"2021-03-03",5061,7,2,9
"2021-03-03",5096,28,3,31
"2021-03-03",5100,20,4,24
"2021-03-03",5118,24,4,28
"2021-03-03",5120,23,3,26
"2021-03-03",6022,26,3,29
"2021-03-03",6029,24,5,29
"2021-03-03",6041,23,4,27
"2021-03-03",6045,23,3,26
"2021-03-03",6061,26,4,30
"2021-03-03",6062,20,4,24
"2021-03-03",6064,18,2,20
"2021-03-03",6067,19,5,24
"2021-03-03",6068,16,2,18
"2021-03-03",6084,26,4,30
"2021-03-03",6086,15,3,18
"2021-03-03",6087,12,2,14
"2021-03-03",6090,15,4,19
"2021-03-03",6092,24,3,27
"2021-03-03",6096,25,5,30
"2021-03-03",7025,21,2,23
"2021-03-03",7045,21,5,26
"2021-03-03",7046,23,4,27
"2021-03-03",7048,16,3,19
"2021-03-03",7059,27,5,32
"2021-03-03",7060,25,4,29
"2021-03-03",7064,17,3,20
"2021-03-03",7068,22,2,24
"2021-03-03",7078,24,4,28
"2021-03-03",7095,8,3,11
"2021-03-03",7109,26,4,30
"2021-03-03",7110,16,4,20
"2021-03-03",7114,23,4,27
"2021-03-03",7115,18,2,20
"2021-03-03",7116,23,2,25
"2021-03-03",7119,20,3,23
"2021-03-03",7128,9,2,11
"2021-03-03",7135,25,4,29
"2021-03-03",7136,21,5,26
"2021-03-03",7138,16,2,18
"2021-03-03",7147,21,4,25
"2021-03-03",7153,22,4,26
"2021-03-03",7156,7,3,10
"2021-03-03",7163,26,4,30
"2021-03-03",8083,15,2,17
"2021-03-04",3139,17,2,19
"2021-03-04",4008,18,2,20
"2021-03-04",4044,21,4,25
"2021-03-04",4080,24,4,28
"2021-03-04",4105,21,2,23
"2021-03-04",5035,19,4,23
"2021-03-04",5096,24,4,28
"2021-03-04",5100,22,4,26
"2021-03-04",5118,25,3,28
"2021-03-04",5120,18,4,22
"2021-03-04",6022,23,3,26
"2021-03-04",6029,22,5,27
"2021-03-04",6041,26,4,30
"2021-03-04",6045,18,3,21
"2021-03-04",6061,27,5,32
"2021-03-04",6062,19,3,22
"2021-03-04",6064,19,3,22
"2021-03-04",6067,16,5,21
"2021-03-04",6068,9,2,11
"2021-03-04",6084,24,2,26
"2021-03-04",6086,18,2,20
"2021-03-04",6087,18,4,22
"2021-03-04",6090,17,3,20
"2021-03-04",6092,23,3,26
"2021-03-04",6096,18,2,20
"2021-03-04",7025,20,4,24
"2021-03-04",7045,20,3,23
"2021-03-04",7046,18,4,22
"2021-03-04",7048,23,4,27
"2021-03-04",7059,26,4,30
"2021-03-04",7060,22,3,25
"2021-03-04",7064,22,3,25
"2021-03-04",7068,18,2,20
"2021-03-04",7078,26,3,29
"2021-03-04",7109,19,4,23
"2021-03-04",7110,19,4,23
"2021-03-04",7114,24,4,28
"2021-03-04",7115,27,4,31
"2021-03-04",7116,16,2,18
"2021-03-04",7119,19,4,23
"2021-03-04",7128,9,1,10
"2021-03-04",7135,16,4,20
"2021-03-04",7136,21,3,24
"2021-03-04",7138,21,2,23
"2021-03-04",7147,20,3,23
"2021-03-04",7153,20,5,25
"2021-03-04",7163,18,4,22
"2021-03-04",8083,14,1,15
"2021-03-05",3139,13,3,16
"2021-03-05",4008,25,3,28
"2021-03-05",4044,20,3,23
"2021-03-05",4080,25,4,29
"2021-03-05",4105,14,2,16
"2021-03-05",5035,22,3,25
"2021-03-05",5096,24,3,27
"2021-03-05",5100,25,4,29
"2021-03-05",5118,23,2,25
"2021-03-05",5120,13,3,16
"2021-03-05",6022,24,3,27
"2021-03-05",6029,22,4,26
"2021-03-05",6041,27,3,30
"2021-03-05",6045,19,3,22
"2021-03-05",6061,26,3,29
"2021-03-05",6062,18,5,23
"2021-03-05",6064,24,2,26
"2021-03-05",6067,22,5,27
"2021-03-05",6068,10,2,12
"2021-03-05",6084,26,5,31
"2021-03-05",6086,17,2,19
"2021-03-05",6087,20,4,24
"2021-03-05",6090,18,2,20
"2021-03-05",6092,19,4,23
"2021-03-05",6096,20,2,22
"2021-03-05",7025,28,4,32
"2021-03-05",7045,22,5,27
"2021-03-05",7046,26,4,30
"2021-03-05",7048,18,2,20
"2021-03-05",7059,21,4,25
"2021-03-05",7060,28,4,32
"2021-03-05",7064,21,4,25
"2021-03-05",7068,22,4,26
"2021-03-05",7078,23,3,26
"2021-03-05",7109,26,4,30
"2021-03-05",7110,16,3,19
"2021-03-05",7114,22,4,26
"2021-03-05",7115,28,3,31
"2021-03-05",7116,18,3,21
"2021-03-05",7119,19,3,22
"2021-03-05",7128,17,3,20
"2021-03-05",7135,20,4,24
"2021-03-05",7136,25,3,28
"2021-03-05",7138,19,1,20
"2021-03-05",7147,23,3,26
"2021-03-05",7153,24,4,28
"2021-03-05",7163,21,2,23
"2021-03-05",8083,14,1,15
"2021-03-06",3139,19,2,21
"2021-03-06",4008,16,3,19
"2021-03-06",4044,17,3,20
"2021-03-06",4080,20,4,24
"2021-03-06",4105,19,2,21
"2021-03-06",5035,22,4,26
"2021-03-06",5096,20,4,24
"2021-03-06",5100,23,3,26
"2021-03-06",5118,24,4,28
"2021-03-06",5120,18,3,21
"2021-03-06",6022,26,3,29
"2021-03-06",6029,27,5,32
"2021-03-06",6041,27,3,30
"2021-03-06",6045,23,4,27
"2021-03-06",6061,26,4,30
"2021-03-06",6062,11,2,13
"2021-03-06",6064,24,5,29
"2021-03-06",6067,20,5,25
"2021-03-06",6068,7,1,8
"2021-03-06",6084,23,4,27
"2021-03-06",6086,13,2,15
"2021-03-06",6087,13,2,15
"2021-03-06",6090,17,4,21
"2021-03-06",6092,26,5,31
"2021-03-06",6096,23,2,25
"2021-03-06",7025,24,3,27
"2021-03-06",7045,26,3,29
"2021-03-06",7046,26,3,29
"2021-03-06",7048,21,2,23
"2021-03-06",7059,25,5,30
"2021-03-06",7060,28,3,31
"2021-03-06",7064,23,2,25
"2021-03-06",7068,26,2,28
"2021-03-06",7078,26,4,30
"2021-03-06",7109,28,4,32
"2021-03-06",7110,24,3,27
"2021-03-06",7114,27,4,31
"2021-03-06",7115,24,4,28
"2021-03-06",7116,14,2,16
"2021-03-06",7119,20,3,23
"2021-03-06",7128,17,3,20
"2021-03-06",7135,19,3,22
"2021-03-06",7136,22,4,26
"2021-03-06",7138,21,3,24
"2021-03-06",7147,19,3,22
"2021-03-06",7153,20,4,24
"2021-03-06",7163,23,3,26
"2021-03-06",8083,17,2,19
"2021-03-07",3139,17,2,19
"2021-03-07",4008,21,3,24
"2021-03-07",4044,22,4,26
"2021-03-07",4080,28,4,32
"2021-03-07",4105,20,2,22
"2021-03-07",5035,28,3,31
"2021-03-07",5096,24,4,28
"2021-03-07",5100,26,5,31
"2021-03-07",5118,24,4,28
"2021-03-07",5120,21,4,25
"2021-03-07",6022,22,3,25
"2021-03-07",6029,23,3,26
"2021-03-07",6041,28,2,30
"2021-03-07",6045,24,3,27
"2021-03-07",6061,26,3,29
"2021-03-07",6062,14,3,17
"2021-03-07",6064,24,3,27
"2021-03-07",6067,21,4,25
"2021-03-07",6068,11,3,14
"2021-03-07",6084,22,3,25
"2021-03-07",6086,25,3,28
"2021-03-07",6087,21,3,24
"2021-03-07",6090,16,3,19
"2021-03-07",6092,24,4,28
"2021-03-07",6096,19,2,21
"2021-03-07",7025,27,4,31
"2021-03-07",7045,18,2,20
"2021-03-07",7046,25,4,29
"2021-03-07",7048,20,3,23
"2021-03-07",7059,17,4,21
"2021-03-07",7060,30,3,33
"2021-03-07",7064,25,4,29
"2021-03-07",7068,19,2,21
"2021-03-07",7078,22,4,26
"2021-03-07",7109,23,3,26
"2021-03-07",7110,20,4,24
"2021-03-07",7114,29,4,33
"2021-03-07",7115,25,5,30
"2021-03-07",7116,23,2,25
"2021-03-07",7119,22,4,26
"2021-03-07",7128,17,4,21
"2021-03-07",7135,23,3,26
"2021-03-07",7136,20,3,23
"2021-03-07",7138,22,4,26
"2021-03-07",7147,23,3,26
"2021-03-07",7153,26,4,30
"2021-03-07",7163,24,3,27
"2021-03-07",8083,23,3,26
"2021-03-08",3139,19,2,21
"2021-03-08",4008,16,3,19
"2021-03-08",4044,20,3,23
"2021-03-08",4080,24,3,27
"2021-03-08",4105,18,2,20
"2021-03-08",5035,20,3,23
"2021-03-08",5096,24,3,27
"2021-03-08",5100,26,4,30
"2021-03-08",5118,23,3,26
"2021-03-08",5120,20,3,23
"2021-03-08",6022,26,3,29
"2021-03-08",6029,20,4,24
"2021-03-08",6041,23,3,26
"2021-03-08",6045,21,4,25
"2021-03-08",6061,21,4,25
"2021-03-08",6062,19,3,22
"2021-03-08",6064,23,4,27
"2021-03-08",6067,19,3,22
"2021-03-08",6068,18,3,21
"2021-03-08",6084,22,4,26
"2021-03-08",6086,21,2,23
"2021-03-08",6087,18,4,22
"2021-03-08",6090,23,4,27
"2021-03-08",6092,25,4,29
"2021-03-08",6096,18,3,21
"2021-03-08",7025,28,3,31
"2021-03-08",7045,23,5,28
"2021-03-08",7046,29,3,32
"2021-03-08",7048,23,3,26
"2021-03-08",7059,22,5,27
"2021-03-08",7060,27,3,30
"2021-03-08",7064,20,3,23
"2021-03-08",7068,25,3,28
"2021-03-08",7078,23,4,27
"2021-03-08",7109,21,3,24
"2021-03-08",7110,24,5,29
"2021-03-08",7114,26,2,28
"2021-03-08",7115,25,4,29
"2021-03-08",7116,15,4,19
"2021-03-08",7119,21,3,24
"2021-03-08",7128,21,3,24
"2021-03-08",7135,23,3,26
"2021-03-08",7136,22,4,26
"2021-03-08",7138,27,5,32
"2021-03-08",7147,23,4,27
"2021-03-08",7153,21,4,25
"2021-03-08",7163,28,4,32
"2021-03-08",8083,26,4,30
"2021-03-09",3139,19,3,22
"2021-03-09",4008,17,2,19
"2021-03-09",4044,18,4,22
"2021-03-09",4080,25,3,28
"2021-03-09",4105,21,2,23
"2021-03-09",5035,20,5,25
"2021-03-09",5096,23,3,26
"2021-03-09",5100,24,3,27
"2021-03-09",5118,26,4,30
"2021-03-09",5120,21,3,24
"2021-03-09",6022,29,3,32
"2021-03-09",6029,18,4,22
"2021-03-09",6041,22,3,25
"2021-03-09",6045,23,4,27
"2021-03-09",6061,23,4,27
"2021-03-09",6062,21,2,23
"2021-03-09",6064,24,4,28
"2021-03-09",6067,20,4,24
"2021-03-09",6068,19,3,22
"2021-03-09",6084,17,5,22
"2021-03-09",6086,23,1,24
"2021-03-09",6087,14,4,18
"2021-03-09",6090,20,4,24
"2021-03-09",6092,29,4,33
"2021-03-09",6096,21,3,24
"2021-03-09",7025,27,5,32
"2021-03-09",7045,19,4,23
"2021-03-09",7046,25,4,29
"2021-03-09",7048,19,2,21
"2021-03-09",7059,27,3,30
"2021-03-09",7060,25,3,28
"2021-03-09",7064,19,3,22
"2021-03-09",7068,29,3,32
"2021-03-09",7078,27,4,31
"2021-03-09",7109,26,3,29
"2021-03-09",7110,19,4,23
"2021-03-09",7114,26,4,30
"2021-03-09",7115,25,5,30
"2021-03-09",7116,24,3,27
"2021-03-09",7119,22,4,26
"2021-03-09",7128,19,3,22
"2021-03-09",7135,24,4,28
"2021-03-09",7136,21,3,24
"2021-03-09",7138,29,5,34
"2021-03-09",7147,20,4,24
"2021-03-09",7153,26,4,30
"2021-03-09",7163,25,4,29
"2021-03-09",8083,24,4,28
"2021-03-10",3139,16,3,19
"2021-03-10",4008,16,4,20
"2021-03-10",4044,19,4,23
"2021-03-10",4080,19,3,22
"2021-03-10",4105,18,2,20
"2021-03-10",5035,20,5,25
"2021-03-10",5096,21,2,23
"2021-03-10",5100,22,4,26
"2021-03-10",5118,26,3,29
"2021-03-10",5120,17,3,20
"2021-03-10",6022,25,4,29
"2021-03-10",6029,19,4,23
"2021-03-10",6041,22,3,25
"2021-03-10",6045,21,4,25
"2021-03-10",6061,24,2,26
"2021-03-10",6062,20,2,22
"2021-03-10",6064,22,4,26
"2021-03-10",6067,16,4,20
"2021-03-10",6068,20,3,23
"2021-03-10",6084,20,4,24
"2021-03-10",6086,20,3,23
"2021-03-10",6087,17,4,21
"2021-03-10",6090,20,4,24
"2021-03-10",6092,24,5,29
"2021-03-10",6096,15,3,18
"2021-03-10",7025,19,3,22
"2021-03-10",7045,18,4,22
"2021-03-10",7046,21,2,23
"2021-03-10",7048,23,4,27
"2021-03-10",7059,23,5,28
"2021-03-10",7060,27,3,30
"2021-03-10",7064,20,3,23
"2021-03-10",7068,19,2,21
"2021-03-10",7078,19,4,23
"2021-03-10",7109,22,4,26
"2021-03-10",7110,21,5,26
"2021-03-10",7114,25,4,29
"2021-03-10",7115,26,4,30
"2021-03-10",7116,19,4,23
"2021-03-10",7119,21,4,25
"2021-03-10",7128,19,3,22
"2021-03-10",7135,21,5,26
"2021-03-10",7136,21,3,24
"2021-03-10",7138,26,5,31
"2021-03-10",7147,16,4,20
"2021-03-10",7153,23,3,26
"2021-03-10",7163,17,3,20
"2021-03-10",8083,24,3,27
"2021-03-11",3139,17,3,20
"2021-03-11",4008,20,3,23
"2021-03-11",4044,21,3,24
"2021-03-11",4080,23,4,27
"2021-03-11",4105,20,2,22
"2021-03-11",5035,17,4,21
"2021-03-11",5096,21,4,25
"2021-03-11",5100,23,4,27
"2021-03-11",5118,22,4,26
"2021-03-11",5120,27,3,30
"2021-03-11",6022,25,5,30
"2021-03-11",6029,20,4,24
"2021-03-11",6041,24,3,27
"2021-03-11",6045,21,4,25
"2021-03-11",6061,21,3,24
"2021-03-11",6062,25,2,27
"2021-03-11",6064,25,4,29
"2021-03-11",6067,18,4,22
"2021-03-11",6068,21,4,25
"2021-03-11",6084,22,5,27
"2021-03-11",6086,22,3,25
"2021-03-11",6087,20,4,24
"2021-03-11",6090,18,4,22
"2021-03-11",6092,23,4,27
"2021-03-11",6096,22,5,27
"2021-03-11",7025,24,4,28
"2021-03-11",7045,19,3,22
"2021-03-11",7046,26,3,29
"2021-03-11",7048,23,4,27
"2021-03-11",7059,24,5,29
"2021-03-11",7060,29,4,33
"2021-03-11",7064,25,3,28
"2021-03-11",7068,23,4,27
"2021-03-11",7078,25,4,29
"2021-03-11",7109,22,3,25
"2021-03-11",7110,19,5,24
"2021-03-11",7114,26,4,30
"2021-03-11",7115,23,4,27
"2021-03-11",7116,21,3,24
"2021-03-11",7119,18,3,21
"2021-03-11",7128,16,2,18
"2021-03-11",7135,22,4,26
"2021-03-11",7136,23,4,27
"2021-03-11",7138,20,5,25
"2021-03-11",7147,17,4,21
"2021-03-11",7153,21,5,26
"2021-03-11",7163,22,3,25
"2021-03-11",8083,24,4,28
"2021-03-12",3139,14,3,17
"2021-03-12",4008,19,3,22
"2021-03-12",4044,18,3,21
"2021-03-12",4080,23,3,26
"2021-03-12",4105,18,2,20
"2021-03-12",5035,22,4,26
"2021-03-12",5096,21,3,24
"2021-03-12",5100,22,4,26
"2021-03-12",5118,24,4,28
"2021-03-12",5120,18,4,22
"2021-03-12",6022,22,4,26
"2021-03-12",6029,20,3,23
"2021-03-12",6041,26,4,30
"2021-03-12",6045,21,3,24
"2021-03-12",6061,24,4,28
"2021-03-12",6062,19,2,21
"2021-03-12",6064,19,5,24
"2021-03-12",6067,21,5,26
"2021-03-12",6068,24,3,27
"2021-03-12",6084,16,4,20
"2021-03-12",6086,19,2,21
"2021-03-12",6087,17,3,20
"2021-03-12",6090,15,4,19
"2021-03-12",6092,24,5,29
"2021-03-12",6096,25,5,30
"2021-03-12",7025,21,4,25
"2021-03-12",7045,19,4,23
"2021-03-12",7046,24,5,29
"2021-03-12",7048,25,3,28
"2021-03-12",7059,25,5,30
"2021-03-12",7060,24,5,29
"2021-03-12",7064,22,4,26
"2021-03-12",7068,20,4,24
"2021-03-12",7078,22,5,27
"2021-03-12",7109,17,4,21
"2021-03-12",7110,25,4,29
"2021-03-12",7114,23,4,27
"2021-03-12",7115,24,5,29
"2021-03-12",7116,22,5,27
"2021-03-12",7119,21,4,25
"2021-03-12",7128,19,2,21
"2021-03-12",7135,20,3,23
"2021-03-12",7136,18,3,21
"2021-03-12",7138,28,5,33
"2021-03-12",7147,22,3,25
"2021-03-12",7153,21,3,24
"2021-03-12",7163,26,5,31
"2021-03-12",8083,17,3,20
"2021-03-13",3139,14,4,18
"2021-03-13",4008,22,4,26
"2021-03-13",4044,23,3,26
"2021-03-13",4080,27,4,31
"2021-03-13",4105,23,2,25
"2021-03-13",5035,18,4,22
"2021-03-13",5096,26,4,30
"2021-03-13",5100,27,4,31
"2021-03-13",5118,25,5,30
"2021-03-13",5120,29,3,32
"2021-03-13",6022,28,3,31
"2021-03-13",6029,24,4,28
"2021-03-13",6041,29,5,34
"2021-03-13",6045,25,3,28
"2021-03-13",6061,22,3,25
"2021-03-13",6062,25,2,27
"2021-03-13",6064,23,3,26
"2021-03-13",6067,22,5,27
"2021-03-13",6068,21,4,25
"2021-03-13",6084,26,4,30
"2021-03-13",6086,24,4,28
"2021-03-13",6087,22,4,26
"2021-03-13",6090,17,4,21
"2021-03-13",6092,29,4,33
"2021-03-13",6096,26,5,31
"2021-03-13",7025,25,3,28
"2021-03-13",7045,27,5,32
"2021-03-13",7046,26,3,29
"2021-03-13",7048,21,2,23
"2021-03-13",7059,25,4,29
"2021-03-13",7060,26,4,30
"2021-03-13",7064,25,4,29
"2021-03-13",7068,24,2,26
"2021-03-13",7078,26,3,29
"2021-03-13",7109,23,3,26
"2021-03-13",7110,22,4,26
"2021-03-13",7114,26,3,29
"2021-03-13",7115,29,4,33
"2021-03-13",7116,26,5,31
"2021-03-13",7119,22,3,25
"2021-03-13",7128,17,3,20
"2021-03-13",7135,25,4,29
"2021-03-13",7136,22,4,26
"2021-03-13",7138,23,5,28
"2021-03-13",7147,24,3,27
"2021-03-13",7153,24,4,28
"2021-03-13",7163,25,4,29
"2021-03-13",8083,23,3,26
"2021-03-14",3139,19,3,22
"2021-03-14",4008,21,3,24
"2021-03-14",4044,17,2,19
"2021-03-14",4080,25,3,28
"2021-03-14",4105,20,2,22
"2021-03-14",5035,21,4,25
"2021-03-14",5096,19,3,22
"2021-03-14",5100,26,4,30
"2021-03-14",5118,22,3,25
"2021-03-14",5120,18,4,22
"2021-03-14",6022,24,3,27
"2021-03-14",6029,21,5,26
"2021-03-14",6041,28,4,32
"2021-03-14",6045,21,3,24
"2021-03-14",6061,26,3,29
"2021-03-14",6062,26,4,30
"2021-03-14",6064,25,4,29
"2021-03-14",6067,27,4,31
"2021-03-14",6068,20,4,24
"2021-03-14",6084,19,5,24
"2021-03-14",6086,18,2,20
"2021-03-14",6087,23,5,28
"2021-03-14",6090,18,4,22
"2021-03-14",6092,29,5,34
"2021-03-14",6096,24,4,28
"2021-03-14",7025,26,3,29
"2021-03-14",7045,24,5,29
"2021-03-14",7046,26,4,30
"2021-03-14",7048,22,4,26
"2021-03-14",7059,28,5,33
"2021-03-14",7060,20,3,23
"2021-03-14",7064,23,4,27
"2021-03-14",7068,25,2,27
"2021-03-14",7078,27,4,31
"2021-03-14",7109,21,3,24
"2021-03-14",7110,19,3,22
"2021-03-14",7114,24,4,28
"2021-03-14",7115,25,3,28
"2021-03-14",7116,16,3,19
"2021-03-14",7119,25,4,29
"2021-03-14",7128,18,2,20
"2021-03-14",7135,25,4,29
"2021-03-14",7136,24,4,28
"2021-03-14",7138,29,5,34
"2021-03-14",7147,24,3,27
"2021-03-14",7153,22,3,25
"2021-03-14",7163,26,3,29
"2021-03-14",8083,25,3,28
"2021-03-15",3139,11,2,13
"2021-03-15",4008,11,2,13
"2021-03-15",4044,20,3,23
"2021-03-15",4080,21,3,24
"2021-03-15",4105,20,2,22
"2021-03-15",5035,18,2,20
"2021-03-15",5096,26,4,30
"2021-03-15",5100,22,4,26
"2021-03-15",5118,25,3,28
"2021-03-15",5120,20,3,23
"2021-03-15",6022,28,4,32
"2021-03-15",6029,20,4,24
"2021-03-15",6041,23,4,27
"2021-03-15",6045,17,2,19
"2021-03-15",6061,25,3,28
"2021-03-15",6062,22,3,25
"2021-03-15",6064,23,2,25
"2021-03-15",6067,22,3,25
"2021-03-15",6068,19,4,23
"2021-03-15",6084,18,3,21
"2021-03-15",6086,18,3,21
"2021-03-15",6087,16,4,20
"2021-03-15",6090,18,4,22
"2021-03-15",6092,23,4,27
"2021-03-15",6096,26,5,31
"2021-03-15",7025,23,4,27
"2021-03-15",7045,25,5,30
"2021-03-15",7046,17,4,21
"2021-03-15",7048,19,5,24
"2021-03-15",7059,26,4,30
"2021-03-15",7060,23,3,26
"2021-03-15",7064,21,4,25
"2021-03-15",7068,24,3,27
"2021-03-15",7078,25,3,28
"2021-03-15",7109,23,3,26
"2021-03-15",7110,17,4,21
"2021-03-15",7114,25,4,29
"2021-03-15",7115,25,3,28
"2021-03-15",7116,21,5,26
"2021-03-15",7119,23,3,26
"2021-03-15",7128,12,1,13
"2021-03-15",7135,23,5,28
"2021-03-15",7136,24,3,27
"2021-03-15",7138,18,4,22
"2021-03-15",7147,21,3,24
"2021-03-15",7153,24,4,28
"2021-03-15",7163,24,4,28
"2021-03-15",8083,29,4,33
"2021-03-16",3139,17,5,22
"2021-03-16",4008,20,2,22
"2021-03-16",4044,16,4,20
"2021-03-16",4080,24,5,29
"2021-03-16",4105,23,3,26
"2021-03-16",5035,16,3,19
"2021-03-16",5096,23,3,26
"2021-03-16",5100,22,3,25
"2021-03-16",5118,25,4,29
"2021-03-16",5120,19,4,23
"2021-03-16",6022,28,4,32
"2021-03-16",6029,15,5,20
"2021-03-16",6041,23,4,27
"2021-03-16",6045,21,3,24
"2021-03-16",6061,23,2,25
"2021-03-16",6062,27,3,30
"2021-03-16",6064,23,4,27
"2021-03-16",6067,25,4,29
"2021-03-16",6068,18,3,21
"2021-03-16",6084,23,4,27
"2021-03-16",6086,12,2,14
"2021-03-16",6087,20,3,23
"2021-03-16",6090,16,3,19
"2021-03-16",6092,29,4,33
"2021-03-16",6096,22,3,25
"2021-03-16",7025,28,3,31
"2021-03-16",7045,25,5,30
"2021-03-16",7046,22,5,27
"2021-03-16",7048,17,3,20
"2021-03-16",7059,23,4,27
"2021-03-16",7060,28,4,32
"2021-03-16",7064,27,4,31
"2021-03-16",7068,26,3,29
"2021-03-16",7078,20,4,24
"2021-03-16",7109,22,2,24
"2021-03-16",7110,20,4,24
"2021-03-16",7114,29,4,33
"2021-03-16",7115,23,3,26
"2021-03-16",7116,17,3,20
"2021-03-16",7119,19,3,22
"2021-03-16",7128,18,3,21
"2021-03-16",7135,22,5,27
"2021-03-16",7136,21,3,24
"2021-03-16",7138,19,4,23
"2021-03-16",7147,18,3,21
"2021-03-16",7153,20,4,24
"2021-03-16",7163,23,4,27
"2021-03-16",8083,27,4,31
"2021-03-17",3139,7,2,9
"2021-03-17",4008,19,3,22
"2021-03-17",4026,14,3,17
"2021-03-17",4044,24,3,27
"2021-03-17",4057,14,3,17
"2021-03-17",4080,25,3,28
"2021-03-17",4105,10,2,12
"2021-03-17",5035,13,2,15
"2021-03-17",5064,12,3,15
"2021-03-17",5096,20,3,23
"2021-03-17",5100,27,3,30
"2021-03-17",5118,22,5,27
"2021-03-17",5120,24,3,27
"2021-03-17",6022,20,1,21
"2021-03-17",6025,17,4,21
"2021-03-17",6029,18,4,22
"2021-03-17",6041,27,4,31
"2021-03-17",6045,19,3,22
"2021-03-17",6061,23,3,26
"2021-03-17",6062,21,2,23
"2021-03-17",6064,21,4,25
"2021-03-17",6067,22,4,26
"2021-03-17",6068,27,4,31
"2021-03-17",6084,24,4,28
"2021-03-17",6086,13,2,15
"2021-03-17",6087,24,4,28
"2021-03-17",6090,12,4,16
"2021-03-17",6092,29,3,32
"2021-03-17",6096,24,4,28
"2021-03-17",6125,16,2,18
"2021-03-17",7025,23,3,26
"2021-03-17",7045,24,5,29
"2021-03-17",7046,26,3,29
"2021-03-17",7048,17,4,21
"2021-03-17",7059,18,3,21
"2021-03-17",7060,29,4,33
"2021-03-17",7064,16,3,19
"2021-03-17",7068,22,4,26
"2021-03-17",7078,21,3,24
"2021-03-17",7109,22,4,26
"2021-03-17",7110,25,3,28
"2021-03-17",7114,27,5,32
"2021-03-17",7115,26,4,30
"2021-03-17",7116,23,4,27
"2021-03-17",7119,21,5,26
"2021-03-17",7128,17,2,19
"2021-03-17",7135,8,2,10
"2021-03-17",7136,26,4,30
"2021-03-17",7138,13,3,16
"2021-03-17",7147,18,3,21
"2021-03-17",7153,20,4,24
"2021-03-17",7163,19,4,23
"2021-03-17",8083,25,3,28
"2021-03-18",4008,21,3,24
"2021-03-18",4026,25,4,29
"2021-03-18",4044,24,4,28
"2021-03-18",4057,16,2,18
"2021-03-18",4080,26,4,30
"2021-03-18",5035,18,2,20
"2021-03-18",5064,20,3,23
"2021-03-18",5096,18,3,21
"2021-03-18",5100,22,3,25
"2021-03-18",5118,23,4,27
"2021-03-18",5120,19,3,22
"2021-03-18",6025,28,5,33
"2021-03-18",6029,20,4,24
"2021-03-18",6041,28,5,33
"2021-03-18",6045,18,3,21
"2021-03-18",6061,27,2,29
"2021-03-18",6062,25,3,28
"2021-03-18",6064,25,5,30
"2021-03-18",6067,21,3,24
"2021-03-18",6068,29,4,33
"2021-03-18",6084,23,4,27
"2021-03-18",6086,14,2,16
"2021-03-18",6087,23,4,27
"2021-03-18",6090,21,3,24
"2021-03-18",6092,27,5,32
"2021-03-18",6096,20,3,23
"2021-03-18",6125,14,3,17
"2021-03-18",7025,28,3,31
"2021-03-18",7045,21,5,26
"2021-03-18",7046,19,4,23
"2021-03-18",7048,24,3,27
"2021-03-18",7060,24,5,29
"2021-03-18",7064,23,4,27
"2021-03-18",7068,27,3,30
"2021-03-18",7078,25,4,29
"2021-03-18",7109,20,3,23
"2021-03-18",7110,24,5,29
"2021-03-18",7114,24,5,29
"2021-03-18",7115,29,4,33
"2021-03-18",7116,24,4,28
"2021-03-18",7119,23,3,26
"2021-03-18",7128,17,2,19
"2021-03-18",7136,24,5,29
"2021-03-18",7138,16,5,21
"2021-03-18",7147,17,3,20
"2021-03-18",7153,21,4,25
"2021-03-18",7163,25,3,28
"2021-03-18",8083,26,3,29
"2021-03-19",4008,22,3,25
"2021-03-19",4026,20,4,24
"2021-03-19",4044,21,4,25
"2021-03-19",4057,25,2,27
"2021-03-19",4080,24,4,28
"2021-03-19",5035,24,3,27
"2021-03-19",5064,24,4,28
"2021-03-19",5096,27,4,31
"2021-03-19",5100,23,4,27
"2021-03-19",5118,27,3,30
"2021-03-19",5120,20,3,23
"2021-03-19",6025,27,3,30
"2021-03-19",6029,23,4,27
"2021-03-19",6041,30,4,34
"2021-03-19",6045,22,3,25
"2021-03-19",6061,26,2,28
"2021-03-19",6062,27,3,30
"2021-03-19",6064,28,2,30
"2021-03-19",6067,28,4,32
"2021-03-19",6068,21,4,25
"2021-03-19",6084,25,5,30
"2021-03-19",6086,20,2,22
"2021-03-19",6087,21,3,24
"2021-03-19",6090,19,4,23
"2021-03-19",6092,29,4,33
"2021-03-19",6096,26,5,31
"2021-03-19",6125,20,3,23
"2021-03-19",7025,25,3,28
"2021-03-19",7045,27,4,31
"2021-03-19",7046,25,5,30
"2021-03-19",7048,24,3,27
"2021-03-19",7060,30,5,35
"2021-03-19",7064,26,5,31
"2021-03-19",7068,23,5,28
"2021-03-19",7078,25,5,30
"2021-03-19",7109,22,3,25
"2021-03-19",7110,27,4,31
"2021-03-19",7114,28,5,33
"2021-03-19",7115,26,4,30
"2021-03-19",7116,17,3,20
"2021-03-19",7119,24,5,29
"2021-03-19",7128,26,3,29
"2021-03-19",7136,22,4,26
"2021-03-19",7138,24,4,28
"2021-03-19",7147,21,2,23
"2021-03-19",7153,27,3,30
"2021-03-19",7163,24,3,27
"2021-03-19",8083,27,4,31
"2021-03-20",4008,22,3,25
"2021-03-20",4026,19,4,23
"2021-03-20",4044,19,4,23
"2021-03-20",4057,20,2,22
"2021-03-20",4080,28,4,32
"2021-03-20",5035,13,3,16
"2021-03-20",5064,25,2,27
"2021-03-20",5096,27,4,31
"2021-03-20",5100,26,4,30
"2021-03-20",5118,28,4,32
"2021-03-20",5120,20,3,23
"2021-03-20",6025,28,5,33
"2021-03-20",6029,21,4,25
"2021-03-20",6041,27,1,28
"2021-03-20",6045,19,3,22
"2021-03-20",6061,23,2,25
"2021-03-20",6062,20,5,25
"2021-03-20",6064,28,3,31
"2021-03-20",6067,27,4,31
"2021-03-20",6068,23,3,26
"2021-03-20",6084,29,4,33
"2021-03-20",6086,21,2,23
"2021-03-20",6087,17,4,21
"2021-03-20",6090,18,4,22
"2021-03-20",6092,25,5,30
"2021-03-20",6096,23,4,27
"2021-03-20",6125,21,3,24
"2021-03-20",7025,27,3,30
"2021-03-20",7045,26,5,31
"2021-03-20",7046,26,5,31
"2021-03-20",7048,18,5,23
"2021-03-20",7060,26,5,31
"2021-03-20",7064,23,4,27
"2021-03-20",7068,25,3,28
"2021-03-20",7078,26,3,29
"2021-03-20",7109,22,3,25
"2021-03-20",7110,27,5,32
"2021-03-20",7114,28,4,32
"2021-03-20",7115,27,5,32
"2021-03-20",7116,19,2,21
"2021-03-20",7119,28,5,33
"2021-03-20",7128,18,2,20
"2021-03-20",7136,23,4,27
"2021-03-20",7138,24,4,28
"2021-03-20",7147,14,3,17
"2021-03-20",7153,26,5,31
"2021-03-20",7163,27,3,30
"2021-03-20",8083,21,4,25
"2021-03-21",4008,22,4,26
"2021-03-21",4026,20,2,22
"2021-03-21",4044,17,4,21
"2021-03-21",4057,20,1,21
"2021-03-21",4080,20,3,23
"2021-03-21",5035,17,4,21
"2021-03-21",5064,23,3,26
"2021-03-21",5096,22,3,25
"2021-03-21",5100,24,4,28
"2021-03-21",5118,22,4,26
"2021-03-21",5120,16,3,19
"2021-03-21",6025,20,2,22
"2021-03-21",6029,24,5,29
"2021-03-21",6041,30,3,33
"2021-03-21",6045,20,3,23
"2021-03-21",6061,26,3,29
"2021-03-21",6062,25,4,29
"2021-03-21",6064,28,3,31
"2021-03-21",6067,27,4,31
"2021-03-21",6068,24,5,29
"2021-03-21",6084,27,5,32
"2021-03-21",6086,14,2,16
"2021-03-21",6087,20,3,23
"2021-03-21",6090,17,4,21
"2021-03-21",6092,29,4,33
"2021-03-21",6096,25,2,27
"2021-03-21",6125,18,3,21
"2021-03-21",7025,21,3,24
"2021-03-21",7045,21,4,25
"2021-03-21",7046,25,3,28
"2021-03-21",7048,26,5,31
"2021-03-21",7060,28,4,32
"2021-03-21",7064,18,3,21
"2021-03-21",7068,26,2,28
"2021-03-21",7078,26,4,30
"2021-03-21",7109,23,4,27
"2021-03-21",7110,19,3,22
"2021-03-21",7114,27,4,31
"2021-03-21",7115,30,4,34
"2021-03-21",7116,14,4,18
"2021-03-21",7119,21,3,24
"2021-03-21",7128,21,2,23
"2021-03-21",7136,25,3,28
"2021-03-21",7138,21,3,24
"2021-03-21",7147,20,2,22
"2021-03-21",7153,23,4,27
"2021-03-21",7163,27,3,30
"2021-03-21",8083,22,3,25
"2021-03-22",4008,24,4,28
"2021-03-22",4026,26,4,30
"2021-03-22",4044,17,3,20
"2021-03-22",4057,21,3,24
"2021-03-22",4080,23,3,26
"2021-03-22",5035,16,4,20
"2021-03-22",5064,25,3,28
"2021-03-22",5096,25,4,29
"2021-03-22",5100,23,3,26
"2021-03-22",5118,28,3,31
"2021-03-22",5120,21,3,24
"2021-03-22",6025,24,4,28
"2021-03-22",6029,24,4,28
"2021-03-22",6041,28,4,32
"2021-03-22",6045,21,4,25
"2021-03-22",6061,23,5,28
"2021-03-22",6062,24,4,28
"2021-03-22",6064,27,4,31
"2021-03-22",6067,27,4,31
"2021-03-22",6068,20,5,25
"2021-03-22",6084,20,4,24
"2021-03-22",6086,16,2,18
"2021-03-22",6087,22,3,25
"2021-03-22",6090,17,4,21
"2021-03-22",6092,29,5,34
"2021-03-22",6096,24,4,28
"2021-03-22",6125,13,2,15
"2021-03-22",7025,26,3,29
"2021-03-22",7045,23,5,28
"2021-03-22",7046,26,5,31
"2021-03-22",7048,19,2,21
"2021-03-22",7060,27,5,32
"2021-03-22",7064,24,4,28
"2021-03-22",7068,23,3,26
"2021-03-22",7078,21,4,25
"2021-03-22",7109,26,3,29
"2021-03-22",7110,22,4,26
"2021-03-22",7114,26,3,29
"2021-03-22",7115,30,5,35
"2021-03-22",7116,21,5,26
"2021-03-22",7119,28,3,31
"2021-03-22",7128,23,3,26
"2021-03-22",7136,22,3,25
"2021-03-22",7138,17,4,21
"2021-03-22",7147,22,2,24
"2021-03-22",7153,24,4,28
"2021-03-22",7163,24,4,28
"2021-03-22",8083,21,4,25
"2021-03-23",4008,24,4,28
"2021-03-23",4026,21,3,24
"2021-03-23",4044,25,4,29
"2021-03-23",4057,21,2,23
"2021-03-23",4080,27,4,31
"2021-03-23",5035,23,4,27
"2021-03-23",5064,17,3,20
"2021-03-23",5096,26,3,29
"2021-03-23",5100,23,3,26
"2021-03-23",5118,26,4,30
"2021-03-23",5120,20,2,22
"2021-03-23",6025,19,3,22
"2021-03-23",6029,23,5,28
"2021-03-23",6041,28,4,32
"2021-03-23",6045,23,3,26
"2021-03-23",6061,28,4,32
"2021-03-23",6062,24,3,27
"2021-03-23",6064,28,5,33
"2021-03-23",6067,27,5,32
"2021-03-23",6068,23,4,27
"2021-03-23",6084,20,5,25
"2021-03-23",6086,19,3,22
"2021-03-23",6087,21,4,25
"2021-03-23",6090,16,2,18
"2021-03-23",6092,26,5,31
"2021-03-23",6096,20,4,24
"2021-03-23",6125,12,2,14
"2021-03-23",7025,25,4,29
"2021-03-23",7045,23,3,26
"2021-03-23",7046,29,2,31
"2021-03-23",7048,19,3,22
"2021-03-23",7060,29,3,32
"2021-03-23",7064,16,4,20
"2021-03-23",7068,25,3,28
"2021-03-23",7078,26,4,30
"2021-03-23",7109,21,4,25
"2021-03-23",7110,20,5,25
"2021-03-23",7114,28,4,32
"2021-03-23",7115,30,4,34
"2021-03-23",7116,20,3,23
"2021-03-23",7119,20,2,22
"2021-03-23",7128,24,5,29
"2021-03-23",7136,22,4,26
"2021-03-23",7138,20,4,24
"2021-03-23",7147,24,4,28
"2021-03-23",7153,21,5,26
"2021-03-23",7163,24,3,27
"2021-03-23",8083,23,4,27
"2021-03-24",4008,17,4,21
"2021-03-24",4026,23,2,25
"2021-03-24",4044,20,3,23
"2021-03-24",4057,19,1,20
"2021-03-24",4080,26,4,30
"2021-03-24",5035,26,4,30
"2021-03-24",5064,22,3,25
"2021-03-24",5096,20,3,23
"2021-03-24",5100,22,4,26
"2021-03-24",5118,26,3,29
"2021-03-24",5120,23,3,26
"2021-03-24",6025,23,4,27
"2021-03-24",6029,19,4,23
"2021-03-24",6041,30,4,34
"2021-03-24",6045,19,3,22
"2021-03-24",6061,23,4,27
"2021-03-24",6062,25,4,29
"2021-03-24",6064,23,3,26
"2021-03-24",6067,26,4,30
"2021-03-24",6068,18,4,22
"2021-03-24",6084,25,5,30
"2021-03-24",6086,12,2,14
"2021-03-24",6087,22,3,25
"2021-03-24",6090,16,3,19
"2021-03-24",6092,25,5,30
"2021-03-24",6096,25,4,29
"2021-03-24",6125,12,1,13
"2021-03-24",7025,28,5,33
"2021-03-24",7045,19,4,23
"2021-03-24",7046,27,3,30
"2021-03-24",7048,23,3,26
"2021-03-24",7060,28,4,32
"2021-03-24",7064,20,4,24
"2021-03-24",7068,22,3,25
"2021-03-24",7078,21,4,25
"2021-03-24",7109,22,3,25
"2021-03-24",7110,22,4,26
"2021-03-24",7114,29,4,33
"2021-03-24",7115,26,3,29
"2021-03-24",7116,21,4,25
"2021-03-24",7119,24,4,28
"2021-03-24",7128,23,3,26
"2021-03-24",7136,24,4,28
"2021-03-24",7138,25,4,29
"2021-03-24",7147,16,4,20
"2021-03-24",7153,24,5,29
"2021-03-24",7163,24,3,27
"2021-03-24",8083,24,3,27
"2021-03-25",4008,21,4,25
"2021-03-25",4026,16,2,18
"2021-03-25",4044,16,2,18
"2021-03-25",4057,16,1,17
"2021-03-25",4080,24,4,28
"2021-03-25",5035,15,4,19
"2021-03-25",5064,21,3,24
"2021-03-25",5096,26,4,30
"2021-03-25",5100,29,3,32
"2021-03-25",5118,24,4,28
"2021-03-25",5120,18,4,22
"2021-03-25",6025,23,1,24
"2021-03-25",6029,14,3,17
"2021-03-25",6041,29,2,31
"2021-03-25",6045,18,3,21
"2021-03-25",6061,28,5,33
"2021-03-25",6062,25,3,28
"2021-03-25",6064,25,4,29
"2021-03-25",6067,25,5,30
"2021-03-25",6068,17,3,20
"2021-03-25",6084,19,5,24
"2021-03-25",6086,9,2,11
"2021-03-25",6087,22,5,27
"2021-03-25",6090,16,4,20
"2021-03-25",6092,24,5,29
"2021-03-25",6096,22,4,26
"2021-03-25",6125,19,3,22
"2021-03-25",7025,22,4,26
"2021-03-25",7045,21,4,25
"2021-03-25",7046,21,4,25
"2021-03-25",7048,17,2,19
"2021-03-25",7060,27,4,31
"2021-03-25",7064,20,4,24
"2021-03-25",7068,25,3,28
"2021-03-25",7078,21,4,25
"2021-03-25",7109,23,3,26
"2021-03-25",7110,22,3,25
"2021-03-25",7114,26,5,31
"2021-03-25",7115,25,4,29
"2021-03-25",7116,20,5,25
"2021-03-25",7119,25,4,29
"2021-03-25",7128,18,4,22
"2021-03-25",7136,22,5,27
"2021-03-25",7138,18,3,21
"2021-03-25",7147,17,2,19
"2021-03-25",7153,21,4,25
"2021-03-25",7163,26,3,29
"2021-03-25",8083,21,5,26
"2021-03-26",4008,26,4,30
"2021-03-26",4026,17,3,20
"2021-03-26",4044,23,4,27
"2021-03-26",4057,17,2,19
"2021-03-26",4080,25,4,29
"2021-03-26",5035,18,5,23
"2021-03-26",5064,16,3,19
"2021-03-26",5096,24,5,29
"2021-03-26",5100,26,2,28
"2021-03-26",5118,19,2,21
"2021-03-26",5120,26,3,29
"2021-03-26",6025,24,5,29
"2021-03-26",6029,18,5,23
"2021-03-26",6041,24,4,28
"2021-03-26",6045,20,3,23
"2021-03-26",6061,29,4,33
"2021-03-26",6062,23,4,27
"2021-03-26",6064,22,4,26
"2021-03-26",6067,29,3,32
"2021-03-26",6068,18,4,22
"2021-03-26",6084,27,5,32
"2021-03-26",6086,7,2,9
"2021-03-26",6087,23,3,26
"2021-03-26",6090,19,3,22
"2021-03-26",6092,27,5,32
"2021-03-26",6096,29,3,32
"2021-03-26",6125,17,2,19
"2021-03-26",7025,27,3,30
"2021-03-26",7045,20,5,25
"2021-03-26",7046,24,4,28
"2021-03-26",7048,19,3,22
"2021-03-26",7060,26,4,30
"2021-03-26",7064,25,3,28
"2021-03-26",7068,25,4,29
"2021-03-26",7078,26,4,30
"2021-03-26",7109,22,3,25
"2021-03-26",7110,19,3,22
"2021-03-26",7114,24,4,28
"2021-03-26",7115,19,2,21
"2021-03-26",7116,22,3,25
"2021-03-26",7119,27,4,31
"2021-03-26",7128,17,2,19
"2021-03-26",7136,22,3,25
"2021-03-26",7138,16,4,20
"2021-03-26",7147,17,2,19
"2021-03-26",7153,24,3,27
"2021-03-26",7163,26,4,30
"2021-03-26",8083,23,4,27
"2021-03-27",4008,24,5,29
"2021-03-27",4026,22,3,25
"2021-03-27",4044,22,4,26
"2021-03-27",4057,20,3,23
"2021-03-27",4080,23,3,26
"2021-03-27",5035,12,3,15
"2021-03-27",5064,21,1,22
"2021-03-27",5096,26,2,28
"2021-03-27",5100,24,3,27
"2021-03-27",5118,29,3,32
"2021-03-27",5120,24,4,28
"2021-03-27",6025,28,3,31
"2021-03-27",6029,26,2,28
"2021-03-27",6041,27,5,32
"2021-03-27",6045,23,3,26
"2021-03-27",6061,29,3,32
"2021-03-27",6062,18,2,20
"2021-03-27",6064,27,4,31
"2021-03-27",6067,27,5,32
"2021-03-27",6068,20,2,22
"2021-03-27",6084,21,5,26
"2021-03-27",6086,20,3,23
"2021-03-27",6087,16,3,19
"2021-03-27",6090,20,4,24
"2021-03-27",6092,23,4,27
"2021-03-27",6096,23,5,28
"2021-03-27",6125,18,3,21
"2021-03-27",7025,28,3,31
"2021-03-27",7045,25,4,29
"2021-03-27",7046,26,4,30
"2021-03-27",7048,21,4,25
"2021-03-27",7060,23,3,26
"2021-03-27",7064,21,4,25
"2021-03-27",7068,21,3,24
"2021-03-27",7078,23,4,27
"2021-03-27",7109,22,4,26
"2021-03-27",7110,19,3,22
"2021-03-27",7114,26,3,29
"2021-03-27",7115,29,4,33
"2021-03-27",7116,19,5,24
"2021-03-27",7119,27,4,31
"2021-03-27",7128,22,4,26
"2021-03-27",7136,26,3,29
"2021-03-27",7138,19,5,24
"2021-03-27",7147,21,2,23
"2021-03-27",7153,23,4,27
"2021-03-27",7163,23,1,24
"2021-03-27",8083,19,3,22
"2021-03-28",4008,25,4,29
"2021-03-28",4026,22,3,25
"2021-03-28",4044,20,2,22
"2021-03-28",4057,22,3,25
"2021-03-28",4080,26,4,30
"2021-03-28",5035,16,3,19
"2021-03-28",5064,15,3,18
"2021-03-28",5096,28,4,32
"2021-03-28",5100,22,3,25
"2021-03-28",5118,28,4,32
"2021-03-28",5120,15,3,18
"2021-03-28",6025,25,4,29
"2021-03-28",6029,27,5,32
"2021-03-28",6041,29,4,33
"2021-03-28",6045,21,3,24
"2021-03-28",6061,27,4,31
"2021-03-28",6062,22,3,25
"2021-03-28",6064,26,3,29
"2021-03-28",6067,29,4,33
"2021-03-28",6068,24,2,26
"2021-03-28",6084,20,4,24
"2021-03-28",6086,24,3,27
"2021-03-28",6087,11,4,15
"2021-03-28",6090,25,3,28
"2021-03-28",6092,28,3,31
"2021-03-28",6096,23,3,26
"2021-03-28",6125,19,3,22
"2021-03-28",7025,25,3,28
"2021-03-28",7045,27,5,32
"2021-03-28",7046,23,5,28
"2021-03-28",7048,24,3,27
"2021-03-28",7060,27,3,30
"2021-03-28",7064,28,3,31
"2021-03-28",7068,28,2,30
"2021-03-28",7078,24,4,28
"2021-03-28",7109,25,3,28
"2021-03-28",7110,18,3,21
"2021-03-28",7114,26,5,31
"2021-03-28",7115,28,4,32
"2021-03-28",7116,26,4,30
"2021-03-28",7119,25,4,29
"2021-03-28",7128,21,2,23
"2021-03-28",7136,21,4,25
"2021-03-28",7138,24,4,28
"2021-03-28",7147,21,3,24
"2021-03-28",7153,25,4,29
"2021-03-28",7163,24,4,28
"2021-03-28",8083,25,3,28
"2021-03-29",4008,20,4,24
"2021-03-29",4026,17,3,20
"2021-03-29",4044,16,4,20
"2021-03-29",4057,15,3,18
"2021-03-29",4080,22,4,26
"2021-03-29",5035,16,2,18
"2021-03-29",5064,14,2,16
"2021-03-29",5096,22,3,25
"2021-03-29",5100,24,4,28
"2021-03-29",5118,28,3,31
"2021-03-29",5120,18,3,21
"2021-03-29",6025,21,3,24
"2021-03-29",6029,17,3,20
"2021-03-29",6041,24,4,28
"2021-03-29",6045,23,2,25
"2021-03-29",6061,27,2,29
"2021-03-29",6062,26,3,29
"2021-03-29",6064,28,3,31
"2021-03-29",6067,30,4,34
"2021-03-29",6068,8,3,11
"2021-03-29",6084,17,5,22
"2021-03-29",6086,18,2,20
"2021-03-29",6087,15,1,16
"2021-03-29",6090,19,2,21
"2021-03-29",6092,18,4,22
"2021-03-29",6096,21,4,25
"2021-03-29",6125,20,3,23
"2021-03-29",7025,24,2,26
"2021-03-29",7045,25,5,30
"2021-03-29",7046,25,2,27
"2021-03-29",7048,24,2,26
"2021-03-29",7060,21,3,24
"2021-03-29",7064,22,5,27
"2021-03-29",7068,16,2,18
"2021-03-29",7078,23,3,26
"2021-03-29",7109,20,4,24
"2021-03-29",7110,12,3,15
"2021-03-29",7114,27,4,31
"2021-03-29",7115,26,4,30
"2021-03-29",7116,23,3,26
"2021-03-29",7119,23,3,26
"2021-03-29",7128,18,4,22
"2021-03-29",7136,24,4,28
"2021-03-29",7138,28,5,33
"2021-03-29",7147,22,3,25
"2021-03-29",7153,24,5,29
"2021-03-29",7163,23,3,26
"2021-03-29",8083,21,3,24
"2021-03-30",4008,24,5,29
"2021-03-30",4026,18,3,21
"2021-03-30",4044,19,3,22
"2021-03-30",4057,16,2,18
"2021-03-30",4080,22,3,25
"2021-03-30",5035,19,3,22
"2021-03-30",5064,14,2,16
"2021-03-30",5096,25,4,29
"2021-03-30",5100,25,4,29
"2021-03-30",5118,24,3,27
"2021-03-30",5120,13,4,17
"2021-03-30",6025,23,4,27
"2021-03-30",6029,17,4,21
"2021-03-30",6041,29,5,34
"2021-03-30",6045,14,2,16
"2021-03-30",6061,21,3,24
"2021-03-30",6062,22,5,27
"2021-03-30",6064,24,4,28
"2021-03-30",6067,28,4,32
"2021-03-30",6068,10,3,13
"2021-03-30",6084,16,4,20
"2021-03-30",6086,14,3,17
"2021-03-30",6087,13,3,16
"2021-03-30",6090,17,4,21
"2021-03-30",6092,29,3,32
"2021-03-30",6096,25,4,29
"2021-03-30",6125,11,3,14
"2021-03-30",7025,26,4,30
"2021-03-30",7045,23,4,27
"2021-03-30",7046,20,4,24
"2021-03-30",7048,24,4,28
"2021-03-30",7060,25,5,30
"2021-03-30",7064,17,3,20
"2021-03-30",7068,22,3,25
"2021-03-30",7078,25,4,29
"2021-03-30",7109,20,3,23
"2021-03-30",7110,19,3,22
"2021-03-30",7114,29,4,33
"2021-03-30",7115,27,4,31
"2021-03-30",7116,25,5,30
"2021-03-30",7119,25,3,28
"2021-03-30",7128,19,3,22
"2021-03-30",7136,24,5,29
"2021-03-30",7138,27,4,31
"2021-03-30",7147,23,3,26
"2021-03-30",7153,17,4,21
"2021-03-30",7163,27,3,30
"2021-03-30",8083,24,2,26
"2021-03-31",4008,17,4,21
"2021-03-31",4026,21,3,24
"2021-03-31",4044,17,4,21
"2021-03-31",4057,16,2,18
"2021-03-31",4080,20,2,22
"2021-03-31",5035,19,4,23
"2021-03-31",5064,17,3,20
"2021-03-31",5096,25,3,28
"2021-03-31",5100,21,3,24
"2021-03-31",5118,22,4,26
"2021-03-31",5120,22,2,24
"2021-03-31",6025,22,2,24
"2021-03-31",6029,17,3,20
"2021-03-31",6041,26,5,31
"2021-03-31",6045,21,4,25
"2021-03-31",6061,27,4,31
"2021-03-31",6062,20,4,24
"2021-03-31",6064,30,3,33
"2021-03-31",6067,25,5,30
"2021-03-31",6068,23,3,26
"2021-03-31",6084,23,4,27
"2021-03-31",6086,12,2,14
"2021-03-31",6087,21,4,25
"2021-03-31",6090,19,4,23
"2021-03-31",6092,26,5,31
"2021-03-31",6096,25,3,28
"2021-03-31",6125,18,3,21
"2021-03-31",7025,26,2,28
"2021-03-31",7045,24,5,29
"2021-03-31",7046,25,4,29
"2021-03-31",7048,23,4,27
"2021-03-31",7060,27,4,31
"2021-03-31",7064,23,4,27
"2021-03-31",7068,22,2,24
"2021-03-31",7078,19,3,22
"2021-03-31",7109,23,3,26
"2021-03-31",7110,17,5,22
"2021-03-31",7114,28,4,32
"2021-03-31",7115,29,4,33
"2021-03-31",7116,21,4,25
"2021-03-31",7119,23,2,25
"2021-03-31",7128,17,4,21
"2021-03-31",7136,22,4,26
"2021-03-31",7138,28,4,32
"2021-03-31",7147,22,4,26
"2021-03-31",7153,20,5,25
"2021-03-31",7163,20,3,23
"2021-03-31",8083,27,5,32
"2021-04-01",4008,18,4,22
"2021-04-01",4026,18,3,21
"2021-04-01",4044,23,5,28
"2021-04-01",4057,19,2,21
"2021-04-01",4080,24,3,27
"2021-04-01",5035,15,2,17
"2021-04-01",5064,18,4,22
"2021-04-01",5096,22,3,25
"2021-04-01",5100,26,4,30
"2021-04-01",5118,27,4,31
"2021-04-01",5120,21,3,24
"2021-04-01",6025,23,2,25
"2021-04-01",6029,21,4,25
"2021-04-01",6041,29,4,33
"2021-04-01",6045,20,3,23
"2021-04-01",6061,28,5,33
"2021-04-01",6062,25,3,28
"2021-04-01",6064,28,5,33
"2021-04-01",6067,29,5,34
"2021-04-01",6068,16,3,19
"2021-04-01",6084,17,3,20
"2021-04-01",6086,13,2,15
"2021-04-01",6087,17,3,20
"2021-04-01",6090,21,3,24
"2021-04-01",6092,29,5,34
"2021-04-01",6096,19,2,21
"2021-04-01",6125,20,3,23
"2021-04-01",7025,26,4,30
"2021-04-01",7045,30,4,34
"2021-04-01",7046,24,5,29
"2021-04-01",7048,22,4,26
"2021-04-01",7060,21,3,24
"2021-04-01",7064,26,4,30
"2021-04-01",7068,22,3,25
"2021-04-01",7078,20,3,23
"2021-04-01",7109,20,3,23
"2021-04-01",7110,20,4,24
"2021-04-01",7114,27,3,30
"2021-04-01",7115,29,3,32
"2021-04-01",7116,22,4,26
"2021-04-01",7119,25,4,29
"2021-04-01",7128,22,2,24
"2021-04-01",7136,26,5,31
"2021-04-01",7138,27,5,32
"2021-04-01",7147,23,3,26
"2021-04-01",7153,23,4,27
"2021-04-01",7163,21,3,24
"2021-04-01",8083,28,3,31
"2021-04-02",4008,18,3,21
"2021-04-02",4026,18,3,21
"2021-04-02",4044,23,4,27
"2021-04-02",4057,21,2,23
"2021-04-02",4080,22,3,25
"2021-04-02",5035,18,4,22
"2021-04-02",5064,18,2,20
"2021-04-02",5096,24,2,26
"2021-04-02",5100,27,4,31
"2021-04-02",5118,27,4,31
"2021-04-02",5120,20,2,22
"2021-04-02",6025,20,4,24
"2021-04-02",6029,23,4,27
"2021-04-02",6041,27,4,31
"2021-04-02",6045,19,3,22
"2021-04-02",6061,28,4,32
"2021-04-02",6062,24,3,27
"2021-04-02",6064,28,2,30
"2021-04-02",6067,25,4,29
"2021-04-02",6068,15,2,17
"2021-04-02",6084,23,5,28
"2021-04-02",6086,21,2,23
"2021-04-02",6087,17,4,21
"2021-04-02",6090,19,3,22
"2021-04-02",6092,29,5,34
"2021-04-02",6096,24,4,28
"2021-04-02",6125,18,3,21
"2021-04-02",7025,26,3,29
"2021-04-02",7045,24,4,28
"2021-04-02",7046,26,4,30
"2021-04-02",7048,22,3,25
"2021-04-02",7060,24,5,29
"2021-04-02",7064,20,4,24
"2021-04-02",7068,25,4,29
"2021-04-02",7078,23,3,26
"2021-04-02",7109,17,2,19
"2021-04-02",7110,20,3,23
"2021-04-02",7114,29,4,33
"2021-04-02",7115,29,3,32
"2021-04-02",7116,23,4,27
"2021-04-02",7119,26,4,30
"2021-04-02",7128,24,3,27
"2021-04-02",7136,25,4,29
"2021-04-02",7138,26,5,31
"2021-04-02",7147,19,3,22
"2021-04-02",7153,22,4,26
"2021-04-02",7163,27,3,30
"2021-04-02",8083,27,4,31
"2021-04-03",4008,18,4,22
"2021-04-03",4026,13,3,16
"2021-04-03",4044,23,3,26
"2021-04-03",4057,19,2,21
"2021-04-03",4080,25,4,29
"2021-04-03",5035,17,2,19
"2021-04-03",5064,21,4,25
"2021-04-03",5096,20,2,22
"2021-04-03",5100,25,4,29
"2021-04-03",5118,21,3,24
"2021-04-03",5120,16,3,19
"2021-04-03",6025,26,3,29
"2021-04-03",6029,18,4,22
"2021-04-03",6041,29,5,34
"2021-04-03",6045,24,2,26
"2021-04-03",6061,27,4,31
"2021-04-03",6062,22,4,26
"2021-04-03",6064,25,5,30
"2021-04-03",6067,24,5,29
"2021-04-03",6068,16,3,19
"2021-04-03",6084,15,3,18
"2021-04-03",6086,17,2,19
"2021-04-03",6087,16,3,19
"2021-04-03",6090,21,5,26
"2021-04-03",6092,30,5,35
"2021-04-03",6096,27,4,31
"2021-04-03",6125,20,2,22
"2021-04-03",7025,23,4,27
"2021-04-03",7045,23,5,28
"2021-04-03",7046,30,3,33
"2021-04-03",7048,20,5,25
"2021-04-03",7060,24,3,27
"2021-04-03",7064,23,3,26
"2021-04-03",7068,20,4,24
"2021-04-03",7078,19,4,23
"2021-04-03",7109,18,3,21
"2021-04-03",7110,18,3,21
"2021-04-03",7114,25,4,29
"2021-04-03",7115,26,4,30
"2021-04-03",7116,16,5,21
"2021-04-03",7119,21,5,26
"2021-04-03",7128,24,3,27
"2021-04-03",7136,22,5,27
"2021-04-03",7138,27,4,31
"2021-04-03",7147,15,2,17
"2021-04-03",7153,26,4,30
"2021-04-03",7163,25,3,28
"2021-04-03",8083,26,4,30
"2021-04-04",4008,20,4,24
"2021-04-04",4026,17,3,20
"2021-04-04",4044,16,4,20
"2021-04-04",4057,21,2,23
"2021-04-04",4080,23,3,26
"2021-04-04",5035,18,4,22
"2021-04-04",5064,12,3,15
"2021-04-04",5096,24,3,27
"2021-04-04",5100,23,5,28
"2021-04-04",5118,24,5,29
"2021-04-04",5120,23,3,26
"2021-04-04",6025,29,3,32
"2021-04-04",6029,24,5,29
"2021-04-04",6041,27,5,32
"2021-04-04",6045,19,2,21
"2021-04-04",6061,24,5,29
"2021-04-04",6062,19,4,23
"2021-04-04",6064,27,4,31
"2021-04-04",6067,23,5,28
"2021-04-04",6068,17,2,19
"2021-04-04",6084,21,5,26
"2021-04-04",6086,13,2,15
"2021-04-04",6087,14,3,17
"2021-04-04",6090,23,4,27
"2021-04-04",6092,26,5,31
"2021-04-04",6096,23,4,27
"2021-04-04",6125,20,3,23
"2021-04-04",7025,26,4,30
"2021-04-04",7045,23,5,28
"2021-04-04",7046,28,4,32
"2021-04-04",7048,27,3,30
"2021-04-04",7060,25,3,28
"2021-04-04",7064,20,4,24
"2021-04-04",7068,21,4,25
"2021-04-04",7078,25,4,29
"2021-04-04",7109,21,4,25
"2021-04-04",7110,20,5,25
"2021-04-04",7114,27,4,31
"2021-04-04",7115,27,4,31
"2021-04-04",7116,23,4,27
"2021-04-04",7119,14,2,16
"2021-04-04",7128,18,3,21
"2021-04-04",7136,22,5,27
"2021-04-04",7138,27,5,32
"2021-04-04",7147,20,3,23
"2021-04-04",7153,23,5,28
"2021-04-04",7163,25,2,27
"2021-04-04",8083,22,3,25
"2021-04-05",4008,18,3,21
"2021-04-05",4026,24,2,26
"2021-04-05",4044,20,5,25
"2021-04-05",4057,18,3,21
"2021-04-05",4080,16,3,19
"2021-04-05",5035,16,3,19
"2021-04-05",5064,18,3,21
"2021-04-05",5096,22,5,27
"2021-04-05",5100,27,5,32
"2021-04-05",5118,24,3,27
"2021-04-05",5120,22,4,26
"2021-04-05",6025,25,3,28
"2021-04-05",6029,19,4,23
"2021-04-05",6041,27,4,31
"2021-04-05",6045,20,3,23
"2021-04-05",6061,27,5,32
"2021-04-05",6062,23,5,28
"2021-04-05",6064,24,4,28
"2021-04-05",6067,22,4,26
"2021-04-05",6068,15,5,20
"2021-04-05",6084,19,3,22
"2021-04-05",6086,12,2,14
"2021-04-05",6087,15,4,19
"2021-04-05",6090,15,4,19
"2021-04-05",6092,26,5,31
"2021-04-05",6096,22,4,26
"2021-04-05",6125,9,2,11
"2021-04-05",7025,21,4,25
"2021-04-05",7045,25,5,30
"2021-04-05",7046,21,3,24
"2021-04-05",7048,23,4,27
"2021-04-05",7060,24,3,27
"2021-04-05",7064,19,4,23
"2021-04-05",7068,23,5,28
"2021-04-05",7078,15,4,19
"2021-04-05",7109,27,5,32
"2021-04-05",7110,17,5,22
"2021-04-05",7114,26,5,31
"2021-04-05",7115,29,4,33
"2021-04-05",7116,19,5,24
"2021-04-05",7119,17,4,21
"2021-04-05",7128,23,4,27
"2021-04-05",7136,25,4,29
"2021-04-05",7138,21,4,25
"2021-04-05",7147,20,2,22
"2021-04-05",7153,26,4,30
"2021-04-05",7163,28,3,31
"2021-04-05",8083,25,5,30
"2021-04-06",4008,17,4,21
"2021-04-06",4026,18,2,20
"2021-04-06",4044,20,4,24
"2021-04-06",4057,17,3,20
"2021-04-06",4080,23,4,27
"2021-04-06",5035,15,5,20
"2021-04-06",5064,15,3,18
"2021-04-06",5096,23,4,27
"2021-04-06",5100,27,4,31
"2021-04-06",5118,22,3,25
"2021-04-06",5120,16,3,19
"2021-04-06",6025,22,3,25
"2021-04-06",6029,19,4,23
"2021-04-06",6041,30,4,34
"2021-04-06",6045,20,3,23
"2021-04-06",6061,19,3,22
"2021-04-06",6062,26,3,29
"2021-04-06",6064,25,4,29
"2021-04-06",6067,24,4,28
"2021-04-06",6068,17,3,20
"2021-04-06",6084,20,5,25
"2021-04-06",6086,18,2,20
"2021-04-06",6087,15,4,19
"2021-04-06",6090,15,4,19
"2021-04-06",6092,21,4,25
"2021-04-06",6096,22,3,25
"2021-04-06",6125,8,2,10
"2021-04-06",7025,24,4,28
"2021-04-06",7045,23,5,28
"2021-04-06",7046,21,5,26
"2021-04-06",7048,22,4,26
"2021-04-06",7060,24,5,29
"2021-04-06",7064,22,5,27
"2021-04-06",7068,28,4,32
"2021-04-06",7078,22,4,26
"2021-04-06",7109,24,3,27
"2021-04-06",7110,21,3,24
"2021-04-06",7114,26,3,29
"2021-04-06",7115,26,4,30
"2021-04-06",7116,21,4,25
"2021-04-06",7119,20,4,24
"2021-04-06",7128,25,3,28
"2021-04-06",7136,25,4,29
"2021-04-06",7138,27,5,32
"2021-04-06",7147,21,2,23
"2021-04-06",7153,27,5,32
"2021-04-06",7163,22,3,25
"2021-04-06",8083,25,4,29
"2021-04-07",4008,18,4,22
"2021-04-07",4026,19,3,22
"2021-04-07",4044,19,3,22
"2021-04-07",4057,23,4,27
"2021-04-07",4080,23,3,26
"2021-04-07",5035,19,5,24
"2021-04-07",5064,14,2,16
"2021-04-07",5096,20,4,24
"2021-04-07",5100,28,4,32
"2021-04-07",5118,23,4,27
"2021-04-07",5120,25,3,28
"2021-04-07",6025,23,4,27
"2021-04-07",6029,23,5,28
"2021-04-07",6041,29,5,34
"2021-04-07",6045,19,3,22
"2021-04-07",6061,24,2,26
"2021-04-07",6062,29,5,34
"2021-04-07",6064,29,2,31
"2021-04-07",6067,26,4,30
"2021-04-07",6068,20,2,22
"2021-04-07",6084,13,3,16
"2021-04-07",6086,20,3,23
"2021-04-07",6087,17,4,21
"2021-04-07",6090,21,4,25
"2021-04-07",6092,18,4,22
"2021-04-07",6096,26,5,31
"2021-04-07",6125,19,2,21
"2021-04-07",7025,21,3,24
"2021-04-07",7045,20,4,24
"2021-04-07",7046,23,3,26
"2021-04-07",7048,19,2,21
"2021-04-07",7060,30,4,34
"2021-04-07",7064,24,4,28
"2021-04-07",7068,23,3,26
"2021-04-07",7078,24,3,27
"2021-04-07",7109,23,4,27
"2021-04-07",7110,20,4,24
"2021-04-07",7114,26,3,29
"2021-04-07",7115,29,4,33
"2021-04-07",7116,21,4,25
"2021-04-07",7119,25,4,29
"2021-04-07",7128,22,3,25
"2021-04-07",7136,21,4,25
"2021-04-07",7138,28,4,32
"2021-04-07",7147,21,3,24
"2021-04-07",7153,25,4,29
"2021-04-07",7163,24,3,27
"2021-04-07",8083,28,5,33
"2021-04-08",4008,19,4,23
"2021-04-08",4026,24,4,28
"2021-04-08",4044,19,3,22
"2021-04-08",4057,27,4,31
"2021-04-08",4080,20,3,23
"2021-04-08",5035,13,1,14
"2021-04-08",5064,18,3,21
"2021-04-08",5096,29,4,33
"2021-04-08",5100,28,3,31
"2021-04-08",5118,26,4,30
"2021-04-08",5120,21,3,24
"2021-04-08",6017,17,2,19
"2021-04-08",6025,29,5,34
"2021-04-08",6029,27,5,32
"2021-04-08",6041,30,3,33
"2021-04-08",6045,22,3,25
"2021-04-08",6046,17,3,20
"2021-04-08",6061,27,5,32
"2021-04-08",6062,27,4,31
"2021-04-08",6064,22,2,24
"2021-04-08",6067,25,3,28
"2021-04-08",6068,28,4,32
"2021-04-08",6084,13,2,15
"2021-04-08",6086,24,3,27
"2021-04-08",6087,23,4,27
"2021-04-08",6090,12,3,15
"2021-04-08",6092,23,3,26
"2021-04-08",6096,28,3,31
"2021-04-08",6125,17,3,20
"2021-04-08",7025,21,3,24
"2021-04-08",7045,23,4,27
"2021-04-08",7046,25,2,27
"2021-04-08",7048,26,3,29
"2021-04-08",7060,29,5,34
"2021-04-08",7064,21,3,24
"2021-04-08",7068,20,1,21
"2021-04-08",7078,14,3,17
"2021-04-08",7109,28,3,31
"2021-04-08",7110,27,4,31
"2021-04-08",7114,27,3,30
"2021-04-08",7115,27,2,29
"2021-04-08",7116,22,4,26
"2021-04-08",7119,15,1,16
"2021-04-08",7123,16,2,18
"2021-04-08",7128,24,2,26
"2021-04-08",7136,27,4,31
"2021-04-08",7138,27,5,32
"2021-04-08",7139,20,3,23
"2021-04-08",7143,23,4,27
"2021-04-08",7147,26,2,28
"2021-04-08",7153,26,5,31
"2021-04-08",7163,22,3,25
"2021-04-08",8083,28,5,33
"2021-04-08",8145,19,2,21
"2021-04-08",8146,17,4,21
"2021-04-08",8154,25,3,28
"2021-04-08",9010,20,1,21
"2021-04-08",9012,21,3,24
"2021-04-09",4008,19,4,23
"2021-04-09",4026,27,3,30
"2021-04-09",4044,19,2,21
"2021-04-09",4057,20,4,24
"2021-04-09",5064,17,3,20
"2021-04-09",5096,22,4,26
"2021-04-09",5100,26,4,30
"2021-04-09",5118,29,4,33
"2021-04-09",5120,24,2,26
"2021-04-09",6017,22,2,24
"2021-04-09",6025,29,4,33
"2021-04-09",6029,22,4,26
"2021-04-09",6041,29,5,34
"2021-04-09",6045,23,2,25
"2021-04-09",6046,22,3,25
"2021-04-09",6061,24,3,27
"2021-04-09",6062,26,3,29
"2021-04-09",6068,27,4,31
"2021-04-09",6086,29,3,32
"2021-04-09",6087,20,4,24
"2021-04-09",6092,27,4,31
"2021-04-09",6096,22,3,25
"2021-04-09",6125,15,2,17
"2021-04-09",7025,24,3,27
"2021-04-09",7045,16,3,19
"2021-04-09",7048,22,4,26
"2021-04-09",7060,29,4,33
"2021-04-09",7064,15,2,17
"2021-04-09",7109,23,5,28
"2021-04-09",7110,21,4,25
"2021-04-09",7114,29,4,33
"2021-04-09",7115,30,4,34
"2021-04-09",7116,20,4,24
"2021-04-09",7123,19,4,23
"2021-04-09",7128,25,3,28
"2021-04-09",7136,26,3,29
"2021-04-09",7138,27,4,31
"2021-04-09",7139,17,3,20
"2021-04-09",7143,23,3,26
"2021-04-09",7147,25,3,28
"2021-04-09",7153,26,4,30
"2021-04-09",7163,24,3,27
"2021-04-09",8083,26,4,30
"2021-04-09",8145,11,2,13
"2021-04-09",8146,23,2,25
"2021-04-09",8154,27,5,32
"2021-04-09",9010,24,3,27
"2021-04-09",9012,25,3,28
"2021-04-10",4008,18,4,22
"2021-04-10",4026,24,4,28
"2021-04-10",4044,16,4,20
"2021-04-10",4057,26,4,30
"2021-04-10",5064,18,3,21
"2021-04-10",5096,17,3,20
"2021-04-10",5100,28,4,32
"2021-04-10",5118,23,4,27
"2021-04-10",5120,22,3,25
"2021-04-10",6017,19,3,22
"2021-04-10",6025,27,3,30
"2021-04-10",6029,25,5,30
"2021-04-10",6041,24,4,28
"2021-04-10",6045,29,3,32
"2021-04-10",6046,23,4,27
"2021-04-10",6061,27,5,32
"2021-04-10",6062,27,4,31
"2021-04-10",6068,25,3,28
"2021-04-10",6086,13,2,15
"2021-04-10",6087,19,3,22
"2021-04-10",6092,22,4,26
"2021-04-10",6096,22,5,27
"2021-04-10",6125,11,2,13
"2021-04-10",7025,26,3,29
"2021-04-10",7045,16,3,19
"2021-04-10",7048,16,4,20
"2021-04-10",7060,28,5,33
"2021-04-10",7064,18,4,22
"2021-04-10",7109,22,4,26
"2021-04-10",7110,19,3,22
"2021-04-10",7114,25,4,29
"2021-04-10",7115,29,4,33
"2021-04-10",7116,18,5,23
"2021-04-10",7123,24,4,28
"2021-04-10",7128,18,3,21
"2021-04-10",7136,20,3,23
"2021-04-10",7138,22,4,26
"2021-04-10",7139,19,4,23
"2021-04-10",7143,20,5,25
"2021-04-10",7147,19,3,22
"2021-04-10",7153,19,2,21
"2021-04-10",7163,19,2,21
"2021-04-10",8083,29,5,34
"2021-04-10",8145,22,3,25
"2021-04-10",8146,16,3,19
"2021-04-10",8154,24,5,29
"2021-04-10",9010,19,2,21
"2021-04-10",9012,19,3,22
"2021-04-11",4008,19,4,23
"2021-04-11",4026,20,3,23
"2021-04-11",4044,17,4,21
"2021-04-11",4057,21,4,25
"2021-04-11",5064,20,4,24
"2021-04-11",5100,28,3,31
"2021-04-11",5118,20,3,23
"2021-04-11",5120,21,5,26
"2021-04-11",6017,16,3,19
"2021-04-11",6025,25,4,29
"2021-04-11",6029,24,5,29
"2021-04-11",6041,26,4,30
"2021-04-11",6045,27,3,30
"2021-04-11",6046,19,3,22
"2021-04-11",6061,27,4,31
"2021-04-11",6062,19,3,22
"2021-04-11",6068,27,5,32
"2021-04-11",6086,20,2,22
"2021-04-11",6087,15,4,19
"2021-04-11",6092,25,4,29
"2021-04-11",6096,24,3,27
"2021-04-11",6125,16,2,18
"2021-04-11",7025,28,4,32
"2021-04-11",7045,15,3,18
"2021-04-11",7048,23,2,25
"2021-04-11",7060,30,5,35
"2021-04-11",7064,15,2,17
"2021-04-11",7109,22,3,25
"2021-04-11",7110,24,4,28
"2021-04-11",7114,29,3,32
"2021-04-11",7115,28,5,33
"2021-04-11",7116,21,5,26
"2021-04-11",7123,26,5,31
"2021-04-11",7128,25,3,28
"2021-04-11",7136,24,3,27
"2021-04-11",7138,29,4,33
"2021-04-11",7139,18,1,19
"2021-04-11",7143,26,4,30
"2021-04-11",7147,26,4,30
"2021-04-11",7153,24,5,29
"2021-04-11",7163,21,2,23
"2021-04-11",8083,22,4,26
"2021-04-11",8145,15,4,19
"2021-04-11",8146,17,2,19
"2021-04-11",8154,26,4,30
"2021-04-11",9010,21,3,24
"2021-04-11",9012,23,3,26
"2021-04-12",4008,25,4,29
"2021-04-12",4026,23,4,27
"2021-04-12",4044,17,2,19
"2021-04-12",4057,4,2,6
"2021-04-12",5064,21,4,25
"2021-04-12",5100,27,4,31
"2021-04-12",5118,20,3,23
"2021-04-12",5120,20,3,23
"2021-04-12",6017,21,3,24
"2021-04-12",6025,28,3,31
"2021-04-12",6029,18,4,22
"2021-04-12",6041,29,3,32
"2021-04-12",6045,28,5,33
"2021-04-12",6046,20,4,24
"2021-04-12",6061,30,4,34
"2021-04-12",6062,28,4,32
"2021-04-12",6064,19,2,21
"2021-04-12",6068,21,4,25
"2021-04-12",6086,27,2,29
"2021-04-12",6087,14,4,18
"2021-04-12",6092,29,5,34
"2021-04-12",6096,24,3,27
"2021-04-12",6125,21,3,24
"2021-04-12",7025,24,3,27
"2021-04-12",7045,25,3,28
"2021-04-12",7048,11,2,13
"2021-04-12",7060,21,4,25
"2021-04-12",7064,17,2,19
"2021-04-12",7078,24,4,28
"2021-04-12",7109,25,3,28
"2021-04-12",7110,22,3,25
"2021-04-12",7114,25,3,28
"2021-04-12",7115,30,4,34
"2021-04-12",7116,22,5,27
"2021-04-12",7123,22,4,26
"2021-04-12",7128,21,2,23
"2021-04-12",7136,26,4,30
"2021-04-12",7138,25,3,28
"2021-04-12",7139,14,2,16
"2021-04-12",7143,22,4,26
"2021-04-12",7147,21,4,25
"2021-04-12",7153,18,3,21
"2021-04-12",7163,25,2,27
"2021-04-12",8083,26,4,30
"2021-04-12",8145,15,3,18
"2021-04-12",8146,21,3,24
"2021-04-12",8154,25,5,30
"2021-04-12",9010,20,1,21
"2021-04-12",9012,22,4,26
"2021-04-13",4008,16,4,20
"2021-04-13",4026,18,4,22
"2021-04-13",4044,18,3,21
"2021-04-13",5064,21,3,24
"2021-04-13",5100,26,3,29
"2021-04-13",5118,21,4,25
"2021-04-13",5120,19,3,22
"2021-04-13",6017,15,1,16
"2021-04-13",6025,26,2,28
"2021-04-13",6029,16,4,20
"2021-04-13",6041,28,5,33
"2021-04-13",6045,25,4,29
"2021-04-13",6046,21,4,25
"2021-04-13",6061,27,3,30
"2021-04-13",6062,27,4,31
"2021-04-13",6064,28,3,31
"2021-04-13",6068,20,5,25
"2021-04-13",6086,22,3,25
"2021-04-13",6087,23,3,26
"2021-04-13",6092,26,5,31
"2021-04-13",6096,22,4,26
"2021-04-13",6125,16,2,18
"2021-04-13",7025,22,2,24
"2021-04-13",7045,26,4,30
"2021-04-13",7048,22,4,26
"2021-04-13",7060,21,4,25
"2021-04-13",7064,20,4,24
"2021-04-13",7078,21,4,25
"2021-04-13",7109,19,4,23
"2021-04-13",7110,21,4,25
"2021-04-13",7114,26,3,29
"2021-04-13",7115,27,4,31
"2021-04-13",7116,20,5,25
"2021-04-13",7123,25,4,29
"2021-04-13",7128,20,3,23
"2021-04-13",7136,22,4,26
"2021-04-13",7138,27,5,32
"2021-04-13",7139,19,2,21
"2021-04-13",7143,23,4,27
"2021-04-13",7147,13,3,16
"2021-04-13",7153,24,3,27
"2021-04-13",7163,21,3,24
"2021-04-13",8083,24,2,26
"2021-04-13",8145,15,4,19
"2021-04-13",8146,18,2,20
"2021-04-13",8154,25,5,30
"2021-04-13",9010,19,2,21
"2021-04-13",9012,20,2,22
"2021-04-14",4008,19,4,23
"2021-04-14",4026,17,3,20
"2021-04-14",4044,17,2,19
"2021-04-14",5064,16,3,19
"2021-04-14",5100,26,4,30
"2021-04-14",5118,22,3,25
"2021-04-14",5120,21,3,24
"2021-04-14",6017,17,4,21
"2021-04-14",6025,14,3,17
"2021-04-14",6029,21,3,24
"2021-04-14",6041,27,3,30
"2021-04-14",6045,25,4,29
"2021-04-14",6046,25,2,27
"2021-04-14",6061,29,3,32
"2021-04-14",6062,22,5,27
"2021-04-14",6064,24,4,28
"2021-04-14",6068,16,2,18
"2021-04-14",6086,19,2,21
"2021-04-14",6087,24,4,28
"2021-04-14",6092,27,4,31
"2021-04-14",6096,25,4,29
"2021-04-14",6125,18,2,20
"2021-04-14",7025,25,3,28
"2021-04-14",7045,19,4,23
"2021-04-14",7048,18,3,21
"2021-04-14",7060,25,3,28
"2021-04-14",7064,26,3,29
"2021-04-14",7078,20,3,23
"2021-04-14",7109,22,5,27
"2021-04-14",7110,18,4,22
"2021-04-14",7114,26,3,29
"2021-04-14",7115,30,4,34
"2021-04-14",7116,22,4,26
"2021-04-14",7123,28,4,32
"2021-04-14",7128,21,3,24
"2021-04-14",7136,26,4,30
"2021-04-14",7138,26,3,29
"2021-04-14",7139,20,2,22
"2021-04-14",7143,23,5,28
"2021-04-14",7147,23,4,27
"2021-04-14",7153,22,5,27
"2021-04-14",7163,29,3,32
"2021-04-14",8083,28,4,32
"2021-04-14",8145,22,3,25
"2021-04-14",8146,19,3,22
"2021-04-14",8154,22,4,26
"2021-04-14",9010,21,2,23
"2021-04-14",9012,24,3,27
"2021-04-15",4008,19,4,23
"2021-04-15",4026,28,4,32
"2021-04-15",4044,23,3,26
"2021-04-15",5064,14,2,16
"2021-04-15",5100,27,3,30
"2021-04-15",5118,24,3,27
"2021-04-15",5120,22,4,26
"2021-04-15",6017,17,3,20
"2021-04-15",6025,25,5,30
"2021-04-15",6029,22,3,25
"2021-04-15",6041,25,4,29
"2021-04-15",6045,23,5,28
"2021-04-15",6046,22,3,25
"2021-04-15",6061,26,4,30
"2021-04-15",6062,23,4,27
"2021-04-15",6064,30,5,35
"2021-04-15",6068,23,3,26
"2021-04-15",6086,16,3,19
"2021-04-15",6087,18,3,21
"2021-04-15",6092,27,4,31
"2021-04-15",6096,22,3,25
"2021-04-15",6125,18,3,21
"2021-04-15",7025,23,3,26
"2021-04-15",7045,17,5,22
"2021-04-15",7048,18,4,22
"2021-04-15",7060,26,4,30
"2021-04-15",7064,19,4,23
"2021-04-15",7078,24,5,29
"2021-04-15",7109,28,2,30
"2021-04-15",7110,25,4,29
"2021-04-15",7114,25,3,28
"2021-04-15",7115,30,4,34
"2021-04-15",7116,17,4,21
"2021-04-15",7123,27,4,31
"2021-04-15",7128,19,3,22
"2021-04-15",7136,24,5,29
"2021-04-15",7138,28,4,32
"2021-04-15",7139,22,3,25
"2021-04-15",7143,13,2,15
"2021-04-15",7147,17,3,20
"2021-04-15",7153,25,3,28
"2021-04-15",7163,21,3,24
"2021-04-15",8083,27,3,30
"2021-04-15",8145,11,3,14
"2021-04-15",8146,15,2,17
"2021-04-15",8154,21,5,26
"2021-04-15",9010,26,2,28
"2021-04-15",9012,25,4,29
"2021-04-16",4008,16,4,20
"2021-04-16",4026,18,3,21
"2021-04-16",4044,15,1,16
"2021-04-16",5064,18,5,23
"2021-04-16",5100,23,4,27
"2021-04-16",5118,25,4,29
"2021-04-16",5120,17,4,21
"2021-04-16",6017,14,3,17
"2021-04-16",6025,25,3,28
"2021-04-16",6029,26,4,30
"2021-04-16",6041,28,3,31
"2021-04-16",6045,21,4,25
"2021-04-16",6046,26,3,29
"2021-04-16",6061,23,3,26
"2021-04-16",6062,24,3,27
"2021-04-16",6064,27,3,30
"2021-04-16",6068,24,4,28
"2021-04-16",6086,22,2,24
"2021-04-16",6087,21,4,25
"2021-04-16",6092,30,5,35
"2021-04-16",6096,22,4,26
"2021-04-16",6125,23,3,26
"2021-04-16",7025,20,4,24
"2021-04-16",7045,19,4,23
"2021-04-16",7048,21,3,24
"2021-04-16",7060,27,4,31
"2021-04-16",7064,23,4,27
"2021-04-16",7078,26,5,31
"2021-04-16",7109,18,3,21
"2021-04-16",7110,19,5,24
"2021-04-16",7114,24,3,27
"2021-04-16",7115,17,4,21
"2021-04-16",7116,20,4,24
"2021-04-16",7123,25,3,28
"2021-04-16",7128,19,3,22
"2021-04-16",7136,23,4,27
"2021-04-16",7138,28,4,32
"2021-04-16",7139,27,3,30
"2021-04-16",7143,19,3,22
"2021-04-16",7147,20,2,22
"2021-04-16",7153,18,5,23
"2021-04-16",7163,23,2,25
"2021-04-16",8083,21,4,25
"2021-04-16",8145,18,3,21
"2021-04-16",8146,15,3,18
"2021-04-16",8154,19,3,22
"2021-04-16",9010,21,1,22
"2021-04-16",9012,24,3,27
"2021-04-17",4008,20,4,24
"2021-04-17",4026,19,4,23
"2021-04-17",4044,15,4,19
"2021-04-17",5064,14,5,19
"2021-04-17",5100,29,4,33
"2021-04-17",5118,23,2,25
"2021-04-17",5120,20,3,23
"2021-04-17",6017,16,4,20
"2021-04-17",6025,23,5,28
"2021-04-17",6029,23,3,26
"2021-04-17",6041,27,4,31
"2021-04-17",6045,23,3,26
"2021-04-17",6046,15,3,18
"2021-04-17",6061,30,4,34
"2021-04-17",6062,19,3,22
"2021-04-17",6064,23,4,27
"2021-04-17",6068,25,4,29
"2021-04-17",6086,17,2,19
"2021-04-17",6087,13,3,16
"2021-04-17",6092,28,4,32
"2021-04-17",6096,24,2,26
"2021-04-17",6125,16,2,18
"2021-04-17",7025,19,3,22
"2021-04-17",7045,11,4,15
"2021-04-17",7048,24,3,27
"2021-04-17",7060,27,5,32
"2021-04-17",7064,23,4,27
"2021-04-17",7078,20,4,24
"2021-04-17",7109,19,4,23
"2021-04-17",7110,21,4,25
"2021-04-17",7114,24,5,29
"2021-04-17",7115,24,5,29
"2021-04-17",7116,22,3,25
"2021-04-17",7123,30,4,34
"2021-04-17",7128,19,3,22
"2021-04-17",7136,22,4,26
"2021-04-17",7138,26,5,31
"2021-04-17",7139,19,4,23
"2021-04-17",7143,20,4,24
"2021-04-17",7147,18,2,20
"2021-04-17",7153,18,3,21
"2021-04-17",7163,21,3,24
"2021-04-17",8083,22,3,25
"2021-04-17",8145,16,5,21
"2021-04-17",8146,11,2,13
"2021-04-17",8154,20,4,24
"2021-04-17",9010,15,2,17
"2021-04-17",9012,21,4,25
"2021-04-18",4008,15,3,18
"2021-04-18",4026,20,4,24
"2021-04-18",4044,13,2,15
"2021-04-18",5064,20,4,24
"2021-04-18",5100,24,5,29
"2021-04-18",5118,23,2,25
"2021-04-18",5120,20,4,24
"2021-04-18",6017,15,4,19
"2021-04-18",6025,20,3,23
"2021-04-18",6029,24,4,28
"2021-04-18",6041,28,5,33
"2021-04-18",6045,20,3,23
"2021-04-18",6046,23,4,27
"2021-04-18",6061,25,3,28
"2021-04-18",6062,19,4,23
"2021-04-18",6064,28,5,33
"2021-04-18",6068,24,5,29
"2021-04-18",6086,17,3,20
"2021-04-18",6087,19,4,23
"2021-04-18",6092,23,4,27
"2021-04-18",6096,23,2,25
"2021-04-18",6125,7,1,8
"2021-04-18",7025,23,3,26
"2021-04-18",7045,14,4,18
"2021-04-18",7048,18,5,23
"2021-04-18",7060,27,3,30
"2021-04-18",7064,15,3,18
"2021-04-18",7078,24,4,28
"2021-04-18",7109,25,4,29
"2021-04-18",7110,18,5,23
"2021-04-18",7114,30,4,34
"2021-04-18",7115,26,5,31
"2021-04-18",7116,21,5,26
"2021-04-18",7123,28,4,32
"2021-04-18",7128,19,3,22
"2021-04-18",7136,20,4,24
"2021-04-18",7138,25,3,28
"2021-04-18",7139,21,2,23
"2021-04-18",7143,24,2,26
"2021-04-18",7147,14,1,15
"2021-04-18",7153,21,3,24
"2021-04-18",7163,20,3,23
"2021-04-18",8083,25,3,28
"2021-04-18",8145,20,3,23
"2021-04-18",8146,17,4,21
"2021-04-18",8154,25,5,30
"2021-04-18",9010,22,2,24
"2021-04-18",9012,22,3,25
"2021-04-19",4008,15,4,19
"2021-04-19",4026,24,3,27
"2021-04-19",4044,17,2,19
"2021-04-19",5064,17,3,20
"2021-04-19",5100,23,4,27
"2021-04-19",5118,19,3,22
"2021-04-19",5120,20,3,23
"2021-04-19",6017,22,3,25
"2021-04-19",6025,26,4,30
"2021-04-19",6029,25,4,29
"2021-04-19",6041,26,4,30
"2021-04-19",6045,25,3,28
"2021-04-19",6046,24,3,27
"2021-04-19",6061,27,4,31
"2021-04-19",6062,19,3,22
"2021-04-19",6064,28,5,33
"2021-04-19",6068,25,5,30
"2021-04-19",6086,21,4,25
"2021-04-19",6087,21,4,25
"2021-04-19",6092,30,3,33
"2021-04-19",6096,19,3,22
"2021-04-19",6125,11,3,14
"2021-04-19",7025,22,4,26
"2021-04-19",7045,22,5,27
"2021-04-19",7048,19,3,22
"2021-04-19",7060,27,4,31
"2021-04-19",7064,18,4,22
"2021-04-19",7078,26,3,29
"2021-04-19",7109,18,4,22
"2021-04-19",7110,17,5,22
"2021-04-19",7114,29,5,34
"2021-04-19",7115,26,3,29
"2021-04-19",7116,24,5,29
"2021-04-19",7123,28,3,31
"2021-04-19",7128,22,3,25
"2021-04-19",7136,22,5,27
"2021-04-19",7138,27,4,31
"2021-04-19",7139,20,2,22
"2021-04-19",7143,25,3,28
"2021-04-19",7147,19,4,23
"2021-04-19",7153,26,3,29
"2021-04-19",7163,25,3,28
"2021-04-19",8083,21,2,23
"2021-04-19",8145,21,5,26
"2021-04-19",8146,17,5,22
"2021-04-19",8154,24,3,27
"2021-04-19",9010,20,3,23
"2021-04-19",9012,29,3,32
"2021-04-20",4008,17,4,21
"2021-04-20",4026,23,3,26
"2021-04-20",4044,18,3,21
"2021-04-20",5064,16,4,20
"2021-04-20",5100,23,3,26
"2021-04-20",5118,21,3,24
"2021-04-20",5120,20,4,24
"2021-04-20",6017,19,3,22
"2021-04-20",6025,28,3,31
"2021-04-20",6029,22,5,27
"2021-04-20",6041,29,4,33
"2021-04-20",6045,21,4,25
"2021-04-20",6046,24,2,26
"2021-04-20",6061,20,4,24
"2021-04-20",6062,14,3,17
"2021-04-20",6064,25,4,29
"2021-04-20",6068,18,4,22
"2021-04-20",6086,14,2,16
"2021-04-20",6087,26,4,30
"2021-04-20",6092,29,5,34
"2021-04-20",6096,21,4,25
"2021-04-20",6125,11,1,12
"2021-04-20",7025,25,4,29
"2021-04-20",7045,25,4,29
"2021-04-20",7048,17,3,20
"2021-04-20",7060,27,4,31
"2021-04-20",7064,18,3,21
"2021-04-20",7078,21,4,25
"2021-04-20",7109,15,4,19
"2021-04-20",7110,19,5,24
"2021-04-20",7114,28,3,31
"2021-04-20",7115,27,5,32
"2021-04-20",7116,17,4,21
"2021-04-20",7123,26,4,30
"2021-04-20",7128,19,4,23
"2021-04-20",7136,22,4,26
"2021-04-20",7138,28,3,31
"2021-04-20",7139,22,2,24
"2021-04-20",7143,27,3,30
"2021-04-20",7147,17,3,20
"2021-04-20",7153,25,5,30
"2021-04-20",7163,27,1,28
"2021-04-20",8083,23,3,26
"2021-04-20",8145,16,3,19
"2021-04-20",8146,12,3,15
"2021-04-20",8154,22,4,26
"2021-04-20",9010,19,3,22
"2021-04-20",9012,25,2,27
"2021-04-21",4008,15,4,19
"2021-04-21",4026,23,4,27
"2021-04-21",4044,20,3,23
"2021-04-21",5064,13,3,16
"2021-04-21",5100,22,3,25
"2021-04-21",5118,24,3,27
"2021-04-21",5120,22,2,24
"2021-04-21",6017,15,3,18
"2021-04-21",6025,21,5,26
"2021-04-21",6029,20,4,24
"2021-04-21",6041,27,4,31
"2021-04-21",6045,21,2,23
"2021-04-21",6046,20,2,22
"2021-04-21",6061,28,5,33
"2021-04-21",6062,19,4,23
"2021-04-21",6064,29,3,32
"2021-04-21",6068,28,4,32
"2021-04-21",6086,12,2,14
"2021-04-21",6087,16,4,20
"2021-04-21",6092,25,4,29
"2021-04-21",6096,23,3,26
"2021-04-21",6125,16,3,19
"2021-04-21",7025,19,3,22
"2021-04-21",7045,14,4,18
"2021-04-21",7048,19,3,22
"2021-04-21",7060,17,3,20
"2021-04-21",7064,24,4,28
"2021-04-21",7078,22,4,26
"2021-04-21",7109,23,3,26
"2021-04-21",7110,20,5,25
"2021-04-21",7114,28,4,32
"2021-04-21",7115,26,3,29
"2021-04-21",7116,15,2,17
"2021-04-21",7123,30,2,32
"2021-04-21",7128,21,3,24
"2021-04-21",7136,24,4,28
"2021-04-21",7138,27,4,31
"2021-04-21",7139,19,2,21
"2021-04-21",7143,23,2,25
"2021-04-21",7147,19,3,22
"2021-04-21",7153,21,4,25
"2021-04-21",7163,22,3,25
"2021-04-21",8083,22,3,25
"2021-04-21",8145,18,4,22
"2021-04-21",8146,17,4,21
"2021-04-21",8154,25,4,29
"2021-04-21",9010,15,2,17
"2021-04-21",9012,18,3,21
"2021-04-22",4008,12,4,16
"2021-04-22",4026,13,1,14
"2021-04-22",4044,17,3,20
"2021-04-22",5064,25,3,28
"2021-04-22",5100,25,4,29
"2021-04-22",5118,23,4,27
"2021-04-22",5120,26,4,30
"2021-04-22",6017,16,1,17
"2021-04-22",6025,26,4,30
"2021-04-22",6029,19,3,22
"2021-04-22",6041,24,3,27
"2021-04-22",6045,21,3,24
"2021-04-22",6046,24,3,27
"2021-04-22",6061,26,4,30
"2021-04-22",6062,25,4,29
"2021-04-22",6064,16,3,19
"2021-04-22",6068,23,3,26
"2021-04-22",6076,23,1,24
"2021-04-22",6086,13,1,14
"2021-04-22",6087,10,3,13
"2021-04-22",6092,27,5,32
"2021-04-22",6093,24,2,26
"2021-04-22",6096,27,3,30
"2021-04-22",6112,14,2,16
"2021-04-22",6125,13,3,16
"2021-04-22",7025,15,2,17
"2021-04-22",7045,20,4,24
"2021-04-22",7048,20,4,24
"2021-04-22",7060,27,4,31
"2021-04-22",7064,16,3,19
"2021-04-22",7078,9,2,11
"2021-04-22",7109,22,2,24
"2021-04-22",7110,20,5,25
"2021-04-22",7114,26,3,29
"2021-04-22",7115,26,4,30
"2021-04-22",7116,13,2,15
"2021-04-22",7123,27,3,30
"2021-04-22",7128,17,2,19
"2021-04-22",7136,27,4,31
"2021-04-22",7138,27,5,32
"2021-04-22",7139,21,2,23
"2021-04-22",7143,24,2,26
"2021-04-22",7147,20,4,24
"2021-04-22",7150,16,3,19
"2021-04-22",7153,24,5,29
"2021-04-22",7154,24,5,29
"2021-04-22",7163,28,4,32
"2021-04-22",8083,20,2,22
"2021-04-22",8145,15,3,18
"2021-04-22",8146,16,2,18
"2021-04-22",8154,26,4,30
"2021-04-22",9010,24,3,27
"2021-04-22",9012,26,3,29
"2021-04-23",4008,13,3,16
"2021-04-23",4044,17,4,21
"2021-04-23",5064,21,3,24
"2021-04-23",5100,24,3,27
"2021-04-23",5118,27,4,31
"2021-04-23",5120,22,2,24
"2021-04-23",6017,19,3,22
"2021-04-23",6025,25,5,30
"2021-04-23",6029,15,3,18
"2021-04-23",6041,27,4,31
"2021-04-23",6045,28,3,31
"2021-04-23",6046,21,3,24
"2021-04-23",6061,27,4,31
"2021-04-23",6062,24,3,27
"2021-04-23",6068,25,5,30
"2021-04-23",6076,23,3,26
"2021-04-23",6086,16,2,18
"2021-04-23",6092,27,5,32
"2021-04-23",6093,26,5,31
"2021-04-23",6096,20,3,23
"2021-04-23",6112,16,3,19
"2021-04-23",6125,17,2,19
"2021-04-23",7045,15,3,18
"2021-04-23",7048,20,4,24
"2021-04-23",7060,20,4,24
"2021-04-23",7064,21,5,26
"2021-04-23",7109,27,4,31
"2021-04-23",7110,16,5,21
"2021-04-23",7114,27,3,30
"2021-04-23",7115,28,4,32
"2021-04-23",7116,9,2,11
"2021-04-23",7123,28,4,32
"2021-04-23",7128,16,3,19
"2021-04-23",7136,24,5,29
"2021-04-23",7138,29,4,33
"2021-04-23",7139,23,2,25
"2021-04-23",7143,26,3,29
"2021-04-23",7147,20,1,21
"2021-04-23",7150,15,2,17
"2021-04-23",7153,23,5,28
"2021-04-23",7154,26,3,29
"2021-04-23",7163,23,2,25
"2021-04-23",8083,23,4,27
"2021-04-23",8145,15,4,19
"2021-04-23",8146,15,2,17
"2021-04-23",8154,20,5,25
"2021-04-23",9010,22,2,24
"2021-04-23",9012,22,4,26
"2021-04-24",4008,15,2,17
"2021-04-24",4044,15,2,17
"2021-04-24",5064,20,3,23
"2021-04-24",5100,23,2,25
"2021-04-24",5118,21,3,24
"2021-04-24",5120,20,3,23
"2021-04-24",6017,15,3,18
"2021-04-24",6025,24,4,28
"2021-04-24",6029,20,4,24
"2021-04-24",6041,25,4,29
"2021-04-24",6045,20,4,24
"2021-04-24",6046,22,3,25
"2021-04-24",6061,25,4,29
"2021-04-24",6062,16,3,19
"2021-04-24",6068,26,4,30
"2021-04-24",6076,23,3,26
"2021-04-24",6086,15,3,18
"2021-04-24",6092,23,5,28
"2021-04-24",6093,26,3,29
"2021-04-24",6096,20,3,23
"2021-04-24",6112,18,3,21
"2021-04-24",6125,16,3,19
"2021-04-24",7045,11,3,14
"2021-04-24",7048,18,3,21
"2021-04-24",7060,28,5,33
"2021-04-24",7064,21,4,25
"2021-04-24",7109,21,3,24
"2021-04-24",7110,17,4,21
"2021-04-24",7114,24,2,26
"2021-04-24",7115,26,4,30
"2021-04-24",7116,11,2,13
"2021-04-24",7123,26,3,29
"2021-04-24",7128,17,3,20
"2021-04-24",7136,24,3,27
"2021-04-24",7138,29,3,32
"2021-04-24",7139,20,2,22
"2021-04-24",7143,18,2,20
"2021-04-24",7147,22,2,24
"2021-04-24",7150,19,2,21
"2021-04-24",7153,25,3,28
"2021-04-24",7154,22,3,25
"2021-04-24",7163,19,2,21
"2021-04-24",8083,24,2,26
"2021-04-24",8145,19,4,23
"2021-04-24",8146,18,3,21
"2021-04-24",8154,21,4,25
"2021-04-24",9010,24,2,26
"2021-04-24",9012,16,3,19
"2021-04-25",4008,12,4,16
"2021-04-25",4044,13,4,17
"2021-04-25",5064,25,4,29
"2021-04-25",5100,23,4,27
"2021-04-25",5118,18,4,22
"2021-04-25",5120,14,4,18
"2021-04-25",6017,15,2,17
"2021-04-25",6025,21,5,26
"2021-04-25",6029,24,4,28
"2021-04-25",6041,30,5,35
"2021-04-25",6045,21,3,24
"2021-04-25",6046,18,3,21
"2021-04-25",6061,25,4,29
"2021-04-25",6062,19,3,22
"2021-04-25",6068,28,4,32
"2021-04-25",6076,22,2,24
"2021-04-25",6086,11,2,13
"2021-04-25",6092,24,5,29
"2021-04-25",6093,28,2,30
"2021-04-25",6096,24,4,28
"2021-04-25",6112,21,3,24
"2021-04-25",6125,14,2,16
"2021-04-25",7045,14,4,18
"2021-04-25",7048,21,4,25
"2021-04-25",7060,26,4,30
"2021-04-25",7064,21,5,26
"2021-04-25",7109,23,5,28
"2021-04-25",7110,16,4,20
"2021-04-25",7114,30,3,33
"2021-04-25",7115,27,3,30
"2021-04-25",7116,10,3,13
"2021-04-25",7123,23,2,25
"2021-04-25",7128,17,3,20
"2021-04-25",7136,25,4,29
"2021-04-25",7138,26,4,30
"2021-04-25",7139,26,3,29
"2021-04-25",7143,21,2,23
"2021-04-25",7147,17,2,19
"2021-04-25",7150,23,4,27
"2021-04-25",7153,18,5,23
"2021-04-25",7154,22,3,25
"2021-04-25",7163,26,3,29
"2021-04-25",8083,16,3,19
"2021-04-25",8145,24,4,28
"2021-04-25",8146,21,4,25
"2021-04-25",8154,18,3,21
"2021-04-25",9010,22,4,26
"2021-04-25",9012,22,4,26
"2021-04-26",4008,16,3,19
"2021-04-26",4044,12,2,14
"2021-04-26",5064,19,4,23
"2021-04-26",5100,26,3,29
"2021-04-26",5118,25,3,28
"2021-04-26",5120,18,4,22
"2021-04-26",6017,13,4,17
"2021-04-26",6025,23,4,27
"2021-04-26",6029,26,5,31
"2021-04-26",6041,25,4,29
"2021-04-26",6045,20,3,23
"2021-04-26",6046,20,1,21
"2021-04-26",6061,24,5,29
"2021-04-26",6062,23,3,26
"2021-04-26",6068,27,5,32
"2021-04-26",6076,14,2,16
"2021-04-26",6086,13,2,15
"2021-04-26",6092,28,4,32
"2021-04-26",6093,28,3,31
"2021-04-26",6096,24,4,28
"2021-04-26",6112,17,4,21
"2021-04-26",6125,21,2,23
"2021-04-26",7045,12,4,16
"2021-04-26",7048,22,4,26
"2021-04-26",7060,23,4,27
"2021-04-26",7064,20,4,24
"2021-04-26",7109,26,2,28
"2021-04-26",7110,24,4,28
"2021-04-26",7114,29,3,32
"2021-04-26",7115,28,4,32
"2021-04-26",7116,13,4,17
"2021-04-26",7123,27,4,31
"2021-04-26",7128,17,2,19
"2021-04-26",7136,21,4,25
"2021-04-26",7138,25,3,28
"2021-04-26",7139,23,3,26
"2021-04-26",7143,22,3,25
"2021-04-26",7147,17,2,19
"2021-04-26",7150,18,2,20
"2021-04-26",7153,24,5,29
"2021-04-26",7154,25,3,28
"2021-04-26",7163,20,2,22
"2021-04-26",8083,19,2,21
"2021-04-26",8145,23,5,28
"2021-04-26",8146,17,3,20
"2021-04-26",8154,23,3,26
"2021-04-26",9010,24,4,28
"2021-04-26",9012,22,3,25
"2021-04-27",4008,17,4,21
"2021-04-27",4044,18,2,20
"2021-04-27",5064,23,3,26
"2021-04-27",5100,25,5,30
"2021-04-27",5118,21,4,25
"2021-04-27",5120,19,4,23
"2021-04-27",6017,20,3,23
"2021-04-27",6025,24,4,28
"2021-04-27",6029,20,4,24
"2021-04-27",6041,28,5,33
"2021-04-27",6045,23,3,26
"2021-04-27",6046,14,2,16
"2021-04-27",6061,19,3,22
"2021-04-27",6062,21,4,25
"2021-04-27",6068,28,3,31
"2021-04-27",6076,17,3,20
"2021-04-27",6086,19,3,22
"2021-04-27",6092,24,5,29
"2021-04-27",6093,30,4,34
"2021-04-27",6096,20,3,23
"2021-04-27",6112,24,3,27
"2021-04-27",6125,15,3,18
"2021-04-27",7045,22,5,27
"2021-04-27",7048,25,3,28
"2021-04-27",7060,25,5,30
"2021-04-27",7064,21,4,25
"2021-04-27",7109,21,3,24
"2021-04-27",7110,23,4,27
"2021-04-27",7114,25,3,28
"2021-04-27",7115,27,5,32
"2021-04-27",7116,17,2,19
"2021-04-27",7123,22,5,27
"2021-04-27",7128,24,4,28
"2021-04-27",7136,20,5,25
"2021-04-27",7138,27,5,32
"2021-04-27",7139,24,2,26
"2021-04-27",7143,18,3,21
"2021-04-27",7147,20,4,24
"2021-04-27",7150,22,3,25
"2021-04-27",7153,23,5,28
"2021-04-27",7154,20,3,23
"2021-04-27",7163,21,3,24
"2021-04-27",8083,25,3,28
"2021-04-27",8145,17,3,20
"2021-04-27",8146,20,4,24
"2021-04-27",8154,26,3,29
"2021-04-27",9010,24,3,27
"2021-04-27",9012,24,3,27
"2021-04-28",4008,15,4,19
"2021-04-28",4044,24,3,27
"2021-04-28",5064,16,2,18
"2021-04-28",5100,24,5,29
"2021-04-28",5118,21,5,26
"2021-04-28",5120,19,3,22
"2021-04-28",6017,20,4,24
"2021-04-28",6025,20,4,24
"2021-04-28",6029,18,2,20
"2021-04-28",6041,28,4,32
"2021-04-28",6045,24,4,28
"2021-04-28",6046,18,3,21
"2021-04-28",6061,21,3,24
"2021-04-28",6062,20,3,23
"2021-04-28",6068,26,5,31
"2021-04-28",6076,25,3,28
"2021-04-28",6086,16,3,19
"2021-04-28",6092,28,5,33
"2021-04-28",6093,30,4,34
"2021-04-28",6096,23,3,26
"2021-04-28",6112,24,4,28
"2021-04-28",6125,10,2,12
"2021-04-28",7045,24,5,29
"2021-04-28",7048,22,3,25
"2021-04-28",7060,24,3,27
"2021-04-28",7064,19,4,23
"2021-04-28",7109,25,5,30
"2021-04-28",7110,22,4,26
"2021-04-28",7114,21,3,24
"2021-04-28",7115,30,4,34
"2021-04-28",7116,13,3,16
"2021-04-28",7123,25,5,30
"2021-04-28",7128,19,3,22
"2021-04-28",7136,21,2,23
"2021-04-28",7138,25,4,29
"2021-04-28",7139,26,4,30
"2021-04-28",7143,15,3,18
"2021-04-28",7147,18,3,21
"2021-04-28",7150,21,3,24
"2021-04-28",7153,23,4,27
"2021-04-28",7154,20,3,23
"2021-04-28",7163,17,3,20
"2021-04-28",8083,28,5,33
"2021-04-28",8145,22,4,26
"2021-04-28",8146,22,3,25
"2021-04-28",8154,25,3,28
"2021-04-28",9010,19,2,21
"2021-04-28",9012,24,4,28
"2021-04-29",4008,21,4,25
"2021-04-29",4044,16,2,18
"2021-04-29",5064,25,3,28
"2021-04-29",5100,29,4,33
"2021-04-29",5118,23,3,26
"2021-04-29",5120,20,3,23
"2021-04-29",6017,22,4,26
"2021-04-29",6025,21,4,25
"2021-04-29",6029,24,3,27
"2021-04-29",6041,24,5,29
"2021-04-29",6045,19,4,23
"2021-04-29",6046,21,3,24
"2021-04-29",6061,25,4,29
"2021-04-29",6062,19,2,21
"2021-04-29",6068,25,5,30
"2021-04-29",6076,20,2,22
"2021-04-29",6086,17,2,19
"2021-04-29",6092,24,5,29
"2021-04-29",6093,29,5,34
"2021-04-29",6096,20,4,24
"2021-04-29",6112,19,4,23
"2021-04-29",6125,16,2,18
"2021-04-29",7045,24,3,27
"2021-04-29",7048,18,3,21
"2021-04-29",7060,24,5,29
"2021-04-29",7064,26,4,30
"2021-04-29",7109,27,5,32
"2021-04-29",7110,19,4,23
"2021-04-29",7114,27,3,30
"2021-04-29",7115,27,5,32
"2021-04-29",7116,19,3,22
"2021-04-29",7123,22,5,27
"2021-04-29",7128,16,3,19
"2021-04-29",7136,24,4,28
"2021-04-29",7138,28,4,32
"2021-04-29",7139,23,3,26
"2021-04-29",7143,22,2,24
"2021-04-29",7147,19,3,22
"2021-04-29",7150,17,3,20
"2021-04-29",7153,23,4,27
"2021-04-29",7154,23,3,26
"2021-04-29",7163,20,3,23
"2021-04-29",8083,26,4,30
"2021-04-29",8145,19,4,23
"2021-04-29",8146,17,3,20
"2021-04-29",8154,22,3,25
"2021-04-29",9010,19,2,21
"2021-04-29",9012,18,3,21
"2021-04-30",4008,18,3,21
"2021-04-30",4044,17,4,21
"2021-04-30",5064,24,4,28
"2021-04-30",5100,29,3,32
"2021-04-30",5118,26,5,31
"2021-04-30",5120,26,4,30
"2021-04-30",6017,22,3,25
"2021-04-30",6025,22,3,25
"2021-04-30",6029,24,4,28
"2021-04-30",6041,27,5,32
"2021-04-30",6045,22,4,26
"2021-04-30",6046,18,3,21
"2021-04-30",6061,26,4,30
"2021-04-30",6062,17,4,21
"2021-04-30",6068,28,4,32
"2021-04-30",6076,22,5,27
"2021-04-30",6086,19,2,21
"2021-04-30",6092,28,4,32
"2021-04-30",6093,30,5,35
"2021-04-30",6096,25,3,28
"2021-04-30",6112,22,4,26
"2021-04-30",6125,19,2,21
"2021-04-30",7045,18,5,23
"2021-04-30",7048,21,5,26
"2021-04-30",7060,18,4,22
"2021-04-30",7064,28,5,33
"2021-04-30",7109,27,3,30
"2021-04-30",7110,22,5,27
"2021-04-30",7114,22,4,26
"2021-04-30",7115,28,5,33
"2021-04-30",7116,22,4,26
"2021-04-30",7123,24,4,28
"2021-04-30",7128,18,3,21
"2021-04-30",7136,28,4,32
"2021-04-30",7138,27,4,31
"2021-04-30",7139,22,2,24
"2021-04-30",7143,19,3,22
"2021-04-30",7147,22,2,24
"2021-04-30",7150,20,3,23
"2021-04-30",7153,24,5,29
"2021-04-30",7154,25,3,28
"2021-04-30",7163,24,3,27
"2021-04-30",8083,25,5,30
"2021-04-30",8145,27,5,32
"2021-04-30",8146,17,3,20
"2021-04-30",8154,26,3,29
"2021-04-30",9010,23,4,27
"2021-04-30",9012,23,4,27
"2021-05-01",4008,17,4,21
"2021-05-01",4044,20,2,22
"2021-05-01",5064,25,4,29
"2021-05-01",5100,25,3,28
"2021-05-01",5118,24,5,29
"2021-05-01",5120,21,4,25
"2021-05-01",6017,19,4,23
"2021-05-01",6025,24,3,27
"2021-05-01",6029,22,3,25
"2021-05-01",6041,24,5,29
"2021-05-01",6045,22,3,25
"2021-05-01",6046,25,3,28
"2021-05-01",6061,26,2,28
"2021-05-01",6062,19,4,23
"2021-05-01",6068,30,5,35
"2021-05-01",6076,23,5,28
"2021-05-01",6086,16,2,18
"2021-05-01",6092,28,4,32
"2021-05-01",6093,28,3,31
"2021-05-01",6096,21,3,24
"2021-05-01",6112,16,3,19
"2021-05-01",6125,19,2,21
"2021-05-01",7045,17,5,22
"2021-05-01",7048,21,3,24
"2021-05-01",7060,19,3,22
"2021-05-01",7064,20,5,25
"2021-05-01",7109,25,4,29
"2021-05-01",7110,23,4,27
"2021-05-01",7114,26,3,29
"2021-05-01",7115,29,5,34
"2021-05-01",7116,12,2,14
"2021-05-01",7123,22,4,26
"2021-05-01",7128,21,3,24
"2021-05-01",7136,23,3,26
"2021-05-01",7138,20,4,24
"2021-05-01",7139,27,3,30
"2021-05-01",7143,21,4,25
"2021-05-01",7147,15,2,17
"2021-05-01",7150,22,3,25
"2021-05-01",7153,25,4,29
"2021-05-01",7154,21,4,25
"2021-05-01",7163,24,2,26
"2021-05-01",8083,26,5,31
"2021-05-01",8145,23,5,28
"2021-05-01",8146,22,3,25
"2021-05-01",8154,24,4,28
"2021-05-01",9010,23,3,26
"2021-05-01",9012,22,3,25
"2021-05-02",4008,14,3,17
"2021-05-02",4044,17,3,20
"2021-05-02",5064,13,2,15
"2021-05-02",5100,20,4,24
"2021-05-02",5118,18,4,22
"2021-05-02",5120,15,2,17
"2021-05-02",6017,19,3,22
"2021-05-02",6025,15,3,18
"2021-05-02",6029,25,5,30
"2021-05-02",6041,23,4,27
"2021-05-02",6045,23,4,27
"2021-05-02",6046,19,2,21
"2021-05-02",6061,20,2,22
"2021-05-02",6062,17,3,20
"2021-05-02",6068,26,4,30
"2021-05-02",6076,14,3,17
"2021-05-02",6086,15,2,17
"2021-05-02",6092,25,4,29
"2021-05-02",6093,28,4,32
"2021-05-02",6096,19,3,22
"2021-05-02",6112,16,3,19
"2021-05-02",6125,16,2,18
"2021-05-02",7045,19,4,23
"2021-05-02",7048,23,4,27
"2021-05-02",7060,19,4,23
"2021-05-02",7064,20,3,23
"2021-05-02",7109,13,2,15
"2021-05-02",7110,19,2,21
"2021-05-02",7114,22,3,25
"2021-05-02",7115,23,3,26
"2021-05-02",7116,16,3,19
"2021-05-02",7123,15,3,18
"2021-05-02",7128,18,2,20
"2021-05-02",7136,19,2,21
"2021-05-02",7138,21,2,23
"2021-05-02",7139,19,2,21
"2021-05-02",7143,15,1,16
"2021-05-02",7147,16,2,18
"2021-05-02",7150,14,2,16
"2021-05-02",7153,25,3,28
"2021-05-02",7154,21,3,24
"2021-05-02",7163,16,1,17
"2021-05-02",8083,13,3,16
"2021-05-02",8145,20,4,24
"2021-05-02",8146,20,2,22
"2021-05-02",8154,15,3,18
"2021-05-02",9010,15,3,18
"2021-05-02",9012,18,2,20
"2021-05-03",4008,17,3,20
"2021-05-03",4044,20,4,24
"2021-05-03",5064,20,3,23
"2021-05-03",5100,29,5,34
"2021-05-03",5118,27,5,32
"2021-05-03",5120,26,5,31
"2021-05-03",6017,18,3,21
"2021-05-03",6025,20,4,24
"2021-05-03",6029,26,5,31
"2021-05-03",6041,23,4,27
"2021-05-03",6045,20,4,24
"2021-05-03",6046,20,5,25
"2021-05-03",6061,29,4,33
"2021-05-03",6062,16,4,20
"2021-05-03",6068,24,4,28
"2021-05-03",6076,22,5,27
"2021-05-03",6086,24,3,27
"2021-05-03",6092,27,4,31
"2021-05-03",6093,29,4,33
"2021-05-03",6096,23,4,27
"2021-05-03",6112,22,5,27
"2021-05-03",6125,22,2,24
"2021-05-03",7045,18,4,22
"2021-05-03",7048,20,5,25
"2021-05-03",7060,20,3,23
"2021-05-03",7064,23,3,26
"2021-05-03",7109,28,5,33
"2021-05-03",7110,26,5,31
"2021-05-03",7114,27,5,32
"2021-05-03",7115,29,5,34
"2021-05-03",7116,17,5,22
"2021-05-03",7123,20,4,24
"2021-05-03",7128,16,2,18
"2021-05-03",7136,22,4,26
"2021-05-03",7138,29,4,33
"2021-05-03",7139,25,3,28
"2021-05-03",7143,20,3,23
"2021-05-03",7147,20,4,24
"2021-05-03",7150,24,3,27
"2021-05-03",7153,23,5,28
"2021-05-03",7154,28,5,33
"2021-05-03",7163,25,1,26
"2021-05-03",8083,28,4,32
"2021-05-03",8145,23,4,27
"2021-05-03",8146,17,1,18
"2021-05-03",8154,27,3,30
"2021-05-03",9010,24,4,28
"2021-05-03",9012,26,4,30
"2021-05-04",4008,19,4,23
"2021-05-04",4044,25,4,29
"2021-05-04",5064,24,4,28
"2021-05-04",5100,30,5,35
"2021-05-04",5118,26,4,30
"2021-05-04",5120,21,4,25
"2021-05-04",6017,18,4,22
"2021-05-04",6025,28,4,32
"2021-05-04",6029,28,5,33
"2021-05-04",6041,29,4,33
"2021-05-04",6045,22,3,25
"2021-05-04",6046,22,3,25
"2021-05-04",6061,22,4,26
"2021-05-04",6062,21,4,25
"2021-05-04",6068,28,4,32
"2021-05-04",6076,27,5,32
"2021-05-04",6086,24,2,26
"2021-05-04",6092,28,5,33
"2021-05-04",6093,29,4,33
"2021-05-04",6096,24,4,28
"2021-05-04",6112,27,3,30
"2021-05-04",6125,24,3,27
"2021-05-04",7045,28,3,31
"2021-05-04",7048,26,3,29
"2021-05-04",7060,28,5,33
"2021-05-04",7064,24,5,29
"2021-05-04",7109,29,4,33
"2021-05-04",7110,21,4,25
"2021-05-04",7114,27,3,30
"2021-05-04",7115,28,4,32
"2021-05-04",7116,21,4,25
"2021-05-04",7123,20,5,25
"2021-05-04",7128,19,4,23
"2021-05-04",7136,24,4,28
"2021-05-04",7138,26,4,30
"2021-05-04",7139,28,3,31
"2021-05-04",7143,23,3,26
"2021-05-04",7147,19,3,22
"2021-05-04",7150,26,4,30
"2021-05-04",7153,28,5,33
"2021-05-04",7154,27,4,31
"2021-05-04",7163,29,3,32
"2021-05-04",8083,26,4,30
"2021-05-04",8145,27,5,32
"2021-05-04",8146,24,3,27
"2021-05-04",8154,28,4,32
"2021-05-04",9010,26,3,29
"2021-05-04",9012,26,5,31
"2021-05-05",4008,12,3,15
"2021-05-05",4044,19,2,21
"2021-05-05",5064,20,2,22
"2021-05-05",5100,30,3,33
"2021-05-05",5118,22,4,26
"2021-05-05",5120,23,5,28
"2021-05-05",6017,17,4,21
"2021-05-05",6025,21,5,26
"2021-05-05",6029,29,4,33
"2021-05-05",6041,24,3,27
"2021-05-05",6045,19,3,22
"2021-05-05",6046,25,3,28
"2021-05-05",6061,21,5,26
"2021-05-05",6062,19,3,22
"2021-05-05",6068,25,5,30
"2021-05-05",6076,23,4,27
"2021-05-05",6086,22,3,25
"2021-05-05",6092,26,3,29
"2021-05-05",6093,29,4,33
"2021-05-05",6096,23,3,26
"2021-05-05",6112,20,2,22
"2021-05-05",6125,14,3,17
"2021-05-05",7045,18,4,22
"2021-05-05",7048,21,3,24
"2021-05-05",7060,25,5,30
"2021-05-05",7064,23,4,27
"2021-05-05",7109,25,4,29
"2021-05-05",7110,24,3,27
"2021-05-05",7114,20,2,22
"2021-05-05",7115,23,4,27
"2021-05-05",7116,16,3,19
"2021-05-05",7123,21,2,23
"2021-05-05",7128,17,2,19
"2021-05-05",7136,27,4,31
"2021-05-05",7138,21,4,25
"2021-05-05",7139,22,2,24
"2021-05-05",7143,19,2,21
"2021-05-05",7147,19,5,24
"2021-05-05",7150,18,3,21
"2021-05-05",7153,29,5,34
"2021-05-05",7154,18,5,23
"2021-05-05",7163,15,2,17
"2021-05-05",8083,24,3,27
"2021-05-05",8145,25,4,29
"2021-05-05",8146,22,3,25
"2021-05-05",8154,24,3,27
"2021-05-05",9010,19,2,21
"2021-05-05",9012,24,3,27
"2021-05-06",4008,11,3,14
"2021-05-06",4044,19,2,21
"2021-05-06",5064,22,4,26
"2021-05-06",5100,25,5,30
"2021-05-06",5118,22,4,26
"2021-05-06",5120,22,3,25
"2021-05-06",6017,21,3,24
"2021-05-06",6025,17,4,21
"2021-05-06",6029,27,3,30
"2021-05-06",6041,23,3,26
"2021-05-06",6045,18,3,21
"2021-05-06",6046,25,4,29
"2021-05-06",6061,27,5,32
"2021-05-06",6062,23,3,26
"2021-05-06",6068,28,4,32
"2021-05-06",6076,27,5,32
"2021-05-06",6086,21,4,25
"2021-05-06",6092,27,4,31
"2021-05-06",6093,30,3,33
"2021-05-06",6096,25,4,29
"2021-05-06",6112,17,2,19
"2021-05-06",6125,15,3,18
"2021-05-06",7045,18,3,21
"2021-05-06",7048,24,4,28
"2021-05-06",7060,26,4,30
"2021-05-06",7064,15,3,18
"2021-05-06",7109,29,3,32
"2021-05-06",7110,19,3,22
"2021-05-06",7114,23,3,26
"2021-05-06",7115,29,5,34
"2021-05-06",7116,24,3,27
"2021-05-06",7123,23,4,27
"2021-05-06",7128,18,2,20
"2021-05-06",7136,25,2,27
"2021-05-06",7138,26,4,30
"2021-05-06",7139,17,2,19
"2021-05-06",7143,17,2,19
"2021-05-06",7147,24,3,27
"2021-05-06",7150,24,3,27
"2021-05-06",7153,26,4,30
"2021-05-06",7154,19,3,22
"2021-05-06",7163,25,2,27
"2021-05-06",8083,27,3,30
"2021-05-06",8145,24,4,28
"2021-05-06",8146,23,3,26
"2021-05-06",8154,23,2,25
"2021-05-06",9010,22,3,25
"2021-05-06",9012,24,4,28
"2021-05-07",4008,16,3,19
"2021-05-07",4044,18,2,20
"2021-05-07",5064,15,3,18
"2021-05-07",5100,26,4,30
"2021-05-07",5118,22,3,25
"2021-05-07",5120,19,3,22
"2021-05-07",6017,19,3,22
"2021-05-07",6025,17,3,20
"2021-05-07",6029,23,4,27
"2021-05-07",6041,25,3,28
"2021-05-07",6045,18,3,21
"2021-05-07",6046,19,3,22
"2021-05-07",6061,21,4,25
"2021-05-07",6062,19,4,23
"2021-05-07",6068,25,4,29
"2021-05-07",6076,25,4,29
"2021-05-07",6086,18,2,20
"2021-05-07",6092,27,4,31
"2021-05-07",6093,30,4,34
"2021-05-07",6096,25,3,28
"2021-05-07",6112,19,3,22
"2021-05-07",6125,17,2,19
"2021-05-07",7045,13,3,16
"2021-05-07",7048,18,2,20
"2021-05-07",7060,27,4,31
"2021-05-07",7064,19,3,22
"2021-05-07",7109,23,3,26
"2021-05-07",7110,21,2,23
"2021-05-07",7114,22,3,25
"2021-05-07",7115,27,4,31
"2021-05-07",7116,20,4,24
"2021-05-07",7123,23,4,27
"2021-05-07",7128,22,3,25
"2021-05-07",7136,27,3,30
"2021-05-07",7138,26,3,29
"2021-05-07",7139,20,2,22
"2021-05-07",7143,18,4,22
"2021-05-07",7147,24,3,27
"2021-05-07",7150,23,3,26
"2021-05-07",7153,24,4,28
"2021-05-07",7154,22,3,25
"2021-05-07",7163,27,2,29
"2021-05-07",8083,20,3,23
"2021-05-07",8145,29,4,33
"2021-05-07",8146,16,3,19
"2021-05-07",8154,25,2,27
"2021-05-07",9010,23,2,25
"2021-05-07",9012,21,4,25
"2021-05-08",4008,15,2,17
"2021-05-08",4044,10,1,11
"2021-05-08",5064,18,3,21
"2021-05-08",5100,11,2,13
"2021-05-08",5118,23,2,25
"2021-05-08",5120,9,1,10
"2021-05-08",6017,17,3,20
"2021-05-08",6025,21,2,23
"2021-05-08",6029,21,4,25
"2021-05-08",6041,26,2,28
"2021-05-08",6045,19,3,22
"2021-05-08",6046,13,4,17
"2021-05-08",6061,12,2,14
"2021-05-08",6062,20,4,24
"2021-05-08",6068,27,4,31
"2021-05-08",6076,19,2,21
"2021-05-08",6086,14,2,16
"2021-05-08",6092,20,3,23
"2021-05-08",6093,29,3,32
"2021-05-08",6096,23,4,27
"2021-05-08",6112,22,3,25
"2021-05-08",6125,18,2,20
"2021-05-08",7028,1,3,4
"2021-05-08",7045,23,4,27
"2021-05-08",7048,11,1,12
"2021-05-08",7060,28,4,32
"2021-05-08",7064,24,3,27
"2021-05-08",7109,27,3,30
"2021-05-08",7110,22,3,25
"2021-05-08",7114,23,3,26
"2021-05-08",7115,28,4,32
"2021-05-08",7116,19,2,21
"2021-05-08",7123,21,4,25
"2021-05-08",7128,19,3,22
"2021-05-08",7136,23,3,26
"2021-05-08",7138,28,4,32
"2021-05-08",7139,21,3,24
"2021-05-08",7143,14,4,18
"2021-05-08",7147,18,3,21
"2021-05-08",7150,17,3,20
"2021-05-08",7153,25,4,29
"2021-05-08",7154,25,4,29
"2021-05-08",7162,11,1,12
"2021-05-08",7163,25,3,28
"2021-05-08",8018,17,4,21
"2021-05-08",8021,10,3,13
"2021-05-08",8024,20,3,23
"2021-05-08",8083,18,3,21
"2021-05-08",8145,22,4,26
"2021-05-08",8146,23,3,26
"2021-05-08",8154,28,2,30
"2021-05-08",9010,25,3,28
"2021-05-08",9012,21,3,24
"2021-05-09",4008,16,3,19
"2021-05-09",5064,16,3,19
"2021-05-09",5118,24,3,27
"2021-05-09",6017,19,3,22
"2021-05-09",6025,19,3,22
"2021-05-09",6029,23,3,26
"2021-05-09",6041,25,2,27
"2021-05-09",6045,19,3,22
"2021-05-09",6046,20,3,23
"2021-05-09",6062,20,4,24
"2021-05-09",6068,27,4,31
"2021-05-09",6076,17,2,19
"2021-05-09",6086,19,2,21
"2021-05-09",6092,28,3,31
"2021-05-09",6093,26,3,29
"2021-05-09",6096,19,3,22
"2021-05-09",6112,24,2,26
"2021-05-09",6125,18,1,19
"2021-05-09",7028,12,2,14
"2021-05-09",7045,23,3,26
"2021-05-09",7060,28,4,32
"2021-05-09",7064,21,2,23
"2021-05-09",7109,25,2,27
"2021-05-09",7110,24,3,27
"2021-05-09",7114,25,4,29
"2021-05-09",7115,23,4,27
"2021-05-09",7116,17,3,20
"2021-05-09",7123,19,4,23
"2021-05-09",7128,17,3,20
"2021-05-09",7136,21,3,24
"2021-05-09",7138,27,4,31
"2021-05-09",7139,23,3,26
"2021-05-09",7143,17,4,21
"2021-05-09",7147,21,3,24
"2021-05-09",7150,16,3,19
"2021-05-09",7153,20,4,24
"2021-05-09",7154,26,3,29
"2021-05-09",7162,23,3,26
"2021-05-09",7163,23,1,24
"2021-05-09",8018,23,3,26
"2021-05-09",8021,17,3,20
"2021-05-09",8024,23,3,26
"2021-05-09",8083,21,3,24
"2021-05-09",8145,21,4,25
"2021-05-09",8146,22,4,26
"2021-05-09",8154,25,2,27
"2021-05-09",9010,20,3,23
"2021-05-09",9012,26,3,29
"2021-05-10",4008,17,3,20
"2021-05-10",5064,17,3,20
"2021-05-10",5118,21,4,25
"2021-05-10",6017,20,3,23
"2021-05-10",6025,21,4,25
"2021-05-10",6029,19,3,22
"2021-05-10",6041,24,3,27
"2021-05-10",6045,16,3,19
"2021-05-10",6046,22,4,26
"2021-05-10",6062,19,4,23
"2021-05-10",6068,25,4,29
"2021-05-10",6076,22,3,25
"2021-05-10",6086,16,2,18
"2021-05-10",6092,26,4,30
"2021-05-10",6093,26,3,29
"2021-05-10",6096,25,3,28
"2021-05-10",6112,17,4,21
"2021-05-10",6125,18,3,21
"2021-05-10",7028,15,3,18
"2021-05-10",7045,15,3,18
"2021-05-10",7060,24,4,28
"2021-05-10",7064,21,3,24
"2021-05-10",7109,22,3,25
"2021-05-10",7110,18,3,21
"2021-05-10",7114,23,4,27
"2021-05-10",7115,30,4,34
"2021-05-10",7116,18,3,21
"2021-05-10",7123,15,4,19
"2021-05-10",7128,17,3,20
"2021-05-10",7136,26,4,30
"2021-05-10",7138,26,4,30
"2021-05-10",7139,22,3,25
"2021-05-10",7143,21,4,25
"2021-05-10",7147,24,3,27
"2021-05-10",7150,19,2,21
"2021-05-10",7153,20,4,24
"2021-05-10",7154,20,3,23
"2021-05-10",7162,17,3,20
"2021-05-10",7163,27,3,30
"2021-05-10",8018,21,3,24
"2021-05-10",8021,19,2,21
"2021-05-10",8024,16,3,19
"2021-05-10",8083,23,3,26
"2021-05-10",8145,22,4,26
"2021-05-10",8146,20,3,23
"2021-05-10",8154,22,2,24
"2021-05-10",9010,23,4,27
"2021-05-10",9012,25,3,28
"2021-05-11",4008,12,3,15
"2021-05-11",5064,18,3,21
"2021-05-11",5118,21,2,23
"2021-05-11",6017,18,3,21
"2021-05-11",6025,26,3,29
"2021-05-11",6029,23,3,26
"2021-05-11",6041,29,3,32
"2021-05-11",6045,18,3,21
"2021-05-11",6046,22,3,25
"2021-05-11",6062,19,4,23
"2021-05-11",6068,20,3,23
"2021-05-11",6076,20,2,22
"2021-05-11",6086,15,2,17
"2021-05-11",6092,23,3,26
"2021-05-11",6093,27,4,31
"2021-05-11",6096,18,3,21
"2021-05-11",6112,15,2,17
"2021-05-11",6125,12,3,15
"2021-05-11",7028,15,2,17
"2021-05-11",7045,25,3,28
"2021-05-11",7060,26,4,30
"2021-05-11",7064,25,3,28
"2021-05-11",7109,26,3,29
"2021-05-11",7110,25,4,29
"2021-05-11",7114,27,4,31
"2021-05-11",7115,19,3,22
"2021-05-11",7116,22,3,25
"2021-05-11",7123,18,2,20
"2021-05-11",7128,21,3,24
"2021-05-11",7136,17,3,20
"2021-05-11",7138,28,4,32
"2021-05-11",7139,23,3,26
"2021-05-11",7143,19,4,23
"2021-05-11",7147,22,3,25
"2021-05-11",7150,17,3,20
"2021-05-11",7153,22,4,26
"2021-05-11",7154,19,2,21
"2021-05-11",7162,18,3,21
"2021-05-11",7163,23,2,25
"2021-05-11",8018,18,3,21
"2021-05-11",8021,18,3,21
"2021-05-11",8024,19,3,22
"2021-05-11",8083,20,4,24
"2021-05-11",8145,25,3,28
"2021-05-11",8146,17,3,20
"2021-05-11",8154,24,3,27
"2021-05-11",9010,28,3,31
"2021-05-11",9012,20,2,22
"2021-05-12",4008,12,3,15
"2021-05-12",5064,21,3,24
"2021-05-12",5118,15,3,18
"2021-05-12",6017,15,3,18
"2021-05-12",6025,26,3,29
"2021-05-12",6029,18,2,20
"2021-05-12",6041,26,4,30
"2021-05-12",6045,19,3,22
"2021-05-12",6046,17,3,20
"2021-05-12",6062,24,4,28
"2021-05-12",6068,29,4,33
"2021-05-12",6076,24,2,26
"2021-05-12",6086,18,2,20
"2021-05-12",6092,26,3,29
"2021-05-12",6093,30,3,33
"2021-05-12",6096,21,4,25
"2021-05-12",6112,13,2,15
"2021-05-12",6125,18,2,20
"2021-05-12",7028,13,3,16
"2021-05-12",7045,19,3,22
"2021-05-12",7060,24,4,28
"2021-05-12",7064,23,2,25
"2021-05-12",7109,25,3,28
"2021-05-12",7110,19,3,22
"2021-05-12",7114,23,4,27
"2021-05-12",7115,30,3,33
"2021-05-12",7116,19,4,23
"2021-05-12",7123,17,4,21
"2021-05-12",7128,21,3,24
"2021-05-12",7136,16,4,20
"2021-05-12",7138,29,3,32
"2021-05-12",7139,22,3,25
"2021-05-12",7143,20,3,23
"2021-05-12",7147,21,2,23
"2021-05-12",7150,17,2,19
"2021-05-12",7153,23,4,27
"2021-05-12",7154,23,3,26
"2021-05-12",7162,15,2,17
"2021-05-12",7163,27,2,29
"2021-05-12",8018,21,3,24
"2021-05-12",8021,20,3,23
"2021-05-12",8024,21,3,24
"2021-05-12",8083,19,3,22
"2021-05-12",8145,25,3,28
"2021-05-12",8146,23,3,26
"2021-05-12",8154,24,2,26
"2021-05-12",9010,25,3,28
"2021-05-12",9012,28,3,31
"2021-05-13",4008,14,3,17
"2021-05-13",5064,21,5,26
"2021-05-13",5118,21,4,25
"2021-05-13",6017,18,4,22
"2021-05-13",6025,24,4,28
"2021-05-13",6029,18,3,21
"2021-05-13",6041,26,5,31
"2021-05-13",6045,18,3,21
"2021-05-13",6046,23,3,26
"2021-05-13",6062,21,4,25
"2021-05-13",6068,25,4,29
"2021-05-13",6076,23,4,27
"2021-05-13",6086,21,2,23
"2021-05-13",6092,28,4,32
"2021-05-13",6093,27,3,30
"2021-05-13",6096,18,4,22
"2021-05-13",6112,18,2,20
"2021-05-13",6125,15,3,18
"2021-05-13",7028,17,3,20
"2021-05-13",7045,15,3,18
"2021-05-13",7060,27,4,31
"2021-05-13",7064,18,3,21
"2021-05-13",7109,20,2,22
"2021-05-13",7110,19,3,22
"2021-05-13",7114,29,3,32
"2021-05-13",7115,28,4,32
"2021-05-13",7116,20,4,24
"2021-05-13",7123,18,4,22
"2021-05-13",7128,21,4,25
"2021-05-13",7136,24,4,28
"2021-05-13",7138,26,3,29
"2021-05-13",7139,23,2,25
"2021-05-13",7143,20,4,24
"2021-05-13",7147,24,4,28
"2021-05-13",7150,22,3,25
"2021-05-13",7153,22,4,26
"2021-05-13",7154,21,2,23
"2021-05-13",7162,18,2,20
"2021-05-13",7163,27,3,30
"2021-05-13",8018,23,3,26
"2021-05-13",8021,18,3,21
"2021-05-13",8024,23,5,28
"2021-05-13",8083,24,4,28
"2021-05-13",8145,27,5,32
"2021-05-13",8146,21,3,24
"2021-05-13",8154,22,2,24
"2021-05-13",9010,28,3,31
"2021-05-13",9012,22,4,26
"2021-05-14",4008,16,2,18
"2021-05-14",5064,25,2,27
"2021-05-14",5118,19,3,22
"2021-05-14",6017,18,4,22
"2021-05-14",6025,21,4,25
"2021-05-14",6029,16,3,19
"2021-05-14",6041,21,5,26
"2021-05-14",6045,20,3,23
"2021-05-14",6046,24,3,27
"2021-05-14",6062,22,4,26
"2021-05-14",6068,26,4,30
"2021-05-14",6076,26,4,30
"2021-05-14",6086,17,2,19
"2021-05-14",6092,26,4,30
"2021-05-14",6093,24,4,28
"2021-05-14",6096,23,3,26
"2021-05-14",6112,18,2,20
"2021-05-14",6125,12,2,14
"2021-05-14",7028,19,3,22
"2021-05-14",7045,21,3,24
"2021-05-14",7060,24,5,29
"2021-05-14",7064,19,2,21
"2021-05-14",7109,20,2,22
"2021-05-14",7110,20,4,24
"2021-05-14",7114,29,3,32
"2021-05-14",7115,29,5,34
"2021-05-14",7116,16,4,20
"2021-05-14",7123,19,2,21
"2021-05-14",7128,19,5,24
"2021-05-14",7136,21,5,26
"2021-05-14",7138,26,3,29
"2021-05-14",7139,22,3,25
"2021-05-14",7143,25,4,29
"2021-05-14",7147,23,3,26
"2021-05-14",7150,17,3,20
"2021-05-14",7153,25,4,29
"2021-05-14",7154,20,3,23
"2021-05-14",7162,17,2,19
"2021-05-14",7163,26,4,30
"2021-05-14",8018,19,3,22
"2021-05-14",8021,17,3,20
"2021-05-14",8024,20,4,24
"2021-05-14",8083,24,4,28
"2021-05-14",8145,27,5,32
"2021-05-14",8146,22,4,26
"2021-05-14",8154,23,2,25
"2021-05-14",9010,25,3,28
"2021-05-14",9012,26,5,31
"2021-05-15",4008,14,3,17
"2021-05-15",5064,16,3,19
"2021-05-15",5118,17,3,20
"2021-05-15",6017,16,3,19
"2021-05-15",6025,26,5,31
"2021-05-15",6029,23,2,25
"2021-05-15",6041,22,5,27
"2021-05-15",6045,20,3,23
"2021-05-15",6046,21,3,24
"2021-05-15",6062,22,4,26
"2021-05-15",6068,25,5,30
"2021-05-15",6076,28,3,31
"2021-05-15",6086,14,1,15
"2021-05-15",6092,27,3,30
"2021-05-15",6093,29,4,33
"2021-05-15",6096,24,5,29
"2021-05-15",6112,24,2,26
"2021-05-15",6125,17,2,19
"2021-05-15",7028,18,2,20
"2021-05-15",7045,21,4,25
"2021-05-15",7060,27,5,32
"2021-05-15",7064,21,3,24
"2021-05-15",7109,20,3,23
"2021-05-15",7110,22,3,25
"2021-05-15",7114,29,3,32
"2021-05-15",7115,28,5,33
"2021-05-15",7116,18,5,23
"2021-05-15",7123,18,3,21
"2021-05-15",7128,21,3,24
"2021-05-15",7136,22,2,24
"2021-05-15",7138,27,4,31
"2021-05-15",7139,20,2,22
"2021-05-15",7143,21,3,24
"2021-05-15",7147,24,3,27
"2021-05-15",7150,23,3,26
"2021-05-15",7153,25,3,28
"2021-05-15",7154,24,4,28
"2021-05-15",7162,17,4,21
"2021-05-15",7163,26,3,29
"2021-05-15",8018,19,3,22
"2021-05-15",8021,17,2,19
"2021-05-15",8024,21,4,25
"2021-05-15",8083,26,3,29
"2021-05-15",8145,27,5,32
"2021-05-15",8146,19,5,24
"2021-05-15",8154,22,2,24
"2021-05-15",9010,23,2,25
"2021-05-15",9012,25,5,30
"2021-05-16",4008,16,4,20
"2021-05-16",5064,27,2,29
"2021-05-16",5118,23,4,27
"2021-05-16",6017,17,4,21
"2021-05-16",6025,26,5,31
"2021-05-16",6029,22,3,25
"2021-05-16",6041,26,4,30
"2021-05-16",6045,23,4,27
"2021-05-16",6046,18,3,21
"2021-05-16",6062,22,5,27
"2021-05-16",6068,25,4,29
"2021-05-16",6076,28,5,33
"2021-05-16",6086,17,2,19
"2021-05-16",6092,22,4,26
"2021-05-16",6093,28,3,31
"2021-05-16",6096,22,3,25
"2021-05-16",6112,21,3,24
"2021-05-16",6125,14,1,15
"2021-05-16",7028,16,3,19
"2021-05-16",7045,14,4,18
"2021-05-16",7060,22,5,27
"2021-05-16",7064,21,3,24
"2021-05-16",7109,23,2,25
"2021-05-16",7110,19,3,22
"2021-05-16",7114,22,4,26
"2021-05-16",7115,23,4,27
"2021-05-16",7116,19,5,24
"2021-05-16",7123,20,3,23
"2021-05-16",7128,19,4,23
"2021-05-16",7136,21,3,24
"2021-05-16",7138,21,4,25
"2021-05-16",7139,20,2,22
"2021-05-16",7143,21,3,24
"2021-05-16",7147,25,3,28
"2021-05-16",7150,14,3,17
"2021-05-16",7153,21,3,24
"2021-05-16",7154,29,4,33
"2021-05-16",7162,18,3,21
"2021-05-16",7163,24,3,27
"2021-05-16",8018,21,3,24
"2021-05-16",8021,17,2,19
"2021-05-16",8024,19,4,23
"2021-05-16",8083,25,3,28
"2021-05-16",8145,22,5,27
"2021-05-16",8146,23,4,27
"2021-05-16",8154,20,3,23
"2021-05-16",9010,12,2,14
"2021-05-16",9012,27,5,32
"2021-05-17",4008,18,3,21
"2021-05-17",5064,19,3,22
"2021-05-17",5118,22,4,26
"2021-05-17",6017,16,3,19
"2021-05-17",6025,23,5,28
"2021-05-17",6029,20,3,23
"2021-05-17",6041,26,5,31
"2021-05-17",6045,21,3,24
"2021-05-17",6046,21,3,24
"2021-05-17",6062,23,5,28
"2021-05-17",6068,28,4,32
"2021-05-17",6076,27,3,30
"2021-05-17",6086,14,2,16
"2021-05-17",6092,21,5,26
"2021-05-17",6093,24,4,28
"2021-05-17",6096,21,4,25
"2021-05-17",6112,23,3,26
"2021-05-17",6125,15,3,18
"2021-05-17",7028,17,3,20
"2021-05-17",7045,22,4,26
"2021-05-17",7060,19,3,22
"2021-05-17",7064,18,2,20
"2021-05-17",7109,22,2,24
"2021-05-17",7110,21,5,26
"2021-05-17",7114,27,3,30
"2021-05-17",7115,25,4,29
"2021-05-17",7116,20,5,25
"2021-05-17",7123,23,2,25
"2021-05-17",7128,16,2,18
"2021-05-17",7136,16,3,19
"2021-05-17",7138,26,4,30
"2021-05-17",7139,25,3,28
"2021-05-17",7143,21,3,24
"2021-05-17",7147,22,4,26
"2021-05-17",7150,24,4,28
"2021-05-17",7153,18,5,23
"2021-05-17",7154,25,4,29
"2021-05-17",7162,14,2,16
"2021-05-17",7163,28,5,33
"2021-05-17",8018,24,3,27
"2021-05-17",8021,18,2,20
"2021-05-17",8024,19,4,23
"2021-05-17",8083,23,4,27
"2021-05-17",8145,20,4,24
"2021-05-17",8146,22,3,25
"2021-05-17",8154,24,2,26
"2021-05-17",9010,22,3,25
"2021-05-17",9012,24,4,28
"2021-05-18",4008,14,4,18
"2021-05-18",5064,21,2,23
"2021-05-18",5118,24,4,28
"2021-05-18",6017,18,5,23
"2021-05-18",6025,24,4,28
"2021-05-18",6029,22,4,26
"2021-05-18",6041,27,5,32
"2021-05-18",6045,21,3,24
"2021-05-18",6046,20,3,23
"2021-05-18",6062,20,5,25
"2021-05-18",6068,23,5,28
"2021-05-18",6076,27,4,31
"2021-05-18",6086,14,2,16
"2021-05-18",6092,22,5,27
"2021-05-18",6093,25,4,29
"2021-05-18",6096,18,3,21
"2021-05-18",6112,18,4,22
"2021-05-18",6125,16,2,18
"2021-05-18",7028,14,2,16
"2021-05-18",7045,22,4,26
"2021-05-18",7060,25,4,29
"2021-05-18",7064,19,2,21
"2021-05-18",7109,23,4,27
"2021-05-18",7110,19,4,23
"2021-05-18",7114,24,4,28
"2021-05-18",7115,29,4,33
"2021-05-18",7116,21,4,25
"2021-05-18",7123,24,3,27
"2021-05-18",7128,21,1,22
"2021-05-18",7136,16,3,19
"2021-05-18",7138,24,4,28
"2021-05-18",7139,28,3,31
"2021-05-18",7143,19,3,22
"2021-05-18",7147,23,4,27
"2021-05-18",7150,29,4,33
"2021-05-18",7153,24,4,28
"2021-05-18",7154,23,4,27
"2021-05-18",7162,19,3,22
"2021-05-18",7163,21,3,24
"2021-05-18",8018,23,3,26
"2021-05-18",8021,20,2,22
"2021-05-18",8024,21,4,25
"2021-05-18",8083,24,3,27
"2021-05-18",8145,22,5,27
"2021-05-18",8146,17,3,20
"2021-05-18",8154,23,2,25
"2021-05-18",9010,28,3,31
"2021-05-18",9012,24,4,28
"2021-05-19",4008,13,3,16
"2021-05-19",5064,23,4,27
"2021-05-19",5118,21,4,25
"2021-05-19",6017,17,4,21
"2021-05-19",6025,25,5,30
"2021-05-19",6029,18,3,21
"2021-05-19",6041,23,5,28
"2021-05-19",6045,23,3,26
"2021-05-19",6046,22,3,25
"2021-05-19",6062,20,4,24
"2021-05-19",6068,25,5,30
"2021-05-19",6076,22,4,26
"2021-05-19",6086,21,2,23
"2021-05-19",6092,30,4,34
"2021-05-19",6093,30,4,34
"2021-05-19",6096,23,4,27
"2021-05-19",6112,21,3,24
"2021-05-19",6125,15,4,19
"2021-05-19",7028,17,1,18
"2021-05-19",7045,23,4,27
"2021-05-19",7060,26,4,30
"2021-05-19",7064,19,3,22
"2021-05-19",7109,18,2,20
"2021-05-19",7110,19,5,24
"2021-05-19",7114,21,2,23
"2021-05-19",7115,28,4,32
"2021-05-19",7116,24,3,27
"2021-05-19",7123,13,3,16
"2021-05-19",7128,15,1,16
"2021-05-19",7136,18,4,22
"2021-05-19",7138,23,4,27
"2021-05-19",7139,25,3,28
"2021-05-19",7143,17,3,20
"2021-05-19",7147,20,5,25
"2021-05-19",7150,22,4,26
"2021-05-19",7153,20,4,24
"2021-05-19",7154,22,4,26
"2021-05-19",7162,20,4,24
"2021-05-19",7163,23,3,26
"2021-05-19",8018,25,3,28
"2021-05-19",8021,16,3,19
"2021-05-19",8024,24,4,28
"2021-05-19",8083,27,4,31
"2021-05-19",8145,22,5,27
"2021-05-19",8146,15,2,17
"2021-05-19",8154,26,3,29
"2021-05-19",9010,23,4,27
"2021-05-19",9012,24,3,27
